:020000022000DC
:107000000000042045AB030085AB030087AB030001
:1070100089AB03008BAB03008DAB030000000000C5
:10702000000000000000000000000000C1AA0300F2
:1070300091AB030000000000E1AA030095AB030040
:107040000DAD030097AB030097AB030097AB0300B4
:1070500097AB030097AB0300A184030097AB030039
:1070600097AB030097AB030097AB030097AB03000C
:1070700097AB030097AB030097AB030097AB0300FC
:1070800097AB030045A8030097AB030097AB030041
:1070900097AB030097AB030097AB030097AB0300DC
:1070A00097AB030097AB030097AB030097AB0300CC
:1070B00097AB030097AB0300000000000000000046
:1070C00097AB030097AB030097AB0300F9B2030043
:1070D00097AB030097AB030097AB0300ED7C020076
:1070E00097AB030097AB030097AB030000000000D1
:1070F0000000000097AB03000000000071B3030024
:10710000000000000000000000000000000000007F
:10711000000000000000000000000000000000006F
:10712000000000000000000000000000000000005F
:10713000000000000000000000000000000000004F
:10714000000000000000000000000000000000003F
:10715000000000000000000000000000000000002F
:10716000000000000000000000000000000000001F
:10717000000000000000000000000000000000000F
:1071800000000000000000000000000000000000FF
:1071900000000000000000000000000000000000EF
:1071A00000000000000000000000000000000000DF
:1071B00000000000000000000000000000000000CF
:1071C00000000000000000000000000000000000BF
:1071D00000000000000000000000000000000000AF
:1071E000000000000000000000000000000000009F
:1071F000000000000000000000000000000000008F
:10720000F1EE103A43F08073E1EE103A704700BFA0
:1072100010B5054C237833B9044B13B10448AFF3D0
:1072200000800123237010BD0064002000000000D6
:10723000D8FE030008B5034B1BB103490348AFF365
:10724000008008BD0000000004640020D8FE030098
:10725000154B002B08BF134B9D46A3F5803A002128
:107260008B460F461348144A121A15F03FFC0F4B79
:10727000002B00D098470E4B002B00D098470020E1
:10728000002104000D000D48002802D00C48AFF387
:10729000008015F0C1FB2000290013F0A5FC15F0BB
:1072A000A7FB00BF00000800000004200000000051
:1072B0000000000000640020088C00200000000096
:1072C000000000000146014800F08EBA386400203A
:1072D00038B5064B1D783DB100242046013400F03E
:1072E00047FEE0B28542F9D838BD00BF34640020C3
:1072F000407DFF2806D010B500F086FD044618B189
:10730000204610BD0020704714F0AEF9204610BD95
:10731000407DFF280ED000B583B00DF1070100F0CD
:10732000C7FD20B19DF8070003B05DF804FB4FF0E6
:10733000FF30F9E74FF0FF30704700BF407DFF2876
:1073400011D000B583B001220DF1070100F068FDF6
:1073500020B94FF0FF3003B05DF804FB9DF8070043
:1073600003B05DF804FB4FF0FF307047407DFF280D
:1073700001D000F0FDBD7047407DFF2801D000F036
:107380003DBE0020704700BFF8B50646407DFF288F
:107390001CD017465AB10D46144600F00FFD294681
:1073A000224680B1707D00F08DFD241A01D138464F
:1073B000F8BD054414F058F9707D00F0FFFC294633
:1073C00022460028EED13F1B3846F1E70020F8BDE9
:1073D0000AB32DE9F043524991F81C6191F81D510F
:1073E00091F81E7193B0994614467B1CAA1C8046E6
:1073F000B01C81F81C0181F81D2181F81E3101A803
:107400004222002115F072FBB9F1410F05D800208E
:1074100013B0BDE8F083422070478DF806608DF808
:107420000E608DF82660721C40F20126D2B2ADF8D3
:107430001060DFF8F0C08DF81E20242640F6083ECC
:107440006B1C8DF827208DF83120ADF804E08DF805
:1074500016608DF820608DF82460CDF818C00426E1
:107460004FF0060C65F07F0540F209424FF0010E27
:1074700098F81410ADF80C208DF81CE005228DF85A
:107480001F608DF830608DF822C040F207568DF8ED
:1074900025C08DF82A5020464FF0030E63F07F047C
:1074A0004FF0080C02234FF411658DF814108DF87D
:1074B00007308DF808308DF809308DF812308DF8CE
:1074C00021308DF815208DF823208DF82BE08DF8D4
:1074D0002CC04FF00A0EADF82E504FF0400C01A911
:1074E000ADF8286007258DF833308DF840208DF8F1
:1074F0004140422244F20204ADF838608DF83B303E
:107500008DF83A708DF834E08DF83CC08DF83F501E
:10751000ADF8424015F0C6FA422013B0BDE8F08342
:107520003864002020010524A0F11000FFF750BFAF
:1075300070B50368184A5B6882B093428DF80710F3
:1075400024D10546407DFF281DD000F037FC0DF109
:10755000070601243146224688B1687D00F0B2FC5E
:10756000241A02D1012002B070BD064414F07CF848
:10757000687D00F023FC314622460028EDD1C4F19D
:10758000010002B070BD002002B070BD01220DF1FB
:107590000701984702B070BD89730200437DFF2B3D
:1075A00000D07047094B1A78002AFAD110B500F1C3
:1075B000100442750649204601221A7000F0E0F9D5
:1075C00021460448BDE8104000F0F0B834640020C3
:1075D000F0ED030038640020407DFF2807D000B59F
:1075E00083B000F0EBFB20B103B05DF804FB00209A
:1075F0007047019014F038F8019803B05DF804FB6F
:1076000001B900B1704700B583B0694600F0ECFBEA
:10761000009BB3F5966F02D003B05DF804FB00F059
:107620007BFBF9E730B4084B084A4FF47F4102F185
:107630000805002430324FF47A7099821D60C3E946
:1076400001401A6130BC70471C64002000EE03004A
:107650002DE9F0410024484E2546435D4719A3B16A
:1076600003F14002D2B2012A0AD9F42B08D81A0633
:107670000ED44FF0010EA3F55842B2F5006F56D26A
:1076800001354719435D002BEAD12046BDE8F08162
:1076900003F0E002C02A57D003F0F002E02A66D0DF
:1076A00003F0F802F02AEBD103F007024FF0040ECA
:1076B0007B7803F0C00CBCF1800FE1D197F802C0D9
:1076C0000CF0C00803F03F03B8F1800F43EA8213C7
:1076D000D6D10CF03F0CBEF1030F4CEA83132DD032
:1076E000FA7802F0C007802FCAD102F03F0242EAC6
:1076F0008313A3F58032B242C2D8A3F55847B7F539
:10770000006FBDD3B3F5803F05F1040510D31E2CE7
:10771000BBDC6300970A0B44C2F30902A7F52057AC
:10772000A2F5105221F814705A80023495E775447E
:10773000202CAAD021F8143001348EE7A3F5006282
:10774000B2F5784F97D39BE77A7802F0C007802F85
:1077500003F01F0394D102F03F0242EA8313A3F126
:107760008002B2F5F06F8BD24FF0020E83E703F088
:107770000F024FF0030E9BE7FFFF0F0090F8503110
:107780000B2B0CD871B103F1480210B45C1C80F8CB
:10779000504140F822105DF8044B18467047002312
:1077A000184670470B461846704700BF70B5044630
:1077B0000E68B4F81821B4F81A31656936689B1A56
:1077C00008469BB294F81C112A44B04758B1B4F84B
:1077D00018216369104480B2A4F81801588094F805
:1077E0001C211A71012070BD2DE9F043284DDFF8EE
:1077F000B090AC4604468846BCE80F0089B003AFA1
:107800000FC703AE0FCE05F1140E25460FC59EE837
:107810000700DCF800303B806B4636682E8003C3DF
:107820006B4603CB012504F118034FF480766361A6
:10783000A061E16184F8202004F59870C4F81891E3
:107840002022A4F81C61002184F81E5115F04EF985
:1078500040F20947042240F2EF230E4E0E48C4F8CE
:1078600028010021C4F82C1184F85021A3804FF482
:10787000E131A571C4F82071C4F824610748FFF70D
:107880008DFE404600F036FA284609B0BDE8F08388
:1078900034EE030064EE03006CEE03001C64002071
:1078A000090000010048704738640020014B586906
:1078B000704700BF386400202DE9F04F89B0F8B15F
:1078C000032816D02B4C94F8503183424FD94830BE
:1078D00004F5AA7154F82000FFF7BAFEC0B20130D7
:1078E000400040F44070A4F85201234809B0BDE8BC
:1078F000F08F204CD4F82C0150B104F5AA71EBE7BD
:107900001C4CD4F82031A4F854314FF44170EAE70C
:10791000684600F003FA054610B300F1FF3A0DF196
:107920000103164FE94653FA8AFAA64604AE97E8D1
:107930000F0019F801CB86E80F000CF00F080DF1CD
:10794000200BD8440BEB1C1C18F8108C1CF8103CB6
:10795000AEF85681D145AEF854310EF1040EE6D1A1
:107960006800C0B20130400040F44070BBE7002026
:10797000BCE700BF386400208A65002054EE030095
:1079800010B504460248FFF7F9FE207110BD00BF94
:107990003864002030B5144C236883B013B31868E2
:1079A00051B90AF05BF8236893F90400012103B090
:1079B000BDE8304014F08CB80C4B00930025012337
:1079C0008DF805308DF8045002AB13E9060009F07C
:1079D000E1FF236893F90400294603B0BDE8304075
:1079E00014F076B803B030BDCC65002080BA8C01AD
:1079F0000448006828B108B500680AF035F801208D
:107A000008BD7047CC650020084B1B6843B141B9E5
:107A1000074B4022C3F88020BFF34F8FBFF36F8F17
:107A20007047034B40221A60704700BFCC650020AE
:107A300000E100E0024B53F8200000B1C06870473D
:107A4000D065002030B4094CBDF8085054F82040EF
:107A500044B1246934B10846A44611461A462B465F
:107A600030BC6047002030BC704700BFD0650020AC
:107A700030B4084CBDF8085054F8204044B1646953
:107A800034B10846A44611461A462B4630BC60471E
:107A900030BC7047D0650020024B186808B190F8E0
:107AA00060007047D86500202DE9F843234C256815
:107AB000002D3CD01E462C2303FB00531746D3F861
:107AC000209088460446B9F1000F32D0484615F0A0
:107AD00047FD2C2303FB0454D4E90954DFF864C0A8
:107AE000174B08280246494628BF08224046002D69
:107AF00008BF6546002C08BF1C4614F0D3FF28467B
:107B000015F02EFD10280246294628BF10223846BF
:107B100014F0C8FF204615F023FD04280246214634
:107B2000304628BF0422BDE8F84314F0BBBFBDE8CF
:107B3000F883DFF814900820CBE700BFD865002059
:107B400098EE030088EE03007CEE030070B5104E43
:107B50003368D3B12C2404FB0034054662691AB1A2
:107B60009047336884F832002C2202FB053393F8E7
:107B7000324014B10124204670BD284623463A22E3
:107B8000022101F0E7F8204670BD1C46204670BD7A
:107B9000D8650020074B1B6853B110B42C2404FB9C
:107BA0000030C46A038E0C6013805DF8044B70478C
:107BB000704700BFD865002008B5202200230521AA
:107BC00001F0C8F84FF0FF3008BD00BF30B4094CD9
:107BD00024685CB10D4611462C2202FB0044E46986
:107BE00024B11A462846234630BC1847012030BC31
:107BF000704700BFD865002030B4094C029A246851
:107C000054B10D462C2101FB0044A46824B119464F
:107C10002846234630BC18474FF0FF3030BC704731
:107C2000D865002030B4094C029A246854B10D463E
:107C30002C2101FB0044E46824B119462846234660
:107C400030BC18474FF0FF3030BC7047D86500207B
:107C5000044B1B682BB12C2202FB0030036903B1DB
:107C600018477047D8650020054B1B682BB12C22A4
:107C700002FB0030836903B118470120704700BF41
:107C8000D865002005F0DCBB00B5164B83B0402260
:107C9000002483F8272301A9012320468DF804300E
:107CA0008DF8054002F0DAFE4FF0804302A8D3F8C9
:107CB000385400F8084D12F0E3FF0B4B019301A874
:107CC00013F00AF813F01AF8EB0707D400214FF06D
:107CD000FF3002F04DFFFFF7FBFAF7E7204605F013
:107CE000AFFBF3E700E100E0857C0200002005F037
:107CF0001DB800BF00B5002383B00322CDE90023E7
:107D000003490448C82211F05DFD03B05DF804FB8F
:107D10009CEE0300897C020013F052BE4FF08052AB
:107D2000536E1BBA0360136E1BBA43600820704782
:107D300000487047A4EE030070B51E4C2368D3B111
:107D4000012901D0012070BD1578C5F34115012D21
:107D500013D0022D0FD15478012C21D0022CF1D157
:107D60009388072B07D1144C114623892246BDE87E
:107D7000704003F035BE002070BD51782229E1D15A
:107D800011465288003218BF01225A7503F010FEC6
:107D90002268D369002BD5D0507D9847284670BD06
:107DA0009C69002CE7D0114623782246BDE870403C
:107DB00003F016BEDC6500200460002010B5044608
:107DC00002F034FE08B9002010BD02F037FE002892
:107DD000F9D1044B4FF4367202FB0434207900F0E1
:107DE000010010BD60660020064A4FF4367303FBA5
:107DF00000230833186808609A889B798B718A8001
:107E0000704700BF6066002008B5044A4FF436731F
:107E100003FB0020103002F055FC08BD6066002016
:107E20002DE9F8434FF4367404FB00F41E4E4FF670
:107E3000FF73074604F110054FF6FE70824288BFBB
:107E40001A463544284692B202F066FC804602F09B
:107E5000EDFD10B94046BDE8F88302F0EFFD814624
:107E60000028F7D13444E378002BF3D0284602F001
:107E700041FC3F28EED9E178484603F0E7FC0028B2
:107E8000E8D0284602F036FC3F2804D8E17848467E
:107E900003F0ECFCDEE7054AE178484602EBC71246
:107EA000402303F0F3FCD5E760660020E065002086
:107EB000034A4FF4367303FB0020103002F096BCE7
:107EC000606600202DE9F8434FF4367505FB00F598
:107ED000244F4FF6FF73064605F124044FF6FE705B
:107EE000824288BF1A463C4492B2204602F0B8FC57
:107EF0008046204602F0E6FB3F2802D84046BDE817
:107F0000F88302F093FD0028F8D002F097FD814637
:107F10000028F3D1204602F0D5FB0028EED03D44E6
:107F20004846A97803F092FC0028E7D00E4B402287
:107F300002EBC6161E442046314602F0EDFB034616
:107F400060B13246A978484603F0A0FC0028D5D19C
:107F5000064B1B68DB07D1D500BECFE7A97803F03D
:107F600085FCCBE760660020E0650020F0ED00E0D6
:107F70002DE9F041804602F059FD10B90020BDE81E
:107F8000F08102F05BFD07460028F7D14FF436740C
:107F900004FB08F4164E04F124053544284602F08B
:107FA00091FB0028EAD026443846B17803F04EFC15
:107FB0000028E3D040220F4B02EBC8189844284613
:107FC000414602F0A9FB044660B14246B17838460A
:107FD000234603F05BFC40B9074B1B68DB07CDD59C
:107FE00000BECCE7B17803F041FC2046C7E700BFF4
:107FF00060660020E0650020F0ED00E008B5044A6E
:108000004FF4367303FB0020243002F073FB08BDED
:108010006066002070B5204C82B000214FF43672AB
:1080200020460D4614F062FDFF234FF4E13208268E
:1080300004F138016371A26001234FF4807200954E
:1080400004F11000A67302F001FB144B1B78C3F37C
:108050008003009304F59C7101234FF4807204F1B6
:10806000240002F0F3FA04F50E71012010F01AFE5C
:1080700004F522710646012010F014FE06B130B955
:10808000074B1B68DB0700D500BE02B070BDC4E91A
:108090000756C4E90C05F8E760660020B8600020C8
:1080A000F0ED00E038B5094C206A256B20B111F0E5
:1080B000F1F90023C4E907332DB1284611F0EAF99C
:1080C0000023C4E90C33012038BD00BF60660020E6
:1080D00010B50E4C0E482378002202600271DA07B8
:1080E00009D59B070DD521780A48C1F38001BDE869
:1080F000104002F063BC103002F040FC23789B0774
:10810000F1D4044802F03AFCEDE700BFB86000206B
:1081100060660020846600202DE9F0414B79022B37
:1081200082B004D00025284602B0BDE8F0818B79EA
:10813000022BF7D1364EB3782BB1364B1B68DB07D9
:10814000F0D500BEEEE78B7833700C780C44074610
:108150006378242B4FF009050BD1082A02D822E0BE
:10816000AA4220D323781C441D446378242BADB24B
:10817000F6D0052B38D0042B15D163790A2B12D1F8
:10818000254A94F800800192022301320092384679
:1081900004EB08011A4603F095FA0028CDD00E35FD
:1081A00018FA85F5ADB202F041FC0028BBD002F010
:1081B00045FC04460028B6D1F378002BB3D017480D
:1081C00002F098FA3F28AED9F178204603F03EFB42
:1081D0000028A8D0114802F08DFA3F28F17811D874
:1081E000204603F043FB9EE72146384603F00AFB96
:1081F0000028A2D0A378737023781C441D44ADB22C
:108200006378B8E7064A2046402303F03FFB8AE73D
:1082100060660020F0ED00E06266002070660020DD
:10822000E065002038B5137803F06003202B01D0FF
:10823000002038BD294C938825789D42F8D1537889
:10824000203B032BF4D8DFE803F008151E020129B8
:1082500036D0032939D0012038BD01290CD003299B
:10826000F9D11F4B002BF6D01E490020AFF3008040
:10827000012038BD0129EED111460723194A03F028
:10828000AFFB012038BD01291AD00329E3D1164BD9
:1082900055881B781548257113F004011CBFE9436C
:1082A00001F0010102F08AFB114B002BD3D0C5F382
:1082B000400205F001010020FFF7A2F9012038BDBE
:1082C000114603F075FB012038BD0A4B002BC2D0CC
:1082D00051880020AFF30080BDE700BF606600203A
:1082E0000000000068660020B8600020846600205E
:1082F00001760200000000002DE9F0475F4CE278B3
:108300008A420D4680461F4659D15D4E9AB231468B
:1083100004F1100002F0A4FA5A4BC3B16379FF2BA9
:1083200015D0A7B106EB070A04F1100902E0564583
:108330000DD0637916F8012B9A42F8D1484602F025
:10834000D1F90028F3D16179AFF30080EFE74E4B0C
:1083500023B14E4802F0C6F9002863D002F066FB54
:10836000002862D1A3789D4202D00120BDE8F087A9
:10837000474B13B10020AFF3008002F057FB0028F9
:108380002BD1444802F09EF90028EED1002FECD00A
:1083900017F03F07E9D1A178404603F057FA0028CB
:1083A000E3D0A17840463B463A4603F06FFA0028F6
:1083B000DBD1394B1B68DA070CD500BED6E7A378B2
:1083C0008B42D5D0344B1B68DB0703D500BE0020A1
:1083D000BDE8F0870020BDE8F08702F02FFB0546DE
:1083E0000028CED12B4802F06DF90028C9D0A17821
:1083F000284603F02BFA0028C3D0402227492548FD
:1084000002F08AF9034600282CD02846234AA17896
:1084100003F03CFA0028A8D11F4B1B68D907B0D540
:1084200000BEAEE7AFF3008098E702F007FB064618
:10843000002897D1E378002B94D0144802F05AF921
:108440003F288FD9E178304603F000FA002889D020
:108450000E4802F04FF93F28304607D8E17803F084
:1084600005FA7FE7A17803F001FA8AE74023044A7E
:10847000E17803F00BFAA37875E700BF606600208F
:10848000E065002000000000000000007066002091
:108490000000000084660020F0ED00E0206600206F
:1084A000704700BF01207047704700BF704700BF92
:1084B000044B0022C3E90022C3E90222C3E90422DB
:1084C000704700BFB86A002001207047044B0022AB
:1084D000C3E90022C3E90222C3E90422704700BFB6
:1084E000B86A00202DE9F0434B79032B83B004D008
:1084F0000024204603B0BDE8F0830B79C3EBC3042E
:108500001234A4B2944205D9254B1B68DA07EFD583
:1085100000BEEDE7234A5578002D3ED0557B002D57
:10852000F2D102F10C054FF4A0770E788A1992F877
:1085300001C0BCF1210FE7D1AA608946895D804660
:108540006E1CA81C1144CDE900061A4640460323C0
:1085500003F0B8F80028D7D099F80630A978012B95
:1085600004BF99F80730EB700123AB7199F8022032
:10857000AB682A70B3F80730AB800029B9D00A4A3B
:1085800040463A44402303F081F90028B1D1044B1E
:108590001B68DB07ADD500BEABE715468027C4E7F7
:1085A000F0ED00E0B86A0020386900202DE9F047BE
:1085B000137803F01F06012E82B003D0002002B012
:1085C000BDE8F087DFF80882978898F80040FFB28E
:1085D000BC4200F0B08098F80C40BC42EED1374667
:1085E000B4464FF0C00E4FF0130A4FF0120913F0CB
:1085F00060030C460546164604D1012900F0A4800C
:108600000120DCE7202BD9D15378013B0A2BD5D8A8
:1086100001A252F823F000BFED860200E3860200BB
:10862000CD860200BD850200BD850200BD85020029
:10863000BD850200BD8502008D86020065860200B0
:108640004586020001291BD00329D9D173880C2645
:1086500006FB0786DBB260461946B371FFF720FFC1
:108660000120ACE70129CBD173880C2202FB0787DC
:108670001B0A60461946FB71FFF714FF00289DD0C6
:108680003146284603F094F9012098E7012900F0CB
:1086900086800329B4D1F48871884B4B402C4FEA73
:1086A0001122204628BF402011F0FF01734407D05B
:1086B000012C05D91C788C4202D1013880B20133DB
:1086C00000906046FFF7D4F9012078E7012997D19F
:1086D00008EB090231462846234603F081F920467B
:1086E0006DE701298CD108EB0A02F3E7012987D154
:1086F000F3887188344F402B4FEA1122184628BF67
:10870000402011F0FF01774454D0012B52D9013899
:1087100080B239707B1C00906046FFF793F90444E7
:10872000A3B2002B49D1294A1268D2077FF546AF80
:1087300000BE184643E74FF0000E7746F4464FF070
:10874000070A4FF0060952E75378062B7FF436AF3D
:1087500053881B0A212B12D0222B7FF42FAF6046A7
:10876000FFF768F97B001F4408EB87080246314693
:108770002846B8F8043003F033F920461FE77B00A1
:108780001F4408EB8708D8F80820002A3FF416AFEA
:108790001378314602B0BDE8F04703F021B9F38801
:1087A000402B3FF60BAF084A3146724403F018F9EC
:1087B000204604E73B460024ADE73A4631462846CA
:1087C00003F00EF90120FAE638690020F0ED00E030
:1087D000B86A0020F0B52C4CA67865788E4283B03C
:1087E000074610D0A9422CD0A07B657B88423FD0A1
:1087F000A94244D0254B1B68DA0702D4002003B0FD
:10880000F0BD00BEFAE780264FF0400C0020A942E0
:108810009BB21AD01E4D3544FAB9009311462B462F
:108820000222FFF725F92A46A1783846402303F0B3
:108830002DF80028E3D1154B1B68DB07DED500BE01
:10884000DDE74FF0400C00209BB2114961444AB96A
:108850001A46FFF729FE0120D1E72A460221FFF739
:1088600025FEE0E70A460121FFF720FE0120C6E7CA
:108870000C344FF4A0764FF4807C0120C7E74FF40E
:10888000807C0120E0E700BFB86A0020F0ED00E046
:108890003869002070B5194C82B000210D464FF4A4
:1088A000EC72204614F022F904F1380101238022F1
:1088B00004F11000009501F0C9FE04F1B801012394
:1088C0008022009504F1240001F0C0FE04F59C71A3
:1088D000012010F0E7F904F5C4710646012010F0FC
:1088E000E1F930B9064B1B68DB0700D500BE02B0CA
:1088F00070BDC4E90756C4E90C05F8E7506B0020C9
:10890000F0ED00E038B5094C206A256B20B110F07D
:10891000C1FD0023C4E907332DB1284610F0BAFD8C
:108920000023C4E90C33012038BD00BF506B002088
:1089300010B5084C002304F11000C4E90033C4E969
:10894000023302F01BF804F12400BDE8104002F0ED
:1089500015B800BF506B00202DE9F0434B79012B77
:1089600083B004D00025284603B0BDE8F0838B799E
:10897000012B0C46064616D049780429F2D1002571
:10898000032BEFD1E379002BECD1DFF8FC8098F8D2
:10899000013013B998F802700FB3384B1B68DB072E
:1089A000E0D500BEDEE7CB79002BDBD10B781C4491
:1089B0009DB2617824290BD1954202D9D2E7AA420F
:1089C000D0D323781C442B44617824299DB2F6D05F
:1089D0000429C7D16379012BC4D1A379D0E7A37847
:1089E00088F8003094F8009021794D44ADB2A1444C
:1089F00039B925E099F800308F421D44ADB2994451
:108A00001ED2AA421CD399F80130052BF2D1494657
:108A10003046019202F0F6FE019A0028BDD099F886
:108A20000230D90914BF88F8013088F8023099F86B
:108A30000030217901371D44FFB2ADB29944D9E726
:108A40000F4801F057FE3F288DD998F802100020FA
:108A500002F0FCFE002886D0094801F04BFE3F28BA
:108A600098F8021003D8002002F000FF7BE7054AC7
:108A70004023002002F00AFF75E700BFF0ED00E0A0
:108A8000606B0020106B0020506B002000207047AE
:108A9000F8B53C4DAA788A421F4612D19AB23A499B
:108AA00005F1100001F0DCFE384B13B10020AFF3EC
:108AB0000080374801F01EFE3F282CD801242046B4
:108AC000F8BD6B788B4208D0324B1C6814F001045F
:108AD000F5D000BE00242046F8BD064605F124006E
:108AE00001F0F0FD40BB2C4801F0ECFD0028E5D181
:108AF000002FE3D017F03F07E0D16978304602F04D
:108B0000A5FE04460028D9D0697830463B463A464F
:108B100002F0BCFED3E7A978002002F097FE0446DD
:108B20000028CBD01A4801F0E5FD3F28A9781ED8CF
:108B3000002002F09BFEC2E76978002002F086FE6A
:108B40000028D0D04022154905F1240001F0E4FDB1
:108B5000034690B1114A6978002002F097FE002880
:108B6000ACD10C4B1B68DB07BDD500BEBBE7064A8A
:108B70004023002002F08AFEA1E7697802F076FE29
:108B8000B1E700BF506B0020106B00200000000018
:108B9000606B0020F0ED00E0746B0020D06A0020D4
:108BA00030B4114B9C689A6B93F83C5083F82C10AE
:108BB000A21A022183F830109A6225B942F2050107
:108BC00083F83E50998744B13AB11A7BD20906D155
:108BD00093F82F1030BC02F099BE30BC704793F868
:108BE0002E1030BC02F092BE286F002038B5214B09
:108BF000214C05461BB1607BFFF736F8A8B1A06B8E
:108C0000A36894F82F101D4A1B1AB3F5007F28BFE4
:108C10004FF4007328469BB202F038FE20B9184B7F
:108C20001B68DB0700D500BE38BDA268A36B84F8C3
:108C30003E0042F20771D31A0120A1870221A362EC
:108C400084F82C0084F83010002AEDD0002BEBD0F3
:108C5000237BDB0906D194F82F102846BDE8384065
:108C600002F054BE94F82E102846BDE8384002F0B9
:108C70004DBE00BF697C0200286F0020286D0020D7
:108C8000F0ED00E070B5304CE28AA36852BA92B2BF
:108C900086B0054612B1B3FBF2F292B2A66BD4F8DD
:108CA0001110607B9B1BB3F5007F28BF4FF400734E
:108CB00009BA0093B6FBF2F302FB13621944234B8B
:108CC000FEF79AFF031E20DB94F82E200DD01146EC
:108CD0009BB228461D4A02F0D9FDA0B91C4B1B6867
:108CE000DB0710D500BE06B070BD0724194603A8E7
:108CF0008DF80C508DF8102005938DF811308DF8FB
:108D00000D4002F0B7FB06B070BDA268A36B43F63E
:108D100002200021D31AA08784F83E1001200221EE
:108D2000A36284F82C0084F83010002AEBD0002BCA
:108D3000E9D0237BDB0914BF94F82E1094F82F1090
:108D4000284602F0E3FDDEE7286F0020286D0020B2
:108D5000F0ED00E010B4054C012084F83C1084F8DC
:108D60003D2084F83E305DF8044B7047286F0020AA
:108D700040220021014813F0B9BE00BF286F002037
:108D800040220021014813F0B1BE00BF286F00202F
:108D90004B79082B01D0002070478B79062BFAD134
:108DA000CB79502BF7D1162A06D81C4B1B68D90754
:108DB000F1D500BE0020704770B5194D8B7885F84D
:108DC0002D300B7882B005F12F0205F12E061944E3
:108DD0000223CDE900261A46044602F073FC48B986
:108DE0000E4B1B68DA0702D500BE02B070BD002032
:108DF00002B070BD204695F82F100A4A00241F23A8
:108E000085F8304002F042FD30B9044B1B68DB07A7
:108E100002D500BE1720E8E71720E6E7F0ED00E0F6
:108E2000286F0020286D0020012901D00120704703
:108E3000F0B5137803F07F01022985B0054606D00E
:108E400003F06003202B1AD0002005B0F0BD547849
:108E5000012CF5D15388002BF6D1434E918896F81A
:108E60003030042BC9B279D096F82E408C423DD0D8
:108E700096F82F408C4257D0012005B0F0BD5378B2
:108E8000FE2B16D0FF2BDFD15388002BDCD1D488EA
:108E9000A3B2002BD8D1344E1146284686F8303084
:108EA000C6E90D33B48786F83E3002F081FD01201B
:108EB000CBE75388002BC7D1D388012BC4D12B49D2
:108EC0008DF80F3000294DD00192FEF7E5FD019A93
:108ED0000028B9D0431EDBB204AC114604F8013DB2
:108EE00028462246012302F07BFDC5E7022BC3D1B1
:108EF000B26BB3681E4F9B1AB36206F120030FCB0F
:108F000007C73A46214602F80C39032428460D23A8
:108F100086F8304002F0BAFC0028ADD1154B1B6832
:108F2000DB0791D500BE90E7002BA5D1214602F0CA
:108F3000DFFC0028A0D12146284602F005FD0028CC
:108F40009AD1002496F82F10094A86F83040284616
:108F50001F2302F09BFC0028E0D08DE702F0D6FC36
:108F6000204672E70B46B7E7286F0020997A020087
:108F7000286D0020F0ED00E02DE9F041B44C94F8AC
:108F80003050012D8EB01E46074645D028D3032D04
:108F900005D0022D5FD001200EB0BDE8F08194F81D
:108FA0002E308B42F7D10D2EF5D1E37B282B00F02C
:108FB0001A812A2B40F00D81A64B13B1607BFEF77E
:108FC00047FE002594F82F10A34A84F830501F2341
:108FD000384602F05BFC002861D094F83050D8E7A6
:108FE00094F82F508D42D6D11F2B06D1DFF868821E
:108FF0009A4BD8F800209A4271D0042394F82E108E
:1090000084F83030384602F081FC384694F82F104E
:1090100002F07CFC0020BFE7B3F5007F08D9904B3D
:109020001B68D90700D500BE00200EB0BDE8F08156
:10903000E27BA36B282A00F087802A2A00F08F8029
:10904000217B626B1E44CB09A66336D096422CD39B
:10905000022384F8303094F82E10384602F074FC65
:10906000002898D1A368A26B94F82E60934202D98D
:10907000217BC9092ED19B1A7A4AA3620FCA764D69
:1090800007C52A46314602F80C39032538460D2318
:1090900084F8305002F0FAFB00287FF47CAF704B6C
:1090A0001B68DB07C0D500BE76E76D4B1B68DA078F
:1090B00093D500BE94F830506BE793B2607B664A5C
:1090C00004F10F01FEF778FD0028C0F29F80A66B27
:1090D000626BBBE73146384602F018FC5BE7C446DA
:1090E000BCE80F0026460FC69CE80F0007C626F80E
:1090F000023B1B0C3370D4E90123E17B5A4E6262C0
:1091000001200022282963632662A26284F82C20B1
:10911000A26384F8300000F0AD802A2900F0DF80DF
:10912000002B00F0EF80227BD20940F0EB80B3F5FA
:10913000007F00F26F819BB22946474A384602F011
:10914000A5FB0028ABD048E7626B1E449642A6639D
:10915000BFF47EAFFFF796FD94F8305019E7E28A2E
:1091600052BA92B21AB1A168B1FBF2F292B2D4F83B
:109170001110394DB3FBF2FC09BA02FB1C32607BC3
:10918000009661442B46FEF74DFD0028C0F2FB819E
:10919000864230D9361A40B1A36B291813FA80F3EE
:1091A00032462846A36313F088FC002394F82F501E
:1091B0008DF818500722194605A88DF814700796E7
:1091C0008DF819308DF8152002F054F994F83050CC
:1091D000DFE6264B002B3FF4F4AE04F10F01607B79
:1091E000AFF30080EDE6224B002B3FF4EAAE607B4C
:1091F000AFF30080E5E6D4E90D231E449642A66352
:10920000BFF426AF3846FFF7F1FCE6E6A368A66B8D
:1092100094F83C1084F82C509A1B0220A26284F827
:10922000300021B942F2050084F83E10A087002BDF
:109230003FF44EAF002A3FF44BAF237BDB0940F0F5
:10924000E58194F82F10384602F060FB3FE700BF3D
:10925000286F0020517C0200286D002055534243A6
:10926000F0ED00E0486F002055534253000000002D
:1092700000000000E28A52BA92B20BBB002A3FF40F
:10928000E7AE94F83C10A362022284F82C2084F804
:10929000302000297FF4DFAE42F205010022A187D1
:1092A00084F83E20002B3FF4D6AE237BDB0940F050
:1092B0009A812946384602F029FB94F8305068E636
:1092C000207BC00913D0002A00F08081B3FBF2F2AA
:1092D000002A00F0A3812829384694D13AE7E28A8F
:1092E00052BA92B2002BC9D0207BC009EBD094F8BF
:1092F0003C10A362022284F82C2084F8302000293C
:10930000CAD0D2E7667B252900F22B81DFE811F075
:10931000220129012901E500290129012901290149
:1093200029012901290129012901290129012901ED
:1093300029012901BD00290129012901290129014A
:1093400029012901990087002901290171002901BA
:109350002901290129014C0029012600304604AACF
:1093600005A9FEF717FC059B002B00F04481BDF812
:109370001020002A00F03F81013B1BBA12BAC8E955
:1093800000320820A368002B44D0984228BF18461A
:1093900083B26063A64A94F82E10384602F076FA3B
:1093A00000283FF47CAE18E605AD00230DF10E0257
:1093B000304604A96B600593AB60FEF7EBFB049AA3
:1093C000002A00F01881BDF80E30002B00F0138148
:1093D00012BA082106925BBA0222ADF81E308DF84F
:1093E00017108DF81C2095E8070088E807000C206E
:1093F000C8E7904B03B33046227DE17CAFF3008099
:10940000D0B994F83C302BB943F602220023A2874E
:1094100084F83E3001213846FFF7C2FBDDE5864B7C
:1094200053B1E17C3046C1F3400301F00102090968
:10943000FEF7CCFB0028E4D0A368002B3FF408AE75
:10944000E8E79DF816307D49002203F0800362F3BF
:10945000C7138DF8163003238DF815208DF81720CB
:109460008DF81430002900F0E1803046FEF7FCFB57
:109470009DF8163080F0010060F3C7138DF81630A8
:10948000059BC8F8003004207CE74FF0203302250C
:109490000022CDE90522304607A909AA08934FF01A
:1094A000800C079309930D93CDE90A330C931F2683
:1094B0000DAB8DF816508DF8175005AD8DF818606E
:1094C0008DF815C0FEF7F0FA0FCD594E0FC60FCD2F
:1094D0000FC62B683360242054E794F83C2094F89E
:1094E0003D0094F83E10DFF848C1DFF858E14FF036
:1094F00000084FF00003CDE90588CDE9078862F345
:1095000003038DF81630F0220A23ADF824808DF87D
:1095100020008DF821108DF814208DF81B3005AD3A
:109520000FCDACE80F002B68ACF80030BEF1000F97
:1095300076D0ACF1100130464FF40072AFF30080EA
:109540000028A4F83C8084F83E800FDB00283FF41C
:1095500073AF17E73046FEF7F9FA00283FF451AF32
:109560006AE794F83C30002B7FF454AFA38E304A66
:109570003349607BFEF720FB0028FFF64BAF002845
:109580003FF45AAFFEE6A36BA2681E4443F60220E6
:109590000021931BA08784F83E1001200221A663BE
:1095A000A36284F82C0084F83010002A3FF453ADF5
:1095B000002B3FF450AD237BDB0914D194F82F101E
:1095C000384602F0A3F994F83050E2E4012294F80E
:1095D0003C1084F82C200222A36284F83020002959
:1095E0003FF45AAE5EE694F82E10384602F08EF93B
:1095F00094F83050CDE494F83C30002B7FF40AAF5F
:1096000043F6022284F83E30A28703E794F82E1036
:10961000384602F07BF9D4E90D2617E50222D6E799
:10962000A4F83CE084F83EE01220ABE601201FE7FE
:10963000286D002000000000CD7B0200697C020044
:10964000376F00200000000070B5134C134E84B03B
:1096500020464FF4AE72002113F048FA4025002353
:1096600004F58E720092CDE901561A46194604F1AE
:10967000B000039504F068F92E4404F17002002351
:10968000CDE90025CDE90265201D1946012204F02F
:109690005BF904B070BD00BFE86F0020686F002068
:1096A00010B5054C04F1B00004F07AF9201D04F067
:1096B00077F9012010BD00BFE86F002038B5074CD6
:1096C0002046002500F8B85B01F058F904F10C00C1
:1096D00001F054F984F8B150657138BDE86F00208D
:1096E0004B79FF2B01D0002070472DE9F04FDFF8B8
:1096F00024B19BF8B13083B04BBB9BF8053033BB32
:109700000B788A460AEB02050AEB030489788BF88A
:109710000010A542064614D91AF80320A3189D424A
:109720000FD36278042A0CD00B2A0AD0052A0BF139
:10973000B8080BF1B0070BF10C0917D09D421C467D
:1097400009D8A4EB0A0080B203B0BDE8F08F002076
:1097500003B0BDE8F08F1A7813449D42F1D36278CC
:10976000042AEED00B2AECD0052AE7D12146304658
:1097700002F048F8002843D0A378DB0905D19BF814
:10978000B1301BB32278A318D8E79BF80530002B23
:10979000F8D14846019301F0F1F8A2788BF8052042
:1097A000A2889BF804C0019B1849C2F30A02A2F5E3
:1097B0000072B2FA82F2520962F3410C18468BF839
:1097C00004C004F037F92278A318B7E7404601F047
:1097D000D5F8A3788BF8B130A3889BF8B020C3F3F9
:1097E0000A03A3F50073B3FA83F35B0963F3410241
:1097F000394630468BF8B02004F064F90028C1D116
:10980000034B1B68DB07A2D500BEA1E7EC6F00206D
:10981000F0ED00E0E86F002070B51C4C94F8B1202A
:109820008A4205461E460FD1B4F8BC20F2B9184B47
:1098300023B1B2B217490020AFF300802846164981
:1098400004F040F9012070BD63798B4201D0002003
:1098500070BD124B1BB1B1B20020AFF300801049B4
:10986000284604F0E7F848B1012070BDB2B2D4F840
:10987000B41004F1B80000F0F3FFD8E732462846F0
:10988000074904F099F8012070BD00BFE86F00207F
:1098900000000000686F00209870002000000000A9
:1098A000EC6F0020F8B50E688D88B7783544AE426D
:1098B0000BD23B469F42344603D10BE06378042B26
:1098C00005D023781C44A542F8D80020F8BDA37821
:1098D0009F42F6D1E3789A42F3D1A542F5D9237D90
:1098E000012B06D9144B1B68DA07EED500BE002009
:1098F000ECE723790D46DBB1012BE6D12278E38931
:10990000617A1344114423442144994204D3DCE78F
:109910000A7811448B42D8D94A78052AF8D101F047
:1099200071FF28B9044B1B68DB07CED500BEF8BD1C
:10993000A41BEC800120F8BDF0ED00E0C28832B934
:10994000654B1B68DB0700D500BE00207047F0B4F4
:109950000378624803EB830403EB4403C058831885
:1099600003D08E781C7BA64207D95B4B1B68D907B6
:1099700000D500BE0020F0BC70472EB9012C01D9E3
:109980000120F8E701268E7001248C60C1F80E409A
:109990004C7700256FF03F0481F822508C766FF0F1
:1099A00003056FF06404CD760C774D4DC1F81E5061
:1099B000082481F82340825CB3F80D4014441C4411
:1099C0001344A342D1D2474F9D78102D0CD827FACB
:1099D00005F0C04310F0010006D1DA78964203D1B9
:1099E00007E05A78242AEFD01A7813449C42F8D81A
:1099F000BBE79C42B9D0062D06D0102D04D0042D13
:109A0000B9D1012248730A73CF781A79974218D8CE
:109A10001FB9012AB4D80127CF701A781A44A2427C
:109A20000FD2967806F0FD0CBCF1050F0FD0112E69
:109A300003D10CE05678242EF3D0167832449442A9
:109A4000F8D8254B1B68DA0794D500BE93E7D67883
:109A5000B742F2D19442F4D0D1F812408CB9062D1D
:109A600030D0102D2ED0042D09D1B2F80560B2F8F7
:109A700007505C7D05FB06F304FB03F4E408C1F822
:109A800012404B6863B9557E012D3FF679AFD2F88D
:109A90001A3025B9D2F81E209A427FF471AF4B607C
:109AA000114AA2FB03235A0BCBD0631E1344B3FB12
:109AB000F2F30233B3F5807F28BF4FF48073C1F80F
:109AC00016305DE7B2F80530B2F8074004FB03F446
:109AD0002401E408D3E700BFF0ED00E0447100206A
:109AE00003010101501001005917B7D12DE9F84FBA
:109AF0000B785D4C03EB83050E4603EB45030989A8
:109B0000E7589146804679B13944CB7803F0030396
:109B1000012B00F09480738933B13B44DA7802F072
:109B20000302012A00F091807488B58800233C4428
:109B3000B381F38133827382B382F3823D44A2788E
:109B4000AC4238BF134609D29A4203D10CE0637885
:109B5000042B06D023781C44A542F8D80020BDE889
:109B6000F88FA3789A42F5D1E3789945F2D1A542CE
:109B7000F4D994F804A0BAF1020F15D8E31BF380CE
:109B8000B9F1000F16D023781C44BAF1000F4CD065
:109B90004FF0000B06E06378052B28D0042B03D090
:109BA00023781C44A542F6D8304B1B68DA07D5D57C
:109BB00000BED3E7737F012B12D006F11E03494686
:109BC00086F81D90A6F81890A6F81A90184630222C
:109BD00012F08CFF01463046FFF7B0FE0028BDD0E2
:109BE00023781C44BAF1000FD2D10120B7E7E37803
:109BF00003F00303B9F1000F01D0012B18D0022BA1
:109C0000ACD12146404601F0FDFD28B306EB4B03E5
:109C1000E21B1A8122780BF101039A4514444FF09C
:109C2000010BBFD8B9F1000FDFD002237377DCE757
:109C3000A388B269C3F30A039342E2D28EE70023FA
:109C40003381897801F08EFE65E700227281997870
:109C5000404601F087FE67E7044B1B68DB077FF592
:109C60007DAF00BE7BE700BF44710020F0ED00E057
:109C700010B4064C06480023C4E900331946C4F862
:109C800007304E225DF8044B12F030BF44710020C3
:109C9000507200200120704710B4064C0648002383
:109CA000C4E900331946C4F807304E225DF8044B6E
:109CB00012F01CBF44710020507200202DE9F041C9
:109CC0004B790E2B04D04FF000084046BDE8F081E0
:109CD0008B79012BF7D1CB79012BF4D13E4E336830
:109CE0002BB13E4B1B68DB07EDD500BEEBE71446FE
:109CF0000F461A46314605463760B480FFF7D2FD5D
:109D00000028E0D0F2883368B97813443C44A74275
:109D100093F814C03B4605D308E05A78042A4DD086
:109D20000B2A4BD01A7813449C42F6D8BCF1000F92
:109D30004ED02B494A88002AD3D1D81B1FFA80F86D
:109D40003272A1F802809C4293F802E00A8098BF28
:109D5000034605D80BE05A78042A2BD00B2A29D0C9
:109D60001A7813449C42F6D8DB1B1FFA83F80022B2
:109D7000BCF1010FA1F804804A77B2D117FA80F044
:109D800017FA83F3984281780AD282788A4203D103
:109D900018E04278042AF8D0027810448342F8D8B8
:109DA000284600220E49FFF7A1FE00288BD0A6F816
:109DB00004808AE79A787245D2D0D5E79A788A42A9
:109DC000B0D0B3E7C278012AE6D18342EFD1E7E70A
:109DD000DB1B1FFA83F8EAE744710020F0ED00E096
:109DE000507200202DE9F047167806F01F04012C70
:109DF0008CB004D0002420460CB0BDE8F087DFF81A
:109E0000F892B2F804C0D9F80070804615465FFA9F
:109E10008CF317B1BA789A422CD0B44F7C88002CBE
:109E2000E9D03A7802EB820002EB400259F802E0F6
:109E30007444A2789A42DDD1C6F34116F3B2002BE6
:109E400000F09C80012B12D15FEA1C2C0FD16B8893
:109E50001B0A022B00F02E81062B00F01781012B2C
:109E600000F0F580A24B1B68DB0700D500BE07237E
:109E70003B77BFE7C6F34116F4B2002C47D0012C64
:109E800025D15FEA1C2C26D0B9F80620BB18B95C96
:109E9000DA89114419448B420ED29A78023A052A83
:109EA00006D8DA78624503D107E05A78242AF4D03C
:109EB0001A7813449942F8D849B1002389F8093037
:109EC000012498E78A4B1B68D90700D500BE0723F9
:109ED00089F809308EE76B881B0A012B00F095800A
:109EE000022BEFD16B78812B00F04781862BE9D1D3
:109EF0000129E2D10B46404629467E4A01F070FD19
:109F00000028DAD1FF2389F80930002473E76B7841
:109F10000A2B4AD00B2B3ED10129CED1EB88002B46
:109F2000F0D1B9F80630FA181179A9B1F85CD189E5
:109F3000537A0144034413440A44934205D395E100
:109F400019780B449A4240F2918159780529F7D14A
:109F50009978404601F006FD0026A9F806606A8857
:109F600065494046FFF79EFC04460028CAD02946B2
:109F7000404601F01DFD89F809603CE76B780A2B2B
:109F800027D00B2B7FF46EAF012900F0BD8000239A
:109F90003B7701242FE7564B1B6813F001032FD1A9
:109FA00007221C4689F8092025E7012985D1EB887D
:109FB000012BA7D1B9F80620BF18A3D00CAAF978B5
:109FC00002F8301D294601F00BFD04460028D2D1CD
:109FD00098E70129DBD1EB88012B35D1FB889BB3B6
:109FE0001EEB030330D00CAADB7802F8303D40466C
:109FF0000B46294601F0F4FC044628B33E77FAE606
:10A0000000BE072389F80930F5E66B78812B00F054
:10A01000D180862B00F0BE80012B7FF453AF012945
:10A0200000F0CB8002297FF448AF344B002B3FF483
:10A0300044AF99F80A100020AFF30080B0FA80F422
:10A0400089F809006409D6E6FF233B77D2E67B7FD7
:10A050000BB187F81DC06C78842C61D8822C65D236
:10A06000012C00F00A81812C7FF4FCAE01298ED1F5
:10A07000EB883BB1294640463023214A01F0B0FC31
:10A08000002884D1FF233B770024B4E66B78812B32
:10A0900000F0A180862B7FF4E5AE01297FF477AF35
:10A0A000294640460123134A01F09AFC00287FF418
:10A0B0006EAFE7E76B78812BD8D040F2B080852B6C
:10A0C00000F09780862B7FF4CDAE01297FF45FAF3F
:10A0D000EB88012BD6D10B4640462946094A01F0B0
:10A0E0007FFC00287FF453AFCCE700BF5072002004
:10A0F000F0ED00E0DDEE0300447100200000000000
:10A100006E720020DEEE03006A8839464046FFF793
:10A11000EDFC002898D02946404601F049FC36E77E
:10A12000862CD2D065D3872C7FF49CAE01297FF496
:10A130002EAFEB88002BA5D0B64EE94606F1300ACB
:10A1400030687168B268F368CC46ACE80F0010362E
:10A150005645E146F4D19DF80210002940F09F8059
:10A16000832C00F08381872C00F06481822C00F026
:10A17000618108233B7700243DE601297FF49DAEF1
:10A18000294640460123A44A01F02AFC00287FF416
:10A1900094AEB7E601297FF490AEEB88012B7FF4F3
:10A1A000B1AE294640469D4A01F01AFC00287FF4D2
:10A1B00084AEA7E601297FF480AEEB88012B7FF403
:10A1C000A1AE294640460123954A01F009FC00282A
:10A1D0007FF473AE96E601297FF4D9AE0B46404674
:10A1E000294607F11C0201F0FBFB00287FF4CFAEEB
:10A1F00048E701297FF4CBAEEB88022B7FF442AF16
:10A200000CAA302122F8301D4046294601F0E8FB17
:10A21000044600283FF436AF00233B77EBE5012BE3
:10A220007FF420AE01293FF425AF02297FF4AFAEC1
:10A230007849A1F11E00FFF781FB044660B3794B1A
:10A240007A6BBA613BB1734A79783878AFF30080A2
:10A2500000287FF49CAE7449002302204FF48072E2
:10A260000880C7E903337B61BA83C4E56F4B1B6881
:10A27000D8077FF547AE00BE44E601293FF4FAAEA9
:10A2800002297FF484AE6349A1F11E00FFF756FB5B
:10A29000044600287FF47BAE08233B77ABE59DF8AE
:10A2A000030000287FD1FA88002A3AD01EEB02036F
:10A2B00037D01EF80220B3F80D005D4E104418444C
:10A2C000134498420FD99A78102A04D826FA02F239
:10A2D000D20700F1D5801A7813449842F1D95A7800
:10A2E000242AF8D1EDE70346832C5AD0872C4CD092
:10A2F000822C7FF43EAF01218DF803101A781A44A6
:10A30000904237D9947804F0FD06052E10D0112C18
:10A310000ED0147822449042F2D95478242CF8D1EB
:10A32000EEE7424B1B68D9077FF523AF00BE20E75D
:10A33000D478A142EDD1997806291DD010291BD0DF
:10A3400004297FF416AFB2F80510B2F807205B7D40
:10A3500002FB01F203FB02F3DB08CDF812306A4680
:10A3600029464046302301F03BFB044600283FF4D9
:10A3700089AE51E70246DEE7B2F80510B2F80730C1
:10A3800003FB01F31B01DB08E7E79A78062A06D0F6
:10A39000102A02D0042A7FF4ECAE997DACE79979BB
:10A3A000AAE71979A8E7019B002BD8D1FA88002ADF
:10A3B000B7D01EEB0203B4D01EF802E0B3F80D20B4
:10A3C000DFF86CC072449E1873449E420ED99A788E
:10A3D000102A03D82CFA02F2D20756D41A78134462
:10A3E0009E42F2D95A78242AF8D1EEE733461A78F9
:10A3F00013449E4264D99A7802F0FD01052948D0A1
:10A40000112A46D01A7813449E42F2D95A78242A47
:10A41000F8D1EEE76E7200204D710020DEEE0300F1
:10A420004E7100200000000050710020F0ED00E0AF
:10A430005010010001238DF8023001234FF001126A
:10A44000029300230392ADF810304FF6C0428DF80E
:10A45000223040F29B13ADF81A20ADF81C30404A70
:10A46000CDF81E2008238DF8233078E7FB88002BD9
:10A47000E3D01EEB0303E0D01B7B8DF80230DCE75A
:10A48000DA7891427FF427AF2EE7DA789142A5D1AE
:10A49000ADE7DA789042B5D1823C052C3FF669AE43
:10A4A00001A252F824F000BF29A502000DA5020068
:10A4B000EFA4020073A1020073A10200C5A4020070
:10A4C0003346E9E7D3F8151042F21073B1FBF3F30A
:10A4D000019100293ED0DDF812208BB9931CB3F511
:10A4E000807F28BF4FF48073CDF8163037E75A7E4F
:10A4F00072BBD3F8221042F21073B1FBF3F3E7E71B
:10A50000013A1A44B2FBF3F30233E8E75A7ECAB1C8
:10A51000053203EB8202D2F80210D3F81A3042F26D
:10A520001072B3FBF2F3D3E75A7E72B1053203EB3C
:10A530008202D2F80220D3F81A1042F21073B2FB52
:10A54000F3F3C5E7D3F81E10E7E7D3F81E20F2E7D0
:10A55000002301930023ADF81630ADF81830FEE665
:10A56000030101012DE9F84F334C238953B12278BF
:10A57000324F02EB820502EB45057D592B449F7853
:10A580008F420AD02E4B1B68DB0703D500BE00208C
:10A59000BDE8F88F0020BDE8F88FD4E904369E426C
:10A5A00005460BD327490023C4E90333636119B17E
:10A5B00061781046AFF300800120E9E701F046F929
:10A5C0000028E7D0DFF88090A36999F80000D4E96B
:10A5D000042BA2EB0B0808EB00069E4228BF1E4688
:10A5E000B04213D9164B1B6813F0010301D000BE13
:10A5F000002339462846144A01F048F90028DBD1E7
:10A600000F4B1B68DA07C5D500BEC1E7E168A6EBB2
:10A61000000A59444844524612F044FA0BEB0A032C
:10A62000D0456361B3B2E4D199F8012042F002024F
:10A6300089F80120DDE700BF50720020447100203E
:10A64000F0ED00E000000000507100202DE9F04125
:10A65000B2F5004F9DF8188030D80446C0681E46F9
:10A660000F46154618B14FF0FF310EF05DFD206921
:10A6700018B14FF0FF310EF057FDE288E068276017
:10A6800066F30E02C2F30721002368F3C711E280CC
:10A690006381A580E171238118B11A4619460EF035
:10A6A00027F9206938B100231A4619460EF020F91F
:10A6B0000120BDE8F0810120BDE8F0810020BDE867
:10A6C000F08100BF03894289808892B29BB2934295
:10A6D00036BFC2EB40029B1A9B189BB2984228BF20
:10A6E00018467047028943899BB2981AB0FA80F0E5
:10A6F0004009704703894289808892B29BB2934295
:10A7000036BFC2EB40029B1A9B189BB2984286BF91
:10A71000C01A80B2002070472DE9F8430546006951
:10A720000E46174618B14FF0FF310EF0FDFC2B8995
:10A730006989A8889BB289B28B4236BFC1EB4004BD
:10A740005C1AE418A4B2002C4AD0A04206D283427C
:10A750002CBF191A191889B269810446BC4228BF56
:10A760003C468842A4B203D8091A89B28842FBD970
:10A77000EA882B68401AC2F30E0887B21FFA88F2E3
:10A78000BC4202FB013125D917FB08F91FFA89F9F0
:10A790004A46304612F086F9E21B12FB08F206EB3D
:10A7A000090092B2296812F07DF96A89A88892B2EC
:10A7B00011198BB29A4215D940001B1A9BB2286915
:10A7C0006B8120B100231A4619460EF091F82046FD
:10A7D000BDE8F88302FB04F2304612F063F9E4E7C7
:10A7E00069898BB240008342E9DBE6E738B505466C
:10A7F00000690C4618B14FF0FF310EF095FC298925
:10A800006B89AA8889B29BB2994236BFC3EB4200DA
:10A81000C81A401880B200B3824209D291422CBFBC
:10A820008B1A8B189BB29A426B8103D89B1A9BB2EE
:10A830009A42FBD9EA882968C2F30E02204602FB3D
:10A84000031112F02FF90124286920B100231A46C0
:10A8500019460EF04DF8204638BD0446F4E700BF17
:10A860002DE9F0471446002A4FD00546C0680F4630
:10A8700018B14FF0FF310EF057FCEA792E89698943
:10A88000AB88D209B6B289B242D18E4236BFC1EB93
:10A890004301711A891989B2994252D2591A89B25F
:10A8A0008C42E88828BF0C46C0F30E08B3423046FD
:10A8B00003D8C01A80B29842FBD21B1A2A681FFA2A
:10A8C00083F9A14508FB002047D219FB08FA1FFABB
:10A8D0008AFA5246394612F0E5F8A4EB090212FB57
:10A8E00008F207EB0A0192B2286812F0DBF8A3190C
:10A8F0009BB2AA88B3424FEA420201D3934201DBE2
:10A900009B1A9BB2E8682B81F8B92046BDE8F08716
:10A91000E8889C42C0F30E080FD28E4223D3721AED
:10A9200092B2580022448242C0DBCE18361BB6B227
:10A93000B14220D9361AB6B2B8E7E41A08FB047758
:10A94000B3B9E86800240028DFD000231A4619466E
:10A950000DF0CEFF2046BDE8F08708FB04F2394633
:10A9600012F0A0F8C3E75800421A324492B2D9E775
:10A970000E461C4698E7B04298DCDBE710B504466B
:10A98000C06818B14FF0FF310EF0CEFB206918B14E
:10A990004FF0FF310EF0C8FBE06800236381238194
:10A9A00018B11A4619460DF0A3FF206920B1002303
:10A9B0001A4619460DF09CFF012010BD38B5C37929
:10A9C000B1EBD31F1FD00446C0680D4618B14FF03D
:10A9D000FF310EF0A9FB206918B14FF0FF310EF0E6
:10A9E000A3FBE379E06865F3C713E37120B10023AB
:10A9F0001A4619460DF07CFF206920B100231A4643
:10AA000019460DF075FF012038BD00BF704700BF2B
:10AA1000704700BF0020704700207047704700BF9C
:10AA2000704700BF704700BF704700BF024B5878A7
:10AA3000003018BF01207047F8720020024B1878D0
:10AA4000C0F38000704700BFF8720020024B1878F6
:10AA5000FF3818BF01207047186100202DE9F0472A
:10AA6000374E3378FF2B82B004D00125284602B040
:10AA7000BDE8F087002946D03822884607460021E5
:10AA8000304812F033F8304B3049002501201D705A
:10AA90000EF008F92E4B1860002834D02D4C2346B8
:10AAA000626833F80C0B618800950DF0AFFEA16869
:10AAB00005460EF013FD284B1D6075B3274B23B1DF
:10AAC0002748AFF30080274B1860254CDFF89CA087
:10AAD0002278DFF8909000252B460EE0D9F8003060
:10AAE00013EB45130FD05B686BB1984722780135A3
:10AAF000EDB2511DA9422B4615DBAA42EED89B1A96
:10AB00000AEB4313EFE7184B1B68DA0700D500BECA
:10AB10000025284602B0BDE8F087134B1B68DB0711
:10AB2000F6D500BEA2E741463846377001F050FE28
:10AB300005460028F1D0384601F04CFE96E700BFEC
:10AB400018610020F8720020F8730020A87200201D
:10AB500030730020BC60002034730020000000002F
:10AB6000A4720020A0720020F0ED00E0E0EE0300EF
:10AB7000B94B1B78FF2B00F0A1812DE9F04F044663
:10AB80008BB04FF47A7200238002A10D11F09CFD6E
:10AB9000B24DDFF8E4B2B24E8246671C286800F07E
:10ABA0002481002C00F02181BAF1000F14BF52461D
:10ABB000012207A90EF026F9C0B19DF81D30013B16
:10ABC000072B00F21481DFE813F0F200D300CA0073
:10ABD000BF00B700410014000800089B0BB10998A2
:10ABE000984728680EF04CFC0028D6D10BB0BDE881
:10ABF000F08F9DF820109B4B01F07F0703EB47037C
:10AC000003EBD11393F826006FF3000083F82600BE
:10AC100093F826006FF3820083F82600002F00F0DF
:10AC20004581914A1B7D12789342C0F03381501DBB
:10AC30009842C0F234819B1A0BEB43139F699DF835
:10AC40002120099B9DF81C00B847CAE7874A137862
:10AC5000002B00F024811378013BDBB213701378D2
:10AC600003F0FF00002BBCD1DFF8F8919DF81C80A9
:10AC700099F8003043F0010389F8003099F8263044
:10AC800060F3000389F8263099F8263060F38203D8
:10AC900089F8263099F8273060F3000389F82730C7
:10ACA00099F8273060F3820389F8273000F002FF1B
:10ACB0009DF8203003F06002602A00F00681402AEF
:10ACC00000F00A8103F01F03012B00F0D581C0F0D2
:10ACD0001281022B40F0F9809DF8241001F07F07CB
:10ACE000082F00F2F2807B00C80901934B44034413
:10ACF00000905D481F7D03789F4280F00F8233688B
:10AD000003EB4717002A00F0108257B1786900F072
:10AD1000D1FE7B69404608AA0121984700287FF4AC
:10AD200060AF9DF81C00002101F0BEFF80219DF85E
:10AD30001C0001F0B9FF54E74A4B1B78D8077FF598
:10AD400050AFFFF771FE4CE7464B1A78D7077FF5F7
:10AD500048AF1878C0F3C000FFF764FE41E7414BED
:10AD6000DB78D9077FF53DAF0898FFF751FE38E74C
:10AD70003D4F9DF81C903A780023984610E03368C8
:10AD800013EB481300F08080DB68484698473A7818
:10AD900008F101085FFA88F8511D8845434645DCF3
:10ADA0009045A3EB0203EAD30BEB4313ECE72E4FE2
:10ADB0009DF81C903A78002398460FE0336813EB17
:10ADC00048135BD0DB68484698473A7808F1010899
:10ADD0005FFA88F8511D884543460FDC9045A3EB88
:10ADE0000203EBD30BEB4313ECE72246E1E6204BE7
:10ADF0001B68DA077FF5F5AE00BEF2E638220021C7
:10AE0000184811F073FE1B4A4FF0FF33C2E90533B7
:10AE1000C2E90033C2E90233D3611384136100F045
:10AE20003FFE104B9DF820209A70DAE63822002170
:10AE30000C4811F05BFE0F4A4FF0FF33C2E90533B7
:10AE4000C2E90033C2E90233D3611384136100F015
:10AE500027FEFFF7E5FDC4E61861002034730020EB
:10AE6000A0720020F8720020A4720020F873002065
:10AE7000F0ED00E0FC720020E0EE0300A44B1B6844
:10AE8000D907CCD500BECAE7A14B1B68DA07DED5CF
:10AE900000BEDCE7326812EB43137FF4CFAE9C4B6D
:10AEA0001B68DB077FF5A2AE00BE9FE6099B9DF8FD
:10AEB00021209DF81C0000F013FE92E67047FCF77D
:10AEC000F5FC0246002840F0E981914B1B68DA0747
:10AED0007FF527AF00BE24E78E4800283FF421AF5E
:10AEE00000F0E8FD404608AA0121FCF725FF0028F4
:10AEF0007FF477AE15E7202A00F0F180002AE4D134
:10AF00009DF82130092BE0D801A252F823F000BFB0
:10AF100037B0020017B00200CBAE020059B00200F9
:10AF2000CBAE0200F9AF0200A5AF0200CBAE02002B
:10AF30008FAF020039AF02009DF8223001931A460C
:10AF400099F801309A4200F0548199F80130002BB1
:10AF500040F05481019B89F80130002B00F04781BB
:10AF6000581EC0B2FCF7A2FC18B14378022B00F0C7
:10AF7000C181674B1B68DB0700D500BE644B1B68B3
:10AF8000D80700D500BE002389F80130C9E60AAA17
:10AF900099F8013002F80E3D4046012308A900F05F
:10AFA0001FFD1EE6BDF82200030A5A1EC0B20E2A7B
:10AFB0003FF6B7AE01A151F822F000BFAFB20200D8
:10AFC0008BB202007BB2020023AD020023AD02006F
:10AFD0005DB202008BB2020023AD020023AD02007D
:10AFE00023AD020023AD020023AD020023AD020019
:10AFF00023AD0200DFB2020008A800F061FD404668
:10B000009DF8221001F0ECFB99F8003043F00203A8
:10B0100089F80030E5E5BDF82230012B7FF481AEE0
:10B0200099F8003040466FF3C30308A989F800304F
:10B0300000F0BEFCD5E599F80030990801F0020156
:10B04000C3F340130AAA0B4322F80E3D40460223E5
:10B0500008A900F0C5FCC4E5BDF82230012B7FF43F
:10B0600060AE99F80030404643F0080308A989F81B
:10B07000003000F09DFCB4E59DF824300F2B3FF626
:10B0800050AE4B44244A1B791778BB4238D23768FC
:10B0900017EB43173FF445AE786900F00BFD7B6971
:10B0A00008AA01214046984700287FF49AAD9DF8F0
:10B0B000203013F060077FF434AE9DF821300A3B56
:10B0C000012B3FF62EAE00F0F5FC9DF821300A2B47
:10B0D00000F0FC8008A9404600F06AFC81E59DF87C
:10B0E00024300F2B3FF61DAE4B440B4A1B791778CB
:10B0F000BB4260D2376817EB43173FF412AE05E648
:10B100007A1D9A42FFF60DAEDB1B0BEB4317C3E72C
:10B11000F0ED00E0397D0200A4720020581DB84215
:10B1200039DA002A7FF4FDAD17469DF82130012B56
:10B1300003D036D3032B7FF4C8AEBDF82220029291
:10B14000AAB9B84A012B10783DD001F0ADFD019BA2
:10B15000009A4B44134493F8262042F0020283F8ED
:10B16000262093F8262042F0010283F82620002FA3
:10B170003FF437AD786900F09DFC7B69012108AA96
:10B1800040469847002000F095FC99F82730D907F1
:10B190003FF527AD9EE7FB1A0BEB4317002AC4D0FF
:10B1A000B4E5019B009A4B44134420330AAA9B79CF
:10B1B000C3F3400348E77A1D9A42FFF6B2ADDB1BAA
:10B1C0000BEB4317A2E501F097FD019B009A029952
:10B1D0004B44134493F8262061F3410283F8262060
:10B1E00093F8262061F3000283F82620BFE7FFF7DB
:10B1F00017FC404608A900F0DBFBF2E400214046C2
:10B2000001F000FB404601F09FFB874F99F80230A8
:10B210000293002300943A781C460CE00BEB431396
:10B22000DB68404698473A780134E4B2501D8442C6
:10B23000234600F3CE809442A3EB0203EED23368A0
:10B2400013EB4413ECD1794B009C1B68DB0700D552
:10B2500000BE9DF8083089F802307BE6FFF7DAFB84
:10B26000024600283FF45DAD4046137808A900F07F
:10B27000B7FB00287FF4B5AC53E5BDF82410FCF70C
:10B280001BFB02460028EFD14BE5022B3FF417AE23
:10B29000FFF7C2FB024600283FF443AD4046538807
:10B2A00008A900F09DFB00287FF49BAC39E5FCF772
:10B2B000F9FA024600283FF408AE4046122308A9D6
:10B2C00000F08EFB00287FF48CAC2AE50AAA08A9BE
:10B2D00002F80E7D4046012300F082FB81E4544BCE
:10B2E000002B3FF41EADFCF723FD024600283FF47F
:10B2F00018ADD3E7C27999F80030511161F3041306
:10B30000921162F3451389F800304388CDF810801C
:10B31000CDE900A4C318039300F10907039BBB42C6
:10B3200037D97B780B2B03BF3B7897F803A0FF1826
:10B330004FF0010A7B78042B43D1039B3A4ACDF8A6
:10B3400014A0DB1B00219BB20291127888469A461A
:10B3500017E0346814EB481433D052463946049849
:10B3600023699847082808F1010201D9824543D290
:10B370002D4B5FFA82F81A78CDF80880511D884568
:10B380001CDC029B9045A3EB0202E2D30BEB4214C0
:10B39000E3E7DDF81080DDE900A4FFF73FFB28E7D5
:10B3A0000246434604463946224802F0B1FA1E4B93
:10B3B000029A1B78053393422744AFDADDE900A4F3
:10B3C000D7E51A4B1B68DF07DDE900A47FF5D6AD92
:10B3D000D3E5382200211848009C11F087FB174A5A
:10B3E0004FF0FF33C2E90533D3611384C2E9003360
:10B3F000C2E9023313612CE7DDF814A0BAF1010FA2
:10B400001ED00021CBB2534501F10101C8D2BA7858
:10B41000134459FA83F31A79FF2AD2D183F80480AE
:10B42000F0E700BF18610020A4720020F0ED00E0FA
:10B43000317D02000C730020F8720020FC720020A5
:10B4400023690A4A0A498B4208BF4FF0020A934215
:10B45000D7D17B79012BD4D1BB79012BD1D1FB7909
:10B46000002B08BF4FF0020ACBE700BF598902004A
:10B47000198102002DE9F0434378023B85B005466F
:10B480000E46042B0CD8DFE803F0495D037E3F0035
:10B49000844B1A78D70715D51A7842F004021A702F
:10B4A000814B18688EB933464FF0FF3229460DF0B4
:10B4B0001FFA003018BF0120F0B97C4B1B68DB0776
:10B4C00000D500BE05B0BDE8F08304AA002342F811
:10B4D0000C3D29460DF01CFC019B43B1744B4FF011
:10B4E00080525A6040BFBFF34F8FBFF36F8F003061
:10B4F00018BF01200028E0D0324669782878FFF78D
:10B5000085FA05B0BDE8F0836A4A13780133DBB2EF
:10B510001370654B1868002ED7D1C4E7614B1A78B9
:10B520006FF300021A701A7800216FF341021A704B
:10B5300059701A7861F382021A705B4B1868002EFA
:10B54000C3D1B0E75C4FDFF874913978DFF87081D0
:10B55000002423460AE0D8F8003013EB44130AD144
:10B560000134E4B24A1DA242234615DB8C42F2D3D9
:10B570005B1A09EB4313DB69002BF1D0696828786B
:10B5800098473978ECE7474B1A78D4079AD51A7858
:10B590006FF382021A7083E7424C237858072FD545
:10B5A000237841496FF3820323702B788DF80430A0
:10B5B00005220023CDF80A30CDF80630ADF80E3064
:10B5C00008688DF80520002E59D004AA01A942F878
:10B5D000103D0DF09DFB009B43B1354B4FF0805269
:10B5E0005A6040BFBFF34F8FBFF36F8F003018BF5B
:10B5F000012000284DD12D4B1B68D90700D500BE76
:10B60000E378DA077FF55EAF274A2B786968106820
:10B610008DF8043003220023CDF80A30CDF806302F
:10B62000ADF80E3002918DF80520F6B104AA01A9FB
:10B6300042F8103D0DF06CFB009B43B11C4B4FF0EA
:10B6400080525A6040BFBFF34F8FBFF36F8F0030FF
:10B6500018BF012000283FF430AF32469DF8051096
:10B660009DF80400FFF7D2F92CE733464FF0FF3284
:10B6700001A90DF03DF9003018BF0120EAE733467B
:10B680004FF0FF3201A90DF033F9003018BF01204F
:10B69000AFE732469DF805109DF80400FFF7B6F9B4
:10B6A000AEE700BFF872002034730020F0ED00E038
:10B6B00000ED00E0F8730020A4720020E0EE03002B
:10B6C000A07200202DE9F84F0A9F002A4CD0904626
:10B6D0004A78052A0C460ED1CE7806F00306B3420E
:10B6E00009D18A7802F07F02082A0DD9204B1B6805
:10B6F000DA0700D500BE1E4B1B68DB0702D4002012
:10B70000BDE8F88F00BEFAE7DFF868B0DFF868A0A0
:10B710009BF8009000250EE06278052AEBD1E278D4
:10B7200002F00302B242E6D1A27802F07F02082AB8
:10B73000DCD89BF800909AF802100022204602F014
:10B7400095F80028D2D04846214601F06FF800282D
:10B75000D1D0A278D30916BF0B9B3A701A70227809
:10B76000013545451444D7D10120BDE8F88F00BF0D
:10B77000F0ED00E018610020F872002030B51E4D99
:10B7800085B0082400230290019303918DF80540B1
:10B790002868144682B9134601A94FF0FF320DF014
:10B7A000A7F8003018BF0120E0B9144B1B68DB0775
:10B7B00000D500BE05B030BD04AA01A942F8103D75
:10B7C0000DF0A6FA009B43B10D4B4FF080525A602A
:10B7D00040BFBFF34F8FBFF36F8F003018BF012002
:10B7E0000028E2D022469DF805109DF80400FFF7DE
:10B7F0000DF905B030BD00BF34730020F0ED00E05E
:10B8000000ED00E038B58B7803F07F03082B06D9F4
:10B810000B4B1B68DB0700D500BE002038BD094A72
:10B82000094B0C46204691781D78002202F01EF844
:10B830000028EDD021462846BDE8384000F0F6BF8C
:10B84000F0ED00E0F872002018610020CB092633EB
:10B8500001F07F010348044A03EB410108441168E9
:10B8600001F0BABFF872002030730020CB092633F4
:10B8700001F07F010348044A03EB410108441168C9
:10B8800001F0D6BFF87200203073002038B5154C97
:10B8900001F07F0504EB450404EBD1142034A079BA
:10B8A000C00706D5104B1B68DA0700D500BE002084
:10B8B00038BDA5790D4845F001050078A57101F066
:10B8C000F1F80028F4D1A379074A60F30003A371CB
:10B8D000A37960F38203A3711368DB07E7D500BE89
:10B8E00038BD00BFF8720020F0ED00E018610020C4
:10B8F000054B01F07F0203EB420303EBD11191F8FA
:10B90000260000F001007047F872002010B50C4BC3
:10B9100018780C4601F0C8F90A4904F07F0301EBDE
:10B92000430101EBD41191F8263043F0020381F872
:10B93000263091F8263043F0010381F8263010BDFF
:10B9400018610020F8720020054B01F07F0203EB24
:10B95000420303EBD11191F82600C0F34000704779
:10B96000F872002010B50F4B18780C4601F036F82D
:10B970000D4904F07F0301EB430101EBD41191F871
:10B9800026306FF3410381F8263091F826306FF3AB
:10B99000000381F8263091F826306FF3820381F896
:10B9A000263010BD18610020F8720020704700BFDB
:10B9B0000A4630B4094C496805461068234603C35B
:10B9C0000023C4E9023392F900209A422846ACBF12
:10B9D000802119461A4630BCFFF758BF3C7400203E
:10B9E000F0B50E462B4C496807463068A2602546E4
:10B9F00003C50021E181F588AB4228BF2B4683B007
:10BA0000A381ADB13BB3002A3DD094F90000402B97
:10BA100028BF402300282CDB1F4A3846FFF736FF9B
:10BA200098B91E4B1B68DB0712D500BE03B0F0BDF2
:10BA300096F90030002BACBF8021002138462B4600
:10BA40002A46FFF723FF0028EBD0012003B0F0BD0A
:10BA5000002003B0F0BD94F90020002AACBF1946C5
:10BA600080211A463846FFF711FF0028D9D001205F
:10BA7000ECE71146084801931A4611F013F8064AFC
:10BA8000019B8021EEE7054B1B68D907E0D500BE7E
:10BA90001046CBE73C740020FC730020F0ED00E082
:10BAA000034B0022C3E90022C3E902221A61704756
:10BAB0003C740020014B1861704700BF3C740020AB
:10BAC0000346064A5968006810B41346002403C3AD
:10BAD000C2E902445DF8044B704700BF3C7400208B
:10BAE00070B5404C2278C909B1EBD21F82B006462E
:10BAF00015D03BB13C4B1B68DA0700D500BE0020D7
:10BB000002B070BD2146FFF751FF2369002B40D0E2
:10BB10002246304603219847012002B070BD94F9B7
:10BB20000020A068002A08DB0028E8D01A462F4928
:10BB3000019310F0B7FFA068019BE589E2881D44DE
:10BB4000ADB21844AA42A060E58101D03F2B23D8B2
:10BB5000236923B1234A02213046984788B194F9DA
:10BB6000002000239A42ACBF8021194630461A4675
:10BB7000FFF78CFE68B91C4B1B68DB07BFD500BE06
:10BB8000BEE70146304601F08FF83046802101F0D3
:10BB90008BF8012002B070BDA28994F90010531BEC
:10BBA0009BB2402B28BF402300290ADB95424FF06F
:10BBB000000112D00D4A3046FFF768FE0028DAD0A7
:10BBC000E7E795420BD001461A460848019310F06A
:10BBD00069FF8021054A019BEDE70A46EBE78021DA
:10BBE0000022E8E73C740020F0ED00E0FC73002048
:10BBF00000B170470EF00EBE00B170470EF014BEDB
:10BC00000138C3B2042B07D856230D4A03FB00F0BA
:10BC100013181B79DB0706D40A4B1B68DB0700D51A
:10BC200000BE00207047CB09363301F07F0103EBE3
:10BC30004101054B08441044196801F0CDBD00BF17
:10BC400050740020F0ED00E0007600200138C3B20F
:10BC5000042B07D856230A4A03FB00F013181B795C
:10BC6000DB0701D400207047CB09363301F07F0198
:10BC700003EB4101034B08441044196801F0D8BD9F
:10BC80005074002000760020F0B5441EE5B2042D6B
:10BC900083B017D8562505FB04F5174E01F07F0435
:10BCA00005EB4404344404EBD1143034A779FF0786
:10BCB0000BD5124B186810F0010001D000BE002017
:10BCC00003B0F0BD002003B0F0BD1F4613460A4686
:10BCD0000146705DA579009745F00105A57100F05A
:10BCE000BDFB0028ECD1A37960F30003A371A37915
:10BCF00060F38203A371E3E750740020F0ED00E0ED
:10BD00002DE9F047764DAF798F4284B091461E46BB
:10BD100004465BD0E2234FF0000AA9718DF80910A8
:10BD20008DF80830ADF80CA0002E00F0B380012192
:10BD300003AF0DF10808FBF72DFE41463A460223FA
:10BD40002046FBF755FE51462046FBF723FE9DF8A3
:10BD50000C30EB702223D9F800908DF80730002EBC
:10BD60003ED020460121FBF715FE3A460DF10701B2
:10BD700001232046FBF73CFE9DF80C30EB70494652
:10BD8000082300222046FBF733FE20460021FBF764
:10BD900001FE0026102241F2F20320460121EA7141
:10BDA000ADF80830ADF80C60FBF7F4FD3A464146BB
:10BDB00002232046FBF71CFE31462046FBF7EAFD36
:10BDC0009DF80C30EB7004B0BDE8F087222303AF80
:10BDD0000DF10808D9F800908DF80730002EC0D179
:10BDE0004FF0FF31E86D0DF09FF931462046FBF72B
:10BDF0000BFE20460121FBF7CDFD3A460DF1070170
:10BE000001232046FBF7F4FD9DF80C30EB70324621
:10BE1000082349462046FBF7EBFD31462046FBF759
:10BE2000B9FD20460121FBF7EFFD3346324631468E
:10BE3000E86D0CF05DFD102241F2F2034FF0FF318E
:10BE4000E86DEA71ADF80830ADF80C600DF06CF9F2
:10BE500031462046FBF7D8FD20460121FBF79AFD2D
:10BE60003A46022341462046FBF7C2FD31462046B2
:10BE7000FBF790FD20460121FBF7C6FD3346324615
:10BE80003146E86D0CF034FD9DF80C30EB7004B0D9
:10BE9000BDE8F0874FF0FF31E86D0DF045F9314610
:10BEA0002046FBF7B1FD03AF204601210DF1080844
:10BEB000FBF770FD3A46022341462046FBF798FD0A
:10BEC00031462046FBF766FD20460121FBF79CFD2D
:10BED000334632463146E86D0CF00AFD37E700BFC5
:10BEE000047600202DE9F04F4B781D070E4685B0F3
:10BEF00090460978044662D1DA0600F14881B268BA
:10BF000012B1B288002A5AD1E24D03F02006AB7973
:10BF100066F07F068B42F6B200F06481E2230027D0
:10BF2000A9718DF809108DF80830ADF80C70B8F1D2
:10BF3000000F00F06C82012120460DF10C090DF17B
:10BF4000080AFBF727FD51464A4602232046FBF725
:10BF50004FFD39462046FBF71DFD9DF80C30EB7078
:10BF6000F223EE718DF8096000268DF80830ADF8E7
:10BF70000C60B8F1000F40F0D980E86D4FF0FF3150
:10BF80000DF0D2F841462046FBF73EFD2046012148
:10BF9000FBF700FD4A46022351462046FBF728FDE9
:10BFA00041462046FBF7F6FC20460121FBF72CFD1D
:10BFB000434642464146E86D0CF09AFC45E0B54DDB
:10BFC00013F02007AA7946D1914240F0BE800DF1CE
:10BFD0000C090DF1080AB37813F0100F0CBF1022F2
:10BFE0002022EA2300278DF809208DF80830ADF8CB
:10BFF0000C70B8F1000F00F0FA8001212046FBF729
:10C00000C9FC02234A4651462046FBF7F1FC39465B
:10C010002046FBF7BFFC9DF80C30EB707378EB719A
:10C02000F222012120468DF809308DF80820ADF864
:10C030000C70FBF7AFFC51464A4602232046FBF743
:10C04000D7FC39462046FBF7A5FC9DF80C30EB7079
:10C0500005B0BDE8F08F914240F0A1800DF10C09D0
:10C060000DF1080AB37813F0100F0CBF40228022A4
:10C07000EA2300278DF809208DF80830ADF80C7000
:10C08000B8F1000F00F0E48001212046FBF782FCAC
:10C09000514602234A462046FBF7AAFC3946204671
:10C0A000FBF778FC9DF80C30EB7032882B899A42B4
:10C0B0002AD0B788F2887388BF1ABFB25B099F4243
:10C0C00028BF1F4617F0FF0740F008813A23AF70E2
:10C0D0008DF8097000278DF80830ADF80C70B8F1B4
:10C0E000000F00F0D98001212046FBF753FC514698
:10C0F00002234A462046FBF77BFC39462046FBF7E5
:10C1000049FC9DF80C30EB7033782B7273786B72AE
:10C110007378EB71F22200268DF809308DF8082033
:10C12000ADF80C60B8F1000F3FF427AF20460121B5
:10C13000FBF730FC51464A4602232046FBF758FCE9
:10C1400031462046FBF726FC7FE7E223A9718DF8F4
:10C150000910ADF80C708DF80830B8F1000F00F040
:10C16000DE80012120460DF10C090DF1080AFBF7D4
:10C1700011FC51464A4602232046FBF739FC39465A
:10C180002046FBF707FC9DF80C30EB7023E7434695
:10C1900006F10802FFF7B4FD05B0BDE8F08FE22319
:10C1A0000027A9718DF809108DF80830ADF80C70D2
:10C1B000B8F1000F00F0D980012120460DF10C09E3
:10C1C0000DF1080AFBF7E6FB51464A4602232046DA
:10C1D000FBF70EFC39462046FBF7DCFB9DF80C30E4
:10C1E000EB703FE70DF10C090DF1080AB8E64FF0CE
:10C1F000FF31E86D0CF098FF41462046FBF704FC48
:10C2000001212046FBF7C6FB02234A465146204641
:10C21000FBF7EEFB41462046FBF7BCFB0121204625
:10C22000FBF7F2FB434642464146E86D0CF060FBEB
:10C230009DF80C30EB707378E86DEB71F2224FF0E3
:10C24000FF318DF80930ADF80C808DF8082097E6A5
:10C250004FF0FF31E86D0CF067FF41462046FBF7D9
:10C26000D3FB20460121FBF795FB4A4602235146AA
:10C270002046FBF7BDFB41462046FBF78BFB2046E3
:10C280000121FBF7C1FB434642464146E86D0CF0F5
:10C290002FFB07E7047600204FF0FF31E86D0CF02C
:10C2A00043FF41462046FBF7AFFB20460121FBF749
:10C2B00071FB4A46022351462046FBF799FB414653
:10C2C0002046FBF767FB20460121FBF79DFB434619
:10C2D00042464146E86D0CF00BFB12E712238DF845
:10C2E0000730D6F808B0B8F1000F64D0204601211D
:10C2F000FBF750FB4A460DF1070101232046FBF7EF
:10C3000077FB9DF80C30EB7059463B4600222046E7
:10C31000FBF76EFB00212046FBF73CFBD6E64FF017
:10C32000FF31E86D0CF000FF41462046FBF76CFB47
:10C330000DF10C09204601210DF1080AFBF72AFB3B
:10C340004A46022351462046FBF752FB414620460F
:10C35000FBF720FB20460121FBF756FB43464246F4
:10C360004146E86D0CF0C4FA0DE74FF0FF31E86D7F
:10C370000CF0DAFE41462046FBF746FB0DF10C09B6
:10C38000204601210DF1080AFBF704FB4A4602236F
:10C3900051462046FBF72CFB41462046FBF7FAFAB4
:10C3A00020460121FBF730FB434642464146E86DFB
:10C3B0000CF09EFA12E74FF0FF31E86D0CF0B4FE7E
:10C3C00041462046FBF720FB20460121FBF7E2FA1D
:10C3D0004A460DF1070101232046FBF709FB9DF8B2
:10C3E0000C30EB7042463B4659462046FBF700FBBB
:10C3F00041462046FBF7CEFA20460121FBF704FB1D
:10C40000434642464146E86D0CF072FA5EE64FF054
:10C41000FF31E86D0CF088FE41462046FBF7F4FA48
:10C420000DF10C09204601210DF1080AFBF7B2FAC3
:10C430004A46022351462046FBF7DAFA4146204697
:10C44000FBF7A8FA20460121FBF7DEFA43464246F5
:10C450004146E86D0CF04CFA7FE500BF2DE9F04154
:10C4600002F07F0CBDF818E0D20981BBBCF1000FCF
:10C470005ED13E4EA6F160077178B47882F0010279
:10C4800062F345110A466FF3041244F01001727012
:10C49000B170B278B360032363F3030200258046D2
:10C4A000A6F804E0B270F5802846FFF7A1FBBC7A3D
:10C4B000C4BB01252046BD72FFF79EFB22464046C5
:10C4C00031462C46FFF70EFD2046BDE8F08182F094
:10C4D0000108BCF1000F2ED0254F01223C4604E09C
:10C4E0000132142A04F10C0418D094F86C508D42D7
:10C4F000F6D102EB420507EB850595F8615005F092
:10C500000F066645ECD1C5F34015454504F16C06B0
:10C51000BFD00132142A04F10C04E6D100242046D5
:10C52000BDE8F0812846FFF767FB2046BDE8F081B3
:10C5300082F00108D0E70E4F01243D4602E00134AD
:10C54000142CEBD095F86C608E4205F10C05F6D1F9
:10C5500004EB4406B60007EB060C9CF861C01CF027
:10C560000F0FECD160363E4486E700BF64760020B2
:10C570000476002042DF704743DF704744DF704796
:10C5800012DF7047F0B5334CBFF35B8F014604F503
:10C5900090730125D3E84F2FC3E8405F0028F9D1FD
:10C5A000BFF35B8F12F0FF0F48D1082929D04E014D
:10C5B000A21954F806C028489388284F01F59476AC
:10C5C00001EB810E50F82660D2889A1A93B2B6B267
:10C5D00000EB8E0209B2B34228BF3346C2F800C74F
:10C5E00007EB8100C2F8043747F82150BFF36F8F83
:10C5F000BFF34F8F1A4B984218D0043B984215D086
:10C60000F0BD154BD3F8C024D1030FD494F80B110F
:10C6100061B11449D4F80001C3F8A007C3F8A427F6
:10C620000D60BFF36F8FBFF34F8FF0BD0023BFF3DB
:10C630005B8F84F82031BFF35B8FF0BD0A4B0B4852
:10C640005A68C2F30802003218BF0122BDE8F04068
:10C65000FFF794B854770020007002402870024021
:10C66000507002404870024000ED00E0E5C6020054
:10C67000174BBFF35B8F01460122D3E84F0FC3E88E
:10C680004C2FBCF1000FF8D1BFF35B8F10F0FF0F00
:10C6900014D10A60BFF36F8FBFF34F8F0D4B9942D8
:10C6A00003D0043B994200D070470B4BBFF35B8F24
:10C6B000002283F82021BFF35B8F7047074B0848A7
:10C6C0005A68C2F30802003218BF0122FFF756B8B9
:10C6D00074780020507002405477002000ED00E094
:10C6E00071C60200F0B5334CBFF35B8FC1B204F5E5
:10C6F00090730126D3E84F2FC3E8406F0028F9D18B
:10C70000BFF35B8F12F0FF0F47D1082928D04D01EE
:10C71000621954F805E028489388DFF8B0C001F5A5
:10C72000947550F82570D2888D009A1A93B2BFB2D2
:10C730006A1800EB8202BB4228BF3B46C2F800E702
:10C740006544C2F804374CF82160BFF36F8FBFF324
:10C750004F8F1A4B9D4218D0043B9D4215D0F0BD1F
:10C76000154BD3F8C024D1030FD494F80B1161B149
:10C770001349D4F80001C3F8A007C3F8A4270E603A
:10C78000BFF36F8FBFF34F8FF0BD0023BFF35B8FFD
:10C7900084F82031BFF35B8FF0BD0A4B0A485A681A
:10C7A000C2F30802003218BF0122BDE8F040FEF7D4
:10C7B000E5BF00BF54770020007002405070024077
:10C7C0004870024000ED00E0E5C60200287002401B
:10C7D00001207047014B80225A60704700E100E061
:10C7E000074BD3F80014D3F8002400200A434FF479
:10C7F0008001C3F80024C3F85801C3F8041370473C
:10C8000000700240074B4FF4001229B9C3F8082307
:10C81000054B83F821117047C3F80423024B83F8BA
:10C8200021117047007002405477002070B48A785C
:10C830008C88414EC97802F07F03D50905EB43008F
:10C8400006EB001001F00301C4F30A04012904817E
:10C850002BD0012101FA03F4BDB1384802339940CD
:10C86000C0F80413D0F810352343C0F81035334B0B
:10C8700042F48071C3F81825C3F80C15BFF36F8F0D
:10C88000BFF34F8F012070BC70472C4803F10C069A
:10C89000B140C0F80413D0F8141503F594730C4399
:10C8A000C0F8144540F82350E1E7082B08D0244B8A
:10C8B000186810F00100E6D000BE002070BC704780
:10C8C000EDB9B6F818311BB11C4B8022C3F81C25FA
:10C8D0001A4A0023C2F85031D2F8003313F400137F
:10C8E00008BFC2F85431154B4FF44012C3F804236B
:10C8F000D3F8142542F48072C3F81425BEE7B6F8C5
:10C9000008210E4B0021C3F82C1112B18022C3F86C
:10C910001C250A4AD2F8003313F4001308BFC2F8EA
:10C920005431064B074AC3F80423D3F8102542F4C8
:10C930008072C3F81025A1E75477002000700240F0
:10C94000F0ED00E0000820001F4B80222DE9F041AF
:10C95000C3F88420BFF34F8FBFF36F8F01241B4DAB
:10C960001B4FA0460026A30004F10C02A11C03F1FA
:10C97000804303F51C3308FA01F108FA02F20A4376
:10C98000C7F8082328465E60013420229E620021F9
:10C9900010F0ACF8082C05F12005E4D10D4BC7F8D8
:10C9A00008332022C7F81C6500217E620A48BE6455
:10C9B00010F09CF8C7F81485C7F81085024B802248
:10C9C0005A60BDE8F08100BF00E100E0747700200C
:10C9D00000700240000830005478002001F07F020F
:10C9E000082A70B44FEAD11128D0012303FA02F0CB
:10C9F000C043B1B1294C951CAB40C4F80833D4F8FE
:10CA00001055274B2840C4F8100501EB420103EBF9
:10CA100001110023CB72BFF36F8FBFF34F8F70BC38
:10CA200070471E4C02F10C05AB40C4F80833D4F833
:10CA300014551B4B2840C4F81405E6E7184B03EBCC
:10CA400001100024A0F808411448D1B14FF400644B
:10CA5000C0F80843D0F8104524F48074C0F810459D
:10CA6000B3F81841B3F808510C48EC424FF00006F7
:10CA700008BF4FF40014C0F81C6508BFC0F8084395
:10CA8000C3E74FF48014C0F80843D0F8144524F4E9
:10CA90008074C0F81445C0F85011E1E700700240FE
:10CAA0005477002001F07F004FEAD11CF0B50CEB69
:10CAB0004005744E2D01771985B0FC7A4CB1724B4C
:10CAC0001C6814F0010401D000BE0024204605B00B
:10CAD000F0BD04F0FF0E7251BB80A7F806E00028FD
:10CAE00043D1002B57D0BCF1000F00F08E8006EB35
:10CAF000401100EB8003CD8A8A8A0C8B0969521B96
:10CB00009B0092B203F1804303F51C33A24228BF7D
:10CB100022465E4DC3F8001600B2C3F804265C4BF3
:10CB2000BFF35B8F05EB80010122D3E84F4FC3E8D1
:10CB3000472F002FF9D1BFF35B8FE4B2002C40F0F8
:10CB4000908045F82020BFF36F8FBFF34F8F514B7C
:10CB5000994202D0043B994219D1BFF35B8F002365
:10CB600086F82031BFF35B8F11E0BCF1000FBED11E
:10CB700006EB40160123F372BFF36F8FBFF34F8FA5
:10CB8000B37A23B1F37A03F0FF04002B74D10124AC
:10CB9000204605B0F0BD404AD2F88024C2F3C0124E
:10CBA0006245A0D03D4D6A688DF80810C2F30801B7
:10CBB00000314FF4E06218BF012101A803938DF802
:10CBC0000930ADF80420FEF755FCBFF35B8F06F586
:10CBD00090720123D2E84F1FC2E8403F0028F9D1EC
:10CBE000BFF35B8FCCB2002C38D12A4A1360BFF35D
:10CBF0006F8FBFF34F8F1C46BFF35B8F204686F8C5
:10CC00002011BFF35B8F05B0F0BD0123204AF37202
:10CC1000BFF35B8FD2E84F4FC2E8413F0029F9D103
:10CC2000BFF35B8FE4B26CB91D4A1360BFF36F8F23
:10CC3000BFF34F8FBFF35B8F86F820C11C46BFF355
:10CC40005B8F43E7154B16495A681648C2F3080232
:10CC5000003218BF0122FEF791FD37E76A680D49DF
:10CC6000F3E70E4B0F485A68C2F30802003218BFB0
:10CC70000122FEF783FD29E786F80AC0FFF782FC50
:10CC800024E700BF54770020F0ED00E0047002407C
:10CC900074780020507002400070024000ED00E007
:10CCA0004C70024071C6020011F07F0008B512D02E
:10CCB00008280BD00E4B41F48072C909C3F818251F
:10CCC00004D10C4B03EB40139A7A62B9BFF36F8F18
:10CCD000BFF34F8F08BD064B01225A65BFF36F8F1C
:10CCE000BFF34F8F08BD9972FFF74CFCEEE700BF12
:10CCF000007002405477002011F0770F12D00A4BD9
:10CD000041F48072C3F80C15C3F80C25CA09C3F8A6
:10CD1000181504BF01F5947143F82120BFF36F8FFC
:10CD2000BFF34F8F704700BF007002402DE9F04FF6
:10CD3000A54BA64CD3F8000300238BB01E461F461C
:10CD4000012520FA03F11A19C9074FEA820209D511
:10CD5000116839B105FA03F117600E43BFF36F8F05
:10CD6000BFF34F8F0133192BEBD1F20700F135825E
:10CD7000974D330508D5944BD3F8A83601229BB2C2
:10CD8000A5F8163185F81C21B70206F4800424D5D5
:10CD90008D4BD3F81425D00540F1FC81002C00F018
:10CDA000A182D3F80024D20740F19C82D3F8103539
:10CDB000DA0540F1FB8195F81C3107AF002B40F0FC
:10CDC000BD82814BD3F82035089338464FF4407329
:10CDD0000121ADF81C30FEF74DFB04B37A4AD2F8BE
:10CDE000004440F201732340C2F80034E30500F12F
:10CDF0005682670510D5744B0122C3F808259A6541
:10CE0000D3F8002312F4001208BFC3F854216E4B6C
:10CE10004FF40012C3F80423A00500F1358231025B
:10CE20003DD5694BD3F880C4D3F88414D3F888E493
:10CE3000D3F88C74D3F89084D3F89444D3F898043E
:10CE4000D3F89C245FFA8CF35FFA80FCD0B25A06C8
:10CE5000C9B25FFA8EFEFFB25FFA88F85FFA84F912
:10CE600001D105291BD00024224668F3070263F391
:10CE7000070461F30F2469F30F226EF317446CF378
:10CE8000174260F31F6267F31F644FF4C063012110
:10CE900007A8CDE90842ADF81C30FEF7EBFA4D4B80
:10CEA0003340002B40F09181DFF82491464F4D46EE
:10CEB000CA4609F5907800241DE02B44DA7A002A4E
:10CEC00000F0D781DA88AAF804200022DA72D98823
:10CED00009914FF4E063012107A88DF820B08DF887
:10CEE0002120ADF81C30FEF7C5FABBF1080F47D082
:10CEF00001340AF1200A04F10C0326FA03F3DB07DC
:10CF00005FFA84FBF1D504EB840307EB8303DAF8C3
:10CF10000020D3F80807630112FA80F2E918CAF872
:10CF20000020CA8880B2024492B2082CCA80C4D0C1
:10CF3000BAF808208242C0D1CA88BAF804109142D7
:10CF4000BBD9BBF1000FD0D10122BFF35B8FD8E872
:10CF50004F3FC8E8412F0029F9D1BFF35B8F13F091
:10CF6000FF0F40F052821C490A60BFF36F8FBFF37E
:10CF70004F8FBFF35B8F85F82031BFF35B8FB7E72F
:10CF8000164B3340002B00F002810F4BD3F86C247A
:10CF90000192C3F86C24BFF36F8FBFF34F8F16F469
:10CFA000806600F06E81D3F88024D3F8803483F05B
:10CFB0008003C3F3C0130593C2F3C0130493DFF8D7
:10CFC00008A00024A84613E000700240409C001016
:10CFD00054770020FCFB1F004C700240000400014D
:10CFE000002C00F0F281072E52D0013409F1200903
:10CFF0000199E14004EB8403C9070AEB830308EBC2
:10D000004412E6B2ECD5D3F80816D9F81070C9B2BC
:10D010000F44C9F81070D08A014489B2D182A8495E
:10D02000D08AB9F8145061188900854202914FF0F6
:10D03000010C66F07F0103914FF4E06B4FF0000E9E
:10D04000614607A840F2B480D18AB9F81820C3F825
:10D0500000766D1AADB2954228BF1546994AC3F8BD
:10D060000456BFF35B8FD2E84F3FC2E841CF00299F
:10D07000F9D1BFF35B8F13F0FF0F40F0ED80029BFF
:10D08000C3F800C0BFF36F8FBFF34F8F072EACD133
:10D09000019BDB03454601D4059B43B1EB7A23B1E9
:10D0A000EB88AA889A4200F271810123AB72019B3E
:10D0B0009F030BD595F82B3023B1EB8CAA8C9A42A9
:10D0C00000F28881012385F82A30019B5E030DD58B
:10D0D00095F84B3033B1B5F84630B5F844209A4254
:10D0E00000F27D81012385F84A30019B1C030DD598
:10D0F00095F86B3033B1B5F86630B5F864209A42D4
:10D1000000F27E81012385F86A30019BD8020DD59B
:10D1100095F88B3033B1B5F88630B5F884209A4253
:10D1200000F23881012385F88A30019B99020DD5E0
:10D1300095F8AB3033B1B5F8A630B5F8A4209A42D3
:10D1400000F22D81012385F8AA30019B5A020DD5EA
:10D1500095F8CB3033B1B5F8C630B5F8C4209A4253
:10D1600000F22281012385F8CA30019B1B020ED5F3
:10D1700095F8EB30002B00F0F380B5F8E630B5F809
:10D18000E4209A4240F2EC800720FFF7FBF90BB055
:10D19000BDE8F08FD3F81025D1053FF50CAE95F81A
:10D1A00021211AB94FF40012C3F8082307AF08E68B
:10D1B000D38A09939DF80C30ADF81CB08DF820305F
:10D1C0008DF821E0FEF756F90DE70023BFF35B8FE2
:10D1D00085F82031BFF35B8F66E63B4B3B4A3C4D05
:10D1E0003C4800240127C2F81475C2F81075546039
:10D1F00094625C609C629C60DC62DC601C631C610D
:10D200005C635C619C639C61DC63DC611C645462F4
:10D210009464C2F85841D2F80034D2F800140B4399
:10D22000C2F80034D2F80033C2F808332146C2F8FD
:10D23000040328464FF492720FF058FC40234FF439
:10D240008072394607A82B832B818DF82040ADF8DA
:10D250001C20FEF70FF98CE51F4B20485A680299F5
:10D26000C2F30802B2EB0E0218BF0122FEF786FAE3
:10D27000B9E61B4B1B68D80789D500BE0BB0BDE8CB
:10D28000F08FCDE904669AE600220523012107A864
:10D290008DF81C208DF81D30FEF7ECF8BFE501215C
:10D2A000C2F82C150423002207A88DF81C208DF845
:10D2B0001D30FEF7DFF867057FF5AEAD9BE500BFDB
:10D2C000019C00107478002004700240007002403D
:10D2D000547700200514C00100ED00E071C6020083
:10D2E000F0ED00E04F4BBFF35B8F0122D3E84F1FFF
:10D2F000C3E8402F0028F9D1BFF35B8F11F0FF0F77
:10D3000032D1494BD3F8C004C70352D495F80B115E
:10D3100001F0FF07002967D04449D5F80071C3F830
:10D32000A077C3F8A4070A60BFF36F8FBFF34F8FD6
:10D33000D3F81035D8053FF53EAD37E7B5F81631CF
:10D340000993002285F81C2188234FF4E0623846B7
:10D350000121ADF81C20ADF82030FEF78BF830E548
:10D36000012385F8EA3012E7314B32485A68C2F39C
:10D370000802003218BF01220821FEF7FFF92A4BEC
:10D38000D3F81035DB053FF516AD0FE70020FFF7AA
:10D39000F9F88CE60420FFF7F5F8019BC6E60520B6
:10D3A000FFF7F0F8019BD1E60620FFF7EBF8019BB1
:10D3B000DCE6BFF35B8F85F82011BFF35B8FD3F8FA
:10D3C0001035DF053FF5F7ACF0E6049900293FF48E
:10D3D0000CAE18E60120FFF7D5F8019B76E6022097
:10D3E000FFF7D0F8019B81E6BFF35B8F85F82071D2
:10D3F000BFF35B8FD3F81035D9053FF5DCACD5E62C
:10D400000320FFF7BFF8019B80E6094B0A485A68E2
:10D410000A49C2F30802003218BF0122FEF7AEF932
:10D4200066E500BF7478002000700240487002403A
:10D4300000ED00E0E5C6020071C602004C7002403B
:10D4400030B5012885B000F09F8057D3022840D125
:10D45000BA4BD3F80435002B40F0D780B74AD2F846
:10D4600000341C05FBD54FF40063C2F80034BFF351
:10D470006F8FBFF34F8FB24AB24B12681B68082AF6
:10D4800000F0D780AD4BB04D80240122C3F81C457D
:10D49000C3F80423C5F88441FDF7D8FA002840F00A
:10D4A000F880AA4D43F204044FF080432268AA4258
:10D4B00011D0D3F80C14D3F80C24D003F6D5CA0736
:10D4C000F4D59E4B0122C3F80425BFF36F8FBFF341
:10D4D0004F8F05B030BD04AA002102F80C1D104684
:10D4E000FFF74EF89DF804000028E2D010460191A5
:10D4F000FFF744F8019A002AD8D0E2E78F4BD3F81F
:10D500000025002AE5D14FF480014FF40062C3F8F2
:10D510000813C3F80024BFF36F8FBFF34F8F884BFE
:10D520001B68082B00F0B780844B0122C3F800254C
:10D53000BFF36F8FBFF34F8F43F2040203F18D539C
:10D5400003F57723126803F2DB539A4200F0CA8096
:10D550004FF08043D3F80C24D3F80C34D90301D511
:10D56000D207B6D443F20402784B12689A4200F014
:10D570001881774B00221A601B6801934FF080439B
:10D58000012201991A60A4E76C4BD3F80025002A08
:10D590009FD00022C3F80425BFF36F8FBFF34F8FD6
:10D5A00069498020C1F88400BFF34F8FBFF36F8FAC
:10D5B000D3F80013C3F80813C3F80025BFF36F8F27
:10D5C000BFF34F8F43F2040103F18D5303F577232B
:10D5D000096803F2DB53994200F0998001AB5D4A80
:10D5E000012111605C4A5168C1F3080100311846FD
:10D5F0004FF000024FF0020318BF01218DF8042004
:10D600008DF80530FDF736FF63E743F204024F4B18
:10D6100012689A4200F0B0804FF08043D3F80C2497
:10D62000D3F80C34DB037FF519AFD5077FF516AFC0
:10D630004FE7032B0AD8494A1168002940F0988027
:10D64000474C49F275301060216010605A1E022A62
:10D6500010D8424A1168002967D1424D3848394BE9
:10D6600000681B6849F2753414602960146008284A
:10D670007FF408AF032B3FF605AF3B493B4B40F22D
:10D68000E370402208601A60BFF36F8FBFF34F8FC3
:10D69000F8E66C6005E72B4B1B685A1E022A12D86D
:10D6A0002E4B1A68002A40F08E802E4949F27532BE
:10D6B00003201A6008601A60214A224B12681B6816
:10D6C000082A7FF431AF032B3FF62EAF234B1A68A5
:10D6D000002A74D1224949F27532C0201A600860CC
:10D6E0001A6021E704AB002203F80C2D1846FEF760
:10D6F00047FF9DF8041000293FF42AAF1846019215
:10D70000FEF73CFF019B002B7FF4E3AE2AE704AB5E
:10D7100003F80C2D1846FEF733FF9DF80420002A6D
:10D720003FF45DAFFEF728FF5CE70549054B0D4A66
:10D7300008681B680021116099E700BF0070024073
:10D74000300100103401001000E100E0DBE5B151D0
:10D75000000100400400004000ED00E000EC064045
:10D7600014EC064014ED06400078024004780240B4
:10D77000174A0021116069E704AB002203F80C2D61
:10D780001846FEF7FDFE9DF8041000293FF444AF53
:10D7900018460192FEF7F2FE019B002B7FF499AE32
:10D7A0005CE604A8002300F80C3DFEF7E9FE9DF8B6
:10D7B0000430002B3FF4DDAEFEF7DCFE89E6044BBF
:10D7C000C0221A60B0E6034B03221A6074E700BF60
:10D7D00014EC064014ED0640F8B5037813F001048C
:10D7E00005D10678C6F3800626B12046F8BD002490
:10D7F0002046F8BD0F4605464FF0FF3138460BF086
:10D8000093FC2A7812F001040FD12B785B0704D423
:10D810002B7843F004032B700124002338461A466A
:10D8200019460BF065F82046F8BD3446F5E700BF11
:10D8300070B505460E4608464FF0FF310BF074FCFC
:10D840002878C0F3800444B90024002330461A46E7
:10D8500019460BF04DF8204670BD2B7813F00102ED
:10D86000F2D12B7862F382032B70EEE710B4C37809
:10D87000848803F00303022BC4F30A0426D019D8CA
:10D88000012B04D0002318465DF8044B7047022991
:10D8900040F2FF3208BF4FF48062A242F3D21A4B2B
:10D8A0001B6813F00103EED000BE002318465DF89C
:10D8B000044B7047022914BF40234FF48063A342F6
:10D8C000EDD3012318465DF8044B704702290BD0B5
:10D8D00012B1B4F5007F11D0A4F108039BB2182B4C
:10D8E00006D9402CEDD0DAE7B4F5007FD7D1E8E7D0
:10D8F000064A22FA03F3DB07D1D5E2E700244021F0
:10D90000134644710171BEE7F0ED00E00101000132
:10D910000A44914216D230B44C78052C05D00C78CC
:10D9200021448A42F8D830BC70478C7804F07F05D7
:10D9300000EB4505E4092B550C7821448A42EBD8CD
:10D9400030BC7047704700BF2DE9F04182B00678C7
:10D95000089DBDF82470009361F300060446294633
:10D9600000F8086B012316463A46BDF82C80FCF7F8
:10D970006DFE05B13FB90A9B63600120A4F80280E7
:10D9800002B0BDE8F08104F11C0101200BF08AF91E
:10D9900026B903463046C4E90503ECE70023FAE75D
:10D9A00010B50446406908B10BF074FDA06908B1D8
:10D9B0000BF070FD012010BDF0B50B460D4613F8BD
:10D9C000081B83B011F0020F0746184640F2FF1300
:10D9D0000CBF3F241C461646FCF774FEE8B9E6B1BE
:10D9E00026421AD12B786978DA07384618D5FEF71F
:10D9F00007F990B12B78697813F0010313D0002355
:10DA00003846CDE900331A46FEF73EF930B9084BE7
:10DA10001B68DB0701D500BE00E0002003B0F0BDAD
:10DA2000FDF714FFE5E738461A46FDF72FFFEDE74F
:10DA3000F0ED00E070B501F1080582B00646284619
:10DA40000C46FCF73FFE38B123786178DB0730469F
:10DA500005D5FEF7D5F830B9002002B070BDFDF74E
:10DA6000F5FE0028F8D0284662886168FCF754FE6D
:10DA7000054690B1237862686178D80717D50023EE
:10DA8000CDE9003330462B46FEF7FEF8B0B90C4B1B
:10DA90001B68DB07E0D500BEDFE72078617810F077
:10DAA0000104304608D1FDF7E1FE2046D5E73046B7
:10DAB0002B46FDF7EBFEE9E7FEF7C8F82846CCE772
:10DAC000F0ED00E02DE9F0418A890B7882B00C4638
:10DAD0000646E2B9DD07497857D5FEF791F80028E8
:10DAE0004FD0227863886178D20751D5002B5DD062
:10DAF000626800253046CDE90055FEF7C5F80028DC
:10DB00004DD1374B1B68DB073BD500BE3AE003F035
:10DB1000020301F10808002B40460CBF40274FF4D8
:10DB20000077304D08BF6FF03F05FCF7E3FD8742FB
:10DB300027D823786178DB07304634D5FEF760F8C4
:10DB4000F8B14046FCF7D6FD874233D805EA00021B
:10DB500065882378617890B2854228BF0546DA0748
:10DB600032D5002D37D062680023CDE9003330462E
:10DB70002B46FEF789F80028C3D0284602E0FEF7BE
:10DB800065F8002002B0BDE8F081FDF75FFEA6E772
:10DB900073B162683046FDF779FE0028B1D0608825
:10DBA00002B0BDE8F081FDF751FEC9E71A46A0E7D3
:10DBB0001A46EFE72078617810F001043046DED194
:10DBC000FDF754FE2046DDE73DB1626830462B4646
:10DBD000FDF75CFECFE72A46C6E72A46F6E700BF18
:10DBE000F0ED00E000FEFFFF2DE9F0470478089E0D
:10DBF0001F46062C1AD8DFE814F055015B016001BE
:10DC00000700650172011B00438843EA0121B1F559
:10DC1000887F4FF0000341808380C0F06681114609
:10DC200004460EB10520B04700232370BDE8F087FD
:10DC300090F801C0B0F81641B0F802806FEA0C23EA
:10DC40001BB24FF000094B4544EA01219CB2B6BF1C
:10DC500041F22103630083EA44039CB2230446BFDC
:10DC600041F2210383EA440363009CB2230446BFCC
:10DC700041F2210383EA440363009CB2230446BFBC
:10DC800041F2210383EA440363009CB2230446BFAC
:10DC900041F2210383EA440363009CB2230446BF9C
:10DCA00041F2210383EA440363009CB2230446BF8C
:10DCB00041F2210383EA440363009BB21C0446BF84
:10DCC00041F2210484EA43045C005FFA88FEA4B2B6
:10DCD00084EA0E2424B2002CB8BF41F221031FFABB
:10DCE00084FEACBF4FEA4E0383EA4E039CB223048A
:10DCF00046BF41F2210383EA440363009CB223043C
:10DD000046BF41F2210383EA440363009CB223042B
:10DD100046BF41F2210383EA440363009CB223041B
:10DD200046BF41F2210383EA440363009CB223040B
:10DD300046BF41F2210383EA440363009CB22304FB
:10DD400046BF41F2210383EA440363009CB22304EB
:10DD50004ABF41F22103630083EA44034FEA1825D6
:10DD60009BB283EA05231BB2002B9CB2B6BF41F2E3
:10DD70002103630083EA44039CB2230446BF41F2BB
:10DD8000210383EA440363009CB2250446BF41F2A9
:10DD9000210383EA440363009CB2230446BF41F29B
:10DDA000210383EA440363009CB2250446BF41F289
:10DDB000210383EA440363009CB2230446BF41F27B
:10DDC000210383EA440363009CB2250446BF41F269
:10DDD000210383EA440363009BB21C044ABF41F25F
:10DDE00021045B0084EA4303A0F8161180F8009038
:10DDF0009BB2B8F1000F4AD008F1FF3400F1060ED3
:10DE00001EFA84FE41F22105441D14F8019F83EAA5
:10DE100009230FFA83F91FFA89F3B9F1000FACBF98
:10DE20005B0085EA43039BB213F4004F0CBF5B0019
:10DE300085EA43039BB213F4004F0CBF5B0085EAF5
:10DE400043039BB213F4004F0CBF5B0085EA43030E
:10DE50009BB213F4004F0CBF5B0085EA43039BB2F7
:10DE600013F4004F0CBF5B0085EA43039BB213F42D
:10DE7000004F0CBF5B0085EA43039BB213F4004FD5
:10DE80000CBF5B0085EA430374459BB2BDD1994248
:10DE900030D0002E3FF4CAAE334611460120BDE813
:10DEA000F0471847AA297FF4C1AE01230370BDE6ED
:10DEB000022341700370BDE8F087032341800370A3
:10DEC000BDE8F0878288531C02449BB28380917125
:10DED00042889A423FF6AAAE05230370A6E60623BF
:10DEE000A0F816110370BDE8F0870029F4D00423D0
:10DEF00003709BE6002F3FF499AE1346811D424606
:10DF00006046BC46BDE8F047604700BF70B50546B7
:10DF100000F553700AF054FB05F550700AF050FB01
:10DF200005F54D700AF04CFB05F54A700AF048FB08
:10DF300005F1080605F54274183C20460AF040FB3E
:10DF4000A642F9D1284670BD2DE9F047DFF8D0A0F0
:10DF5000DFF8B0902A4F0023CAE900330AF1080421
:10DF60000AF542784FF6FF762046494600250AF02A
:10DF7000D9FA183424F80C6C24F80A6C44F8087C9C
:10DF800004F8045CA045EFD100231E491E48CAF8DE
:10DF90000833CAF80C33CAF81033CAF81833CAF871
:10DFA00020338AF814538AF81C538AF824530AF051
:10DFB000B9FA144915480AF0B5FA124914480AF09A
:10DFC000B1FA104913480AF0ADFA134A134914483C
:10DFD000CAF85853CAF85C53CAF86053CAF8645375
:10DFE000CAF868530DF0C0FE06490E480AF09AFAC6
:10DFF000094A0D490B48BDE8F0470DF0B5BE00BF1A
:10E00000000080BF28F40300AC7B0020B87B002018
:10E01000C47B0020D07B0020006000200DDF0200C8
:10E020008478002078780020C1850300034B044ADF
:10E030000121197013680B4413607047F27E0020B1
:10E040007C7D0020704700BF10B5044650300AF0B8
:10E05000B7FA04F118000AF0B3FA04F10C000AF060
:10E06000AFFA20460AF0ACFA204610BD10B54FF4C6
:10E07000E47104460CF0ECFD204610BD08B503F039
:10E0800033FC034805F02CFEB0FA80F0400908BDCF
:10E09000087F002038B52C4B1B7813B12B4B1B7815
:10E0A00003B138BD0AF020FB294B1B68C01AB0F53C
:10E0B000FA7FF6D3274B1B7803F0FF04002BF0D137
:10E0C000254D0AF011FB2B68C01A0928E9D90AF07E
:10E0D0000BFB21462860214807F0BAF89FED207A13
:10E0E000B4EEC70AF1EE10FADBD4FBEE0E7AB4EE12
:10E0F000E70AF1EE10FAD4DC1A4A1B49D2ED007A95
:10E100000B6870EE277A0133132BC2ED007A0B6097
:10E11000C7DD9FED166ADFED166A164B0C6067EEE1
:10E12000867A0020F4EEE67AF1EE10FA88BFF0EE7F
:10E13000667AF4EEC77AF1EE10FAB8BFF0EE477ADD
:10E140001060C3ED007A38BD557C0020547C00205F
:10E15000C47E0020F27E0020CC7E0020087F0020BC
:10E16000000016C3A47E0020D07E0020CDCC4C3D04
:10E17000000048C21C6100202DE9F04383B0002458
:10E18000DFF8B090224F234DDFF8AC800094234697
:10E19000224621462048214E09F0E4FD49463846F2
:10E1A0000AF0C0F92A46414638460DF0DDFD482008
:10E1B0000CF048FD1D230746009303221C23042175
:10E1C00003F0C4FC3946304605F068FD144B154990
:10E1D000154F33602A4630460DF0C6FD134A144BE6
:10E1E000C2F8024049463846C3F8024014705470E1
:10E1F000A2F816411C705C70A3F816410AF092F95F
:10E200002A464146384603B0BDE8F0430DF0ACBDA8
:10E21000F47E002000600020707D0020087F002038
:10E22000CCEF030045E00200B07E0020887D002096
:10E23000587C002028F40300C1850300F0B5C5B068
:10E2400001AC150A4FF0AA0CE570D51C1E46607093
:10E25000A27084F800C0ADB2DAB1002971D01746BF
:10E2600002A80EF01FFC07F1040CBA1D05371FFAB7
:10E270008CFC92B2BFB285B9FF210B4604F80C307A
:10E28000E155002E5BD021463148F9F77DF845B0C5
:10E29000F0BD052706224FF0040C23464FF6FF7110
:10E2A00041F2210013F801EF81EA0E210FFA81FEFD
:10E2B0001FFA8EF1BEF1000FACBF490080EA4101A8
:10E2C00089B211F4004F0CBF490080EA410189B2C4
:10E2D00011F4004F0CBF490080EA410189B211F4EA
:10E2E000004F0CBF490080EA410189B211F4004F90
:10E2F0000CBF490080EA410189B211F4004F0CBF04
:10E30000490080EA410189B211F4004F0CBF490075
:10E3100080EA410189B2A3EB040E11F4004F1FFA09
:10E320008EFE0CBF490080EA4101AE4589B2B9D3E7
:10E33000CBB2090A04F80C30E155002EA3D145B048
:10E34000F0BD052706224FF0040C002DA5D193E760
:10E350001C640020F0B50121ADF5057D344805F0C1
:10E3600089FF431EFE2B4ED9324B1B78002B42D027
:10E370000DF5057DF0BD2E4805F06AFFBDEEC00A23
:10E380002B4810EE103A1DB205F042FFF2EE047A6F
:10E3900020EE270A284ABDEEC00A5068158210EE0A
:10E3A000103A01301BB2538250608DF80A3102A935
:10E3B0001F122246EBB20DF58770C5F307258DF8C5
:10E3C00008318DF80C318DF80B718DF809518DF8ED
:10E3D0000D510EF067FBA21D92B2012342A9042049
:10E3E0000096FFF72BFF0AF07FF9124B134A1B78B8
:10E3F0001060002BBCD103F077FA0D4805F070FCDB
:10E400000DF5057DF0BD0246044602A9084805F059
:10E41000F7FF06460028AED0074A0649D3680978B8
:10E420000133D3600029E6D00DF5057DF0BD00BFB6
:10E43000087F0020847D0020D87E0020C47E00203C
:10E440000EB410B5B5B037AB044653F8042B0193A6
:10E4500002A8C8210FF0D6F800280BDB022C0ED042
:10E46000084A094B012C18BF1A460849084802AB54
:10E4700009F0DEFC35B0BDE8104003B07047054A36
:10E48000F3E700BFDCF30300CCF30300E4F3030085
:10E490001C640020D4F30300F0B52DED028B04467C
:10E4A00087B0404807F0AEFE2368DFED3F7A3D4875
:10E4B00000EE103AB8EE400A20EE270A04F0B2FC53
:10E4C00020B1002007B0BDEC028BF0BD63689FED6A
:10E4D000370A344807EE903AF8EE677A27EE800A5A
:10E4E00008F070FA0028ECD1217A2E4808F0C8F91B
:10E4F0000028E6D10246617A2A4808F0DFFA06468B
:10E500000028DED194F90A502648162DA8BF1625FA
:10E5100008F056FB29462348B0EE408A04F0B4FCCC
:10E520000746204808F04CFBBDEEC88A204B94F902
:10E530000A201B680092BDEEC00A162102910195C7
:10E54000039730468DED050A8DED048A194A1A4964
:10E55000FFF776FF002FB4D1B4F80B101148C9B201
:10E56000442208F0E1FA0028ABD1617B0D4808F0A5
:10E570003FFB05460028A4D101240A4808F004FF07
:10E5800041F2210341F60F5221460094054808F05C
:10E5900059FE2946034808F091FF024808F082FF1F
:10E5A00020468FE7087F0020BD3786356F12833AFB
:10E5B000F47E0020DCF00300F8F00300F8B5234BF4
:10E5C0001B782BB1224C237813B9224B1B7803B153
:10E5D000F8BD03F085F90028FAD003F089F9054663
:10E5E0000028F5D01C4E0AF07FF83368074653B375
:10E5F0004FF47A72C31A02FB05F29A42E8D8174B1D
:10E600001B68C31AB3F5FA7FE2D3154B1B78002BB6
:10E61000DED1144807F0F6FD02200AF071F82378E5
:10E620000BB9FFF72BFD1049104C376000234FF05A
:10E63000000C2A461846C1F800C023600C49BDE80A
:10E64000F840FFF7FDBE3060F8BD00BF557C0020EC
:10E65000847D0020547C0020BC7E0020C47E0020ED
:10E66000F27E0020087F0020A47E0020D07E0020C3
:10E6700060F10300F0B5C5B001ACAA2501236070BC
:10E6800025706380002900F019810B782371062121
:10E69000072605256FEA002000B20028B8BF41F226
:10E6A000210387B2ACBF7B0083EA470398B203041F
:10E6B00046BF41F2210383EA4003430098B20704B6
:10E6C00046BF41F2210383EA4003430098B20304AA
:10E6D00046BF41F2210383EA4003430098B2070496
:10E6E00046BF41F2210383EA4003430098B203048A
:10E6F00046BF41F2210383EA4003430098B2070476
:10E7000046BF41F2210383EA4003430098B2030469
:10E710004ABF41F22103430083EA40039BB283F4E2
:10E7200080731BB2002B98B2B6BF41F221034300A5
:10E7300083EA400398B2070446BF41F2210383EA0B
:10E740004003430098B2030446BF41F2210383EA29
:10E750004003430098B2070446BF41F2210383EA15
:10E760004003430098B2030446BF41F2210383EA09
:10E770004003430098B2070446BF41F2210383EAF5
:10E780004003430098B2030446BF41F2210383EAE9
:10E790004003430098B2070446BF41F2210383EAD5
:10E7A0004003430098B2030446BF41F2210383EAC9
:10E7B0004003430098B2070446BF41F2210383EAB5
:10E7C0004003430098B2030446BF41F2210383EAA9
:10E7D0004003430098B2070446BF41F2210383EA95
:10E7E0004003430098B2030446BF41F2210383EA89
:10E7F0004003430098B2070446BF41F2210383EA75
:10E800004003430098B2030446BF41F2210383EA68
:10E810004003430098B207044ABF41F2210343007A
:10E8200083EA400320799BB283EA00231BB2002BCA
:10E8300098B2B6BF41F22103430083EA400398B285
:10E84000030446BF41F2210383EA4003430098B228
:10E85000070446BF41F2210383EA4003430098B214
:10E86000030446BF41F2210383EA4003430098B208
:10E87000070446BF41F2210383EA4003430098B2F4
:10E88000030446BF41F2210383EA4003430098B2E8
:10E89000070446BF41F2210383EA400343009BB2D1
:10E8A000180446BF41F2210080EA43035B009BB29B
:10E8B000180A635560542AB945B0F0BD05210626F3
:10E8C0000425E7E6324621460248F8F75DFD45B0EB
:10E8D000F0BD00BF1C64002030B5012883B00546A0
:10E8E0000C4603D10C4AD3680133D36023462A4631
:10E8F0000A490220FFF7A4FD02A9A4F10203B4FA19
:10E9000084F2B3FA83F301F8015D52095B09FE203A
:10E91000FFF7B0FE03B030BDD87E0020A8F303009F
:10E920002DE9F04F2F4C2778D7B004468A4616467B
:10E930001D46C7BB431E332B35D8DFE813F0450116
:10E940003400340034003400340034003400340027
:10E9500034003400340034003400340045014501F3
:10E960003400340034003400340034003400340007
:10E9700034003400340034003400340045013400E5
:10E9800045013400340034003400340034003400D5
:10E9900034003400340034003400340045014501B3
:10E9A000340034004501482C01F07C851ED9742CBC
:10E9B00002F0E88440F29383942C01F0A98140F2A4
:10E9C0007984982C00F0B682FF2C00F0B382962C4C
:10E9D00040F04A8646F6FF039BB213AC5B00024A46
:10E9E00000F074BC557C0020AA970100302C01F087
:10E9F0007F8540F20582402C01F07E8600F238854A
:10EA0000312C01F0E581342C40F02E86042E02F0EA
:10EA1000DB8040F2FF1313AC9BB25B00694A2260BB
:10EA20001F044FF0060222714ABF41F221025B002F
:10EA300082EA43039AB2170446BF41F2210383EAF4
:10EA4000420353009AB2160446BF41F2210383EAFF
:10EA5000420353009AB2100446BF41F2210383EAF5
:10EA6000420353009AB2110446BF41F2210383EAE4
:10EA7000420353009AB2130446BF41F2210383EAD2
:10EA8000420353009AB217044ABF41F221035300D4
:10EA900083EA4203A2789BB283EA02231BB2002BD3
:10EAA0009AB2B6BF41F22103530083EA42039AB2FD
:10EAB000160446BF41F2210383EA420353009AB28F
:10EAC000100446BF41F2210383EA420353009AB285
:10EAD000110446BF41F2210383EA420353009AB274
:10EAE000130446BF41F2210383EA420353009AB262
:10EAF000170446BF41F2210383EA420353009AB24E
:10EB0000160446BF41F2210383EA420353009AB23E
:10EB100010044ABF41F22103530083EA4203E27822
:10EB20009BB283EA02231BB2002B9AB2B6BF41F21A
:10EB30002103530083EA42039AB2110446BF41F213
:10EB4000210383EA420353009AB2130446BF41F201
:10EB5000210383EA420353009AB2170446BF41F2ED
:10EB6000210383EA420353009AB2160446BF41F2DE
:10EB7000210383EA420353009AB2100446BF41F2D4
:10EB8000210383EA420353009AB2110446BF41F2C3
:10EB9000210383EA420353009AB213044ABF41F2AD
:10EBA0002103530083EA42039BB283F4C0631BB288
:10EBB000002B9AB280F2DA8041F2210383EA420309
:10EBC0009AB2D5E0AAFE010013AC40F2FF138A4AC4
:10EBD00022609BB25B000B2222711A0446BF41F2F5
:10EBE000210282EA43035B009AB2130446BF41F25A
:10EBF000210383EA420353009AB2170446BF41F24D
:10EC0000210383EA420353009AB2160446BF41F23D
:10EC1000210383EA420353009AB2100446BF41F233
:10EC2000210383EA420353009AB2110446BF41F222
:10EC3000210383EA420353009AB213044ABF41F20C
:10EC40002103530083EA4203A2789BB283EA0223A2
:10EC50001BB2002B9AB2B6BF41F22103530083EAE4
:10EC600042039AB2170446BF41F2210383EA4203EA
:10EC700053009AB2160446BF41F2210383EA4203CD
:10EC800053009AB2100446BF41F2210383EA4203C3
:10EC900053009AB2110446BF41F2210383EA4203B2
:10ECA00053009AB2130446BF41F2210383EA4203A0
:10ECB00053009AB2170446BF41F2210383EA42038C
:10ECC00053009AB216044ABF41F22103530083EA6B
:10ECD0004203E2789BB283EA02231BB2002B9AB272
:10ECE000B6BF41F22103530083EA42039AB21004F3
:10ECF00046BF41F2210383EA420353009AB2110452
:10ED000046BF41F2210383EA420353009AB213043F
:10ED100046BF41F2210383EA420353009AB217042B
:10ED200046BF41F2210383EA420353009AB216041C
:10ED300046BF41F2210383EA420353009AB2100412
:10ED400046BF41F2210383EA420353009AB2110401
:10ED50004ABF41F22103530083EA42039BB283F48A
:10ED600030631BB2002B9AB2FFF626AF53009AB263
:10ED7000110446BF41F2210383EA420353009AB2D1
:10ED8000130446BF41F2210383EA420353009AB2BF
:10ED9000170446BF41F2210383EA420353009AB2AB
:10EDA000160446BF41F2210383EA420353009AB29C
:10EDB000100446BF41F2210383EA420353009AB292
:10EDC000110446BF41F2210383EA420353009BB280
:10EDD0001A0446BF41F2210282EA43035B009BB260
:10EDE0001A0A6371A27125B9214607220348F8F770
:10EDF000CBFA57B0BDE8F08FAAFE01001C640020DA
:10EE0000112C01F02A8500F26F85012C01F0DC81C4
:10EE1000102C40F029840E2E7FF4FBAD3F4CDAF825
:10EE20000000DAF80410DAF808203D4E234607C344
:10EE3000BAF80C201A80617B3368B4F80B2094F97F
:10EE40000A0067680791617A0692227A029726681B
:10EE50000196CDE90410039200930020314B324912
:10EE60002A46FFF7EDFA2046FFF716FB002802F0CE
:10EE7000E78094E80F0013AC2C4E266014AE07C652
:10EE8000224633800DF15D004FF6FF7341F2210100
:10EE900012F8016F83EA06231EB2B3B2002EACBF94
:10EEA0005B0081EA43039BB21E0454BF5B0081EA0E
:10EEB00043039BB21F0454BF5B0081EA43039BB230
:10EEC0001E0454BF5B0081EA43039BB21F0454BF7E
:10EED0005B0081EA43039BB21E0454BF5B0081EADE
:10EEE00043039BB21F0454BF5B0081EA43039BB200
:10EEF0001E0454BF5B0081EA430390429BB2C7D11A
:10EF00001A0AA374E274002D41F0AA822146142249
:10EF10000748F8F739FA01F0A3BA00BF20610020D2
:10EF2000F47E0020DCF0030090F20300AA120E0031
:10EF30001C640020FF2313AC9BB24FF6AA725B0047
:10EF400022601F0446BF41F2210282EA43035B00B4
:10EF50009AB2160446BF41F2210383EA42035300EA
:10EF60009AB2100446BF41F2210383EA42035300E0
:10EF70009AB2110446BF41F2210383EA42035300CF
:10EF80009AB2130446BF41F2210383EA42035300BD
:10EF90009AB2170446BF41F2210383EA42035300A9
:10EFA0009AB216044ABF41F22103530083EA420396
:10EFB000A2789BB283EA02231BB2002B9AB2B6BF9F
:10EFC00041F22103530083EA42039AB2100446BF80
:10EFD00041F2210383EA420353009AB2110446BF6F
:10EFE00041F2210383EA420353009AB2130446BF5D
:10EFF00041F2210383EA420353009AB2170446BF49
:10F0000041F2210383EA420353009AB2160446BF39
:10F0100041F2210383EA420353009AB2100446BF2F
:10F0200041F2210383EA420353009AB211044ABF1A
:10F0300041F22103530083EA4203E2789BB283EA60
:10F0400002231BB2002B9AB2B6BF41F22103530038
:10F0500083EA42039AB2130446BF41F2210383EAD2
:10F06000420353009AB2170446BF41F2210383EAD8
:10F07000420353009AB2160446BF41F2210383EAC9
:10F08000420353009AB2100446BF41F2210383EABF
:10F09000420353009AB2110446BF41F2210383EAAE
:10F0A000420353009AB2130446BF41F2210383EA9C
:10F0B000420353009BB21F0446BF41F2210282EA81
:10F0C00043035B009BB21A0A23716271002D7FF427
:10F0D00090AE214606227648F8F756F989E6612C6B
:10F0E00001F03C8300F295834A2C00F07B87602C72
:10F0F00040F0BA826FF4C04313AC46F2AA02002B70
:10F1000022609AB2C1F2428553009AB2160446BFF9
:10F1100041F2210383EA420353009AB2100446BF2E
:10F1200041F2210383EA420353009AB2110446BF1D
:10F1300041F2210383EA420353009AB2130446BF0B
:10F1400041F2210383EA420353009AB2170446BFF7
:10F1500041F2210383EA420353009AB2160446BFE8
:10F1600041F2210383EA420353009AB210044ABFDA
:10F1700041F22103530083EA4203A2789BB283EA5F
:10F1800002231BB2002B9AB2B6BF41F221035300F7
:10F1900083EA42039AB2110446BF41F2210383EA93
:10F1A000420353009AB2130446BF41F2210383EA9B
:10F1B000420353009AB2170446BF41F2210383EA87
:10F1C000420353009AB2160446BF41F2210383EA78
:10F1D000420353009AB2100446BF41F2210383EA6E
:10F1E000420353009AB2110446BF41F2210383EA5D
:10F1F000420353009AB213044ABF41F22103530061
:10F2000083EA4203E2789BB283EA02231BB2002B1B
:10F210009AB2B6BF41F22103530083EA42039AB285
:10F22000170446BF41F2210383EA420353009AB216
:10F23000160446BF41F2210383EA420353009AB207
:10F24000100446BF41F2210383EA420353009AB2FD
:10F25000110446BF41F2210383EA420353009AB2EC
:10F26000130446BF41F2210383EA420353009AB2DA
:10F27000170446BF41F2210383EA420353009BB2C5
:10F280001E0446BF41F2210282EA43035B009BB2A7
:10F290001A0A237162713DB9214606220448F8F723
:10F2A00073F80348F8F762F8C82009F029FAA0E5D6
:10F2B0001C640020902C00F0B985922C40F0D48181
:10F2C00046F6FF439BB2694A13AC5B001904226007
:10F2D0004FF00102227146BF41F2210282EA43034C
:10F2E00093409AB2170446BF41F2210383EA4203D6
:10F2F00053009AB2160446BF41F2210383EA420347
:10F3000053009AB2100446BF41F2210383EA42033C
:10F3100053009AB2110446BF41F2210383EA42032B
:10F3200053009AB2130446BF41F2210383EA420319
:10F3300053009AB217044ABF41F22103530083EAF3
:10F340004203A2789BB283EA02231BB2002B9AB23B
:10F35000B6BF41F22103530083EA42039AB2160476
:10F3600046BF41F2210383EA420353009AB21004DC
:10F3700046BF41F2210383EA420353009AB21104CB
:10F3800046BF41F2210383EA420353009AB21304B9
:10F3900046BF41F2210383EA420353009AB21704A5
:10F3A00046BF41F2210383EA420353009AB2160496
:10F3B00046BF41F2210383EA420353009AB210048C
:10F3C0004ABF41F22103530083EA4203E2789BB231
:10F3D00083EA02231BB2002B9AB2B6BF41F221038B
:10F3E000530083EA42039AB2110446BF41F221035B
:10F3F00083EA420353009AB2130446BF41F2210349
:10F4000083EA420353009AB2170446BF41F2210334
:10F4100083EA420353009AB2160446BF41F2210325
:10F4200083EA420353009AB2100446BF41F221031B
:10F4300083EA420353009AB2110446BF41F221030A
:10F4400083EA420353009AB213044ABF41F22103F4
:10F45000530083EA42039BB283F480731BB2002BF8
:10F460009AB2BFF683ACFFF7A7BB00BFAA93010017
:10F47000412C00F0F980422C40F0F680764C774821
:10F4800000232370FFF708F8002801F04282237858
:10F49000002B01F03682012271490020FEF7D0FFD7
:10F4A00000226FF48C4313AC002B6E49216099B29B
:10F4B000BBBF41F2210383EA41034B001BB29BB265
:10F4C0001E0446BF41F2210181EA43035B0099B269
:10F4D000080446BF41F2210383EA41034B0099B27D
:10F4E0000B0446BF41F2210383EA41034B0099B26A
:10F4F0000F0446BF41F2210383EA41034B0099B256
:10F500000E0446BF41F2210383EA41034B0099B246
:10F51000080446BF41F2210383EA41034B0099B23C
:10F520000B044ABF41F221034B0083EA4103A17857
:10F5300022719BB283EA01231BB2002B99B2B6BFA2
:10F5400041F221034B0083EA410399B20F0446BF05
:10F5500041F2210383EA41034B0099B20E0446BFF6
:10F5600041F2210383EA41034B0099B2080446BFEC
:10F5700041F2210383EA41034B0099B20B0446BFD9
:10F5800041F2210383EA41034B0099B20F0446BFC5
:10F5900041F2210383EA41034B0099B20E0446BFB6
:10F5A00041F2210383EA41034B0099B208044ABFA8
:10F5B00041F221034B0083EA4103E1789BB283EAE5
:10F5C00001231BB2002B99B2B6BF41F221034B00BD
:10F5D00083EA410399B20B0446BF41F2210383EA57
:10F5E00041034B0099B20F0446BF41F2210383EA65
:10F5F00041034B0099B20E0446BF41F2210383EA56
:10F6000041034B0099B2080446BF41F2210383EA4B
:10F6100041034B0099B20B0446BF41F2210383EA38
:10F6200041034B0099B20F0446BF41F2210383EA24
:10F6300041034B0099B20E044ABF41F221034B0033
:10F6400083EA41039BB283EA02231BB2002B9AB2E6
:10F65000BFF68CABFFF7B0BA847D0020206100209C
:10F6600028F30300AA46010040F2FF1313AC9BB23B
:10F670005B00994A226018044FF0020222714ABFCF
:10F6800041F221025B0082EA43039AB2110446BFB1
:10F6900041F2210383EA420353009AB2130446BFA6
:10F6A00041F2210383EA420353009AB2170446BF92
:10F6B00041F2210383EA420353009AB2160446BF83
:10F6C00041F2210383EA420353009AB2100446BF79
:10F6D00041F2210383EA420353009AB211044ABF64
:10F6E00041F22103530083EA4203A2789BB283EAEA
:10F6F00002231BB2002B9AB2B6BF41F22103530082
:10F7000083EA42039AB2130446BF41F2210383EA1B
:10F71000420353009AB2170446BF41F2210383EA21
:10F72000420353009AB2160446BF41F2210383EA12
:10F73000420353009AB2100446BF41F2210383EA08
:10F74000420353009AB2110446BF41F2210383EAF7
:10F75000420353009AB2130446BF41F2210383EAE5
:10F76000420353009AB217044ABF41F221035300E7
:10F7700083EA4203E2789BB283EA02231BB2002BA6
:10F780009AB2B6BF41F22103530083EA42039AB210
:10F79000160446BF41F2210383EA420353009AB2A2
:10F7A000100446BF41F2210383EA420353009AB298
:10F7B000110446BF41F2210383EA420353009AB287
:10F7C000130446BF41F2210383EA420353009AB275
:10F7D000170446BF41F2210383EA420353009AB261
:10F7E000160446BF41F2210383EA420353009AB252
:10F7F00010044ABF41F22103530083EA42039BB243
:10F8000083F400731BB2002B9AB2BFF6AFAAFFF7C6
:10F81000D3B9702C00F06782722C7FF425AF08F00A
:10F8200063FF2E4B2E491A68CDF8510013AC00230C
:10F8300021602371C4F80930C4F80D30C4F81120D8
:10F84000214618AE4FF6FF7341F2210011F8012F47
:10F8500083EA02231AB293B2002AACBF5B0080EAAB
:10F8600043039BB21F0454BF5B0080EA43039BB277
:10F870001A0454BF5B0080EA43039BB21F0454BFC9
:10F880005B0080EA43039BB21A0454BF5B0080EA2A
:10F8900043039BB21F0454BF5B0080EA43039BB247
:10F8A0001A0454BF5B0080EA43039BB21F0454BF99
:10F8B0005B0080EA4303B1429BB2C7D11A0A637569
:10F8C000A275002D7FF495AA214617220548F7F767
:10F8D0005BFDFFF78EBA00BFAAFE0100007F00208B
:10F8E000AA7311001C640020202C00F08581222CBA
:10F8F0007FF4BAAEA04BA14AD3ED007A1392B2EED8
:10F90000047A67EE877A13ACFDEEE77A17EE903A49
:10F910001BB219128DF829108DF82830BDF8283047
:10F92000A3806FF40C53002B9AB2BBBF41F22103AA
:10F9300083EA420353001BB29BB21F0446BF41F24D
:10F94000210282EA43035B009AB2160446BF41F2E9
:10F95000210383EA420353009AB2100446BF41F2E6
:10F96000210383EA420353009AB2110446BF41F2D5
:10F97000210383EA420353009AB2130446BF41F2C3
:10F98000210383EA420353009AB2170446BF41F2AF
:10F99000210383EA420353009AB216044ABF41F29C
:10F9A0002103530083EA4203A2789BB283EA022335
:10F9B0001BB2002B9AB2B6BF41F22103530083EA77
:10F9C00042039AB2100446BF41F2210383EA420384
:10F9D00053009AB2110446BF41F2210383EA420365
:10F9E00053009AB2130446BF41F2210383EA420353
:10F9F00053009AB2170446BF41F2210383EA42033F
:10FA000053009AB2160446BF41F2210383EA42032F
:10FA100053009AB2100446BF41F2210383EA420325
:10FA200053009AB211044ABF41F22103530083EA02
:10FA30004203E2789BB283EA02231BB2002B9AB204
:10FA4000B6BF41F22103530083EA42039AB2130482
:10FA500046BF41F2210383EA420353009AB21704DE
:10FA600046BF41F2210383EA420353009AB21604CF
:10FA700046BF41F2210383EA420353009AB21004C5
:10FA800046BF41F2210383EA420353009AB21104B4
:10FA900046BF41F2210383EA420353009AB21304A2
:10FAA00046BF41F2210383EA420353009AB217048E
:10FAB0004ABF41F22103530083EA420322799BB2F9
:10FAC00083EA02231BB2002B9AB2B6BF41F2210394
:10FAD000530083EA42039AB2160446BF41F221035F
:10FAE00083EA420353009AB2100446BF41F2210355
:10FAF00083EA420353009AB2110446BF41F2210344
:10FB000083EA420353009AB2130446BF41F2210331
:10FB100083EA420353009AB2170446BF41F221031D
:10FB200083EA420353009AB2160446BF41F221030E
:10FB300083EA420353009AB210044ABF41F2210300
:10FB4000530083EA420362799BB283EA02231BB229
:10FB5000002B9AB2B6BF41F22103530083EA42035D
:10FB60009AB2110446BF41F2210383EA42035300D3
:10FB70009AB2130404E000BF1C610020AA23020013
:10FB800046BF41F2210383EA420353009AB21704AD
:10FB900046BF41F2210383EA420353009AB216049E
:10FBA00046BF41F2210383EA420353009AB2100494
:10FBB00046BF41F2210383EA420353009AB2110483
:10FBC00046BF41F2210383EA420353009BB21A0469
:10FBD00046BF41F2210282EA43035B009BB21A0A4C
:10FBE000A371E271002D7FF404A921460822854803
:10FBF000F7F7CAFBFFF7FDB808F076FD824A834F9E
:10FC0000D2ED007A824A834B1278FA75B2EE047A0A
:10FC100067EE877AA3FB0023FDEEE77A9B093B6042
:10FC200017EE903A4FF6FF7600223E83BA75BB82FC
:10FC30000FCF13ACDFF8F0C1C4F800C00DF1500CC9
:10FC4000ACE80F0097E80700ACE803003346ACF8D7
:10FC5000002021460DF1690641F2210011F8012F23
:10FC600083EA02231AB293B2002AACBF5B0080EA97
:10FC700043039BB21A0454BF5B0080EA43039BB268
:10FC80001F0454BF5B0080EA43039BB21A0454BFB5
:10FC90005B0080EA43039BB21F0454BF5B0080EA11
:10FCA00043039BB21A0454BF5B0080EA43039BB238
:10FCB0001F0454BF5B0080EA43039BB21A0454BF85
:10FCC0005B0080EA4303B1429BB2C7D11A0AA37713
:10FCD000E277002D7FF48DA8214620224948F7F7CE
:10FCE00053FBFFF786B84C4B1C6820460DF038FCE0
:10FCF000A5F10206B6FA86F67609B5FA85F382B260
:10FD0000214600965B097120FEF798FAFFF771B85B
:10FD1000212200210AA80CF0E9FE01238DF82830E9
:10FD20000AAE0FCE13AC3D4F276014AF0FC70FCEF6
:10FD30000FC733683B7021461CAE4FF6FF7341F28C
:10FD4000210011F8012F83EA02231AB293B2002A8C
:10FD5000ACBF5B0080EA43039BB21F0454BF5B004F
:10FD600080EA43039BB21A0454BF5B0080EA43035A
:10FD70009BB21F0454BF5B0080EA43039BB21A048A
:10FD800054BF5B0080EA43039BB21F0454BF5B0077
:10FD900080EA43039BB21A0454BF5B0080EA43032A
:10FDA0009BB21F0454BF5B0080EA43038E429BB2A8
:10FDB000C7D11A0A84F8253084F82620002D7FF454
:10FDC00018A8214627220F48F7F7DEFAFFF711B8E7
:10FDD000134B1B7823B901F087FD124803F080FF15
:10FDE0006FF44C5313AC002B43F2AA3222609AB248
:10FDF000BBBF41F2210383EA420353001BB29BB213
:10FE0000FFF79FB81C6400201C610020D87E0020F2
:10FE1000547C0020D34D6210F47E0020AA9521006E
:10FE2000847D0020087F0020AA211A006B49012050
:10FE3000FEF706FB13AC46F6FF63694A22609BB2ED
:10FE40005B00032222711A0446BF41F2210282EABA
:10FE500043035B009AB2170446BF41F2210383EAD1
:10FE6000420353009AB2160446BF41F2210383EACB
:10FE7000420353009AB2100446BF41F2210383EAC1
:10FE8000420353009AB2110446BF41F2210383EAB0
:10FE9000420353009AB2130446BF41F2210383EA9E
:10FEA000420353009AB217044ABF41F221035300A0
:10FEB00083EA4203A2789BB283EA02231BB2002B9F
:10FEC0009AB2B6BF41F22103530083EA42039AB2C9
:10FED000160446BF41F2210383EA420353009AB25B
:10FEE000100446BF41F2210383EA420353009AB251
:10FEF000110446BF41F2210383EA420353009AB240
:10FF0000130446BF41F2210383EA420353009AB22D
:10FF1000170446BF41F2210383EA420353009AB219
:10FF2000160446BF41F2210383EA420353009AB20A
:10FF300010044ABF41F22103530083EA4203E278EE
:10FF40009BB283EA02231BB2002B9AB2B6BF41F2E6
:10FF50002103530083EA42039AB2110446BF41F2DF
:10FF6000210383EA420353009AB2130446BF41F2CD
:10FF7000210383EA420353009AB2170446BF41F2B9
:10FF8000210383EA420353009AB2160446BF41F2AA
:10FF9000210383EA420353009AB2100446BF41F2A0
:10FFA000210383EA420353009AB2110446BF41F28F
:10FFB000210383EA420353009AB213044ABF41F279
:10FFC0002103530083EA42039BB283F440731BB2C4
:10FFD000002B9AB2BEF6CAAEFEF7EEBD74F3030074
:10FFE000AA910100002E00F0D9859AF80040714BCB
:10FFF0007148724A7249002C14BF012400241C70FD
:020000023000CC
:1000000008BF024613AC0020FEF71AFA6D4B2360BE
:100010006FF496430022002B22719AB2C0F26182E3
:1000200053009BB21A0446BF41F2210282EA430305
:100030005B009AB2170446BF41F2210383EA4203F0
:1000400053009AB2160446BF41F2210383EA4203E9
:1000500053009AB2100446BF41F2210383EA4203DF
:1000600053009AB2110446BF41F2210383EA4203CE
:1000700053009AB2130446BF41F2210383EA4203BC
:1000800053009AB217044ABF41F22103530083EA96
:100090004203A2789BB283EA02231BB2002B9AB2DE
:1000A000B6BF41F22103530083EA42039AB2160419
:1000B00046BF41F2210383EA420353009AB210047F
:1000C00046BF41F2210383EA420353009AB211046E
:1000D00046BF41F2210383EA420353009AB213045C
:1000E00046BF41F2210383EA420353009AB2170448
:1000F00046BF41F2210383EA420353009AB2160439
:1001000046BF41F2210383EA420353009AB210042E
:100110004ABF41F22103530083EA4203E2789BB2D3
:1001200083EA02231BB2002B9AB2B6BF41F221032D
:10013000530083EA42039AB2110446BF41F22103FD
:1001400083EA420353009AB2130446BF41F22103EB
:1001500083EA420353009AB2170446BF41F22103D7
:1001600083EA420353009AB2160446BF41F22103C8
:1001700083EA420353009AB2100446BF41F22103BE
:1001800083EA420353009AB2110446BF41F22103AD
:1001900083EA420353009AB213044ABF41F2210397
:1001A000530083EA42039AB217043EF505ADFEF709
:1001B000DDBD00BFAC7E002088F1030084F10300A8
:1001C000F4F20300AA4B0100731EFE2B00F20A8416
:1001D000A54BA6481C7006F015F8204608F090FACA
:1001E000A34B1B78002B40F05887A24F13AC4FF065
:1001F0000008DFF8989201F075FB514687F80080FF
:10020000434632469948D9F800A007F085FB2B46B3
:1002100083460090324640469749FEF711F9BBF1FC
:10022000000F00F0778602205A469449FEF708F93D
:100230008D4B8E4883F8008003F098FF40F2FF1347
:100240009BB25A008E4B236011044FF004032371BC
:1002500046BF41F2210383EA420353009AB21304DA
:1002600046BF41F2210383EA420353009AB21704C6
:1002700046BF41F2210383EA420353009AB21604B7
:1002800046BF41F2210383EA420353009AB21004AD
:1002900046BF41F2210383EA420353009AB211049C
:1002A00046BF41F2210383EA420353009AB213048A
:1002B0004ABF41F22103530083EA4203A2789BB272
:1002C00083EA02231BB2002B9AB2B6BF41F221038C
:1002D000530083EA42039AB2170446BF41F2210356
:1002E00083EA420353009AB2160446BF41F2210347
:1002F00083EA420353009AB2100446BF41F221033D
:1003000083EA420353009AB2110446BF41F221032B
:1003100083EA420353009AB2130446BF41F2210319
:1003200083EA420353009AB2170446BF41F2210305
:1003300083EA420353009AB216044ABF41F22103F2
:10034000530083EA4203E2789BB283EA02231BB2A2
:10035000002B9AB2B6BF41F22103530083EA420355
:100360009AB2100446BF41F2210383EA42035300CC
:100370009AB2110446BF41F2210383EA42035300BB
:100380009AB2130446BF41F2210383EA42035300A9
:100390009AB2170446BF41F2210383EA4203530095
:1003A0009AB2160446BF41F2210383EA4203530086
:1003B0009AB2100446BF41F2210383EA420353007C
:1003C0009AB211044ABF41F22103530083EA420367
:1003D0009BB283F480631BB2002B9AB2C0F2868179
:1003E00053009AB2130446BF41F2210383EA420349
:1003F00053009AB2170446BF41F2210383EA420335
:1004000053009AB2160446BF41F2210383EA420325
:1004100053009AB2100446BF41F2210383EA42031B
:1004200053009AB2110446BF41F2210383EA42030A
:1004300053009AB213044ABF41F22103530083EAE6
:1004400042039BB21F0400F1AD825B009BB21A0A0B
:100450006371A27125B9214607220A48F6F794FF75
:10046000094B1B7814E000BF547C0020087F00205B
:10047000AC7E0020F27E0020BCF10300E0F103001E
:10048000AAFE01001C640020847D00207C7D0020E9
:10049000002B7EF4AEAC01F027FAA34803F020FC59
:1004A000FEF7A7BC172E324651464FF0000628BF74
:1004B00017220AA8CDE90A66CDE90C66CDE90E66D9
:1004C0000CF0F0FA0AAA30469849FDF7B9FF13ACD0
:1004D0006FF49243964A2260B34226719AB2BFF6F5
:1004E0009FAD41F2210383EA42031BB29BB299E51F
:1004F0008D48904F05F086FE012008F001F98E4BE3
:100500001A7800233B70002A00F03F828B498C4A06
:1005100008788C4914781A4660F3070208788A49EB
:1005200064F30F220978149313AC60F3174261F35C
:100530001F62226021464FF4C0727B48C4E9022248
:1005400003F024FE002800F0EC8140F2FF137F4A04
:1005500022609BB207225B0022711A044ABF41F25B
:1005600021025B0082EA43039AB2170446BF41F2BC
:10057000210383EA420353009AB2160446BF41F2B4
:10058000210383EA420353009AB2100446BF41F2AA
:10059000210383EA420353009AB2110446BF41F299
:1005A000210383EA420353009AB2130446BF41F287
:1005B000210383EA420353009AB217044ABF41F26F
:1005C0002103530083EA4203A2789BB283EA022309
:1005D0001BB2002B9AB2B6BF41F22103530083EA4B
:1005E00042039AB2160446BF41F2210383EA420352
:1005F00053009AB2100446BF41F2210383EA42033A
:1006000053009AB2110446BF41F2210383EA420328
:1006100053009AB2130446BF41F2210383EA420316
:1006200053009AB2170446BF41F2210383EA420302
:1006300053009AB2160446BF41F2210383EA4203F3
:1006400053009AB210044ABF41F22103530083EAD7
:100650004203E2789BB283EA02231BB2002B9AB2D8
:10066000B6BF41F22103530083EA42039AB2110458
:1006700046BF41F2210383EA420353009AB21304B6
:1006800046BF41F2210383EA420353009AB21704A2
:1006900046BF41F2210383EA420353009AB2160493
:1006A00046BF41F2210383EA420353009AB2100489
:1006B00046BF41F2210383EA420353009AB2110478
:1006C00046BF41F2210383EA420353009AB2130466
:1006D0004ABF41F22103530083EA42039BB283F4F1
:1006E000E0631BB2002B9AB2BFF67AAE41F221034F
:1006F00083EA42039AB275E601F0F8F80A4805F079
:1007000081FD134B1349012213AC00201A70FDF731
:1007100097FE114B23606FF488430022002B227157
:100720009AB2BFF67DACDCE6087F002000F3030040
:10073000AA490100F27E0020F37E00202F610020F4
:10074000196100202E610020787D0020AAFE0100A2
:10075000847D002018F30300AA44010013AC002696
:100760003146267008A8DFF8788207F00FFB314683
:100770000AA807F00BFBD8F80030099AC4F801204A
:1007800013F001078A4E36D18A49304607F0CAFE77
:10079000884906F10C0007F0C5FE864906F11800ED
:1007A00007F0C0FE06F1280086F8247007F0D2FAA0
:1007B00006F1300007F0CEFA06F1380007F0CAFA69
:1007C00006F1400007F0C6FA06F1480007F0C2FA49
:1007D000784906F1500007F0A5FE01233046764A1D
:1007E0007649A6F85C7086F85E7086F85F70C8F887
:1007F00000300BF0B9FAB6F85C3063711B0A704830
:10080000A37120210CF0C6FEC6B2E671002E40F0A6
:100810003E8208260927202169480CF0BBFEC0B2A1
:10082000202840F2B7802023A35598461A46E019A5
:1008300063490CF037F94744BFB2A5F10200B0FAA2
:1008400080F04009B5FA85F300903A4621465B09ED
:100850006220FDF7F3FCFEF7CCBA5A4B5A4F0FCB90
:1008600013AC14AE276007C62146338041F2210045
:100870000DF15D064FF6FF7311F8012F83EA022395
:100880001AB293B2002AACBF5B0080EA43039BB26A
:100890001F0454BF5B0080EA43039BB21A0454BF99
:1008A0005B0080EA43039BB21F0454BF5B0080EAF5
:1008B00043039BB21A0454BF5B0080EA43039BB21C
:1008C0001F0454BF5B0080EA43039BB21A0454BF69
:1008D0005B0080EA43039BB21F0454BF5B0080EAC5
:1008E0004303B1429BB2C7D11A0AA374E274002D2C
:1008F0007EF47FAA214614223448F6F745FDFEF720
:1009000078BA00F0F1FF324803F0EAF900283EF42B
:10091000C2AD002210462F49FDF792FD0122FEF7DD
:10092000C0BD07F0E1FE3B78064623B10BE007F0BF
:10093000E7FE3B783BB907F0D7FE831BB3F5FA7FA0
:100940004FF00100F3D33B78002B40F0B9812249EE
:100950000120FDF775FD1E4805F054FC052007F049
:10096000CFFE1848FDF798FD40F2FF139BB25A00E6
:100970001A4B23600723237113044ABF41F221035A
:10098000530083EA42039AB2EFE5114803F092FC68
:1009900013ACD7E5A05500283FF44FAF02461FFA2D
:1009A00080F844E741F2210282EA43039BB24EE51C
:1009B000F47B002028F403000060002049E00200DE
:1009C000F0F2030020610020AA120E001C64002037
:1009D000087F002028F303006CF20300AAFE010048
:1009E000F07B002013AC40F2FF13764A22609BB2EA
:1009F0005B00052222711A0446BF41F2210282EAFD
:100A000043035B009AB2170446BF41F2210383EA15
:100A1000420353009AB2160446BF41F2210383EA0F
:100A2000420353009AB2100446BF41F2210383EA05
:100A3000420353009AB2110446BF41F2210383EAF4
:100A4000420353009AB2130446BF41F2210383EAE2
:100A5000420353009AB217044ABF41F221035300E4
:100A600083EA4203A2789BB283EA02231BB2002BE3
:100A70009AB2B6BF41F22103530083EA42039AB20D
:100A8000160446BF41F2210383EA420353009AB29F
:100A9000100446BF41F2210383EA420353009AB295
:100AA000110446BF41F2210383EA420353009AB284
:100AB000130446BF41F2210383EA420353009AB272
:100AC000170446BF41F2210383EA420353009AB25E
:100AD000160446BF41F2210383EA420353009AB24F
:100AE00010044ABF41F22103530083EA4203E27833
:100AF0009BB283EA02231BB2002B9AB2B6BF41F22B
:100B00002103530083EA42039AB2110446BF41F223
:100B1000210383EA420353009AB2130446BF41F211
:100B2000210383EA420353009AB2170446BF41F2FD
:100B3000210383EA420353009AB2160446BF41F2EE
:100B4000210383EA420353009AB2100446BF41F2E4
:100B5000210383EA420353009AB2110446BF41F2D3
:100B6000210383EA420353009AB213044ABF41F2BD
:100B70002103530083EA42039BB283F4A0631BB2B8
:100B8000002B9AB2BEF6F2A8FEF716B841F2210386
:100B900083EA4203C3F30D02FEF7B8BA40F2FF1333
:100BA0009BB213AC5A00074B236011044FF00203B1
:100BB00023714ABF41F22103530083EA42039AB2F0
:100BC000FEF764BDAAFE01003648374B9AF8004094
:100BD000364A04709AF80100187035499AF80200F4
:100BE000344B10709AF80360DAF80000324A0E7045
:100BF00013AC0121C4E90020197022460DF1530005
:100C00004FF6FF7341F2210112F8016F83EA0623C8
:100C10001EB2B3B2002EACBF5B0081EA43039BB2AD
:100C20001E0454BF5B0081EA43039BB21F0454BF00
:100C30005B0081EA43039BB21E0454BF5B0081EA60
:100C400043039BB21F0454BF5B0081EA43039BB282
:100C50001E0454BF5B0081EA43039BB21F0454BFD0
:100C60005B0081EA43039BB21E0454BF5B0081EA30
:100C7000430382429BB2C7D11A0A23726272002DCB
:100C800000F005821E2007F03BFDFEF7B2B83246A9
:100C90000A49B6B215A806F109070BF003FF08369A
:100CA000B9E500BF2F610020196100202E610020EE
:100CB000787D0020F37E0020AA350400F0F20300C6
:100CC000984803F00FFC984A002390423B7000F0D4
:100CD0004E830F3000F0708240F2FF139BB25A0037
:100CE000924B236017044FF00703237146BF41F274
:100CF000210383EA420353009AB2160446BF41F22D
:100D0000210383EA420353009AB2100446BF41F222
:100D1000210383EA420353009AB2110446BF41F211
:100D2000210383EA420353009AB2130446BF41F2FF
:100D3000210383EA420353009AB2170446BF41F2EB
:100D4000210383EA420353009AB216044ABF41F2D8
:100D50002103530083EA4203A2789BB283EA022371
:100D60001BB2002B9AB2B6BF41F22103530083EAB3
:100D700042039AB2100446BF41F2210383EA4203C0
:100D800053009AB2110446BF41F2210383EA4203A1
:100D900053009AB2130446BF41F2210383EA42038F
:100DA00053009AB2170446BF41F2210383EA42037B
:100DB00053009AB2160446BF41F2210383EA42036C
:100DC00053009AB2100446BF41F2210383EA420362
:100DD00053009AB211044ABF41F22103530083EA3F
:100DE0004203E2789BB283EA02231BB2002B9AB241
:100DF000B6BF41F22103530083EA42039AB21304BF
:100E000046BF41F2210383EA420353009AB217041A
:100E100046BF41F2210383EA420353009AB216040B
:100E200046BF41F2210383EA420353009AB2100401
:100E300046BF41F2210383EA420353009AB21104F0
:100E400046BF41F2210383EA420353009AB21304DE
:100E500046BF41F2210383EA420353009AB21704CA
:100E60004ABF41F22103530083EA42039BB283F459
:100E7000E0631BB2002B9AB2B6BF41F221035300CC
:100E800083EA42039AB2160446BF41F2210383EA81
:100E9000420353009AB2100446BF41F2210383EA91
:100EA000420353009AB2110446BF41F2210383EA80
:100EB000420353009AB2130446BF41F2210383EA6E
:100EC000420353009AB2170446BF41F2210383EA5A
:100ED000420353009AB2160446BF41F2210383EA4B
:100EE000420353009BB2180446BF41F2210282EA3A
:100EF00043035B009BB21A0A6371A271002D00F0DC
:100F00003B820B4B1B78002B7DF473AFFDF7B6F8DB
:100F1000FDF76FBF07F0E8FB3B788346B3B941F2BA
:100F200093180BE0087F002042FDFFFFAAFE01009E
:100F3000847D002007F0E4FB3B783BB907F0D4FB4D
:100F4000A0EB0B0343454FF00200F3D9894897F813
:100F5000008003F00BF9884A00233B70137007F000
:100F6000C3FB864B5FFA88F81860B8F1000F7AD09F
:100F7000834A8048936831460133936003F008FD4B
:100F8000010A020C030E8DF829108DF828008DF847
:100F90002B308DF82A200A9A7A4B0646C4E9003293
:100FA0000DF1530022464FF6FF7341F2210112F872
:100FB000017F83EA07231FB2BBB2002FACBF5B00E7
:100FC00081EA43039BB21F0454BF5B0081EA4303E1
:100FD0009BB21F0454BF5B0081EA43039BB21F0412
:100FE00054BF5B0081EA43039BB21F0454BF5B0004
:100FF00081EA43039BB21F0454BF5B0081EA4303B1
:101000009BB21F0454BF5B0081EA43039BB21F04E1
:1010100054BF5B0081EA430390429BB2C7D11A0AD6
:101020002372627225B921460A225748F6F7ACF9B5
:101030002B46324655490020FDF702FAFFF710BA59
:1010400040F2FF139BB213AC5A00514B23600623AE
:10105000237113044ABF41F22103530083EA420380
:101060009AB2FDF7E8BCD9F800304A49A3EB0A036D
:1010700032460220FDF7E4F93E4805F0C3F80520AA
:1010800007F03EFB4448FDF707FAFFF7D7B82146C3
:101090000A223D48F6F778F9F4E5404FDFF8D4909E
:1010A0004FF0020B13AC3E4B19783E4B1A780023DD
:1010B000636061F307033C4962F30F233B4A0978FD
:1010C000127861F317434FF4C07062F31F63A0609E
:1010D000E0604FF000022146484623603A7003F07A
:1010E00055F848BB07F000FB3B78804623B10BE086
:1010F00007F006FB3B783BB907F0F6FAA0EB0803D4
:10110000C72B4FF00200F3D9484602F063FF4FF4BB
:10111000C0718046484602F0E5FE18F4807F3FF437
:1011200066A807F0E1FA00F01F00143007F0E8FAB3
:10113000BBF1010F40F01D811D490120FDF780F931
:10114000A5F1020C0C48B5FA85F2DCF100034FF072
:101150000001017043EB0C0352090E252146FE20CD
:101160002570FDF787FA134B1B78002B7DF441AEF9
:10117000CCE600BF087F0020547C0020C47E002005
:10118000D87E0020AA0204001C64002004F20300A0
:10119000AAFE01002CF2030020610020F27E002054
:1011A0002F610020196100202E610020787D002031
:1011B0008CF10300847D00201A466FF44853002B05
:1011C0008349216099B2BBBF41F2210383EA410305
:1011D0004B001BB29BB2190446BF41F2210181EAC8
:1011E00043035B0099B20B0446BF41F2210383EA3B
:1011F00041034B0099B20F0446BF41F2210383EA39
:1012000041034B0099B20E0446BF41F2210383EA29
:1012100041034B0099B2080446BF41F2210383EA1F
:1012200041034B0099B20B0446BF41F2210383EA0C
:1012300041034B0099B20F044ABF41F221034B0016
:1012400083EA4103A17822719BB283EA01231BB296
:10125000002B99B2B6BF41F221034B0083EA410350
:1012600099B20E0446BF41F2210383EA41034B00C9
:1012700099B2080446BF41F2210383EA41034B00BF
:1012800099B20B0446BF41F2210383EA41034B00AC
:1012900099B20F0446BF41F2210383EA41034B0098
:1012A00099B20E0446BF41F2210383EA41034B0089
:1012B00099B2080446BF41F2210383EA41034B007F
:1012C00099B20B044ABF41F221034B0083EA410368
:1012D000E1789BB283EA01231BB2002B99B2B6BF1F
:1012E00041F221034B0083EA410399B20F0446BF48
:1012F00041F2210383EA41034B0099B20E0446BF39
:1013000041F2210383EA41034B0099B2080446BF2E
:1013100041F2210383EA41034B0099B20B0446BF1B
:1013200041F2210383EA41034B0099B20F0446BF07
:1013300041F2210383EA41034B0099B20E0446BFF8
:1013400041F2210383EA41034B0099B208044ABFEA
:1013500041F221034B0083EA41039BB283EA02235B
:101360001BB2002B9AB2BFF63BA8FFF7BFB9012210
:1013700023E74FF0010B96E6214607221548F6F7C2
:1013800003F8BEE5A81E414241410022B5FA85F3AB
:1013900000915B091146FF20FCF750FF0E49002029
:1013A000FDF74EF84FF080435722C3F81C25642008
:1013B00007F0A6F9BFF34F8F0849094BCA6802F43A
:1013C000E0621343CB60BFF34F8F00BFFDE700BF68
:1013D000AA3201001C64002040F3030000ED00E08D
:1013E0000400FA052DE9F04104460E4617469846DA
:1013F00007F07AF9044D434628603A4631462046C4
:10140000BDE8F041FDF78CBA807D002000000000AF
:10141000F0B5A1488DB04FF461210446F6F7BEF84F
:1014200007F062F940F6B736054608E007F05CF9C8
:10143000401BB0424FF00A0006D807F061F9204681
:10144000F6F7CAF80028F1D0C82007F059F99349F7
:10145000934E06A807F066F806A909A807F088F8D1
:10146000904909A807F00EF98F4907F00BF90146DA
:101470008E4807F0ADF809A807F0A2F806A807F013
:101480009FF88B4B8B498448002206F0D1FC00F07A
:1014900031FA07F029F9306000F020FA864800F0B0
:1014A0002DFA2F242E202D211D221C23CDE90304EB
:1014B000CDE9012100930422032380490020FCF799
:1014C000BFFF00250A2208238DE82C0009210722EE
:1014D0009FED7B1ADFED7B0A9FED7B0A7B48122391
:1014E00002F0D2F87A49044602462846FCF7A8FFE3
:1014F000002C7DD0684C02E00A2007F001F920465C
:10150000F5F73AFF0028F7D00023012209A9FE20B1
:1015100008248DF82440FDF7ADF86E495E4806F0CA
:101520006FFC6D4B00221A706C4F3D6815F0010581
:1015300036D16B4C6B49204606F0F4FF694904F143
:101540000C0006F0EFFF674904F1180006F0EAFF0F
:1015500004F1280084F8245006F0FCFB04F130006C
:1015600006F0F8FB04F1380006F0F4FB04F140004B
:1015700006F0F0FB04F1480006F0ECFB594904F1D9
:10158000500006F0CFFF01232046574A5749A4F8E0
:101590005C5084F85E5084F85F503B600AF0E4FBD6
:1015A0005349544807F03EF841F2873401E007F010
:1015B000A7F807F099F83368C31AA3424FF0320036
:1015C000F5D94D4B01221A7007F08EF84B4B00F500
:1015D000EA403030186007F087F8344A484B126808
:1015E00048492D481E24009406F022FC0DB0F0BDA1
:1015F0009FED450A354841F2883105F07BFF24A371
:10160000D3E90023009041492046FCF719FF01214E
:101610002E4806F045F83E4902461F4806F008FCF1
:101620004FF0FF320521294805F038FF4FF0FF3316
:1016300005223849184806F0FBFB3748FCF72CFF19
:10164000034660B9062409A90122FE208DF8244032
:10165000FDF710F84FF47A7007F052F8FAE72F49C7
:101660001A4805F0E5F8204603222D49FCF7E8FE6C
:101670002C4B1B781BB1184B01221A7054E7FCF756
:10168000FDFC0028F7D14FF47A7007F039F8FAE73B
:10169000000000C0CCCCFC3F1C640020F0F3030031
:1016A000D47E0020F8F30300FCF30300F47E002056
:1016B00078F503000CF40300D08000202CF4030024
:1016C000CDCCCC3F0000FA420000D943087F002077
:1016D00068F403007CF40300557C0020F07B0020BC
:1016E000F47B002028F403000060002049E00200A1
:1016F000F0F20300B07E0020A07E0020A87E002033
:10170000DCF0030048F503006666E63FC4F403001E
:10171000DCF4030004F50300206100202DE002004A
:101720002CF50300847D002070B55B4C226886B0E8
:10173000B2B15A4BDB68DD0103D5594B1968C807B4
:101740006FD408F01FFA574B2268A0FB0301830AED
:1017500043EA8153544908689B1A984238BF0B608A
:101760004E4BDB68D90103D54D4B1A68D20731D4F3
:1017700008F008FA4B4BA0FB0301830A43EA8153AC
:101780004A4A236013781BB1494B1B78002B4BD07E
:10179000484C494E494D09E02046F5F7CFFD0096EB
:1017A000C1B22B4600224648FCF71EFA2046F5F748
:1017B0009FFD0028F0D1FCF76DFCFCF7FFFE00F068
:1017C0009BF812200AF0A0F938B13E4C2378EBB90F
:1017D00006B070BD5B689B09D2E73B4C06F084FF06
:1017E00023689842F1D906F07FFFC830206006F0E8
:1017F0007BFF344C354D237800F5EA4030302860CB
:10180000032B45D8DFE803F032383E322F4D06F087
:101810006BFF2B68C01A00280ADB0023237006B078
:1018200070BD5B689B0995E71370FCF793FDAFE70C
:10183000274D06F059FF2B68C31AB3F5FA6FC7D9C5
:1018400006F052FF23782860013B012BC0D906F037
:101850004BFF03A81F4906F065FE1F4B1B680BB129
:1018600006F042FF03A806F0ABFEB1E7184A0021DC
:10187000012311602370CAE7154A00210223116079
:101880002370C4E7124A0021032311602370BEE7CE
:101890000F4B00221A60BAE7047F0020F0ED00E051
:1018A000001000E040420F00007F0020F27E002088
:1018B000547C00201C640020D9E80200E5130300DA
:1018C000887D0020A07E0020C87E0020A87E002009
:1018D000C07E002028F40300807D0020704700BFF8
:1018E00000207047704700BF704700BF704700BFBF
:1018F00000207047704700BF704700BF437C03B1B2
:10190000704730B5012285B042740321FF22019354
:1019100004468DF803208DF806208DF80510827B93
:10192000417B8DF800204FF080451A4602958DF8D6
:101930000110057BC3736946037403938DF802504D
:1019400009F05AFAA37B1F2B86BF03F01F030C4A32
:101950004FF0A04203F5E07340F2013142F823104A
:10196000637B1F2B86BF03F01F0305494FF0A04187
:1019700003F5E07340F2033241F8232005B030BD97
:101980000003005010B5044609F07EFB0023637489
:1019900010BD00BF10B483B002AB03E906009DF890
:1019A00005309DF80410026813F1FF3318BF0123BE
:1019B00000240229C2F800451C460374C17332D0CA
:1019C00003292DD0012925D0224B0099B3FBF1F337
:1019D000B3F5007FC2F854451FD2FF2B0FD87F2BE1
:1019E00024D83F2B25D81F2B26D80F2B27D8072BE1
:1019F00002D819498A4225D04FF0004101E04FF04A
:101A000080610723C2F82415C2F8003503B05DF8E1
:101A1000044B704743F00204D6E74FF00071F0E743
:101A200043F00604D0E743F00404CDE74FF0006133
:101A3000E7E74FF08051E4E74FF00051E1E74FF066
:101A40008041DEE7042B34BF4FF0A0514FF02061FE
:101A5000D7E700BF0090D00300F0024003680022E7
:101A6000C3F80025704700BF002B3AD02DE9F0479E
:101A7000814684B00D4617461E464FF6FF784FF05C
:101A8000000A4645344628BF4446002D14BF23466D
:101A9000002300950297361B01938FB100226946FF
:101AA0004846039409F052FB05B125442744002E13
:101AB000E7D104B0BDE8F087CDE900550295361BAB
:101AC000002269464846CDF80CA009F03FFB4DB90D
:101AD0004645344628BF4446002EEDD104B0BDE84B
:101AE000F08770472544002ECBD1E2E710B586B0D1
:101AF00006AB012403F8111D002202A90293CDE9CF
:101B00000343059409F022FB9DF8070006B010BDC1
:101B100030B40B4A0B4BD2F8B840D2F8B400D2F82C
:101B2000BC101C7300220124074D1C71987359735B
:101B3000DA731A741D605A749A6030BC704700BF23
:101B400020FB0300D080002000F002402DE9F04788
:101B5000154D089EAC4607468A4691469846BCE815
:101B60000F003C464FF0000E44F804EB0FC49CE815
:101B700007001C3584E807000FCD07F13004C7E9E2
:101B800008A9C7F82880FE620FC42B6823603020A4
:101B9000C7F844E009F056F8044601F001F93C604A
:101BA0003846BDE8F08700BF7CF5030010B5044659
:101BB000006803685B6C98472068216A0368826844
:101BC0009B6898472068216A03680269DB68984728
:101BD000004B10BD30610020006803689B6C184703
:101BE0002DE9F04F057C83B00446407C0D9F0C9E90
:101BF0000196ED0805EBD0053D4428468946904600
:101C00009B4609F021F80646284609F01DF8824651
:101C1000207C08285FFA89F35FFA88F132D843EA1A
:101C20000102638932704B4506F1010034D03A4617
:101C3000A1890AF05BFF206803685B6B9847206806
:101C4000216A0368C268DB689847206803682A46EF
:101C500031469D6B5346A8472068216A0368026994
:101C6000DB68984720680368DB6B984723894B45FE
:101C700017D0304608F0EAFF504603B0BDE8F04FF9
:101C800008F0E4BF43EA182263897170D2B24B4571
:101C900006F102003270CAD159463A460AF002FFF4
:101CA000C9E7217C01983A460AEBD1010AF0FAFE15
:101CB000DFE700BF2DE9F04790F804C084B0044688
:101CC0000F4616461D46BCF1000F00F0B480427C62
:101CD00053B2002BB8BF0733DB10013B5BB2002BC4
:101CE0000DF10808C0F2BB80B0F80AE04146D80008
:101CF000013B5BB24EFA00FCB3F1FF3F01F801CBB0
:101D0000A0F10800F4D194F810C04FEADC0C0CF1FB
:101D1000FF335BB2581C09D00139D800013B27FAC8
:101D200000F05BB201F8010F581CF6D10CEBD207A2
:101D300007EB050A504608F087FF814647B1013F8F
:101D4000FFB2013741463A460AF0ACFE09EB070004
:101D500031462A460AF0A6FEE36A2068013303688A
:101D600065D05B6A984706460BE0206803685B6DA8
:101D70009847206803685B6A9847E369801B98422C
:101D800063D22068E16A03681B6998470028ECD198
:101D9000504608F059FF0646206803685B6B984779
:101DA0002068216A0368C268DB6898472068036876
:101DB00052469F6B49463346B8472068216A0368FC
:101DC0000269DB68984720680368DB6B9847E36A21
:101DD0002068013303683ED01B6A012198472068C0
:101DE00003685B6A984707460BE0206803685B6DF1
:101DF0009847206803685B6A9847E369C01B98426C
:101E00000CD22068E16A03681B6998470028ECD16E
:101E100063691BB115B1E27CB05C9847484608F095
:101E200015FF304604B0BDE8F04708F00FBFDB698E
:101E300032219847ACE74189CDE900C313463A46C1
:101E4000FFF7CEFE04B0BDE8F087484604B0BDE819
:101E5000F04708F0FBBEDB6901219847D8E741460F
:101E600051E700BF2DE9F04F83B004460C9F807C02
:101E70009DF838500195D51905EBD00528469DF8F9
:101E800034A0009116469B4608F0DEFE80465EB107
:101E900006F1FF395FFA89F909F1010900994A460B
:101EA0000AF000FE08EB0900A27CA18907EBD20230
:101EB0000AF01CFEBAF1000F1DD0E26A2068013260
:101EC00003687CD05B6A984781460DE02068036810
:101ED0005B6D9847206803685B6A9847E369A0EBED
:101EE0000900984280F085802068E16A03681B69D8
:101EF00098470028EAD1284608F0A6FE81462068C7
:101F000003685B6B98472068216A0368C268DB68D6
:101F10009847206803682A4641469D6B4B46A84770
:101F20002068216A03680269DB68984720680368B3
:101F3000DB6B9847BAF1000F20D0E26A20680132CB
:101F400003685FD01B6A01219847206803685B6AB9
:101F5000984705460BE0206803685B6D984720684A
:101F600003685B6A9847E369401B984251D2206836
:101F7000E16A03681B6998470028ECD1636913B3D1
:101F80000FB3E27C19F802009847A17C06EBD1015F
:101F900005463A46494458460AF084FD404608F052
:101FA00055FE484608F052FEFDB9019BE3B1A56914
:101FB000DDB120462B4603B0BDE8F04F1847DB6982
:101FC0003221984797E7A17C06EBD1013A46494474
:101FD00058460AF067FD404608F038FE484608F0CB
:101FE00035FE019B002BE2D11D46284603B0BDE81B
:101FF000F08F404608F02AFE6FF43075284603B093
:10200000BDE8F08FDB69012198476369002BB7D1E8
:10201000D9E7A17C06EBD10149443A4658460AF07B
:1020200041FD404608F012FE484608F00FFE6FF4EE
:102030003075284603B0BDE8F08F00BF90F811C09E
:102040002DE9F04F04464FFA8CF00028B8BF073056
:102050001D46C310013B83B05BB2002B9DF830607E
:102060009DF8347090460CDBDA0001A8013B5BB2AE
:1020700041FA02FEB3F1FF3F00F801EBA2F10802C2
:10208000F4D14FEADC0B0BEB050A504608F0DCFDFF
:102090008146BBF1000F09D001AA12F8013B00F8FC
:1020A000013BA0EB0903DBB29B45F6D841462A462B
:1020B0000AF0F8FCE6B1E26A20680132036871D0E8
:1020C0005B6A984780460CE0206803685B6D984720
:1020D000206803685B6A9847E369A0EB08009842B0
:1020E00071D22068E16A03681B6998470028EBD128
:1020F000504608F0A9FD8046206803685B6B98474E
:102100002068216A0368C268DB6898472068036812
:1021100052464946D3F838A04346D0472068216A42
:1021200003680269DB68984720680368DB6B98479F
:1021300006B3E26A2068013203684DD01B6A0121B0
:102140009847206803685B6A984706460BE020685A
:1021500003685B6D9847206803685B6A9847E3698A
:10216000801B98423FD22068E16A03681B69984748
:102170000028ECD16369CBB1C5B1E27C18F802004C
:1021800098470546484608F061FD404608F05EFD68
:10219000ADB99FB1A56995B120462B4603B0BDE806
:1021A000F04F1847DB6932219847A1E7484608F00D
:1021B0004DFD404608F04AFD002FEBD13D46284634
:1021C00003B0BDE8F08F484608F040FD6FF430756D
:1021D000284603B0BDE8F08FDB69012198476369A9
:1021E000002BC9D1E2E7484608F030FD404608F030
:1021F0002DFD6FF43075284603B0BDE8F08F00BFA9
:102200002DE9F04F83B00446DDF830809DF834901E
:102210009DF838B0019102EB0807384615469A46FA
:1022200008F012FD06463DB1013DEDB201350199C0
:102230002A460AF037FC7019514642460AF032FC31
:10224000B9F1000F1BD0E26A20680132036874D034
:102250005B6A984705460BE0206803685B6D98470A
:10226000206803685B6A9847E369401B984276D20E
:102270002068E16A03681B6998470028ECD138465A
:1022800008F0E2FC0546206803685B6B984720680D
:10229000216A0368C268DB689847206803683A4689
:1022A00031469F6B2B46B8472068216A0368026954
:1022B000DB68984720680368DB6B9847B9F1000F2B
:1022C00020D0E26A20680132036851D01B6A0121E4
:1022D0009847206803685B6A984707460BE02068C8
:1022E00003685B6D9847206803685B6A9847E369F9
:1022F000C01B984243D22068E16A03681B69984773
:102300000028ECD16369E3B1B8F1000F19D0E27C89
:10231000A85C98470746304608F098FC284608F025
:1023200095FCC7B9BBF1000F14D0A7699FB1204637
:102330003B4603B0BDE8F04F1847DB6932219847B0
:102340009DE7304608F082FC284608F07FFCBBF190
:10235000000FEAD15F46384603B0BDE8F08F304643
:1023600008F074FC6FF43077384603B0BDE8F08FA6
:10237000DB69012198476369002BC5D1E1E730464D
:1023800008F064FC284608F061FC6FF430773846AA
:1023900003B0BDE8F08F00BF2DE9F041457C6BB282
:1023A000002BB8BF0733DB10013B5BB2002B82B0C0
:1023B00004460CDBC689DA0001A9013B46FA02F0AB
:1023C0005BB201F8010B581CA2F10802F5D1A77C01
:1023D000ED0805EBD7070137384608F035FC06460F
:1023E00045B101AA12F8013B00F8013B831BDBB2A7
:1023F0009D42F7D8A27CA189D20801320AF076FB6F
:10240000E36A20680133036800F085805B6A9847BF
:1024100080460CE0206803685B6D9847206803687D
:102420005B6A9847E369A0EB0800984277D220687E
:10243000E16A03681B6998470028EBD1384608F029
:1024400003FC8046206803685B6B98472068216A1C
:102450000368C268DB689847206803683A463146DB
:102460009F6B4346B8472068216A03680269DB68AE
:10247000984720680368DB6B9847E36A206801335C
:10248000036837D01B6A01219847206803685B6A9C
:10249000984707460BE0206803685B6D9847206803
:1024A00003685B6A9847E369C01B984240D2206882
:1024B000E16A03681B6998470028ECD16369FBB1A6
:1024C000E27C18F802009847A37C08EBD303074688
:1024D00030465D5D08F0BAFB404608F0B7FB2FB907
:1024E00067691FB12846B8470027E080384602B028
:1024F000BDE8F081DB69012198476369002BDFD1DA
:10250000A37C08EBD30330465D5D08F09FFB40469B
:1025100008F09CFBE4E7DB69322198478EE7304600
:1025200008F094FB6FF43077384602B0BDE8F081D4
:10253000304608F08BFB404608F088FB6FF430779C
:10254000384602B0BDE8F0812DE9F04F85B0154660
:10255000109A9DF8444001948A460446AF180293AD
:10256000002B40F0FB80837C07EBD307384608F054
:102570006BFB0646002D00F0C98046EA0A035A07A5
:1025800040F00B810B2D40F20881002D14BF2B462B
:10259000012303934FEAD30B721CAAF1080C3146B6
:1025A0000023FCE9028901335FFA83FE1046F345FC
:1025B000E1E8028900F1070002F10802F1D803996D
:1025C00001F0F8038B4206EB03023BD003F1010C50
:1025D0005FFA8CFC1AF80310F154654502F1010012
:1025E00030D9991CC9B21AF80C0050708D4202F112
:1025F000020027D9D81C1AF801109170C1B28D427F
:1026000002F103001ED9181D1AF80110D170C1B2D1
:102610008D4202F1040015D9581D1AF801101171EC
:10262000C1B28D4202F105000CD90633DBB21AF8B3
:10263000011051719D4202F1060003D91AF80330CE
:102640009371D01D029B002B60D0109A0E990AF056
:1026500029FA019B002B63D1384608F0F5FA804631
:10266000206803685B6B98472068216A0368C2682A
:10267000DB689847206803683A4631469F6B4346BB
:10268000B8472068216A03680269DB6898472068B8
:102690000368DB6B9847019B0BB3E26A2068013249
:1026A000036800F086801B6A012198472068036850
:1026B0005B6A984707460BE0206803685B6D9847A4
:1026C000206803685B6A9847E369C01B984277D229
:1026D0002068E16A03681B6998470028ECD16769A4
:1026E0003FB1109B002B6ED0E37C18F80300B84775
:1026F0000746029B002B3ED0304608F0A7FA404622
:1027000008F0A4FA384605B0BDE8F08F109BA27C13
:10271000A18903EBD2020AF0E9F9019B002B9BD0BF
:10272000E26A20680132036821D05B6A98478046DC
:102730000CE0206803685B6D9847206803685B6A5B
:102740009847E369A0EB080098421DD22068E16A2F
:1027500003681B6998470028EBD17DE7384608F0ED
:1027600073FA0646002D7FF408AF30466DE7DB694B
:102770003221984770E7A17C05EBD1014144DDE9A6
:102780000F020AF08FF9B7E7304608F05FFA6FF4EE
:102790003077384605B0BDE8F08F0AF1FF3A304691
:1027A0001AF8013F00F8013B831BDBB29D42F7D8CA
:1027B00048E7DB69012198476769002F91D198E7C5
:1027C0006FF4307795E71F4693E700BF2DE9F0419E
:1027D000067986B005460C46002E3FD0477C78B27D
:1027E0000028B8BF0730C010013840B2002804A943
:1027F0003EDBB5F808800E464FEAC00C013840B207
:1028000048FA0CFEB0F1FF3F06F801EBACF1080C02
:10281000F4D195F810E04FEADE0E0EF1FF3040B231
:10282000B0F1FF3F0BD0013E4FEAC00C013840B27F
:1028300024FA0CFCB0F1FF3F06F801CFF4D10024DC
:102840000126029201930EEBD702284603960094CC
:102850002346FFF779FE06B0BDE8F0810189CDE996
:10286000003233462246FFF7BBF906B0BDE8F081DF
:102870000E46CEE790F811C02DE9F04305464FFA19
:102880008CF00028B8BF0730C010013887B040B2C4
:1028900000289DF838E09DF83C600DF114090CDB30
:1028A0004F46C400013840B241FA04F8B0F1FF3F8E
:1028B00007F8018BA4F10804F4D10020CDE9023E11
:1028C0000192009003464FEADC0249462846FFF792
:1028D0003BFE20B91EB1AB690BB12846984707B043
:1028E000BDE8F0832DE9F04F8BB0072B9DF85850D1
:1028F0009DF850809DF8547005959DF85CB000F2ED
:102900002F81B8F1070F00F22B814345C0F02881D9
:102910001E4603799146002204460D468DF81F207D
:10292000002B00F00681427C53B2002BB8BF073366
:10293000DB10013B5BB2002B08A9C0F20F81B0F89D
:1029400008A08E46D800013B5BB24AFA00FCB3F106
:10295000FF3F0EF801CBA0F10800F4D194F810C0AD
:102960004FEADC0C0CF1FF335BB2581C0AD00EF1BD
:10297000FF3ED800013B25FA00F05BB20EF8010FD4
:10298000581CF6D101200DF11F0A0023CDE90200E9
:102990000CEBD202CDE9003A2046FFF7D5FDFF222D
:1029A000731CC8F1080802FA03F342FA08F843EA74
:1029B00008039DF81F60DB43DBB289EA060213427D
:1029C00003D1BBF1000F00F0A18026EA030603EA61
:1029D0000909237946EA09068DF81E60002B00F0EC
:1029E000B280627C53B2002BB8BF0733DB10013BCF
:1029F0005BB2002B08A9C0F2B680B4F80A80084682
:102A00004FEAC30C013B5BB248FA0CFEB3F1FF3F47
:102A100000F801EBACF1080CF4D194F810C04FEAC7
:102A2000DC0C0CF1FF335BB2B3F1FF3F0BD001388C
:102A30004FEAC30E013B5BB225FA0EFEB3F1FF3F36
:102A400000F801EFF4D1002001230CEBD2020DF1CC
:102A50001E0CCDE900C0CDE902332046FFF774FD1E
:102A6000206803689B6A98474FF47A7909FB07F955
:102A700083464FF000080127206803689B6A984747
:102A8000A0EB0B0048454FD223798DF81F80002B17
:102A900040D0617C4BB2002BB8BF0733DB10013B49
:102AA0005BB2002B3EDBB4F808C0DA0008A8013B9B
:102AB0005BB24CFA02FEB3F1FF3F00F801EBA2F16A
:102AC0000802F4D1227CD208531E5BB2B3F1FF3F5F
:102AD0000BD001384FEAC30C013B5BB225FA0CFC6A
:102AE000B3F1FF3F00F801CFF4D102EBD102CDE901
:102AF0000277CDE9008A002308A92046FFF724FDCC
:102B00009DF81F30059A73401A42B5D100200BB0D2
:102B1000BDE8F08F21892A46CDE900A72046FFF7BE
:102B20005FF8EDE708A8CDE76FF00F000BB0BDE848
:102B3000F08F01220DF11F0A0189CDE900A22A467A
:102B4000FFF74EF82BE761890093012301932A4692
:102B50000DF11E032046FFF743F881E78E46FDE6A0
:102B60006FF00A00D3E7084657E700BFF0B51A4DEB
:102B70000468DFF868C087B04FF0FF33019129681F
:102B80000593CDE90333CB07064602920BD4D4E973
:102B90000332CCE90723CCE90D320121CCF8043013
:102BA000CCF80830296001AD0FCD3063286830645F
:102BB00001AD7163B263F36306AFC6F844C0236826
:102BC00055F8041B9B68A26820469847BD4201D077
:102BD0003468F4E707B0F0BDE48000208C61002089
:102BE000F8B5446C24B906E0914205D0183402D0FF
:102BF0002278002AF8D1F8BD0646043400F13005E9
:102C000000F1440755F8041B002904DB30682268F2
:102C10000368DB689847AF4204F10404F2D1F8BDC1
:102C200021B1034B880143F001031847704700BFEF
:102C300020F6030008467047704700BF006AFEF7A1
:102C40005DBE00BF006AFEF79DBE00BF72B1F8B561
:102C50004C1E0746A6185D1E14F8011F386AFEF7C1
:102C600045FFB44205F8010FF6D1F8BD704700BF2B
:102C700008F0FABC4B1C02D0C8B205F0F5B870479A
:102C800008461146421C03D01A46C0B205F0B2B93C
:102C9000704700BF006AFEF7E1BE00BF00F12403E9
:102CA00093E80600006AFEF775BE00BF08461146AD
:102CB000421C02D01A4608F079BC0020704700BFC1
:102CC00008B50A4BDB68D90103D5094B1A68D2074E
:102CD00008D406F057FF074BA0FB0323900A40EAF5
:102CE000835008BD5868800908BD00BFF0ED00E0C2
:102CF000001000E040420F0005F0F6BC084605F069
:102D0000FFBC00BF4B1C02D0084605F06FBB7047EC
:102D100008461146421C02D01A4605F05DBA7047BB
:102D20004B1C02D0084608F0EFBE0020704700BFE1
:102D30004B1C084602D0114608F0CABE704700BFBF
:102D40004B1C084602D0114608F03EBE704700BF3B
:102D500010B53021044607F07BFF204610BD00BFB0
:102D600090F82C2002B9704702680449126C8A421C
:102D700002D1006AFEF706BE104700BF452C0300D3
:102D800090F82C2002B9704702680449126B8A42FD
:102D900002D1006AFEF7B2BD104700BF3D2C030010
:102DA00030B585B00125002303210422CDE901219E
:102DB00000952A461946044604F084FF074808494E
:102DC000084A20600023204684F8295084F82C50BB
:102DD000C4E9081284F8283005B030BDB4F503000A
:102DE000D080002080841E004AB116290B466FF067
:102DF0000800A8BF16238342B8BF034613700931E9
:102E0000C9B21F298CBF6FF00C000020704700BFB3
:102E1000704700BF10B54FF4E471044607F018FF87
:102E2000204610BD9FED167AB4EEC70AF1EE10FAF7
:102E300023D49FED147AB4EEC70AF1EE10FA1CDC2D
:102E400038B5D0ED587A70EE677AB3EE047AF0EECA
:102E5000E77AF4EEC77AF1EE10FA054610EE104A62
:102E600006DA00EE104A2846BDE8384004F05EBCA1
:102E700002F01CFA0028F4D038BD6FF00B00704748
:102E8000000016430000704430B50368124A9B6D81
:102E9000934283B005460C4614D10931CBB21F2BA7
:102EA00017D80E4B03EB410013F8112090F90110D5
:102EB00000241309284602F00F02009404F002FCDB
:102EC00003B030BD002298470028F9D104F1090170
:102ED000E7E76FF00C00F3E7E92D030058F6030075
:102EE000F0B52DED028B85B005689DF8346080F853
:102EF0005461C0ED540AD5F80851474E9DF9307021
:102F00008DF80C10B5428DED020A8DF80D208DF86C
:102F10000E308DF80F7056D1044602F0D3FC18B174
:102F200005B0BDEC028BF0BD23683C4ADB6B9DED28
:102F3000028A934255D1DFED3A7AB4EEE78AF1EE98
:102F400010FA59D4DFED377AB4EEE78AF1EE10FAD1
:102F500052DCD4ED587A78EE677AB3EE047AF0EE6C
:102F6000E77AF4EEC77AF1EE10FA32DAB0EE480AF8
:102F7000204604F0DBFB0028D2D10121204602F0DC
:102F800007FA0028CCD1236827495A6D9DF90F50C4
:102F90008A422DD19B6D254A934230D105F1090318
:102FA000DAB21F2A34D8224A02EB430112F8132066
:102FB00091F9011000251309204602F00F02009537
:102FC00004F080FBACE702A9A84705B0BDEC028B7A
:102FD000F0BDB0EE480A204602F068F90028C5D0DE
:102FE0009EE7B0EE480A20469847002898D1C4E7EB
:102FF00029462046904793E76FF00B0090E7024682
:1030000029462046984700288AD105F10903CAE7D6
:103010006FF00C0084E700BF55310300252E03003C
:103020000000164300007044892E0300E92D0300C0
:1030300058F6030030B52DED028B91ED010A83B0F7
:103040000D46044602F020FC18B103B0BDEC028B23
:1030500030BD2368394ADB6B95ED008A93424FD12E
:10306000DFED377AB4EEE78AF1EE10FA58D4DFEDEF
:10307000357AB4EEE78AF1EE10FA51DCD4ED587AE5
:1030800078EE677AB3EE047AF0EEE77AF4EEC77A78
:10309000F1EE10FA2CDAB0EE480A204604F046FBB6
:1030A0000028D2D10121204602F072F90028CCD1AB
:1030B000236825495A6D95F908508A4233D19B6D92
:1030C000224A934223D105F10903DAB21F2A32D8EA
:1030D0001F4A02EB430112F8132091F90110002559
:1030E0001309204602F00F02009504F0EBFAACE75A
:1030F000B0EE480A204602F0D9F80028CBD0A4E769
:10310000B0EE480A2046984700289ED1CAE70246FA
:10311000294620469847002897D105F10903D7E7AB
:103120006FF00B0091E72946204603B0BDEC028BFF
:10313000BDE8304010476FF00C0086E7252E0300F5
:103140000000164300007044892E0300E92D03009F
:1031500058F6030030B52DED028B0C4683B08B7909
:103160004A790979054602F0ADFB18B103B0BDEC10
:10317000028B30BD2B683A4ADB6B94ED008A934298
:103180004FD1DFED387AB4EEE78AF1EE10FA58D479
:10319000DFED357AB4EEE78AF1EE10FA51DCD5EDC9
:1031A000587A78EE677AB3EE047AF0EEE77AF4EEC6
:1031B000C77AF1EE10FA2CDAB0EE480A284604F08D
:1031C000B5FA0028D2D10121284602F0E1F8002802
:1031D000CCD12B6825495A6D94F907408A4233D1E6
:1031E0009B6D234A934223D104F10903DAB21F2ACB
:1031F00032D8204A02EB430112F8132091F9011052
:1032000000241309284602F00F02009404F05AFA31
:10321000ACE7B0EE480A284602F048F80028CBD0C8
:10322000A4E7B0EE480A2846984700289ED1CAE78E
:103230000246214628469847002897D104F1090301
:10324000D7E76FF00B0091E72146284603B0BDECAD
:10325000028BBDE8304010476FF00C0086E700BFDE
:10326000252E03000000164300007044892E030041
:10327000E92D030058F60300F0B52DED028B04464E
:103280004D4B056880ED541A16460F4684F854617C
:1032900093E80700D5F80051484E87B003ABB5421C
:1032A00083E807008DF81470CDED040A8DED030A54
:1032B00058D1B0EE600A204602F0E6FA18B107B025
:1032C000BDEC028BF0BD23683D4ADB6B9DED038AAC
:1032D000934256D1DFED3B7AB4EEE78AF1EE10FA75
:1032E0005AD4DFED397AB4EEE78AF1EE10FA53DC06
:1032F000D4ED587A78EE677AB3EE047AF0EEE77A96
:10330000F4EEC77AF1EE10FA33DAB0EE480A20464E
:1033100004F00CFA0028D2D10121204602F038F83E
:103320000028CCD1236829495A6D9DF914508A424E
:103330002ED19B6D264A934231D105F10903DAB2B1
:103340001F2A35D8234A02EB430112F8132091F9C2
:10335000011000251309204602F00F02009504F029
:10336000B1F9ACE719462046A84707B0BDEC028B7F
:10337000F0BDB0EE480A204601F098FF0028C4D006
:103380009DE7B0EE480A20469847002897D1C3E74A
:1033900029462046904792E76FF00B008FE70246E0
:1033A000294620469847002889D105F10903C9E735
:1033B0006FF00C0083E700BF28F6030035300300F0
:1033C000252E03000000164300007044892E0300E0
:1033D000E92D030058F6030030B52DED028B0C46A5
:1033E00083B091ED031AD4ED020A498A94ED010AE3
:1033F000054602F0C3F918B103B0BDEC028B30BD35
:103400002B683A4ADB6B94ED008A93424FD1DFED93
:10341000387AB4EEE78AF1EE10FA58D4DFED357A57
:10342000B4EEE78AF1EE10FA51DCD5ED587A78EE79
:10343000677AB3EE047AF0EEE77AF4EEC77AF1EE4B
:1034400010FA2CDAB0EE480A284604F06FF900288A
:10345000D2D10121284601F09BFF0028CCD12B6856
:1034600025495A6D94F910408A4233D19B6D234A05
:10347000934223D104F10903DAB21F2A32D8204A39
:1034800002EB430112F8132091F9011000241309F3
:10349000284602F00F02009404F014F9ACE7B0EEF5
:1034A000480A284601F002FF0028CBD0A4E7B0EE7E
:1034B000480A2846984700289ED1CAE70246214676
:1034C00028469847002897D104F10903D7E76FF001
:1034D0000B0091E72146284603B0BDEC028BBDE806
:1034E000304010476FF00C0086E700BF252E030028
:1034F0000000164300007044892E0300E92D0300EC
:1035000058F603002DE9F041574DDFF878C12DED55
:10351000028B06468E46174698460FCD88B003AC00
:103520000FC4336886ED542A86F85481D3F8F830F6
:103530002A6822606345F0EE607ACDED040A8DF8CA
:103540001CE08DED051ACDED061AADF81E708DED5F
:10355000030A5ED1F0EE410A3946B0EE611AB0EED0
:10356000670A304602F00AF920B108B0BDEC028BC0
:10357000BDE8F08133683D4ADB6B9DED038A9342E1
:1035800057D1DFED3B7AB4EEE78AF1EE10FA5BD467
:10359000DFED387AB4EEE78AF1EE10FA54DCD6EDBE
:1035A000587A78EE677AB3EE047AF0EEE77AF4EEC2
:1035B000C77AF1EE10FA34DAB0EE480A304604F079
:1035C000B5F80028D1D10121304601F0E1FE0028F4
:1035D000CBD1336828495A6D9DF91C408A422FD1BE
:1035E0009B6D264A934232D104F10903DAB21F2AB5
:1035F00036D8234A02EB430112F8132091F9011047
:1036000000241309304602F00F02009404F05AF827
:10361000ABE703A93046984708B0BDEC028BBDE884
:10362000F081B0EE480A304601F040FE0028C3D0D9
:103630009BE7B0EE480A30469847002895D1C2E78C
:1036400021463046904790E76FF00B008DE7024629
:10365000214630469847002887D104F10903C8E77E
:103660006FF00C0081E700BF34F60300252E030045
:103670000000164300007044892E0300E92D03006A
:1036800058F60300D93303002DE9F0412DED028BEC
:103690005F4DDFF898C186B004468E4616461F4639
:1036A00095E80F009DF84080256884ED541A84F851
:1036B0005481D5F8F08002AD85E80F00E0459DF912
:1036C0003820BDF83C308DF810E08DF811608DF891
:1036D00012708DED020ACDED030A8DF81320ADF8BE
:1036E00014306BD13A463146204601F0EBFF20B151
:1036F00006B0BDEC028BBDE8F08123689DF8101088
:10370000D3F8E830204698470028F1D123689DED92
:10371000030AD3F8E430204698470028E8D123680C
:103720003C4ADB6B9DED028A934257D1DFED3A7A3A
:10373000B4EEE78AF1EE10FA59D4DFED387AB4EE40
:10374000E78AF1EE10FA52DCD4ED587A78EE677A17
:10375000B3EE047AF0EEE77AF4EEC77AF1EE10FAFF
:1037600034DAB0EE480A204603F0E0FF0028BFD16B
:103770000121204601F00CFE0028B9D12368284918
:103780005A6D9DF913508A422DD19B6D254A934263
:1037900030D105F10903DAB21F2A35D8224A02EBEB
:1037A000430112F8132091F9011000251309204656
:1037B00002F00F02009503F085FF99E729462046A5
:1037C000C04706B0BDEC028BBDE8F081B0EE480A00
:1037D000204601F06BFD0028C3D089E7B0EE480A0F
:1037E00020469847C2E729462046904780E76FF079
:1037F0000B007DE7024629462046984700287FF4C3
:1038000077AF05F10903C9E76FF00C0070E700BF5F
:1038100048F60300252E0300000016430000704404
:10382000892E0300E92D030058F603003138030008
:1038300030B52DED028B0C4683B08B898A7A497A9C
:10384000054601F03FFF18B103B0BDEC028B30BD5F
:103850002B68217AD3F8E830284698470028F3D11E
:103860002B6894ED010AD3F8E430284698470028E5
:10387000EAD12B683A4ADB6B94ED008A93424FD130
:10388000DFED387AB4EEE78AF1EE10FA57D4DFEDC7
:10389000367AB4EEE78AF1EE10FA50DCD5ED587ABC
:1038A00078EE677AB3EE047AF0EEE77AF4EEC77A50
:1038B000F1EE10FA2CDAB0EE480A284603F036FF93
:1038C0000028C1D10121284601F062FD0028BBD1AA
:1038D0002B6826495A6D94F90B408A4227D19B6D7B
:1038E000234A93422ED104F10903DAB21F2A33D8B6
:1038F000204A02EB430112F8132091F90110002431
:103900001309284602F00F02009403F0DBFE9BE748
:10391000B0EE480A284601F0C9FC0028CBD093E756
:10392000B0EE480A2846984700288DD1CAE72146BC
:10393000284603B0BDEC028BBDE8304010476FF065
:103940000B0081E7024621462846984700287FF46D
:103950007BAF04F10903CBE76FF00C0074E700BF05
:10396000252E03000000164300007044892E03003A
:10397000E92D030058F60300F0B52DED028B012967
:103980008BB0044600F0E980C0F08180022978D134
:103990000368AE4AD3F80C51954240F00881AC4917
:1039A000AC4AC0F8501105920A2100224FF48375E9
:1039B0008DF81B10ADF8185080F85421D3F8082169
:1039C000A54901238A428DF81A3040F00C811A462D
:1039D000062101F077FF002855D123689F4ADB6B51
:1039E0009DED058A934240F01B81DFED9D7AB4EE98
:1039F000E78AF1EE10FA00F11881DFED9A7AB4EE61
:103A0000E78AF1EE10FA00F31081D4ED587A78EEDF
:103A1000677AB3EE047AF0EEE77AF4EEC77AF1EE65
:103A200010FA80F2EF80B0EE480A204603F07EFEE6
:103A300048BB0121204601F0ABFC20BB23688A492A
:103A40005A6D9DF91B508A4240F083809B6D874AD6
:103A5000934240F0ED8005F10903DAB21F2A00F22B
:103A6000F180834A02EB430112F8132091F901100F
:103A700000251309204602F00F02009503F022FEF4
:103A800001E06FF013000BB0BDEC028BF0BD0768D6
:103A9000784BD7F8FC509D4240F09680764EDFF888
:103AA000B0C1C4F850C10FCE05AD0FC5002384F8D6
:103AB0005431D7F8F830714A9FED711A3168296096
:103AC00093428DED081A40F091801021F1EE040A26
:103AD0009FED6C0A204601F051FE0028D3D12368E7
:103AE0005E4ADB6B9DED058A934240F09480DFEDEA
:103AF0005C7AB4EEE78AF1EE10FA00F19680DFED21
:103B0000597AB4EEE78AF1EE10FA00F38E80D4ED24
:103B1000587A78EE677AB3EE047AF0EEE77AF4EE4C
:103B2000C77AF1EE10FA65DAB0EE480A204603F0E3
:103B3000FDFD0028A7D10121204601F029FC002825
:103B4000A1D1236848495A6D9DF924508A423FF417
:103B50007DAF29462046904795E706684A4BD6F840
:103B6000F4509D4213D1494B394FC4F850710FCBDB
:103B7000002705AD84F8547185E80F00D6F8F030C1
:103B80002946204698470BB0BDEC028BF0BD0A21B8
:103B9000082200238DE80E009FED3D1ADFED3D0A5F
:103BA0009FED3D0A122307220921A8476BE7002158
:103BB0000A220123CDE90021DFED350A9FED360A07
:103BC0001A460621A8475EE700239FED312ADFED64
:103BD0002C1ADFED2C0A9FED300A10220A21B1EEDB
:103BE000041AA8474FE705A990474CE705A92046C6
:103BF000984748E7B0EE480A204601F057FB0028F6
:103C000092D040E7B0EE480A204601F04FFB002872
:103C10003FF409AF37E7B0EE480A2046984788E7F7
:103C2000B0EE480A2046984702E76FF00B002AE7FB
:103C3000024629462046984700287FF424AF05F124
:103C400009030EE76FF00C001DE700BFE12E030033
:103C5000CDCCCC3F0000D94355310300252E0300C5
:103C60000000164300007044892E0300E92D030074
:103C700058F603000535030034F60300D93303007A
:103C800033331C439A9999408936030048F6030060
:103C9000CDCCCC3F0000FA420000D94310B5044619
:103CA00001F0EAF9034A044B2260C4F85831204677
:103CB00010BD00BFA8F6030098F6030070B5074BCF
:103CC00005460FCB84B02E686C4684E80F00D6F80A
:103CD000A03021462846984704B070BDB8F70300CD
:103CE00010B582B0036800220092DC6940F27222B3
:103CF00002236FF07F41A04702B010BD82B0F0B444
:103D0000012904A880E80C009DF81E209DF81F30B2
:103D10003AD00FD3022904D06FF01300F0BC02B0E8
:103D200070479DF81130032B00F2BF80DFE803F0ED
:103D3000B2ACA876BDF81C109DED046ADFED5C5AAC
:103D400007EE902ADB0006EE901AB8EEE77A07EE4F
:103D5000903A099BF8EEE66ADB0076EE876AF8EEA9
:103D6000E77A07EE103A76EEA77AB8EE477A66EE73
:103D7000256A37EE877AF0BCC7EE267A02B0FCEEF1
:103D8000E77A17EE900A70479DF81010DDED056A8E
:103D90009DF8204042F21070884007EE100AF2EEC3
:103DA000047AB8EE477A66EEA76A481FC7EE267A0D
:103DB000C0B2022835BF1925112500260826FCEEC1
:103DC000E77A17EE900A24BB8C00E4B2099F07EB58
:103DD0004303C1EB4301002A06EB81030CBF14210E
:103DE00000211944BDF81C209DF81860631E09B21B
:103DF0000029A8BF5B18083293FBF4F39BB206FBC3
:103E0000032305EB8303F0BC00FB03F0800802B042
:103E1000704701F13E04A400E4B2D7E7099B03EB2D
:103E200043039BB22349A1FB0321490901EB810212
:103E300001EB410102EB8202A3EB011352009BB2A2
:103E400092B213B1023313449AB29DF81C101A4B6C
:103E50009FED1A7AC1EBC10001EBC00102EB4102F8
:103E600092B203FB02F307EE903AF8EE677AF0BCE9
:103E700067EE877A02B0FCEEE77A17EE900A704799
:103E8000099B5B009BB2CDE7099B03EB4303C3F3A4
:103E90004F03C7E7099B0A4A03EB43035B00043364
:103EA000A2FB0323C3F38F03BCE76FF0090035E7E0
:103EB0006F12833AABAAAAAA00127A00AD37063B6A
:103EC000CDCCCCCC07EE901A9FED057AF8EE677A50
:103ED00067EE877AFCEEE77A17EE900A704700BF2C
:103EE0006F12833D036889B2D3F8EC30184700BFE6
:103EF0000368D3F8DC301847D0F86801704700BF7A
:103F000000F00E03062B0BD0082B0CD00A2B0CD084
:103F10000138C0B2FD288CBF6FF00100002070474F
:103F20006FF430707047024870470248704700BF16
:103F30003EFDFFFF3DFDFFFF704700BFA9B110B57B
:103F40000C4602F0E5FA01280CD005D3032806D16F
:103F500002232370002010BD0020207010BD6FF0E0
:103F6000130010BD2070002010BD6FF002007047DC
:103F700008B50221D0F86801FEF732FE4FF0FF309D
:103F800008BD00BF30B504460D4683B0D0F86801C7
:103F900094F86411FEF724FE25B12946204602F06C
:103FA0008DFA48B901220023D4F86801D121CDE966
:103FB00000221A46FEF742F803B030BD00B583B0C8
:103FC0008AB200231146009302F03CFA03B05DF878
:103FD00004FB00BF00B585B004AA002322F8043D0D
:103FE0000123D0F868011221CDE900330223FEF746
:103FF00041FCBDF80C0040BA80B205B05DF804FB8E
:104000002DE9F04186B000240646FF270225D0F8AE
:1040100068010394CDE901572346224640F6E201A8
:104020000094FEF75FFCD6F8680123462246CDE9EE
:104030000274CDE9004540F6E501FEF753FC6FF050
:104040007F41304602F034F9D6F8683118680368C9
:104050000A21DB6998472546274601230DF11702FF
:1040600040F6190130468DF8177002F0B3F99DF84B
:10407000170000F00100A04001342843082CC5B20D
:10408000EBD133684FF0FF08022430461B69984794
:10409000D6F8680103970097CDE901480023012273
:1040A00040F6E201FEF71EFCD6F868010397CDE961
:1040B000014800970023012240F6E501FEF712FCBB
:1040C000284606B0BDE8F08138B590F838100229CE
:1040D000044626D0032903D06FF01805284638BDC2
:1040E00090F86411D0F86801FEF77AFD00212046AF
:1040F00002F0C8F8054630B1F0E7D4F86831186826
:1041000003685B6D9847D4F868311868D96A03680A
:104110001B6998470028F0D1002384F838302846DE
:1041200038BDD0F86801FEF75BFDD4F8A411204635
:1041300002F0BEF80023054684F83830EFE700BFF0
:1041400010B5D0F868310446186803681B699847B1
:10415000C1B22046BDE8104003F064BC10B54FF476
:10416000E471044606F074FD204610BD10B50368E6
:1041700044F2FF31D3F8EC300446984700B110BD4B
:10418000236820461B69BDE810401847F0B583B08E
:104190000E46054602F0BCF9012836D12B682846A8
:1041A0001B699847044610B1204603B0F0BD0221B8
:1041B000D5F86801FEF714FDB168284603F01CFC31
:1041C000F1680746284603F017FC009482B22346A4
:1041D000B9B2284602F036F904460028E4D12B682B
:1041E00044F2FF31D3F8EC302846984704460028C3
:1041F000DAD17068F478B3787278317801900094ED
:10420000284602F06DF80446CEE76FF01304CBE7C2
:1042100010B5044602F07CF9012802D0BBEE040A76
:1042200010BD204602F0BCFA000A030654BFC0B21B
:1042300060F0FF0007F07CFF0022044B07F0E2FF74
:1042400008F0F2F900EE100A10BD00BF0000D03FE8
:1042500008B502F0A5FAC0B207F06AFF0022044BCD
:1042600007F0D0FF08F0E0F900EE100A08BD00BF2B
:104270000000E0BF10B584B0044602F049F90128FF
:1042800003D194F87031012B10D004AA002322F836
:10429000043D0123D4F868011321CDE90033022342
:1042A000FEF7E8FA9DF80C0004B010BDD4F89C01AC
:1042B00004B010BDF0B52B4B2B4F04460FCB256837
:1042C000D5F8946087B002ADBE4285E80F003FD1BB
:1042D000204602F01DF9012841D1236820461B69C0
:1042E0009847054610B1284607B0F0BD0221D4F822
:1042F0006801FEF775FC0499204603F07DFB0599E3
:104300000646204603F078FB009582B22B46B1B2F8
:10431000204602F097F805460028E4D1236844F2CD
:10432000FF31D3F8EC302046984705460028DAD113
:1043300003989DF80B50019000959DF80A309DF868
:1043400009209DF80810204601F0CAFF0546CAE77B
:1043500029462046B0470546284607B0F0BD6FF015
:104360001305C0E7B8F703008D410300F0B50368FB
:1043700083B01B6905469847044610B1204603B038
:10438000F0BD95F87031012B0AD02B682846D3F880
:10439000EC3044F2FF3198470446204603B0F0BDAC
:1043A000284602F0B5F801280646EED102AA0346D7
:1043B00002F8024D40F60211284602F003F80446C6
:1043C0000028DBD102AF334607F8010D40F6441157
:1043D0003A46284601F0FEFF04460028CED19DF85B
:1043E0000740334644F002043A4640F6441128465A
:1043F0008DF8074001F0E6FF04460028BED1C4E76F
:104400002DE9F041044684B0D0F8680116460F4605
:10441000FDF7C2FF2368324AD3F884309342054641
:104420005AD104AA002322F8043D0123D4F86801DC
:104430001221CDE900330223FEF71CFABDF80C006F
:1044400040BA80B26FF430739D423CD0A5BB4306A6
:1044500036D400F0300020280CBF6FF006084FF073
:104460000008204602F054F804AA002322F8043D74
:104470000123D4F868011321CDE900330223FEF7AC
:10448000F9F99DF80D309DF80C2016B1B24228BF05
:104490003246D2B23946204601F0C0FF054658B92F
:1044A00023682046D3F8EC3044F2FF319847B8F146
:1044B000000F14BF45460546284604B0BDE8F0810C
:1044C0006FF00608CDE710F4007F18BF6FF0050508
:1044D000284604B0BDE8F08120469847B2E700BF07
:1044E000D53F030010B584B0044602F011F801284E
:1044F00003D06FF0130004B010BD22681349D2F846
:1045000084208A421ED104AA0346002122F8041DF9
:10451000D4F868011221CDE900330223FEF7AAF98D
:10452000BDF80C0040BA80B2C30508D410F0800F6B
:104530000CBF4FF0FF306FF00E0004B010BD044808
:1045400004B010BD20469047EEE700BFD53F030002
:1045500042FDFFFF2DE9F0410F46016884B0096973
:10456000044616461D46884728BB6DB92368454D4D
:10457000DB6F002E14BF3146FF212046984700EB29
:104580008000A5FB0035AD0907EE905A9FED3E7AFD
:104590002368F8EE677A002267EE877A0092FCEED5
:1045A000E77AD3F81C8017EE901A022340F27222A9
:1045B0002046C04710B104B0BDE8F081D4F868319E
:1045C000186803685B6A984780460FE0D4F8683142
:1045D000186803685B6D9847D4F8683118680368F9
:1045E0005B6A9847A0EB0800854232D3D4F8683163
:1045F0001868596A03681B6998470028E6D0236841
:1046000020461B6998470346002836D123681F4A75
:10461000D3F8843093422DD104AA002322F8043D1C
:104620000123D4F868011221CDE900330223FEF7FB
:1046300021F9BDF80C0040BA80B2626B23681042C9
:1046400012D11B6B324639462046984704B0BDE86C
:10465000F081236820461B699847034618B16FF420
:1046600030729342A7D12368DB6A204698476FF0E7
:104670000500A0E720469847DFE76FF430729342C9
:1046800099D1C3E7D34D621000008042D53F0300AB
:10469000F0B50368484AD3F89430934285B0044695
:1046A0005CD10E4601F034FF012852D12368204628
:1046B0001B699847054610B1284605B0F0BD022198
:1046C000D4F86801FEF78CFAB168204603F094F93B
:1046D000F1680746204603F08FF9009582B22B4619
:1046E000B9B2204601F0AEFE05460028E4D12368A9
:1046F00044F2FF31D3F8EC302046984705460028B5
:10470000DAD17568F078B37872783178CDE9000540
:10471000204601F0E5FD054635B1CDE7D4F8683116
:10472000186803685B6D9847D4F868311868596A4F
:1047300003681B6998470028F0D023681F4AD3F804
:104740009830934220462CD101F0E2FE0128034626
:1047500007D06FF01305284605B0F0BD9847054611
:10476000DAE722681649D2F884208A4220D104AAC6
:10477000002122F8041DD4F868011221CDE900338C
:104780000223FEF777F8BDF80C0040BA80B2C305EB
:104790000CD410F0800F0CBF4FF0FF356FF00E05FA
:1047A0008AE798470546284605B0F0BD054D83E7E2
:1047B00020469047EBE700BF8D410300E54403002E
:1047C000D53F030042FDFFFF2DE9F0470F4601688A
:1047D00084B0096904461646984688470546D8B904
:1047E00094F86D31042B06D9072E40F2C48094F85A
:1047F0006F31012B50D0FF2E50D823683146DB6F2C
:1048000020469847824620684346456A32463946E4
:104810002046A847054618B1284604B0BDE8F087F1
:10482000204601F075FED4F86831564EDFF85C8101
:104830008146186803685B6A98470AEB8A0AA6FBF8
:104840000A36B6090746053607E0D4F86831186815
:10485000596A03681B69984718BBD4F8683118680F
:1048600003685B6D9847D4F86831186803685B6A21
:104870009847C01B8642E8D2236843499A6A8A4215
:1048800058D1D3F8EC3044F2FF3120469847002845
:1048900049D06FF00405BFE7FD2EACD96FF00305DA
:1048A000BAE7B9F1030F226851D1D2F884304345F9
:1048B00045D10123D4F86801ADF80C50CDE900339F
:1048C00003AA02231221FDF7D5FFBDF80C0040BA60
:1048D00080B210F00103226839D1D2F88420424519
:1048E00030D1ADF80C300123D4F8680103AACDE92A
:1048F000003312210223FDF7BDFFBDF80C305BBA77
:104900005A04AAD5D4F8C411204601F00F0101F0D1
:10491000B1FB0028A1D1236844F2FF31D3F8EC3079
:104920002046984799E7236820461B6998476FF00F
:10493000040571E7204690476FF004056CE72046B8
:104940009847C6E720469047430486D5DAE7936A3E
:104950000D498B4212D1D2F8EC3044F2FF3120469F
:104960009847054600287FF457AF236820461B6907
:104970009847054650E76FF01D054DE720469847DC
:10498000054649E7D34D62106D410300D53F030052
:104990002DE9F04F8FB00F46054601F0B9FD08AE86
:1049A0000DF1100C0024012874600894B460049484
:1049B000ACF8044056D00346A0B1032800F0218192
:1049C000022840F0DD8095ED5F7A9FEDC96ADFED4A
:1049D000C97AB8EE477A2346C6EE076AA346CDEDFC
:1049E000086A1AE0D5ED5F7A9FEDC16A95F88721D4
:1049F000B8EE677AD5ED607AC6EE076A12F0FB0270
:104A0000F8EE677ACDED086A40F0B6800123B5F87C
:104A10008C2195F888B1ADF810202968B64AD1F8F4
:104A2000788090454FF0000400F0AF80A646224603
:104A30008DF813308DF812B08DF814409CE8030007
:104A40008DF828E00A9B0190ADF80810CDED097AA9
:104A5000039700931146284696E80C00C0470FB014
:104A6000BDE8F08F95F86DE1BEF1040F7FD9BEF17E
:104A7000070F08BF4FF0080E2A6895F86F3195F8B8
:104A8000709195F86EA1D2F878809B4A95F86C11D8
:104A90008DF82010003318BF0123A9F1010B1AF182
:104AA0000004B5F87211ADF81010BBFA8BFB18BFFB
:104AB000012490454FEA5B1BD5ED5D7A40F09F8065
:104AC000CDED097A8DF828E096E807000EAD05E9EE
:104AD00007009DF82C508DF812B042F21072AA40D7
:104AE00006EE902AB2EE047AF8EE666A27EE877A2E
:104AF0008DF81330C6EE877A8DF814409CE80300D9
:104B00006A1FD2B2022A069035BF19211121002254
:104B10000822FCEEE77A17EE900ABAF1000F00F0D7
:104B2000968005F13E04A400E4B207EB4303B9F11B
:104B3000010FC5EB430302EB830314BF14220022D1
:104B40001344BDF818501AB2631E002AA8BF9B1860
:104B500005F1080293FBF4F39BB20EFB032E01EB6D
:104B60008E0E00FB0EF080080FB0BDE8F08F0EF146
:104B7000040E5FFA8EFE7FE7022A08BF022346E793
:104B80006FF013000FB0BDE8F08FCDED097A8DF80E
:104B9000284096E807008DF813308DF814408DF802
:104BA00012B00EAC04E907009CE8030080B207EEE7
:104BB000900AFF00F8EEE76A07EE907A07EE10BA67
:104BC000F8EE677AB8EEC77A76EEA77A1BB2DB000A
:104BD00077EE877A07EE103ADDED0B6A9FED476AB4
:104BE000B8EEC77A66EE866A37EE877AC7EE267A1F
:104BF000FCEEE77A17EE900A0FB0BDE8F08F0122C5
:104C000016E729683C4BD1F8788095F8A9118DF802
:104C1000201095F8A8118DF8211095F8AF118DF896
:104C20002210984595F8AA118DF8101058D196E8E1
:104C300007000EAB03E907009CE803009DF82D3048
:104C40000690032B49D8DFE803F03E393605AC0067
:104C5000E4B26AE707EB4707BFB2294AA2FB073273
:104C6000520902EB820302EB4202A7EB021703EBAD
:104C700083035A00BFB292B217B102373A4492B2DC
:104C80009DF818101F4B9FED207AC1EBC10001EB7E
:104C9000C00102EB410292B203FB02F307EE903A2D
:104CA000F8EE677A67EE877AFCEEE77A17EE900AFD
:104CB0000FB0BDE8F08F7F00BFB2CEE707EB47072C
:104CC000C7F34F07C9E707EB47077F000F4B0437D0
:104CD000A3FB0737C7F38F07BFE76FF0090043E770
:104CE0002346A346A646DFED037A0222A0E600BFD4
:104CF00000007A4900000000FD3C03006F12833A77
:104D0000ABAAAAAA00127A00AD37063BCDCCCCCC18
:104D10002DE9F0410229C8B00E46174604465DD081
:104D2000032956D15368FF2B00F2748101F0F0FB88
:104D30000128054600F0E080002800F0B28002283B
:104D400000F0E980032840F06881002344F201026A
:104D500000931146204601F075FB00283BD1024626
:104D60000146204601F0F8FCA8BB032D00F0EA80C4
:104D700003463A793968204601F03CFB58BB23686A
:104D800044F2FF31D3F8EC3020469847054610BB7B
:104D900008AA012340F6890120468DF8205001F031
:104DA00019FBC0B9204601F0B3FB012800F04B818C
:104DB0009DF8200040F004008DF8200008AA01238F
:104DC00040F68901204601F0FDFA20B984F83860E8
:104DD00001E06FF0180048B0BDE8F08190F8703144
:104DE000012B00F08280236820461B699847002829
:104DF000F1D13A686FF07F439A4203D0BB6843F425
:104E00000073BB607968204602F0F6FDB96805467C
:104E1000204602F0F1FD002382B2A9B200932046A1
:104E200001F010FB0028D6D102460146204601F0D1
:104E300093FC0028CFD1236844F2FF31D3F8EC3043
:104E4000204698470028C6D1204601F061FB012882
:104E500000F0E980002840F0E08094F88A01B4F87E
:104E60008C1194F8842194F8873194F888C194F8CF
:104E700089E1002840F0D48094F89C81CDF808E0C6
:104E80000025CDE90308CDE900C5204601F00AFC64
:104E90003B685A1C04BF6FF07F433B60C4F8A431E9
:104EA00094E797F804C094F88A0194F8873194F84D
:104EB0008421B4F88C110195CDF810C094F889C103
:104EC000039094F888010090CDF808C0204601F0C6
:104ED000E9FB00287FF47FAF00900346012240F2F7
:104EE0000121204601F0AEFA37E7D368002B3FF4EA
:104EF0007AAFC0F89C3176E794F8700194F8A0C1BD
:104F00003B7994F86F21B4F87211CDE9000C20467A
:104F100001F09EFBDDE77968D4F87C31C800642B92
:104F200080B241F6705E43F20F7C40F2E1430090A4
:104F300040F62F12C9B204BF73466246204601F004
:104F4000DDFBC6E7204600F0C3FF00287FF443AF37
:104F500094F8AA31C3F10403002B0ADD054620466C
:104F600001F062F894F8AA310135C3F10403AB42B1
:104F7000F5DC0025FF22002108A807F0B7FDC4F8E2
:104F8000BC51C4F8C051C4F8C451D7E9001204F5AB
:104F9000E07004F5DE7307AFCDE90130009708AB90
:104FA0002046079500F0DEFC00287FF414AF03468E
:104FB00008A93A78204601F01DFA00287FF40BAFCB
:104FC0003B68D4F8C0018DF8193001218DF8181014
:104FD0008DF81A0006AA032340F28531204601F01D
:104FE000F1F900287FF4F7AE94F8C031102B1F467A
:104FF00028BF1027002B3FF4C2AE054602E0BD4299
:105000003FF4BDAEE9B2204601F034F80135002886
:10501000F5D0E0E66FF00300DDE64FF0FF30DAE6B2
:105020004FF0FF082AE794F8700194F8A05194F823
:105030009C3194F86F21B4F87211CDE90005204637
:1050400001F006FB24E7D4ED5D7ADFED096A9FED00
:10505000097A9DF8200077EEE67AF0EEE77AF4EE32
:10506000C77AF1EE10FA3FF6A3AE00F0FB00A3E61C
:105070000000FA436F12833AF8B504460F4602F077
:1050800095FC3848384B0069C4F85031002240F292
:105090000163A4F8A831C4F8AB0100230320C4F8CD
:1050A0006021C4F87421C4F89021304921600122A4
:1050B00084F84D3184F85431C4F8583184F85C31A7
:1050C000C4F86C3184F87031A4F87231C4F87C31C2
:1050D000C4F88031C4F88431A4F8883184F88A3166
:1050E000A4F88C31C4F8943184F8983184F899315B
:1050F00084F89A31C4F89C3184F8A031C4F8A43102
:1051000084F8AF3184F8640184F8AA0184F8782126
:10511000FF25C4F8B0310220042122610822A560D5
:10512000606120254020A161E26180214FF48072FE
:10513000C4F8B431A4F8B831C4F8BC31C4F8C031F3
:10514000C4F8C431C4E909501023C4E90B12084E55
:1051500023624FF40073C4F868716660636320468D
:10516000F8BD00BFB8F70300CDCCCC3FD8F70300A3
:105170000024743F10B4032ABDF8044013D8092951
:1051800080F8A82112D85A1E032A80F8A91110D835
:10519000B4F5007F80F8AA310ED2A0F8B841002003
:1051A0005DF8044B70476FF00900F9E76FF00700F6
:1051B000F6E76FF00A00F3E76FF06900F0E700BF71
:1051C00070B5D0F86831044618680D46996A0368CE
:1051D00082689B689847D4F868311868996A0368B0
:1051E000C268DB689847D4F8683118680368012101
:1051F000DB699847D4F868311868996A03680269CE
:10520000DB68984715B90025284670BDD4F8683189
:10521000186803685B6A9847064611E0D4F868315D
:10522000186803685B6A9847801BB0F57A7F4FF077
:105230000A01E9D2D4F8683118680368DB69984735
:10524000236820461B69984705460028E6D1DAE71F
:1052500000B585B0B9B904AA012302F8011DD0F840
:1052600068011521CDE90033FDF704FB9DF80F30EF
:1052700000EE103AB8EE400AFEEE007A20EE270A61
:1052800005B05DF804FB01F08BFAC0B206F050FFE8
:105290000022054B06F0B6FF07F0C6F900EE100A33
:1052A00005B05DF804FB00BF0000E0BF30B5FDEEC7
:1052B000C07A2DED048B17EE903A85B0A3F28632BA
:1052C00000211A2A0546ADF808100BD84EF6E11356
:1052D000ADF80830284602A901F00AF905B0BDEC86
:1052E000048B30BDA3F25F32072A04D84DF6D733C2
:1052F000ADF80830EEE7A3F20B32082A08D9A3F57F
:10530000EB72282A09D848F27513ADF80830E1E7A6
:105310004CF2C153ADF80830DCE7A3F5D7730A2B84
:1053200031D9B1EE049AB0EE408A30EE490AF5EE7A
:10533000008A20EE280A06F063FD38EE098AFCEEAA
:10534000C07A28EE280ACDED017A06F013FD9DF80B
:105350000440FCEEC07AE207CDED017A9DF80430FE
:1053600001D4013CE4B2D9075CBF0133DBB228466B
:1053700003A98DF80C408DF80D3001F0B9F805B097
:10538000BDEC048B30BD46F66B73ADF80830A1E779
:10539000F0B583B002AC002304F8013D0F4622466D
:1053A000012340F6D801064601F014F878B99DF8BB
:1053B000075077B925F01E0545F00805224630460E
:1053C000012340F6D8018DF8075000F0FBFF03B031
:1053D000F0BD45F01E05F1E7F0B583B002AC002347
:1053E00004F8013D0F462246012340F2367106467D
:1053F00000F0F0FF80B99DF80750012F0CBF05F0B9
:10540000FB0545F0040522463046012340F2367183
:105410008DF8075000F0D6FF03B0F0BDF0B585B0B1
:10542000044601F075F8F0B9D4F87C31D4F868116D
:10543000B3F5966F46D0FF260225B3F5167F4FF0E1
:105440000303039000930846CDE901564FF004038F
:1054500047D0082240F2D161FDF744FA024630B14C
:10546000104605B0F0BD0022104605B0F0BDD4F8DE
:1054700068010423CDE90262CDE9005540F69B01A5
:10548000FDF730FA02460028EAD10427D4F8680173
:105490000392CDE90156102200973B4640F6B80131
:1054A000FDF720FA02460028DAD1D4F86801062375
:1054B000CDE90262CDE9007540F2AC61FDF712FA68
:1054C0000246CDE70423FF25022402460390CDE9DE
:1054D00001450846009340F6B801FDF703FA02467D
:1054E000BEE7182240F2D161FDF7FCF90246002820
:1054F000B6D10423D4F868010392CDE901561A46C7
:10550000009540F69B01FDF7EDF902460028A7D172
:105510000427D4F868010392CDE9015600973B4671
:1055200040F6B801FDF7DEF90246002898D1D4F81C
:1055300068010623CDE90262CDE90075502240F2F0
:10554000AC61FDF7CFF902468AE700BF2DE9F041D3
:10555000044684B0D0F868018846FCF727FBD4F8ED
:1055600068311868596AD0E900329B689847D4F8C6
:1055700068311868D96AD0E900329B689847D4F836
:1055800068314D4A10211974D4F8683108215974D2
:10559000D4F868110123CB74D4F868111D20088158
:1055A000D4F868110D204881D4F8681100258D8148
:1055B000D4F86811C020C881D4F868110B71D4F8F0
:1055C00068315A61D4F858710A26237B002B46D1E2
:1055D0006B4610224FF44871D4F86801CDE90055AC
:1055E000CDE90255FDF7F2F869460622384607F084
:1055F000BFFF0A21F8B994ED540AB5EEC00AF1EEE6
:1056000010FA06DD41F28831204601F073FF0546AD
:1056100068B94146204602F097F8054620BB94F849
:105620005431002B40D1204601F0D2FE05462846D9
:1056300004B0BDE8F081D4F8683118680368DB690C
:105640009847731E13F0FF06BFD1D4F86801FCF72A
:10565000C3FA6FF00105284604B0BDE8F0810121CE
:105660002046FFF7ADFDB3E7236820461B69984746
:10567000204601F0B3F8114B9D42D8D18306D6D510
:105680009FED0F0A41F2883184ED540A204601F063
:1056900031FF05460028CAD14146204602F054F8A1
:1056A00005460028C3D1BAE7204601F08DFE054625
:1056B000284604B0BDE8F081013F03003DFDFFFF37
:1056C00000000000F0B52A4DC0F874511D460623B5
:1056D000284E80F85C310F460023FF2183B0C0F8CC
:1056E0006C61C0F89C11A0F87251C0F8943180F838
:1056F0007031012104461646FFF728FF08B103B0B8
:10570000F0BD02463946204601F0D8F90028F6D10E
:1057100031464422204601F007FA0028EFD12368E1
:1057200029461B6E204698470028E8D19FED120AB3
:10573000204601F01DFA0028E1D10121204601F0A8
:10574000AFFF0028DBD10123009341F60F5241F255
:1057500021030221204601F075FD0028CFD12368E6
:105760001B6D0146204603B0BDE8F040184700BF5E
:105770000000FA43090300010000704270B545F2D1
:1057800055332DED048B4CF6CC42C0F87C311A23F6
:105790003A4EC0F8802180F885310922062384B072
:1057A0000D46A0F88C11C0F8906180F8862180F831
:1057B000873100210446B0EE408AF0EE608AB0EEF8
:1057C000419AFFF7C3FE18B104B0BDEC048B70BD65
:1057D0002368B0EE480A1B6C204698470028F3D196
:1057E0002368B0EE680A5B6C204698470028EBD12E
:1057F000B0EE490A204601F01DFC0028E4D19FEDDF
:10580000200A204601F0B4F90028DDD1236829469A
:105810001B6E204698470028D6D11A4A2368908AE2
:10582000DB6D04A9022221F8040D204698470028C8
:10583000CAD1236801469B6C204698470028C3D1F3
:1058400023680146DB6C204698470028BCD1FF2125
:10585000204601F075FD0028B6D10125009541F2E2
:10586000210341F60F520221204601F0EBFC0028F3
:10587000AAD12946204601F013FFA5E733331C4384
:1058800000007042B8F7030010B502212DED028B25
:105890000446B0EE408AFFF759FE10B1BDEC028B12
:1058A00010BD2368B0EE480A1B6C204698470028BC
:1058B000F4D1BDEC028B20460121BDE8104001F07F
:1058C000EFBE00BF70B50D4686B080F8AF31032142
:1058D00004461646FFF73AFE08B106B070BD9FEDCC
:1058E0001F0A204601F044F90028F6D10121204684
:1058F00001F0D6FE0028F0D1CDE90300CDE901008A
:105900000090034602460146204600F0CBFE0028E8
:10591000E3D10B22236884F88501C4F8800184F860
:1059200086211B6C9FED0E0A204698470028D4D193
:10593000032E0DD8092D84F8A8610CD803224FF44A
:10594000807384F8A95184F8AA21A4F8B831C4E777
:105950006FF00900C1E76FF00700BEE7000070427A
:105960000000FA3E2DE9F04FADF52B7D1C46059069
:105970000892D2B18D18013D0139601EFF231A1122
:1059800011F8016F82EA531282EAD3025E4002F0FC
:10599000010282EAD312370942EA430347EA0616B4
:1059A0008D42DBB200F8016FE9D1DDF820C0CE48AE
:1059B00062464FF6FF7E0025102747F25B562146D0
:1059C000C0E9016E0770961C6746C56002F072F868
:1059D000E319C0F30722E255294658704FF41872B4
:1059E000F300A55512A81E46099307F07FF803217E
:1059F000BE480B9502F0ACF80BAB0093B21D12AB96
:105A00002146BA4802F0A8F82946FF22204607F0AE
:105A10006DF8059B93F8A8C1BCF1030F00F04C8210
:105A2000B34BDDF82C800FCB0EAF3E4607C626F8F1
:105A3000023BBCF1020F4FEA134333709CBFAD4BE6
:105A400013F80C50B8F1000F00F0398200218A469B
:105A500008464FF001096FEA0A0303F0070317F83D
:105A600000C0CA4309FA03F34FEAD10E4FEADA063F
:105A700002F007025BB2BCF1000F12D00DF1480C2E
:105A80000AF1010A1CF80EC014F906E04CFA02F201
:105A900012F0010F43EA0E020ABF2EEA0303A255D9
:105AA000A3550130A84200F0B38101318845D2D11D
:105AB0000AF10702D208214612A8CDF82CA006F060
:105AC000F1FF059B93F8AA31C3EBC30203EBC202BB
:105AD000520092B29446BAF1000F00F08780002283
:105AE000013292B202FB02F15145F9D30FFA8AF169
:105AF0004FEA420E00294FEA520204911FFA8EFE2D
:105B0000079273DD0020CDF808A0039007464FF000
:105B10000109E2464FEADA026FEA0A03A15CCDF816
:105B200018A003F0070309FA03F321EA03010AF1BD
:105B30000103A154DA10DB43A15C03F0070309FA67
:105B400003F321EA0303A354049B6FF00208302BF4
:105B5000A8EB0A08A8BF30230AF1020BDDF81CA04D
:105B60009C460026C0F3CF0212A9A8EB06038D5C69
:105B70000BEB0601C910C24303F0070302F0070252
:105B800045FA02F209FA03F365565BB212F0010F0F
:105B900025EA030208BF62547044029A18BF2B43DF
:105BA00080B218BF635490420AEB070309D39FB237
:105BB000039BBE4503F101039DBF9FB23846039787
:105BC0003846013633B26345CCDB049BDDF818A0C0
:105BD000303B1BB20CF1020CE244002B04931FFA81
:105BE0008AFA97DC059B93F8AA31D446059A9DF86A
:105BF000207092F8A851B2F8B80192F8AF6192F80B
:105C0000A9118DF83070EA0042EA8602061146EAD0
:105C1000411642EAD1026FF0710101FB03C142F06B
:105C200002028DF83260304E8DF831202F270201AC
:105C30004FF0FF0C08200B910021D2B23070C6E962
:105C4000017CF160002B00F0ED80DFF8B090029154
:105C50000E4609F1280AA9F127080EAF0125013BDC
:105C60005B1A22F00C0242EA83030CA904221E48AC
:105C70008DF8333001F01EFF4FF0000B8DF834002B
:105C800002211A48A7F808B0C7E900BB01F060FF7D
:105C90003B4628220CA9CDF800B0144801F05CFF67
:105CA0003B4628220CA9CDF800B0104801F054FF63
:105CB000F208F343A15C104803F0070305FA03F36D
:105CC00021EA0301731CA154DA10DB43A15C03F049
:105CD000070305FA03F321EA030306F1020CA354B8
:105CE0006FEA0C0C0CE000BFEC800020E880002084
:105CF000C8F80300ECF80300EFF8030017F90300FD
:105D00004378C21CD908A2EB0802324417F801E01C
:105D1000D208DB430CF0070103F007034EFA03F34C
:105D200005FA01F114F902E013F0010F49B24EEA4D
:105D3000010300F101000ABF2EEA0101A354A1549E
:105D400048450CF1FF3CDBD106F14A0C5D486FEA97
:105D50000C0C437800F12302D908A2EB080232446C
:105D600017F801E0D208DB430CF0070103F007034A
:105D70004EFA03F305FA01F114F902E013F0010FF2
:105D800049B24EEA010300F101000ABF2EEA010107
:105D9000A354A15450450CF1FF3CDAD16FF02A0E08
:105DA000DDF814C00396AEEB060E06F12A0B0020B8
:105DB0000CEBD00200EB0B0192F8AB61C908AEEB23
:105DC0000003C24303F0070302F0070246FA02F29F
:105DD00005FA03F3665612F0010F5BB246EA0302BE
:105DE00000F101000ABF26EA03036254635420282D
:105DF000DED1059B029A039E93F8AA3101327236D6
:105E000093420292B6B20AD99DF83320029926E74E
:105E1000013141454FF000007FF41DAE48E6059A80
:105E200092F8A851099A063292B2032D06D8DFE8FB
:105E300005F03934310202EB420292B2224DA5FB49
:105E40000210400902F12F0400EB800100EB40003A
:105E5000A2EB0012A5FB045401EB8101B69803EB01
:105E60005413490092B203608BB212B102321A4449
:105E700093B2059A92F8AA11722212FB0133B599D6
:105E8000DA1D0B60B49BD20800201A600DF52B7D43
:105E9000BDE8F08F520092B2D0E702EB4202C2F3AB
:105EA0004F02CBE702EB4202520008490432A1FB49
:105EB0000212C2F38F02C1E7DDF82CA002E6C2464F
:105EC0004246F8E517F90300ABAAAAAACDCCCCCC80
:105ED00070B4524D524B8BB0064603930FCD05ACB8
:105EE0000FC42A6896F8A93196F8AF1122600AAA61
:105EF00002EB430300294FF0060243F63611ADF8DA
:105F000010104848A6F8B22114BF0821342149F2E4
:105F10008E5233F8143CB3FBF1F33C2B0290ADF8F6
:105F20000420A6F8B03109D02ED9B92B68D01DD8DD
:105F3000562B48D0632B46D03E2B20D1B6F8B83133
:105F40000AAA02EB931203F03F0112F81C2CA6F8E8
:105F5000B421B3F5C07F4FF03802A6F8B611A6F809
:105F6000B2210CD200200BB070BC7047B3F5C37FD8
:105F70003AD040F29312934236D0C62B40D06FF005
:105F800069000BB070BC70471C2B06D016D9232BB0
:105F900003D02F2B01D01E2BF1D1B6F8B8310AAAAD
:105FA00002EB9311B3F5C07F03F03F0211F81C1C04
:105FB000A6F8B411A6F8B621D4D3E0E70A2BECD0AA
:105FC000162BDCD1E9E7B6F8B8310AAA02EBD312F6
:105FD000002012F8202CA6F8B42103F07F03A6F8C5
:105FE000B6310BB070BC7047B6F8B831A6F8B63110
:105FF0004FF484720020A6F8B4210BB070BC704737
:10600000B6F8B8310AAA02EB1322DBB212F8242C3C
:10601000A6F8B421A6F8B631A4E700BFD8F803006B
:10602000212D30334144474810B4B0F8B231B0F8B4
:10603000B621B0F8B04103F001015B0819B1B0F826
:10604000B4114B409BB29A4282EA030107D0A142AD
:10605000F1D8A0F8B2315DF8044B08467047A3426E
:1060600001D91346E7E7A0F8B231194608465DF8B2
:10607000044B7047D0F8C031002B00F08680F0B59B
:10608000B0F8B231B0F8B641B0F8B05183B003F017
:1060900001025B081AB1B0F8B42153409BB29C4294
:1060A00084EA030269D0AA42F1D8013A92B214B24A
:1060B000B4EB550FA0F8B23190F8AF31A8BF521B26
:1060C00005F00105A8BF14B20135002B59D11A23E0
:1060D00003FB05F54FF4D043D0ED587A9FED357AA8
:1060E000D0F8C46190F8AA2167EE877A9642FCEE58
:1060F000E77A17EE907A03FB1473A3EB452504D2DD
:10610000921BD30758BF05F5807501EB4106044685
:106110002A0E280C760004230F464FEA152C8DF822
:1061200004208DF8050006F28A310DEB03022046AB
:106130008DF807508DF806C000F044F9D8B937BB88
:106140007320054606F562718DF8010000260223D2
:106150006A4620468DF8006000F034F958B904F51D
:10616000DE710EC94D1B013A0133C4F8BC51C4F8AD
:10617000C021C4F8C43103B0F0BDAB4212D92346EC
:1061800085E7AD004FF48053A6E71846704794F8B2
:10619000AA31BB4208D8D4F8BC01312807D885B24F
:1061A000C0B2CFE71A4680E772200546CAE7322020
:1061B0000546C7E700008049014801F0C5BC00BFA3
:1061C000E880002030B5012185B00446D0F8680190
:1061D000FCF706FD04AA042302F8013D0023D4F8CD
:1061E00068018421CDE900330123FBF727FFD4F8B0
:1061F00068310546186803680121DB69984728461D
:1062000005B030BD30B5044685B00121D0F8680135
:1062100094F84D51FCF7E4FC0023D4F868011A46C9
:10622000CDE900331946FBF709FF04AA0123D4F88E
:10623000680102F8045D8021CDE90033FBF7FEFE22
:1062400005B030BD30B5044685B00D46D0F86801C4
:106250000121FCF7C5FC0023D4F868011A46CDE9FA
:1062600000331946FBF7EAFE04AA0123D4F86801BB
:1062700002F8045D8021CDE90033FBF7DFFE05B0B5
:1062800030BD00BF30B585B001230D0C0C0A8DF870
:106290000E10D0F868018DF80C50CDE9003303AA38
:1062A000032383218DF80D40FBF7C8FE05B030BDF8
:1062B00030B585B000220123D0F868018DF80E10AA
:1062C0000D0C01920C0A009303AA032382218DF87E
:1062D0000C508DF80D40FBF7B1FE05B030BD00BF8E
:1062E000F0B585B0DDED0B7A9FED277A9DF828603B
:1062F000F8EE677A054667EE877A95F86C41FCEE12
:10630000E77AFF2917EE900A4FEA10478DF80C70D4
:106310004FF002078DF80E0004F10D044FEA102033
:106320008DF8087018BF8DF80810FF2A8DF8094005
:106330008DF80D0018BF8DF809200A20FF2B4FF0B3
:106340000104ADF80A0002AA18BF8DF80A30D5F88A
:106350006801FF2E4FF00703CDE900444FF088019C
:1063600018BF8DF80B60FBF769FE034640B9D5F8FE
:1063700068011A46CDE90044C521FBF75FFE0346DC
:10638000184605B0F0BD00BF6F12833D10B5002464
:1063900084B061F3070463F30F249DF81830D0F83C
:1063A000680162F3174404AA63F31F64012342F8EF
:1063B000044D9521CDE900330423FBF73FFE04B0E3
:1063C00010BD00BF08B5D0F86801FBF773FC0020D2
:1063D00008BD00BF38B504461D46D0F86801134615
:1063E0002A46FCF7F3F9D4F86801BDE83840FBF71A
:1063F000D3BF00BF10B586B00124D0F868018DF876
:10640000153000920B46CDE9014402220E2405A965
:106410008DF81440FBF7F4FE06B010BD10B586B041
:106420000124D0F868018DF8153000920B46CDE9B3
:10643000014402221E2405A98DF81440FBF712FD29
:1064400006B010BD70B51D4684B00123D0F86801B8
:10645000BDF820408DF80910CDE900330823D9405C
:106460008DF8081022FA03F18DF80F408DF80B20FB
:1064700025FA03F68DF80A10240A19460DEB0302DB
:106480008DF80D508DF80C608DF80E40FBF7D6FDA1
:1064900004B070BD30B5022385B001220C460D0A50
:1064A000D0F868018DF80D40CDE90022194603AA05
:1064B0008DF80C50FBF7C2FD05B030BD70B584B04F
:1064C00001230E0E0D0C0C0A8DF80F10D0F8680188
:1064D0008DF80C60CDE9003303AA042386218DF8E2
:1064E0000D508DF80E40FBF7A9FD04B070BD00BF44
:1064F00000B5012383B00A46D0F868019821CDE9A0
:1065000000330223FBF79AFD03B05DF804FB00BFE4
:1065100000B585B004AAFF2302F8013D0123D0F89D
:1065200068011121CDE90033FCF7A4F99DF80F00B3
:1065300005B05DF804FB00BF30B585B001230D4602
:1065400004468DF80D20D0F868018DF80C50CDE987
:10655000003303AA02238E21FBF770FD08B984F8EB
:10656000985105B030BD00BF30B585B090F8784186
:106570009DF820509CB190F86C4190ED5D6A01252A
:1065800005FA04F407EE904AF8EE677AB3EE007A63
:10659000C7EE866AF4EEC76AF1EE10FA18DB80F8EF
:1065A0006E51002461F3070462F30F2463F3174470
:1065B00004AA65F31F64012342F8044DD0F8680172
:1065C0008B21CDE900330423FBF738FD05B030BD46
:1065D000002580F86E51E4E770B584B0D0F868010A
:1065E000089C8DF80B208DF80C3001220B0CCDE9A6
:1065F00000228DF808300A0A08238DF80A108DF859
:106600000920260C250A0DEB03028B218DF80F4083
:106610008DF80D608DF80E50FBF710FD04B070BDC5
:1066200030B585B001238DF80F200D0C0C0A8DF8C4
:106630000E10D0F868018DF80C50CDE9003303AA94
:1066400004238B218DF80D40FBF7F8FC05B030BD1D
:106650002DE9F04385B00C469DF834509DF830800C
:10666000294616461F468146FEF7B6FEB0B90123FD
:10667000D9F868018DF80940CDE90033240A0623D2
:1066800002AA8C218DF808408DF80A808DF80B70D5
:106690008DF80C608DF80D50FBF7D0FC05B0BDE80F
:1066A000F08300BF70B586B00C0A8DF80E20012271
:1066B0008DF81330D0F868019DF828309DF83060CF
:1066C0008DF80D10CDE900229DF82C209DF8345056
:1066D0008DF80C408DF80F309DF838408DF8102063
:1066E000092303AA8C218DF814608DF811508DF8C0
:1066F0001240FBF7A3FC06B070BD00BF70B584B0BC
:106700000546BDF820408DF808108DF80A2019467E
:10671000120A01238DF809200A0AD0F868018DF8C1
:106720000C10260A8DF80B20CDE9003302AA8C212B
:106730008DF80E408DF80D60FBF780FC044638B9EB
:10674000D5F8680106230DF10902F021FBF7B2FA32
:10675000204604B070BD00BF00B585B001238DF8A0
:106760000C108DF80D20D0F8680103AACDE9003394
:106770008F210223FBF762FC05B05DF804FB00BF2C
:1067800000B585B004AA012302F8041DD0F8680101
:106790009621CDE90033FBF751FC05B05DF804FB11
:1067A00010B5012384B0002403AAD0F86801ADF825
:1067B0000C40CDE90033142103238DF80E40FCF783
:1067C00059F89DF80D309DF80C209DF80E001B0225
:1067D00043EA0243184304B010BD00BF00B585B0C2
:1067E00004AA002322F8043D0123D0F868011721F0
:1067F000CDE900330223FCF73DF89DF80C009DF82D
:106800000D3043EA002005B05DF804FB00B585B00B
:1068100004AA002322F8043D0123D0F868010721CF
:10682000CDE900330223FBF709FC05B05DF804FB5A
:106830002DE9F041D0F868311C680F46596A236889
:1068400005469A6D5E6920469047D5F868311B6809
:1068500001463A462046B4465B69BDE8F0416047D0
:1068600070B5D0F868311C68596A236820469A6D63
:106870009D6990472B4601462046BDE87040184769
:1068800030B583B00D460446FFF742FE012814D10F
:106890006B1F072B0ED894F86E0194F86D3194F8A5
:1068A0005C2184F86C51294600902046FFF75CFE7D
:1068B00003B030BD6FF00800FAE76FF01300F7E7A0
:1068C00010B52DED028B82B0B0EE408A0446FFF782
:1068D0001FFE80BBB5EEC08AF1EE10FA25D4DFEDC5
:1068E000177AB4EEE78AF1EE10FA21D4DFED147ACC
:1068F000B4EEE78AF1EE10FA1ADC9FED120A28EEE8
:10690000008AFCEEC87A17EE900AC4F8800194F869
:10691000853194F88621D4F87C1100902046FFF749
:106920005BFE02B0BDEC028B10BD40F27520ECE7BF
:106930006FF06500F5E76FF01300F2E79A99193FE1
:10694000000048436F1283442DE9F04102680F4D67
:10695000D2F8DC40AC4215D1D0F868311D680E4643
:10696000596A2B6804469A6D5F6928469047D4F8A7
:1069700068311B68014632462846BC465B69BDE863
:10698000F04160472346BDE8F041184731680300F5
:1069900002680B49D2F8E0208A420FD170B5D0F8D6
:1069A00068311C68596A236820469A6D9D69904732
:1069B0002B4601462046BDE870401847104700BFEF
:1069C0006168030030B52DED028B85B0B0EE408AD2
:1069D0000446FFF79DFD012868D1B5EEC08AF1EEAF
:1069E00010FA49D4DFED337AB4EEE78AF1EE10FA0B
:1069F00042DCDFED317AB6EE007AE8EE077AFCEEA3
:106A0000E77ACDED037A9DF80C300F2B3AD00AD9F6
:106A10003E2B43D022D97D2B38D0FA2B2CD1062007
:106A200084F85C0109E0052B34D01FD9072BF7D07F
:106A30000A2B21D1092084F85C0194F86E5194F856
:106A40006D3194F86C1184ED5D8A02460095204604
:106A5000FFF78AFD05B0BDEC028B30BD142B21D0B1
:106A60001F2B09D1032084F85C01E6E7032B03D137
:106A7000002084F85C01E0E76FF0070005B0BDEC92
:106A8000028B30BD022084F85C01D6E7052084F833
:106A90005C01D2E7082084F85C01CEE7042084F88A
:106AA0005C01CAE70A2084F85C01C6E76FF01300B6
:106AB000D0E700BF0000FF430AD7233C70B582B087
:106AC0000D4616460446FFF723FD012828D1281F4E
:106AD000C3B2042B21D86EB984F86D3194F86E01DD
:106AE00094F85C2194F86C1100902046FFF73CFD6F
:106AF00002B070BD042810D8DFE800F00B07070FC4
:106B00000300072384F86D31E8E784F86D512B46C4
:106B1000E4E7002384F86D31E0E76FF00900E7E770
:106B20006FF01300E4E700BF2DE9F04182B00E469C
:106B300017468046FFF7ECFC012815D126F00F051B
:106B400007F00F0445EA171544EA061440460223ED
:106B500001AA4FF4E8618DF804508DF80540FFF765
:106B600031FC02B0BDE8F0816FF01300F9E700BF1F
:106B7000B5EEC00AF1EE10FA1BD4DFED0F7AB4EED9
:106B8000E70AF1EE10FA14DC00B5DFED0C7A20EE26
:106B9000270A83B0FCEEC07A02AA17EE901A0123EE
:106BA00002F8011D40F6E701FFF70CFC03B05DF8A9
:106BB00004FB6FF01000704700000C43CDCCCC3EBE
:106BC00000B583B002AA002302F8013D40F6E701B8
:106BD0000123FFF7FFFB9DF8073000EE103AB8EEF7
:106BE000400AF0EE047A20EE270A03B05DF804FBB9
:106BF000F0B587B00D460446FFF78AFC012833D074
:106C0000002843D194F88801ABB28342A8BF034661
:106C1000A9B21F2BA4F88C1116DD072294F88A5113
:106C200084F8842194F8873194F88971ADB994F887
:106C30009CC100900026CDE9035C02972046019696
:106C4000FFF730FD07B0F0BD172BDAB208DC0F2AD2
:106C500008D8002A18BF0422E0E74FF0FF0CE8E74D
:106C60000622DBE70522D9E794F8A01194F8700119
:106C700094F89C3194F86F210191A9B2A4F8721193
:106C800000902046FFF7E4FC07B0F0BD4FF0FF3066
:106C9000D8E700BF10B52DED028B82B0B0EE408A70
:106CA0000446FFF735FC90B3032822D002284FD1C9
:106CB000DFED297AB4EEE78AF1EE10FA45D4DFED84
:106CC000277AB4EEE78AF1EE10FA3EDC9FED247AE3
:106CD000C7EE087A16222046FCEEE77A17EE901AE5
:106CE000C4ED5F7AFFF79CFC38B302B0BDEC028BB9
:106CF00010BDDFED1C7AB4EEE78AF1EE10FA24D471
:106D0000DFED197AB4EEE78AF1EE10FA1DDC9FEDA3
:106D1000147AD4F8800194F8853194F88621C7EE6E
:106D2000087AFCEEE77AC4ED5F7A17EE901A0090CD
:106D30002046FFF751FC0028D7D1204602B0BDEC19
:106D4000028BBDE81040FEF769BB6FF06400CCE732
:106D50006FF01300C9E700BFCDCCCC3D9A99193F25
:106D600000007A4923DBF93E355EFA3E70B52DED21
:106D7000028B88B003AC84E80E0003689DED048AA2
:106D8000D3F8CC309DF838600DF11F0105469847C7
:106D9000044658B9032E9DF81F3015D0B34212D0C7
:106DA0002B6828461B69984728B10446204608B03E
:106DB000BDEC028B70BD2B683146D3F8C830284635
:106DC00098470028F1D13346002B5AD0012B14D01C
:106DD000022BEBD14FF4807300939DF80D209DF8AA
:106DE0000C1003232846FEF7C5F904460028DDD120
:106DF0009DF80E3085F8AF31D8E72B684B4AD3F8B1
:106E0000E8309DF80C40934279D12846FFF780FB8B
:106E100001287FD1631F072B00F2828095F86E0155
:106E200085F86C4195F86D3195F85C21009021460C
:106E30002846FFF799FB0446002CB7D12B68B0EE2B
:106E4000480AD3F8E4302846984704460028ADD1D4
:106E500028469DF81440FFF75BFB01285AD1231FF9
:106E6000DBB2042B5FD895F86E0195F85C2195F89C
:106E70006C1185F86D3100902846FFF775FB0446CC
:106E800094E72B689DED030A1B6C2846984704463F
:106E900000288BD12B68264A5B6C934234D128465C
:106EA000FFF736FBB0BBB5EEC08AF1EE10FA23D483
:106EB000DFED207AB4EEE78AF1EE10FA2DD4DFEDA3
:106EC0001E7AB4EEE78AF1EE10FA26DCDFED1B7ACB
:106ED00028EE278AFCEEC87A17EE900AC5F88001E2
:106EE00095F8853195F88621D5F87C1100902846D3
:106EF000FFF772FB044659E740F27520EEE72146A2
:106F000028469847044697E7B0EE480A284698472F
:106F100004464BE76FF0130448E76FF0650445E75C
:106F20006FF0080442E76FF009043FE7816803004F
:106F3000C16803009A99193F000048436F128344C7
:106F400000B52DED028B85B00DF1100C0CE90E0093
:106F50009DF820309DED028A032B2DD04FF0FF309D
:106F60001BBBDDED017A9FED2F7AF4EEC77AF1EECF
:106F700010FA4BD4DFED2C6AF4EEE67AF1EE10FA5B
:106F800044DCB4EEC78AF1EE10FA42D4DFED277A82
:106F9000B4EEE78AF1EE10FACCBF6FF06500002086
:106FA00005B0BDEC028B5DF804FB012B10D005B0E1
:106FB000BDEC028B5DF804FB036808A9D3F8CC3064
:106FC00098470028F3D19DF82030002BEDD1C8E779
:106FD0009DF80430053B072B21D8B5EEC08AF1EEB1
:106FE00010FA19D4DFED127AB4EEE78AF1EE10FA56
:106FF00012DC9DF80C30043B042B94BF00206FF092
:10700000090005B0BDEC028B5DF804FB6FF0640075
:10701000CDE76FF06500CAE76FF00700C7E76FF0D4
:107020000800C4E79A99193F0000964300004843BE
:107030000000FF43F0B52DED028B93B0B0EE408A17
:107040000746FFF765FA002848D1274C05460FCCC4
:1070500002AE0FC694E8030046F8040B383C3170CA
:107060000FCC08AE0FC60FCCB2EE040A28EE008A91
:107070000FC6BCEEC88A94E8030018EE103A86E802
:1070800003009BB2284608AA32F8021B8B421ED38B
:1070900001301428F8D107EE903A9FED147AF8EEFB
:1070A000E77AF4EEC77AF1EE10FA1AD8092387F8D6
:1070B0008531D7F8800197F88621D7F87C110090A8
:1070C0003846FFF789FA13B0BDEC028BF0BD12AB66
:1070D000184410F8403C87F88531EAE76FF0130058
:1070E000F1E76FF06700EEE768F9030000F0914503
:1070F00030B583B00C460546FFF70AFA08B10328FD
:1071000026D1042C27D8DFE804F013171B1F030037
:107110000B2485F88641D5F8802195F88531D5F87E
:107120007C11009228462246FFF756FA03B030BD84
:10713000002385F88631EEE7082485F88641EAE7E2
:10714000092485F88641E6E70A2485F88641E2E7C6
:107150006FF01300EAE76FF06900E7E7F0B589B078
:107160000E4614460546FFF7D3F970BB082C32D8FB
:10717000E4B2324623464FF4D8612846FFF722F99D
:1071800058BBB5F88C11E400E4B2A1420B46A8BF8D
:1071900023461F2B85F888413DDD072295F88A019B
:1071A00085F8842195F8873195F88971002842D1B6
:1071B00095F89CC102970026CDE9030C009428465F
:1071C0000196FFF76FFA09B0F0BD012807D0032838
:1071D0002DD1042C28D06FF0680009B0F0BD012C2F
:1071E000F9D828463478FFF793F901281FD124F005
:1071F0000F032401284644F0040443F0040507AAC1
:1072000002234FF4E8618DF81C508DF81D40FFF704
:10721000D9F809B0F0BD172BDAB20FDC0F2A0FD85E
:10722000002A18BF0422B9E73368C5F8AB316FF004
:10723000130009B0F0BD4FF0FF0CBBE70622ADE72D
:107240000522ABE72DE9F04188B00D4616461F46F2
:1072500004469DF83880FFF75BF900283FD1012DE7
:1072600059D062D3022D51D1B8F1000F61D0062060
:1072700084F8870194F88A31B4F88C1194F8842149
:1072800094F888C194F889E1002B4BD194F89C8143
:10729000CDF808E00025CDE90338CDF800C003465D
:1072A00001952046FFF7FEF968BB350A07AA0223BD
:1072B00040F2BC6120468DF81D608DF81C50FFF730
:1072C00081F800BB07AA204602233C0A40F2BE61B7
:1072D0008DF81D708DF81C40FFF774F813E001283D
:1072E0002BD194F8A02194F8700194F89C31B4F853
:1072F000721101922A1C18BF012284F86F2100909C
:107300002046FFF7A5F908B0BDE8F0816FF42F70B3
:1073100008B0BDE8F081B8F1000FA9D0042084F8CE
:107320008701A7E74FF0FF08B2E7012084F8870143
:10733000A0E784F8875128469CE74FF0FF30E2E74A
:10734000F0B587B00D460446FFF7E2F8C8B994F8E7
:1073500089C194F8887194F8873194F88421B4F83D
:107360008C11019001260495CDE902C600972046B4
:10737000FFF798F918B984F88A61C4F89C5107B0EE
:10738000F0BD6FF01300FAE710B582B00446FFF7C6
:10739000BFF8012814D194F8A03194F86F21B4F803
:1073A00072110193002300932046FF23FFF750F949
:1073B00020B9FF2384F87001C4F89C3102B010BDDD
:1073C0006FF01300FAE700BF0021FFF7D9B900BF43
:1073D0000121FFF7D5B900BFF0B589B00D460446CD
:1073E000FFF796F8002855D1DDB994F88A0184F8A2
:1073F0008951B4F88C1194F8842194F8873194F869
:10740000886160B994F89C7100960025CDE9030766
:10741000CDE901552046FFF745F909B0F0BDFF273A
:10742000F2E7012384F8893107AA4FF4D761204697
:10743000FEF7D0FF0028F0D19DF81C5025F0010583
:1074400045F00105FF2607AA02234FF4D761204625
:107450008DF81C508DF81D60FEF7B4FF0028DCD1BC
:1074600094F88A01B4F88C1194F8842194F8873147
:1074700094F8887194F889C108B994F89C61CDF8A2
:1074800008C00025CDE90306009720460195FFF7C7
:1074900009F9C2E76FF01300BFE700BFD0F8680139
:1074A000FBF764BB10B50446FFF732F801280ABFAA
:1074B00084F878016FF01300002010BD30B583B060
:1074C0000D460446FFF724F8012810D194F8700106
:1074D00094F89C3194F86F21B4F8721184F8A0519B
:1074E000CDE900052046FFF7B3F803B030BD6FF0DB
:1074F0001300FAE730B52DED028B036885B01B69E8
:107500000446B0EE408A0D4698472046FFF766F9DC
:10751000830654D49FED587AF0EEC87AF4EEC77A19
:10752000F1EE10FA4FD9DFED557A78EE677AF0EE8A
:10753000E77AF4EEC77AF1EE10FA26D800238DF838
:107540000C3007EE905A9FED4E7AC4F89451F8EE45
:10755000677A012367EE877AD4F86801FCEEE77A50
:10756000CDE9003317EE901A04230D0C0C0A8DF8A8
:107570000F1003AA97218DF80D508DF80E40FAF7E1
:107580005DFD05B0BDEC028B30BDDFED3E7A78EEDF
:10759000677AF0EEE77AF4EEC77AF1EE10FA1AD9CC
:1075A000DFED397A78EE677AF0EEE77AF4EEC77AB3
:1075B000F1EE10FA13D802238DF80C30C1E7204603
:1075C000FFF724F9A6E720460121FDF7F9FD05B0F4
:1075D000BDEC028B30BD01238DF80C30B1E7DFED3F
:1075E0002B7A78EE677AF0EEE77AF4EEC77AF1EE6E
:1075F00010FA0ED9DFED267A78EE677AF0EEE77AA8
:10760000F4EEC77AF1EE10FA07D804238DF80C30A7
:1076100097E703238DF80C3093E7DFED1E7A78EEC1
:10762000677AF0EEE77AF4EEC77AF1EE10FA03D853
:1076300005238DF80C3084E7F0EE087A78EE677A4F
:10764000F0EEE77AF4EEC77AF1EE10FA03D80623EB
:107650008DF80C3075E7DFED107A78EE677AF0EE92
:10766000E77AF4EEC77AF1EE10FA03D807238DF823
:107670000C3066E7094884E76F12833ACDCCCC3FE3
:107680006F12833D9A99D93F6666E63FCDCC0C4098
:107690009A991940CDCC2C403333534041FDFFFF24
:1076A00010B584B0D0F8684180F8991104AA01237C
:1076B00002F8011D2046CDE900339D21FAF7BEFCFA
:1076C00004B010BD2DE9F04784B004AC002504F8E7
:1076D000015D8946164698462246012340F6E70199
:1076E00005469DF83070FEF775FE10B104B0BDE898
:1076F000F0874FF0010A43463A463146CDF800A0E4
:107700002846FEF743FE0028F0D15FFA89F10422F3
:107710002846FEF711FF0028E8D1534622462846A6
:1077200040F6E701FEF74EFEE0E700BFDFED057A29
:1077300080ED580A20EE270AFCEEC07A17EE901A68
:10774000FEF7BCBE000080492DE9F041037B84B008
:1077500006460C4623B100221146FEF7FDFF00BB92
:1077600004AFD6F8680107F8084D01243A46CDE980
:10777000004423468A21FAF761FC90B996F84D310E
:10778000D6F868010194002B14BF3025202523462C
:1077900000943A4693218DF80850FAF74FFC0346BF
:1077A00010B104B0BDE8F08196F86C21D6F86801FC
:1077B000ADF80C300D3203218DF80E308DF8092014
:1077C0008DF80810CDE900440A2507233A468821A0
:1077D000ADF80A50FAF732FC80460028E1D1336850
:1077E00044F2FF31D3F8EC3030469847CDF80080B2
:1077F00005464346424641463046FEF723FE2843AF
:1078000000B20028CDD1D6F868112346CDE900405A
:107810003A4608467F2489218DF80840FAF70EFC85
:107820000028BED1D6F86831186803680521DB69E5
:10783000984705E0D6F86831186803685B6D98478B
:10784000D6F868311868D96A03681B699847002818
:10785000F0D1D6F86801FAF79FFDA2E76FF01800A3
:10786000704700BF6FF01800704700BF6FF018003E
:10787000704700BF6FF01800704700BF6FF018002E
:10788000704700BF6FF01800704700BF6FF018001E
:10789000704700BF6FF01800704700BF6FF018000E
:1078A000704700BF6FF01800704700BF84B004A895
:1078B00000E90E006FF0180004B070470020704718
:1078C000BBEE090A704700BF82B08DE80C000020B3
:1078D00002B07047002070476FF01800704700BF7B
:1078E0006FF01800704700BF00207047704700BF5E
:1078F000704700BF704700BF6FF01800704700BFAF
:107900000368044A5B69934202D16FF01800704724
:10791000002118477578030030B585B005680192DD
:107920000022CDE90222D5F8D0500C4A00919542B0
:107930008DF8083003D16FF0180005B030BD6A46ED
:1079400003210446A8470028F7D12368044AD3F846
:10795000D4309342EFD020469847EEE7F978030001
:107960006D78030070B505680E4ED5F8D05084B020
:10797000B5420192089A0091CDE9023203D16FF02D
:10798000180004B070BD6A4602210446A8470028CA
:10799000F7D12368044AD3F8D4309342EFD020467D
:1079A0009847EEE7F97803006D78030070B5114B46
:1079B00003600446012600210D460673282210307C
:1079C00005F094F8A563294604F13C004FF4807259
:1079D00005F08CF84FF07E53C4F83C51C4F8405188
:1079E00084F84451C4F8485184F84C51A66063604F
:1079F000204670BD8CF90300002370B41E4601259B
:107A000005FA03F20A4200EB830403F1010303D0F9
:107A100022691F2A18BF1643202BF1D1304670BCB3
:107A2000704700BF38B590F84C316BB9D0F83C5175
:107A3000D0F84821D0F8404141EA45010A40A2422D
:107A4000C0F83C112BD038BD90F83A5090F839303E
:107A5000054401249C4095F93C2064B2D1B922EA46
:107A60000402D2B285F83C20591CC9B2082980F81A
:107A70003910E8D10446104600F002F994F83A3083
:107A8000E1180022013381F83C0084F83A3084F890
:107A9000392038BD2243D2B285F83C20E4E70122E8
:107AA00080F83A3080F83B3080F8393080F84C214B
:107AB00038BD00BF2DE9F8435FEAC2090646846875
:107AC00020D0002588462F460FE031784B1E24FA3F
:107AD00003F313F0010F18BF736805F101054FEAB6
:107AE000440418BF5C404D450DD06B07EDD1337C8D
:107AF00018F807000137B3B93178A1F108039840AD
:107B00004440E3E70178F068737C604013B100F013
:107B1000B7F831784FF0FF33C1F1200123FA01F1BA
:107B20000840BDE8F883082100F0AAF8E4E700BFA8
:107B3000044B002208211970C3E90122DA601A748B
:107B40005A747047EC800020002202704270704727
:107B50000023417003707047002900F08A80002BD9
:107B600000F087802DE9F04F83B0002A7FD04FF0DE
:107B7000000890F801A0C346C146CDE900120AE012
:107B8000072C057050D0019A08F10108D1449045A6
:107B90001FFA89F950D04FEAD805009A0678575D48
:107BA0003549364A6FEA080404F007042741BAF160
:107BB000020F18BF964607F001074FEA960508BF67
:107BC0008E46C7F1010C5EF825504FEA8C0C6FEA27
:107BD000060E5FFA8CFC0EF0030E0CEBCE0C25FAB1
:107BE0000CF54FF0020204FB0AFC05F00F0404FA46
:107BF0000CF412FB06764BEA040B06F03F0508F086
:107C00000704BDD106F00F06072C0670BBD11C4639
:107C10004FEA1B2504F8025B83F801B090F801A03D
:107C200023464FF0000BAEE7BAF1030FEFD14FEA56
:107C30001B441C700133EAE718F0070F0BD0BAF1B0
:107C4000030F03D14FEA1B421A7001334FEA1B2284
:107C500083F801B01A700C9B2BB10020C3F8009080
:107C600003B0BDE8F08F184603B0BDE8F08F914631
:107C7000F1E74FF0FF30704768FA030078FA03002D
:107C800099B10022F0B405464F1E1046012606FAAF
:107C900002F32B40BC1AD3400132A340D4B2A1421C
:107CA00040EA0300F3D8F0BC70470846704700BFB5
:107CB000704700BF704700BF704700BF084670475D
:107CC000704700BFF0B4094C094F2568049EC3609B
:107CD000C0E901120599069A076000230661C0E910
:107CE0000512C36105B92060F0BC70470081002017
:107CF000C0FA030008B501210E2003F065FE012142
:107D00000E2003F0E5FE02211220BDE8084003F03A
:107D10005BBE00BF2DE9F84380460F46051D00F10C
:107D20000709002615F8011B0A22384600F038F82A
:107D30002E210446384600F02FF84D4520440644D5
:107D4000F0D198F8071038460A2200F029F830449C
:107D5000BDE8F883024A026000224260704700BF1B
:107D6000E8FB030010B4002461F3070462F30F245E
:107D70009DF80410044A63F3174461F31F64C0E9DB
:107D800000245DF8044B7047E8FB0300014AC0E99A
:107D900000217047E8FB030003681B68184700BF19
:107DA000F0B506688BB01AB9336898470BB0F0BDD0
:107DB0000AAF0B46D2B20021022A07F8041D05467D
:107DC0002CBF14460A241846B0FBF4F204FB12013F
:107DD000CBB2092903F130018ABF3733CBB2DBB212
:107DE000104607F8013D002AEED1384605F0B8FBF1
:107DF000736802463946284698470BB0F0BD00BF6D
:107E0000036870B505460C465E6849B1084605F042
:107E1000A7FB214602462846B0472B685E68044609
:107E2000284602220149B047204470BDECFB030004
:107E30000EB430B5C2B045A9054651F8042B0191E6
:107E40000B4602A84FF4807105F0DCFB2B6804465A
:107E500002A95B68284622469847204642B0BDE802
:107E6000304003B0704700BF114B124A1968BFF38E
:107E70005B8F4968BFF35B8F914200D070470E4A19
:107E8000D2F80015C9070FD530B40C4C01250020DD
:107E90004FF0FF312560C2F8000530BCC2F8601514
:107EA0001868044903F0ACBE1868024903F0A8BE84
:107EB00004810020546F6E650020024004200240BF
:107EC0002F2901D90020704770B5434E3368BFF3A6
:107ED0005B8F0C465B684149BFF35B8F8B4288B078
:107EE000054606D0306803F045FE10B9002008B002
:107EF00070BD3268394BBFF35B8F5268BFF35B8F45
:107F00009A4259D0364A374B52F82420698AEC7D80
:107F1000C3F860254FF0FF32C3F864250120C3F891
:107F20006825C3F86C250722C3F80005C3F80C25A3
:107F30000022C3F80425C3F8081505F11401C3F89D
:107F40001025C3F80042C3F80023C3F82015C3F876
:107F50004015C3F82405C3F84405A968C3F82815DB
:107F60002149EE682C8AC3F84865C3F82C25C3F86C
:107F70004C25C3F814450A600B680193019B4A60C5
:107F800004311A4B0968029102991A601968039129
:107F900003995A605968049104999A609968059107
:107FA0000599DA60D968069106991A6110331B6841
:107FB0000793079B08B070BD0A4BD3F80025D20782
:107FC000A0D50B4A0120106000214FF0FF32C3F80A
:107FD0000015C3F8602595E704810020546F6E6595
:107FE00020FB030000200240042102400C2102403B
:107FF000042002402DE9F843A1F1140446F2941341
:108000009C4215D8144606460D469AB94FF0000812
:108010004FF00009634C64492368BFF35B8F5B68D2
:10802000BFF35B8F8B421CD0206803F0A3FDC0B967
:10803000BDE8F883B2F57A7F09D202FB01F3B3F50C
:108040007A7F04D24FF001084FF00009E2E74FF4C5
:108050007A720023A4FB050104F036FB80468946B2
:10806000D8E72268504BBFF35B8F5268BFF35B8F3A
:108070009A42DDD14D4BD3F80025D20709D54C4AA1
:108080000120106000214FF0FF32C3F80015C3F843
:10809000602558EA09034749B1FBF5F189B230D1AF
:1080A000454F464B7982C7E900896FF07F486FF0F2
:1080B0007F4943EA5103C7E902894FF6FF70BB824B
:1080C000082204233882BA75FB7531463A48FFF717
:1080D000F7FE0028ACD023683349BFF35B8F5B68A1
:1080E000BFF35B8F8B4204D0206803F043FD002870
:1080F0009ED0BB7D03F1804303F5083301221A6053
:1081000096E742464B4600205B084FEA320252EAAD
:10811000030500F10100F7D1252889DC2748264F07
:10812000B9F1000F40EA510008BFB8F1010FB88261
:10813000C7E9008979822CD0404649460023490886
:108140004FEA300050EA010203F10103F7D11C4A63
:108150005B00A2FB03235B0801259D4018F1FF3063
:1081600049F1FF312A46002304F0AEFA72B96A08D9
:108170004FF00C0C6B1E9B1A0130013A1021FB6072
:108180003882BA6087F816C0F9759EE74FF0080C80
:10819000F0E7C7E9022301210C2210233982BA75C6
:1081A000FB7592E704810020546F6E650020024049
:1081B0000420024048E80100088100200080FFFF01
:1081C000ABAAAAAA024A034B92681A60704700BF82
:1081D000F4610020048100202DE9F0477C4F3D68C8
:1081E00006460C46904675B12F2E09D828F48073A8
:1081F000032BC8F3002224D0042B59D0022B3BD0F0
:108200000020BDE8F08729462022724804F06EFC69
:10821000714A7249724B0D604FF0FF30C2E90000A5
:1082200040224D60C3F88020BFF34F8FBFF36F8FA4
:108230006021C3F8802183F806131A6001233B6094
:10824000D2E74FF40037674B634853F8265090F954
:1082500000102B0203F47C5343F001038D4243EAE8
:1082600007030CD090F90160B54224D090F9027058
:10827000BD4222D1022603E04FF44037E3E7002657
:10828000B10001F1804101F5C0418555D1F81005DB
:10829000504F524D47F8264020F0031020F47C50F8
:1082A00003430120AA55C1F81035B040BDE8F0875E
:1082B0004FF48037C7E70126E2E790F903C0654530
:1082C00049D090F904E075455BD090F905804545AB
:1082D0006DD090F906904D4577D090F907A0AA454A
:1082E00001D10726CCE7013123D13F49D1F8101540
:1082F00089071ED10026B10001F1804101F5C0417E
:108300008555D1F81005334F344D47F8264020F0FD
:10831000031020F47C500343C1F810350023C1F84A
:1083200000310120304BAA55B040C3F80403BDE82A
:10833000F087013606D12C49D1F81415890701D1EF
:108340000126D8E7013708D12749D1F818158F073A
:1083500003D10226CFE7032692E7BCF1FF3F06D107
:108360002149D1F81C158E0701D10326C3E7BEF1C0
:10837000FF3F08D11C49D1F82015890703D10426F5
:10838000B9E704267CE7B8F1FF3F06D11649D1F8DA
:1083900024158F0701D10526ADE7B9F1FF3F08D1BC
:1083A0001149D1F828158E0703D10626A3E7052623
:1083B00066E7BAF1FF3F7FF423AF0B49D1F82C15E4
:1083C00089077FF41DAF072695E7062658E700BF0B
:1083D0005081002028810020488100202081002039
:1083E00000E100E020FB0300006000402F2825D8BA
:1083F000264A274B52F8202093F900108A4238D0A1
:1084000093F901108A4236D093F902108A4234D08F
:1084100093F903108A4232D093F904108A4230D083
:1084200093F905108A422ED093F906108A4206D09D
:1084300093F90710914208BF072101D07047062128
:1084400070B40120134E144C144D8840C6F8080334
:108450008A00002002F1804244F82100FF2402F546
:10846000C0425C546854C2F8100570BCC2F80001E8
:1084700070470021E4E70121E2E70221E0E7032160
:10848000DEE70421DCE70521DAE700BF20FB03007B
:1084900048810020006000402881002020810020C9
:1084A0002DE9F0431B4B1C4FD3F80463DFF86C80BD
:1084B000DFF86C9085B000240123A200A34002F1F4
:1084C0008045334205F5C0450FD0D5F8003163B182
:1084D000E357013306D052F808201AB114F80930D6
:1084E0007BB990470023C5F800310134082CE3D153
:1084F000BFF34F8F00BF00BF00BF00BF05B0BDE896
:10850000F08304AB002143F8041D0846009103F0FA
:1085100085F9E7E7006000404881002028810020BD
:1085200020810020F8B500250446C0E9005585608B
:1085300091B108460E4605F013F80746411C28463F
:1085400000F028F950B1A368C4E9000703B903702B
:10855000A760314604F0FCFF2046F8BD206808B152
:1085600000F002F900232360C4E901332046F8BD7E
:1085700070B504468C424FF00000C4E90000A060D2
:1085800001D00D680DB9204670BD8E68711C00F0D9
:1085900001F950B1A368C4E9000603B90370A660ED
:1085A000294604F0D5FF204670BD206808B100F0D0
:1085B000DBF800232360C4E90133204670BD00BF0F
:1085C00010B50446006800F0CFF8204610BD00BF8B
:1085D000884270B5044609D00D68006845B908B1F5
:1085E00000F0C2F80023C4E901332360204670BDC7
:1085F0008E6810B163689E4209D9711C00F0CAF8F8
:1086000058B1A368C4E900060BB903702068A660DE
:10861000294604F09DFF204670BD20680028DFD168
:10862000E0E700BFF8B50446056849B915B128462A
:1086300000F09AF800232360C4E901332046F8BD16
:1086400008460E4604F08CFF074615B16368984251
:108650000BD92846791C00F09DF8054660B1A36847
:10866000C4E900070BB903702568A76031462846A6
:1086700004F06EFF2046F8BD20680028DAD000F034
:1086800073F8D7E770B5044631B108460D4604F0DB
:1086900067FF58B9204670BD206808B100F064F843
:1086A00000232360C4E90133204670BDA26823681B
:1086B000861813B161688E420DD91846711C00F0FE
:1086C00069F803460028E7D0A268C4E9000612B999
:1086D00002702368A2682946981804F039FFA66042
:1086E000D8E700BFFEE700BF08B501F04BFA4FF432
:1086F0007A72A0FB0223900A40EA835008BD00BFB3
:10870000014638B54FF47A7200238002890D03F0D8
:10871000DBFF054601F036FA0446EEF7D9FD01F01D
:1087200031FA001B854200D838BD281ABDE8384010
:1087300001F04CBB10B5044601F0A2FD022804D0A4
:108740002046BDE8104004F08BB901F013FA204632
:1087500004F086F9044601F0B3FA0CB1204610BDCE
:1087600002F094FFFAE700BF10B5044601F088FD5F
:1087700002280AD144B101F0FDF9204604F078F94D
:10878000BDE8104001F09CBA10BD2046BDE8104085
:1087900004F06EB938B504460D4601F071FD0228AB
:1087A00005D029462046BDE8384004F0B9BE01F0A6
:1087B000E1F92046294604F0B3FE044601F080FAB0
:1087C0000CB1204638BD02F061FFFAE710B504464F
:1087D00001F0D0F9204604F043F9044601F070FAA4
:1087E0000CB1204610BD02F051FF204610BD00BF65
:1087F00050B110B5044601F0BDF9204604F038F937
:10880000BDE8104001F05CBA704700BF38B51C46A7
:108810009DF8105043B3002908BF1A460123C4E94C
:108820000F01226084F8463001F0F4FFD4E90F1301
:108830002268A26001FB03F1CB1A134400200A4412
:10884000FF21A063E36084F84410626084F845105F
:1088500004F1100003F03AFA04F1240003F036FAB0
:1088600001F0E2FF84F84C50204638BDF8B50746C9
:1088700015460E4669B100FB01F05030FFF7A6FF28
:10888000044690B3002200F1500380F846200360B4
:1088900007E05020FFF79AFF044630B384F84660A3
:1088A0002460C4E90F7601F0B5FFD4E90F13226804
:1088B000A26001FB03F1CB1A134400200A44FF21FC
:1088C000A063E36084F84410626084F8451004F10A
:1088D000100003F0FBF904F1240003F0F7F901F0B4
:1088E000A3FF84F84C502046F8BD00242046F8BD74
:1088F0002DE9F04F044685B01D460192884601F0EF
:1089000089FFA26BE36BA84F4FF000099A424E46D5
:10891000C0F08B80022D00F006810198002800F045
:108920003081B9F1000F00F0958001F07DFF01F07A
:1089300021F901F06FFF94F84430FF2B08BF84F851
:10894000446094F84530FF2B08BF84F8456001F07F
:108950006BFF01A902A801F03BFC002840F0188140
:1089600001F058FFA26BE36B9A4277D001F05CFFF5
:1089700001F050FF94F845304FFA83FABAF1000F36
:108980001ADD636AC3B104F1240907E00AF1FF3379
:10899000DBB24FFA83FA7BB1636A6BB1484601F0F0
:1089A000BDFB0028F2D001F04BFC0AF1FF33DBB233
:1089B0004FFA83FA002BEFD1FF2384F8453001F002
:1089C00033FF01F027FF94F844304FFA83FABAF1ED
:1089D000000F1ADD2369C3B104F1100907E00AF1A1
:1089E000FF33DBB24FFA83FA7BB123696BB14846A0
:1089F00001F094FB0028F2D001F022FC0AF1FF33D1
:108A0000DBB24FFA83FA002BEFD1FF2384F8443016
:108A100001F00AFF01F054F901F0FCFEA26BE36BD8
:108A20009A424FF00109BFF475AF226CA66B002A81
:108A300040F0FC8025680136002D00F01881A66307
:108A4000636A002B40F08C8001F0EEFE012005B03F
:108A5000BDE8F08F02A801F0AFFB66E704F1100952
:108A600001F0E2FE4846019901F0DCFA01F0D2FE85
:108A700094F845A04FFA8AFABAF1000F1CDD636A38
:108A8000D3B104F1240B08E00AF1FF3A5FFA8AF34C
:108A90004FFA83FA83B1636A73B1584601F03EFB23
:108AA0000028F1D00AF1FF3A01F0CAFB5FFA8AF31D
:108AB0004FFA83FA002BEED1FF2384F8453001F002
:108AC000B3FE01F0A7FE94F844304FFA83FABAF1EE
:108AD000000F06DC15E00AF1FF33DBB24FFA83FA30
:108AE0007BB123696BB1484601F018FB0028F2D036
:108AF00001F0A6FB0AF1FF33DBB24FFA83FA002B39
:108B0000EFD1FF2384F8443001F08EFE01F0D8F855
:108B1000002881D14FF080537B6040BFBFF34F8F5F
:108B2000BFF36F8F78E7226CA66B002A82D0414694
:108B3000E06803F0B7FF236CE26821685B421A44E7
:108B40008A42E26080F0898062681344E360022D0B
:108B500000F083800136A663636A002B3FF474AF94
:108B600004F1240001F0DAFA00283FF46DAF0E4B57
:108B70004FF080525A6040BFBFF34F8FBFF36F8FEB
:108B800062E7009001F050FE009805B0BDE8F08F5C
:108B900001F040FE94F845506DB2002D18DD636A77
:108BA000B3B104F1240607E000ED00E0013DEBB2B3
:108BB0005DB26BB1636A5BB1304601F0AFFA002879
:108BC000F4D0013D01F03CFBEBB25DB2002BF1D1E2
:108BD000FF2384F8453001F027FE01F01BFE94F8D6
:108BE00044506DB2002D16DD2369A3B104F11006C7
:108BF00005E0013DEBB25DB26BB123695BB130467C
:108C000001F08CFA0028F4D0013D01F019FBEBB221
:108C10005DB2002BF1D1FF2384F8443001F004FE53
:108C200001F04EF8002005B0BDE8F08F41465DBB75
:108C3000A06803F037FFA368216C62680B4493427D
:108C400006F10106A360FFF4FAAEA663636A226828
:108C5000A260002B3FF4F8AE82E7002E7FF4EFAE67
:108C60000123A363636A002B3FF4EEAE78E76068EC
:108C700001F058FBA663636A6560002B7FF470AF58
:108C800000287FF474AFDFE6E06803F00BFF236C8D
:108C9000E26821685B421A448A42E260BFF457AF3F
:108CA00052E700BFF8B50C4679B3002501232160D7
:108CB00081F84630C1E90F35064601F0ABFDD4E935
:108CC0000F322168A56303FB02F39A1A0A440B448E
:108CD000FF27C4E90131E26084F8447004F1100018
:108CE00084F8457002F0F2FF04F1240002F0EEFF78
:108CF00001F09AFDC4E90055E56084F84C602B460C
:108D00002A4629462046FFF7F3FD2046F8BD00BF5E
:108D10002DE9F0418C4682B004461746EFF31186E8
:108D2000402282F31188806BE26B904221D3022BA8
:108D300005D0002086F3118802B0BDE8F08194F8D8
:108D40004550226CD4F838806DB252BB236808F1CC
:108D50000108002B4FD06B1CC4F8388037D0013588
:108D60006DB284F84550012086F3118802B0BDE849
:108D7000F08194F84550226CD4F838806DB2002A06
:108D8000E4D073B9A06803F08DFEA368216C62681B
:108D90000B44934208F10108A360DCD32368A3606D
:108DA000D9E76146E068019303F07CFE206CE2683D
:108DB0002168019B404202448A42E26002D262681A
:108DC0001044E060022B10D008F10108C3E7636A89
:108DD000002BC8D004F1240001F0A0F90028C2D073
:108DE000002FC0D001203860A4E7B8F1000F08BF01
:108DF0004FF00108AFE76068019301F093FA019B1F
:108E00006360A8E72DE9F047044684B088460192E4
:108E100001F000FDD4F83890B9F1000F40F09380D4
:108E2000019B002B00F00A8102A801F0C5F9B34FA5
:108E30004E4604F1240501F0F7FC00F09BFE01F022
:108E4000E9FC94F84430FF2B08BF84F8446094F8A0
:108E50004530FF2B08BF84F8456001F0E5FC01A90F
:108E600002A801F0B5F9002840F0878001F0D2FC9B
:108E7000A36B002B40F0E88001F0D6FC0199284656
:108E800001F0D0F801F0C6FC94F845304FFA83F9B0
:108E9000B9F1000F06DC15E009F1FF33DBB24FFA40
:108EA00083F97BB1636A6BB1284601F037F900287A
:108EB000F2D001F0C5F909F1FF33DBB24FFA83F9C3
:108EC000002BEFD1FF2384F8453001F0ADFC01F019
:108ED000A1FC94F844304FFA83FABAF1000F1ADD7E
:108EE0002369C3B104F1100907E00AF1FF33DBB2D3
:108EF0004FFA83FA7BB123696BB1484601F00EF952
:108F00000028F2D001F09CF90AF1FF33DBB24FFAEE
:108F100083FA002BEFD1FF2384F8443001F084FC66
:108F200000F0CEFE00287ED14FF080537B6040BF22
:108F3000BFF34F8FBFF36F8F01F06CFCD4F8389004
:108F4000B9F1000F76D0226C52B1E1686368114428
:108F50009942E16024BF2168E160404603F0A2FD30
:108F600009F1FF33A3632369002B40F0C98001F0AE
:108F70005BFC012004B0BDE8F08701F04BFC94F8E5
:108F800045304FFA83F9B9F1000F06DC15E009F11D
:108F9000FF33DBB24FFA83F97BB1636A6BB12846CA
:108FA00001F0BCF80028F2D001F04AF909F1FF33D2
:108FB000DBB24FFA83F9002BEFD1FF2384F8453061
:108FC00001F032FC01F026FC94F844304FFA83FAA9
:108FD000BAF1000F1ADD2369C3B104F1100907E0EB
:108FE0000AF1FF33DBB24FFA83FA7BB123696BB12D
:108FF000484601F093F80028F2D001F021F90AF177
:10900000FF33DBB24FFA83FA002BEFD1FF2384F852
:10901000443001F009FC00F053FE01F0FBFBA36BB0
:1090200063B101F001FC01F0F5FBD4F83890B9F11F
:10903000000F88D1019B002B7FF4FDAE01F0F4FB03
:10904000002004B0BDE8F08701F0EEFB01F0E2FB88
:1090500094F845304FFA83F9B9F1000F06DC15E0BA
:1090600009F1FF33DBB24FFA83F97BB1636A6BB16D
:10907000284601F053F80028F2D001F0E1F809F198
:10908000FF33DBB24FFA83F9002BEFD1FF2384F8D3
:10909000453001F0C9FB01F0BDFB94F844304FFAB4
:1090A00083FABAF1000F1ADD2369C3B104F1100984
:1090B00007E00AF1FF33DBB24FFA83FA7BB1236991
:1090C0006BB1484601F02AF80028F2D001F0B8F858
:1090D0000AF1FF33DBB24FFA83FA002BEFD1FF2303
:1090E00084F8443001F0A0FB00F0EAFD01F092FBAF
:1090F000D4F83890B9F1000F9CD024E700ED00E0DF
:1091000004F1100001F00AF800283FF430AF054BDD
:109110004FF080525A6040BFBFF34F8FBFF36F8F45
:1091200025E700BF00ED00E02DE9F043044685B0DF
:109130000026019101F06EFBA36BB24FB04635469D
:10914000002B40F0F380019B002B00F05D81B8F113
:10915000000F00F0FC8001F067FB00F00BFD01F058
:1091600059FB94F84430FF2B08BF84F8445094F81E
:109170004530FF2B08BF84F8455001F055FB01A98D
:1091800002A801F025F800286CD101F043FBA36B85
:10919000002B40F0E08001F047FB2368002B00F03B
:1091A0003C8104F124094846019900F03BFF01F09D
:1091B00031FB94F845304FFA83F8B8F1000F06DC24
:1091C00015E008F1FF33DBB24FFA83F87BB1636A35
:1091D0006BB1484600F0A2FF0028F2D001F030F851
:1091E00008F1FF33DBB24FFA83F8002BEFD1FF23F6
:1091F00084F8453001F018FB01F00CFB94F8443082
:109200004FFA83F8B8F1000F1ADD2369C3B104F1F6
:10921000100907E008F1FF33DBB24FFA83F87BB1A6
:1092200023696BB1484600F079FF0028F2D001F0C5
:1092300007F808F1FF33DBB24FFA83F8002BEFD1C8
:10924000FF2384F8443001F0EFFA00F039FD0028E4
:1092500064D14FF080537B6040BFBFF34F8FBFF3AB
:109260006F8F5BE001F0D6FA94F845304FFA83F83F
:10927000B8F1000F1ADD636AC3B104F1240907E0F5
:1092800008F1FF33DBB24FFA83F87BB1636A6BB14D
:10929000484600F043FF0028F2D000F0D1FF08F16B
:1092A000FF33DBB24FFA83F8002BEFD1FF2384F8B2
:1092B000453001F0B9FA01F0ADFA94F844304FFAB4
:1092C00083F8B8F1000F1ADD2369C3B104F1100966
:1092D00007E008F1FF33DBB24FFA83F87BB1236973
:1092E0006BB1484600F01AFF0028F2D000F0A8FF4A
:1092F00008F1FF33DBB24FFA83F8002BEFD1FF23E5
:1093000084F8443001F090FA00F0DAFC01F082FABF
:10931000A36B002B00F08A8001F086FA01F07AFA44
:10932000A36B4FF00108002B3FF40DAF2268013B07
:10933000A363002A00F09E802369002B40F08980FF
:1093400001F072FA0126304605B0BDE8F08302A8AC
:1093500000F032FFFFE601F067FA01F05BFA94F8E3
:1093600045304FFA83F8B8F1000F1ADD636AC3B1D4
:1093700004F1240907E008F1FF33DBB24FFA83F868
:109380007BB1636A6BB1484600F0C8FE0028F2D09A
:1093900000F056FF08F1FF33DBB24FFA83F8002BE1
:1093A000EFD1FF2384F8453001F03EFA01F032FAA4
:1093B00094F844304FFA83F8B8F1000F1ADD2369AE
:1093C000C3B104F1100907E008F1FF33DBB24FFA33
:1093D00083F87BB123696BB1484600F09FFE0028FB
:1093E000F2D000F02DFF08F1FF33DBB24FFA83F823
:1093F000002BEFD1FF2384F8443001F015FA00F080
:109400005FFC8BE700ED00E0009301F00DFA009B9C
:109410001E46304605B0BDE8F08301F0FBF96068F8
:1094200000F03EFF064601F0FFF9BAE601F0FCF954
:10943000002E88D001F0EEF9616A19B1236B19682A
:10944000C1F10501606800F099FF002601F0ECF918
:1094500079E704F1100000F061FE00283FF470AFDE
:10946000064B4FF080525A6040BFBFF34F8FBFF39F
:109470006F8F65E700F0B8FF60605DE700ED00E02A
:1094800010B5044601F0C6F9A46B01F0CDF92046F1
:1094900010BD00BF104B5A68904208D0DA68904265
:1094A00008BF012204D090F8463093B170470022E3
:1094B000002110B403EBC20443F8321090F8463098
:1094C000616013B15DF8044B70475DF8044BFFF722
:1094D0008FB9FFF78DB900BFE48B0020074B1A68E6
:1094E0001AB19A6802B17047012210B403EBC204AA
:1094F00043F8321060605DF8044B7047E48B002045
:1095000070B505460C46164601F084F995F84430CE
:10951000FF2B04BF002385F8443095F84530FF2B1E
:1095200004BF002385F8453001F07EF9AB6B2BB901
:109530003246214605F1240000F0B0FD01F06AF941
:1095400095F8454064B2002C16DD6B6AA3B105F1B5
:10955000240605E0013CE3B25CB26BB16B6A5BB11F
:10956000304600F0DBFD0028F4D0013C00F068FE3E
:10957000E3B25CB2002BF1D1FF2385F8453001F056
:1095800053F901F047F995F8444064B2002C16DD18
:109590002B69A3B105F1100605E0013CE3B25CB212
:1095A0006BB12B695BB1304600F0B8FD0028F4D0F8
:1095B000013C00F045FEE3B25CB2002BF1D1FF2389
:1095C00085F84430BDE8704001F02EB92DE9F04136
:1095D000044601F01FF9344A344D13680133136017
:1095E0002B68002B2FD0324EE36A32682AB3314801
:1095F000314907680A689F4238BF03602F4801322B
:1096000003EB83030A6000EB8300E263211D02F099
:109610006DFB01F009F933686BB12A68E36AD26A1D
:109620009A4208D2264B4FF080525A6040BFBFF397
:109630004F8FBFF36F8FBDE8F0812A68D26A9A42DC
:1096400098BF2C60D3E72C601368012B02D0E36A2B
:10965000174ECCE71948DFF894801A4F144E02F0E9
:1096600035FB194802F032FB184802F02FFB18486E
:1096700002F02CFB174802F029FB404602F026FBC3
:10968000384602F023FB144802F020FB134802F096
:109690001DFB134802F01AFB124B134AC2F800805C
:1096A0001F60E36AA3E700BFC4810020548100204B
:1096B00024820020D8810020D481002060810020F5
:1096C00000ED00E0F08100207481002088810020FE
:1096D0009C810020B0810020108200203C8200206C
:1096E000288200205C81002058810020DC8100203D
:1096F0002DE9F843DDE90964002C60D016B9304645
:10970000BDE8F8830D469700984602233A4684F850
:109710005130814626633046A52103F0E7F92A78C7
:10972000236B84F83420043F2A781F4427F007076E
:1097300002B36B7884F835306B78DBB1AB7884F8A2
:109740003630AB78B3B1EB7884F83730EB788BB147
:109750002B7984F838302B7963B16B7984F8393000
:109760006B793BB1AB7984F83A30AB7913B1EB79D3
:1097700084F83B30089D042D28BF04250026E562AF
:109780006564201D84F83B60A66402F0ABFAC5F165
:10979000050504F1180002F0A5FAE66442464946C0
:1097A000A561246184F850606462384600F0F6FFD9
:1097B00020602046FFF70AFF2046BDE8F8832046D8
:1097C000BDE8F8832DE9F0479600804630460D4607
:1097D0009946099FFEF7FAFF002869D08246542077
:1097E000FEF7F4FF044600285BD00023C0F830A049
:1097F0003246504684F85130A52103F077F92A7893
:10980000236B84F83420043E2A781E4426F0070A8D
:1098100002B36B7884F835306B78DBB1AB7884F8C1
:109820003630AB78B3B1EB7884F83730EB788BB166
:109830002B7984F838302B7963B16B7984F839301F
:109840006B793BB1AB7984F83A30AB7913B1EB79F2
:1098500084F83B30089D042D28BF04250026E562CE
:109860006564201D84F83B60A66402F03BFAC5F1F4
:10987000050504F1180002F035FAE664A5612461DB
:1098800084F8506064624A464146504600F086FFC4
:10989000206007B13C602046FFF798FE0120BDE83C
:1098A000F0875046FEF7A4FF4FF0FF30BDE8F08789
:1098B0004FF0FF30F3E700BF70B504464C4E00F0A8
:1098C000A9FF002C39D0251D284602F039FAA36AD9
:1098D0001BB104F1180002F033FA29464548464D01
:1098E00002F004FA94F85030012B04BF002384F8EE
:1098F000503000F099FF2B6893B93368A34200D031
:1099000070BD2B68DBB93B493C4A0968126891423B
:1099100026D03B4B1B682BB33A4B01221A6070BD1B
:1099200000F078FF384B1A68126892B9374B4FF045
:10993000FF321A6000F078FFDFE73468C3E7344B8A
:109940004FF080525A6040BFBFF34F8FBFF36F8F0D
:1099500070BD1A682D4BD268D26852681A60E9E768
:10996000336070BD274A13603268336812681B6B1E
:109970009A4236D9274C28492268930098188000CB
:109980000858E0B9551EAB0058198000085830BB84
:10999000951EAB0058198000085800BBD51EAB00BF
:1099A000581980000858D0B9151FAB00581980000D
:1099B0000858A0B9053A9300981880000858134435
:1099C0009B00CD1808336868406868600B44984273
:1099D00004BF40686860C3683360226070BD2A4677
:1099E000EDE730683168343101F04EFEC2E700BF68
:1099F000548100202882002024820020C48100207D
:109A0000D08100205482002058810020088200204C
:109A100000ED00E0D88100206081002080B170B5A9
:109A20001B4D2B6883420AD0044600F0F3FE194B0D
:109A300062699A4205D0BDE8704000F0F5BE70BD85
:109A40007047A36A144A9342F5D0002BF3D1261D28
:109A5000304602F075F9114AE36A116810488B42EA
:109A600088BF136003EB830300EB8300314602F0F1
:109A70003DF92B68E26ADB6A9A42DCD3094B4FF06E
:109A800080525A6040BFBFF34F8FBFF36F8FD2E752
:109A9000548100202882002010820020D8810020DC
:109AA0006081002000ED00E070B584B0002503AABD
:109AB00002A901A8CDE9015501F0EAFD019C002CA5
:109AC00046D00298002843D0039E20630223B600AC
:109AD000A521324684F8513003F008F8236B1F4A61
:109AE0006263201D84F83850043E84F83B50E562E0
:109AF000C4E911551E4402F0F5F804F1180002F013
:109B0000F1F826F007060523A3612A461449E56407
:109B100030462461646284F8505000F03FFE2060BB
:109B20002046FFF753FD0F4B1C6000F0DBFD0128C2
:109B300011D1402383F311880B490C4A0C4B4FF091
:109B4000FF340C6010601D6000F03EFE04B070BD7C
:109B5000044B00221A6004B070BD00BF49444C455C
:109B6000519E0300048200200882002024820020ED
:109B700050820020024A136801331360704700BF0F
:109B8000D0810020014B1868704700BF5082002030
:109B9000024A136818441060704700BF50820020CA
:109BA0002DE9F04F3B4B1B6883B0002B42D13A4B61
:109BB0001F6801371F60002F4AD0384B01931B6884
:109BC000BB423BD8364EDFF8EC80DFF8ECA0DFF884
:109BD000EC90002525E03368DB68DC68636804F1FD
:109BE000040B9F42584651D302F0AAF8A36A04F12D
:109BF00018000BB102F0A4F8E36AD8F8002003EBD8
:109C00008300934259460AEB800088BFC8F80030B1
:109C100002F06CF8D9F80030E26ADB6A9A4228BF99
:109C2000012533681B68002BD5D1019A4FF0FF3313
:109C3000136004E01B4A13680133136000251A4BBC
:109C40001B68002B0CBF2846012003B0BDE8F08F35
:109C5000134E164B3168164A186830601960136845
:109C60000133136033681B683BB90C4B01931A46F0
:109C70004FF0FF3313601346A1E73368074ADB68F0
:109C80000192DB685B681360134698E7019A1360E2
:109C9000D5E700BFD081002050820020088200203C
:109CA00058810020CC810020548200205C8100205B
:109CB0000C820020D8810020608100205481002087
:109CC0002DE9F04700F0A6FD354B1A68013A1A60FD
:109CD0001C68002C57D1334B1B68002B53D0DFF886
:109CE000E0A0314E314FDFF8DC90DFF8DC803368E4
:109CF00013B3F368DC68251D04F1180002F020F8A6
:109D0000284602F01DF8E36A3A6803EB83009342A9
:109D1000294609EB800088BF3B6001F0E7FFD8F8D7
:109D20000030E26ADB6A9A424FF00103DFD3CAF8DF
:109D300000303368002BDCD13CB11D4B1A6812682F
:109D40003ABB1C4B4FF0FF321A601B4D2C6844B1DC
:109D50000126FFF725FF08B1CAF80060013CF8D1E1
:109D60002C60DAF8003073B1144B4FF080525A6017
:109D700040BFBFF34F8FBFF36F8F012400F054FD3E
:109D80002046BDE8F087002400F04EFD2046BDE8E7
:109D9000F0871A68074BD268D26852681A60D4E715
:109DA000D0810020C481002010820020D8810020B2
:109DB0005881002008820020CC81002000ED00E0C6
:109DC00054820020608100205481002070B548B981
:109DD000184B4FF080525A6040BFBFF34F8FBFF314
:109DE0006F8F70BD144A15491368154E0133136007
:109DF0000D6804463068043001F0A2FF336864192E
:109E00005C600FD20F4B18683168043101F07EFF9F
:109E10000D4B1A68944238BF1C60FFF751FF0028B1
:109E2000D6D070BD094B18683168043101F06EFF5F
:109E3000F3E700BF00ED00E0D08100205082002059
:109E40005481002058810020088200205C8100207D
:109E50002DE9F84F3C4E3D4D3D4CDFF80891DFF8C1
:109E60000881DFF808B14FF0805A2368D3B100F0C1
:109E7000D1FCF368DF68381D01F062FF2B68013BFD
:109E80002B602368013B236000F0CEFC97F8513033
:109E9000002B37D0012BE8D13846FEF7A9FC236808
:109EA000002BE4D12B4B1B68012B06D9CBF804A067
:109EB00040BFBFF34F8FBFF36F8F00F041FED9F863
:109EC000003033BBD8F80030DB6A002BCDD1214BFA
:109ED0001B68012BC9D8204B204A1B6812689B1AAB
:109EE000012BC2D91E4A136801331360D9F8003020
:109EF000BBB1D8F80030DB6A0BB9164B1B68FFF713
:109F0000DFFEB2E7386BFEF773FC3846FEF770FCF5
:109F1000ABE7D8F80030DB6A002BA6D10D4B1B68ED
:109F2000A3E7D8F80030DB6A002BE8D1094B1B68A7
:109F3000012BE4D8084B1868084B1B68C01A01288D
:109F4000DDD900F0DDFCDAE73C820020C48100208E
:109F5000C8810020608100200882002050820020FB
:109F6000D0810020D88100205481002000ED00E045
:109F7000274B1B68002B40D1264A70B5264C136036
:109F80002268236812681B6B9A423AD9234D2449F0
:109F90002A689300981880000858E0B9561EB3004C
:109FA00098198000085830BB961EB300981980009D
:109FB000085800BBD61EB300981980000858D0B9C5
:109FC000161FB300981980000858A0B9053A9300ED
:109FD00098188000085813449B00CE180833706806
:109FE000406870600B44984204BF40687060C3686A
:109FF00023602A6070BD3246EDE7064B01221A60ED
:10A00000704720682168343101F03EFBBEE700BF95
:10A01000D08100205482002054810020D88100206B
:10A020006081002070B5174D2B680C4603F11801B4
:10A0300001F06CFE144B1E682868043001F080FEAD
:10A04000631C17D02B68A4195C600BD20F4B1868E7
:10A050002968043101F05AFE0D4B1A68944238BF4A
:10A060001C6070BD0B4B18682968BDE87040043156
:10A0700001F04CBE296808480431BDE8704001F089
:10A0800035BE00BF5481002050820020588100203E
:10A09000088200205C8100202882002070B5194DC4
:10A0A0002B680C46164603F1180101F01FFE164BF3
:10A0B0005EB11B682868043001F042FE296813482D
:10A0C0000431BDE8704001F011BE1E6828680430FC
:10A0D00001F036FE2B68A4195C600BD20C4B18689B
:10A0E0002968043101F012FE0A4B1A68944238BF05
:10A0F0001C6070BD084B18682968BDE870400431C9
:10A1000001F004BE548100205082002028820020EB
:10A1100058810020088200205C81002038B5C36887
:10A12000DC6804F11805284601F00AFE1A4B1B688A
:10A130002BBB251D284601F003FE184AE36A11686F
:10A1400017488B4288BF136003EB8303294600EB5B
:10A15000830001F0CBFD134BE26A1B68DB6A9A4275
:10A1600082BF114B01201860104B1A68126898BF0B
:10A1700000204AB90E4B4FF0FF321A6038BD294615
:10A180000C4801F0B3FDE6E71A68094BD268D268C3
:10A1900052681A6038BD00BFD0810020D8810020ED
:10A1A00060810020548100205482002058810020CA
:10A1B0000882002010820020034A044B12681B68AA
:10A1C000C0E90023704700BF0C82002050820020AD
:10A1D000F8B50D46044600F01DFB2B681649581CC7
:10A1E0000A6813D0DFF854C0D4E90060DCF80070CE
:10A1F000BE4201D090421AD9121A93420BD80023C2
:10A200002B60012500F010FB2846F8BD002500F06A
:10A210000BFB2846F8BDDCF800009B1A0A682B608F
:10A22000C4E90002002500F0FFFA2846F8BD012528
:10A2300000F0FAFA2846F8BD508200200C82002077
:10A24000014B01221A60704754820020084B1868A5
:10A2500060B9084B1B6853B9074A084B10681B6864
:10A26000013B984214BF0120022070470020704734
:10A27000108200205482002028820020C481002007
:10A28000054B1B6833B1054B1B68002B0CBF02202C
:10A29000002070470120704724820020D0810020D8
:10A2A00018B3F8B51C4CC36A2268D26A934214D220
:10A2B0008269002A04DB2268D26AC2F10502826147
:10A2C000164D426903EB830305EB83039A420DD0DD
:10A2D0002368DB6AC3620120F8BD2368406CDB6A37
:10A2E00098422CBF00200120F8BD7047061D07468C
:10A2F000304601F025FD2268094BD06A1A68F862E1
:10A30000904200D9186000EB800005EB80003146D8
:10A3100001F0ECFC0120F8BD548100206081002098
:10A32000D881002050B138B5C16A836C426C013BC2
:10A330009142836400D01BB1002038BD00207047DB
:10A34000051D0446284601F0FBFC0A4A636C1168AF
:10A35000E362C3F105008B42A061074888BF136028
:10A3600003EB830300EB8300294601F0BFFC0120CF
:10A3700038BD00BFD88100206081002048B1426C08
:10A38000C36A914238BF11468B4202D0826C012AC7
:10A3900000D07047826970B5114DC162002A03EB8D
:10A3A00083034269A8BFC1F1050105EB8303A8BF80
:10A3B00081619A4200D070BD061D0446304601F00E
:10A3C000BFFC084BE06A1A68904288BF186000EB37
:10A3D000800005EB80003146BDE8704001F086BC8E
:10A3E00060810020D8810020044B1A681AB11968D6
:10A3F0008A6C01328A641868704700BF548100205B
:10A400002DE9F04FAD4EDFF8C482AD4D89B0336811
:10A410001C68002C00F08E80DB681C68FFF7AAFB2C
:10A42000FFF7B0FBD8F80030984207465DD384426E
:10A43000C8F8000040F20B810022E11B2868FFF7FA
:10A440005FF8FFF73DFC88B99E4A4FF08053536098
:10A4500040BFBFF34F8FBFF36F8F07E0019B03999E
:10A4600020469847009B002B80F238812868002204
:10A470006946FEF7C7FC0028C9D0009B029C002B50
:10A48000ECDB636913B1201D01F05AFCFFF77AFB86
:10A49000D8F800309842814643D3009BC8F800901A
:10A4A000092BE3D8012202FA03F313F4047F69D1E4
:10A4B00013F0C70F40F0A1809B06D7D594F82C303D
:10A4C000002BD3D12046FEF793F9CFE7DB68DC6899
:10A4D000D3F800A004F10409484601F031FC636A96
:10A4E00020469847E369012B36D033681A68002A62
:10A4F000ECD17549C8F800700A6832600B60FFF74C
:10A50000DFFBB3E7DB68DF68D3F800B007F1040ACC
:10A51000504601F015FC7B6A38469847FB69012BD1
:10A5200025D033681A68002AECD167490A6832607E
:10A530000B60B2E7FFF71EFBFFF724FBD8F80030F3
:10A5400083420746D1D8604BC8F800701B681A6870
:10A55000B2FA82F2520970E7A36953449A45494618
:10A5600022D263602461306801F0D0FBBDE7BB6993
:10A570005B449B45514627D27B603F61306801F0C8
:10A58000C5FBCEE7019B246103EB09024A45A361A9
:10A5900062602CD8002B3FF469AF4B4B211D18682B
:10A5A00001F0B4FB286862E72B68002B9DD00023E4
:10A5B000CDE9043A0694FFF763FE00231A4604A986
:10A5C0002868FEF795F990E72B68002BA9D00023A7
:10A5D000CDE9043B0697FFF753FE00231A4604A972
:10A5E0002868FEF785F99CE74B4500D998B130689B
:10A5F000211D01F08BFB286839E7019BA2692461CA
:10A6000099182CBF0120002049456160ECD8A9EBC6
:10A6100003039A42C1D8636A20469847E369012B35
:10A620007FF424AF019BA2692868134400283FF4FB
:10A630001EAF0022CDE904230694FFF721FE00237C
:10A640001A4604A92868FEF753F928680FE7FFF7B0
:10A6500037FB3368DB68D3F80C9009F1040A5046E5
:10A6600001F06EFBD9F81C30012B04D0D9F824304E
:10A6700048469847FAE6D9F81830C9F81090E21819
:10A68000BA42C9F8042004D95146306801F03EFBB3
:10A69000ECE73F1BBB421BD82B68002BE6D0002306
:10A6A000CDE90434CDF81890FFF7EAFD00231A46EF
:10A6B00004A92868FEF71CF9D8E700BF58820020DB
:10A6C000DC84002000ED00E05C8200208884002013
:10A6D000034B5146186801F019FBC7E7029CD0E60E
:10A6E0005C820020F0B5204C89B000F093F825681A
:10A6F000FDB100F099F82068C8B1002407AA06A9A6
:10A7000005A8CDE9054400F0D1FFDDE905300221BF
:10A71000CDE90010079A0293144915482346FEF725
:10A72000E7FF144A0346001B18BF0120136009B05D
:10A73000F0BD114F114E384601F0C8FA304601F015
:10A74000C5FA0F4A0F4900950F4B17600E600F4A6C
:10A7500010212020FEF75AF820600028C9D00C49AB
:10A76000FEF7BCFEC5E700BFDC840020F8FB030059
:10A7700001A40300E0840020608400207484002091
:10A78000588200205C8200208C840020608200209F
:10A79000F0FB0300402383F31188FEE730B46FF031
:10A7A00002034FF08075074C40F8045C40F80C4CF5
:10A7B00040F8081C40F8202C40F8243C30BC4438B9
:10A7C000704700BF95A703000F4C08B5E02384F83D
:10A7D000223000F077F80D4B0D4A00211960D4F8B3
:10A7E000883043F47003C4F88830536843F0404322
:10A7F0005360236943F01003236100F04FF94023B5
:10A8000083F31188FEE700BF00ED00E0E484002040
:10A8100030EF00E0402383F31188024A13680133CC
:10A8200013607047E4840020034A1368013B1360FF
:10A830000BB983F311887047E484002041DF70472F
:10A8400012DF704770B51B4B00251D6082B01B687E
:10A850000193019BEFF31186402383F31188164A7D
:10A86000164BD2F804451D601B680093009BFFF750
:10A8700089F9241A24F07F44012C0DD844B1FFF744
:10A880008FF9054625B10E4B4FF080525A6040BFFC
:10A8900086F3118802B070BDFFF7F2FC0228EED1FA
:10A8A000013CFFF77DF9013C631C45EA0005F8D146
:10A8B000E8E700BF401101400010014000110140D5
:10A8C00000ED00E00B4B0C4930B41F200B4DC3F8DA
:10A8D000080501220224E020C3F804232A601A603C
:10A8E000C3F8444381F811034FF400330B6030BCCC
:10A8F000704700BF0010014000E100E00810014077
:10A900002DE9F041804684B0EFF3108272B6584CC6
:10A91000A36883B9574B58480121A160D3F8801030
:10A9200001402160C3F88000D3F8841061604FF0CB
:10A93000FF31C3F8841002B962B6504ED6F80475E0
:10A94000FFF784FC00283DD04D4A4E49424528BFC0
:10A950004246BB1823F07F4301200025C6F80803B8
:10A96000C6F840350D600B6801934FF480330199B0
:10A97000C6F80433BFF34F8FB8F1000F54D13F4BEB
:10A98000404D41494FF48030C3F80803002028604F
:10A990002D680395039D08600968029101210298C2
:10A9A000C3F80413D3F804353249DB1B23F07F4589
:10A9B000954228BF15464FF40033012DC1F8803170
:10A9C00011D827D0A3685BB1EFF3108372B6294A80
:10A9D00021681160616851600022A26003B962B60B
:10A9E00004B0BDE8F081681EFFF7D2F8274BDB68A2
:10A9F000DA010FD5264A1368DB070BD5254B5168C2
:10AA000003FB05F5A5F57425A5F51075AD0A01EB59
:10AA100085155560FFF7C4F80028D3D01E4B4FF0C2
:10AA200080525A6040BFCDE7F1EE103A23F09F0309
:10AA3000E1EE103AF1EE103A0E4B04A84FF48061AB
:10AA40004026C3F88461C3F8841100F8045DFFF761
:10AA5000F7FE9DF80C1039B920BFD3F80001D3F8E8
:10AA600004110143F8D08AE7FFF7E8FE87E700BF4B
:10AA7000F88B002000E100E0FC06FFBD0010014063
:10AA8000FDFFFF004011014000110140F0ED00E02A
:10AA9000001000E040420F0000ED00E007480068B1
:10AAA00080F3088862B661B6BFF34F8FBFF36F8F34
:10AAB0004FF0E00080F3118800DF00BF007002005B
:10AAC000064B19680868B0E8F04F80F30988BFF3B7
:10AAD0006F8F4FF0000080F3118870475481002081
:10AAE000EFF30980BFF36F8F144B1A681EF0100F3D
:10AAF00008BF20ED108A20E9F04F10604DF8043DAA
:10AB00004FF0400080F31188BFF34F8FBFF36F8F7A
:10AB1000FFF72EFA4FF0000080F3118808BC196887
:10AB20000868B0E8F04F1EF0100F08BFB0EC108AB4
:10AB300080F30988BFF36F8F704700BF54810020F6
:10AB4000704700BF0A490B4A0B4B9B1A03DD043BBD
:10AB5000C858D050FBDC094809494FF0AD320260BB
:10AB600004300439FBD100F043FCECF771FB00002A
:10AB7000E4FE0300006000200064002000F80320D1
:10AB800000080000FEE7FEE7FEE7FEE7FEE7FEE75F
:10AB9000FEE7FEE7FEE7FEE708B50020ECF792FBD4
:10ABA000F6F736FC0E4B43B10E4B7BB1F6F7BCFD0E
:10ABB00000F05AFDAFF30080F8E7F6F7B5FD00F0BE
:10ABC00053FDF6F7B1FD00F04FFDF6E7F6F7ACFDEB
:10ABD00000F04AFDF6F7A8FD00F046FDF6E700BFDD
:10ABE000000000000000000000B583B000F0A8FEE7
:10ABF000FDF780F80E4B019301234FF480620D495D
:10AC000000930D480023FEF7DDFD4FF4407000F087
:10AC10004BFEFEF749FFBFF34F8F0849084BCA6848
:10AC200002F4E0621343CB60BFF34F8F00BFFDE738
:10AC3000E884002000FC030099AB030000ED00E075
:10AC40000400FA05FDF776BDFDF774BDFDF78CBD78
:10AC5000FDF78ABD084A094908B5136818448842B7
:10AC600002D81060184608BD01F0BCFE0C2303603A
:10AC70004FF0FF33184608BDEC61002000F80320B8
:10AC8000114B1A78EAB90178104810B40A464FF00F
:10AC9000804402F00102C1F34001C4F88015C4F8F9
:10ACA00078250268D20706D4E021012280F800133B
:10ACB000C0F880210260012205481A705DF8044B3B
:10ACC00070470448704700BFF48B002000E100E0AB
:10ACD0000000AD0B0C00AD0B0268074B4FF080403D
:10ACE00010B400214FF46074C0F80843196002B139
:10ACF0001A605DF8044B7047F48400204FF08043E5
:10AD00004FF46072C3F80423704700BF10B54FF0D2
:10AD1000804386B0D3F80443620705D5D3F80821F1
:10AD200003F58473002A4ED1A30603D52A4B1A6873
:10AD3000002A3FD1600603D5284B1A68002A2FD17C
:10AD4000210602D5264B1A680ABBE20502D5254B1F
:10AD50001A6892B9A3050ED5234B1A685AB100227E
:10AD60001A601A68214B0592059A1B68022006B0EA
:10AD7000BDE81040184706B010BD00221A601B4AFB
:10AD80001B68049301201368049A9847E2E70020A7
:10AD90001860164A1B6803931368039A9847D4E710
:10ADA00000221A60124A1B68029301201368029A5B
:10ADB0009847C5E7002018600D4A1B680193136887
:10ADC000019A9847B6E700221A600A4A1B68009366
:10ADD0001368009A9847A7E7140100401801004043
:10ADE0001C0100402001004024010040F4840020A8
:10ADF000F0840020EC8400202DE9F04F04799D4D73
:10AE0000E6003719BF0005EB070E83B09EF81CC0A3
:10AE1000BCF1000F40F0E58091F80CC00068EA51E9
:10AE2000CEF80430BCF1010F0B7840F2DE801F2B0E
:10AE300087BF03F01F08DFF840E298464FF0A04EAE
:10AE4000012707FA08F7CEF808751F2B8BBF03F010
:10AE50001F071F46DFF820E24FF0A04E07F5E0770E
:10AE60004FF001084EF827804F78FF2F00F0E9805F
:10AE70001F2F8ABF07F01F09B946DFF8FC81009732
:10AE800098BF4FF0A04809F5E07A4FF0010E0EFA96
:10AE900009FE4FF00309C8F80CE548F82A9091F82C
:10AEA00002E0BEF1FF0F00F0D580BEF11F0F91F858
:10AEB0000EA088BFDFF8C0B1CDF804E08EBF0EF061
:10AEC0001F08F0464FF0A04B08F5E0784FEA8A0AD9
:10AED0004BF828A006EB040805EB880888F820E06A
:10AEE00091F803E088F81FE0BEF1FF0F2AD091F837
:10AEF0000490F046B9F1000F40F08680BEF11F0FBC
:10AF000087BF0EF01F0B5C4FF3464FF0A0474FF08A
:10AF1000010A0AFA0BFAC7F808A5BEF11F0F86BF8F
:10AF20000EF01F08DFF850A14FF0A04A08F5E078B6
:10AF300006EB040E4FF0030B05EB8E0E4AF828B01B
:10AF40008EF81E9091F80DE0C0F80835009BD1F8FE
:10AF50000880C0F80C351EF1000318BF0123019FC3
:10AF6000C0F81075BCF1020FC0F824857FD0BCF189
:10AF7000030F79D0BCF1010F56D0C0F854358B794E
:10AF8000C0F8C035002A58D040220723C0F8042357
:10AF9000C0F800354A79000B43B25201002BD1B200
:10AFA000C0B25BDB5A09920002F1604203F16043D8
:10AFB000012702F5614203F5614300F01F0007FA23
:10AFC00000F083F80013C2F880011060344405EBF0
:10AFD00084052A48002201236A772B7703B0BDE855
:10AFE000F08F274803B0BDE8F08F1F2B87BF03F019
:10AFF0001F08DFF884E098464FF0A04E012707FABB
:10B0000008F7CEF80C7520E7BEF11F0F87BF0EF0D2
:10B010001F0B194FF3464FF0A0474FF0010A0AFAF1
:10B020000BFAC7F80CA578E743F00203C0F85435D3
:10B030008B79C0F8C035002AA6D10723C0F80035A7
:10B04000C4E791F802E04FF0FF37BEF1FF0F009721
:10B050007FF42BAF4FF0FF3701973BE7094B00F030
:10B060000F0003441976B1E743F0060385E743F088
:10B07000040382E7F8840020000300500000AD0BB9
:10B080000500AD0BFCEC00E0F0B40479294A03683C
:10B09000E1000D19AD005659EEB11F0B7EB2002E26
:10B0A00011DB760920360123DFF89CC007F01F076B
:10B0B00003FA07F74CF82670BFF34F8FBFF36F8F7B
:10B0C000555903683DB1081902EB80001A4DC3F8C9
:10B0D0000853407F10BB081902EB800090F8200055
:10B0E000FF280BD01F288ABF00F01F004FF0A0459B
:10B0F000124D00F5E070022645F82060104800254A
:10B100008342C3F8005502D10E4B01201860214440
:10B1100002EB810200231377F0BC704701205861D5
:10B12000D3F804010028FBD0081902EB80000025A9
:10B130004577D0E7F8840020520108000003005052
:10B1400000F0024004F0024000E100E02DE9F04F81
:10B150000479644F4FEAC40C0CEB04039B00864651
:10B16000F8180E46417F83B0002940F0918057F8CF
:10B1700003909046B9F1000F04D012F0140F04BFF1
:10B18000012343770CEB040507EB850596E80F00D8
:10B1900095F81FA005F10C0BBAF1FF0F8BE80F001B
:10B1A00010D0AA7F5346002A76D0BAF11F0F86BF6F
:10B1B0000AF01F034C494FF0A041012202FA03F3A9
:10B1C000C1F8083532686AB102F06043B3F1005F3C
:10B1D00008D0644407EB8407002344487B7703B01E
:10B1E000BDE8F08FB16821B101F06043B3F1005FB9
:10B1F000EFD1DEF800307568F068C3F8442500220E
:10B20000C3F84855C3F83415C3F83805C3F81821F6
:10B21000D3F818210192019A18F0010218BF0122F7
:10B22000C3F8502518F0020218BF012218F0080FC9
:10B23000C3F8402504BF01221A61B9F1000F0BD0F9
:10B240002B48402218F0040F14BFC3F80823C3F89A
:10B25000042303B0BDE8F08FD3F81821002AFBD0F7
:10B26000BAF1FF0F2CD0644407EB8407BB7F4BB3CC
:10B27000BAF11F0F84BF0AF01F0A1B4A1C4898BF6F
:10B280004FF0A042012303FA0AF3C2F80C35A6E7F7
:10B29000184803B0BDE8F08FBAF11F0F4FF001025C
:10B2A00088BF0AF01F0302FA03F388BF0E49326811
:10B2B00098BF4FF0A041C1F80C35002A84D191E726
:10B2C0000B488CE7BAF11F0F84BF0AF01F0A064A29
:10B2D000074898BF4FF0A042012303FA0AF3C2F8CF
:10B2E00008357CE7F8840020000300500A00AD0B0D
:10B2F0000000AD0B0B00AD0B194BD3F8182102B9B0
:10B3000070470021174AC3F81811D3F81811D37FDA
:10B3100082B0FF2B019101990DD0917F99B11F2B24
:10B3200086BF03F01F0310484FF0A040012101FA2F
:10B3300003F3C0F80C35002353771372D2E90031C0
:10B340000A4802B018471F2B86BF03F01F030648A8
:10B350004FF0A040012101FA03F3C0F80835EAE7F5
:10B3600000300240F88400200003005000850020D7
:10B370001B4BD3F8182102B970470021194AC3F8B2
:10B380001811D3F8181192F8433082B0FF2B0191B5
:10B3900001990ED092F84210A9B11F2B86BF03F07D
:10B3A0001F0311484FF0A040012101FA03F3C0F838
:10B3B0000C35002382F8413082F82C30D2E9093173
:10B3C0000A4802B018471F2B86BF03F01F03064828
:10B3D0004FF0A040012101FA03F3C0F80835E8E777
:10B3E00000F00240F8840020000300502485002073
:10B3F000604B1B6830B45C1C37D05F4A082B126866
:10B4000000F08F805B4B5C4A1B681268082B15D0DC
:10B41000591C23D0584A1268082B12D0574AD2F828
:10B42000883043F47003C2F88830BFF34F8FBFF306
:10B430006F8F534B534A1A6030BC7047002A00F09C
:10B440008280032AEAD84FF08043D3F80024D20741
:10B4500044BF6FF00102C3F80024DFE74A4A4B4BB8
:10B4600012681B78C2F30312D6E7484A464B12789B
:10B470001B68082AC3F3031301D1032B53D9424A93
:10B48000424B12681B78C2F30312082BBAD1032A6D
:10B49000B8D84FF080523E4BD2F80414C3F82015B0
:10B4A000D2F80814C3F82415D2F80C14C3F82815E0
:10B4B000D2F81014C3F82C15D2F81414C3F83015B0
:10B4C000D2F81814C3F83415D2F81C14C3F8401578
:10B4D000D2F82014C3F84415D2F82414C3F8481540
:10B4E000D2F82814C3F84C15D2F82C14C3F8501510
:10B4F000D2F83014C3F85415D2F83414C3F86015D8
:10B50000D2F83814C3F86415D2F83C14C3F868159F
:10B51000D2F84014C3F86C15D2F84424C3F870254F
:10B5200070E7032A0CD8134B1B684FF080420021B0
:10B53000581CC2F80C11C2F81011C2F838159ED070
:10B540000D4A1268A1E7134C1349144D25601448A5
:10B55000144AFB24C1F8184501681268124C21F006
:10B560000F0102F00F020A434FF4007102602160E4
:10B5700050E700BF300100103401001000ED00E082
:10B58000F06100200090D003E80F00F0E00F00F021
:10B5900000C000408C56004000F00040488103008D
:10B5A000E40E0040580200104096024070B4284C4F
:10B5B000284B2568284CA3FB05639B0C02FB03F278
:10B5C00054F82000254B1F28A3FB02324FEA9202B9
:10B5D00034D80123002903FA00F114BF08460020E3
:10B5E0004FF0A04401E0013A25D0D4F810350B40CB
:10B5F0008342F8D001E0013A1DD0D4F810350B4059
:10B600008342F8D1002002E00130824213D0D4F806
:10B6100010650E40B342F7D070B1114A43F2C8230F
:10B62000A2FB052503FB00F0AD0900F57A50B0FB45
:10B63000F5F070BC7047002070BC704720380123C3
:10B64000002903FA00F114BF08460020054CCCE79E
:10B65000F061002083DE1B4320FB03004FECC44E4F
:10B66000D34D62100003005008B5EBF731FE054BD7
:10B670004FF080525A6040BFBFF34F8FBFF36F8FC0
:10B6800008BD00BF00ED00E0704700BF704700BF7D
:10B69000044B036010B46423034C0C6013605DF82A
:10B6A000044B70474085002094850020054B0360C3
:10B6B00010B44FF48073044C0C6013605DF8044BBD
:10B6C000704700BF248700207887002070B51F4C8A
:10B6D00084B04FF0FF3203A92068FDF793FB0028E8
:10B6E000F7D00398037A4568052B0DD8DFE803F0FF
:10B6F000272A221C1503D0E90361D0E90523C0697C
:10B7000000903046A847039803681BB11846FDF720
:10B710002BF80398FDF728F8DBE7D0E90523D0E9FB
:10B720000301A8470398EFE7D0E90412C068A847CF
:10B730000398E9E7D0E90301A8470398E4E7A8479D
:10B740000398E1E7C068A8470398DDE77C8B0020F9
:10B750002DE9F0432D4B2E4C5B6885B0C3F30803F5
:10B76000019001AF2068002B44D0002339461A46CF
:10B77000FDF7CEFA01283AD0DFF89880D8F800001B
:10B78000002240000421FDF771F8064678B3DFF887
:10B790008890D9F80000FEF78FF8FFF73BF802E039
:10B7A0003046FDF7A5F8002203A92068FDF72AFB23
:10B7B00000230546642203A90028F1D12068FDF783
:10B7C00069FE2660FFF730F8D9F80000FEF726F989
:10B7D000D8F800300D4A20685B00C8F80030536884
:10B7E000C3F30803394653B96422FDF781F805B065
:10B7F000BDE8F08339466422FDF77AF8BAE72B46B4
:10B800002A46FDF785FA05B0BDE8F08300ED00E0BB
:10B810007C8B0020788B0020808B00202DE9F84362
:10B820009DF8205006460F4691469846CDB1A80097
:10B830000C30FCF77FFF044688B10023C0F8049069
:10B840000572036006B177B92DB1AA00414604F133
:10B850000C0001F027F92046FFF77AFF0120BDE830
:10B86000F8831020E5E73846FCF764FF8146206046
:10B87000A0B13A46314601F015F9002DEBD0691E12
:10B88000C9B208EB8101A8F1040353F8042FB242B6
:10B8900008BFC3F800909942F7D1D6E72046FCF7DD
:10B8A00063FF4846DBE700BF30B540230B4D83B054
:10B8B00004460022184604212B60FCF7D7FF084BF2
:10B8C000084918600223CDE90031A2B200230649DD
:10B8D0000648FDF777FF03B030BD00BF788B00202E
:10B8E0007C8B0020808B002008FC0300CDB6030079
:10B8F00011DF704708B50446FFF7FAFF0D4B4FF014
:10B9000080414FF0FF32C3F88020C3F88021C3F894
:10B910008420C3F88421C1F81C45BFF34F8F06492A
:10B92000064BCA6802F4E0621343CB60BFF34F8F4B
:10B9300000BFFDE700E100E000ED00E00400FA05D3
:10B940004FF08043194AD3F80014194830B41160FD
:10B95000D3F80054D3F80024164C17492A43C3F8EF
:10B960000024D4F84025026001224FF40030C3F8CF
:10B9700018259A60C1F88000BFF34F8FBFF36F8F17
:10B980000E4C03F588334FF0A0454FF480304FF054
:10B99000FF31C3F84803C3F808035A609A60C5F83A
:10B9A0000815C4F8081530BC704700BF848B002010
:10B9B000888B002000A0004000E100E00003005060
:10B9C00008B54E20FFF796FF2F281BD83C4B53F8A5
:10B9D00020301F2B86BF03F01F033A4A4FF0A042CE
:10B9E0000E290FD8DFE801F0655F59534D47403904
:10B9F000322B241D160F080003F5E07340F203718B
:10BA000042F82310704703F5E07340F2036142F8F7
:10BA10002310704703F5E07340F2035142F82310FE
:10BA2000704703F5E07340F2034142F8231070477A
:10BA300003F5E07340F2033142F82310704703F539
:10BA4000E07340F2032142F82310704703F5E073DE
:10BA500040F2031142F82310704703F5E0734FF4EE
:10BA6000403142F82310704703F5E0734FF4003182
:10BA700042F82310704703F5E073134942F823108E
:10BA8000704703F5E073114942F82310704703F53E
:10BA9000E073042142F82310704703F5E0730C2192
:10BAA00042F82310704703F5E073032142F8231096
:10BAB000704703F5E073002142F82310704700BF80
:10BAC00020FB030000030050040002000C000300F0
:10BAD0002F2811D80A4B53F820301F2B88BF03F0B2
:10BAE0001F034FF001028CBF06484FF0A04002FA3E
:10BAF00003F311B1C0F808357047C0F80C35704732
:10BB000020FB0300000300502F2818D80D4B53F8DA
:10BB100020201F2A8ABF0C494FF0A04102F01F02CB
:10BB2000D1F8140501239340034214BFD1F8042532
:10BB3000D1F81025134214BF0120002070470020C7
:10BB4000704700BF20FB03000003005030B40160C9
:10BB50000022BFF35B8F4260BFF35B8F016882609E
:10BB6000FF254FF0FF340582C2608274C1F864453E
:10BB700030BC7047214B5B6809B90020704710B496
:10BB8000BFF35B8F4368BFF35B8F994200F10404FE
:10BB900016D0BFF35B8F4368BFF35B8F83B9036835
:10BBA000D3F86025D3F86405D2430028D3F868059C
:10BBB0004FEAD272A8BF0132002805DBD3F86C35FA
:10BBC00000205DF8044B7047D3F86C050028F7DAC5
:10BBD000002AF5D1D3F80035002BF1D1BFF35B8FEC
:10BBE00054E8003F002B03D144E80012002AF7D1AB
:10BBF000BFF35B8F0CBF01200020E2E700ED00E007
:10BC00001F4B5B6809B90020704710B4BFF35B8F0E
:10BC10004368BFF35B8F8B4200F1040403D0002024
:10BC20005DF8044B70470368D3F86025D3F86405CA
:10BC3000D2430028D3F868054FEAD272A8BF013278
:10BC4000002802DBD3F86C35E9E7D3F86C0500284F
:10BC5000E5DA002AE3D1D3F80035002BDFD1BFF3BA
:10BC60005B8F54E8003F8B4203D144E8002000285A
:10BC7000F7D1BFF35B8F0CBF01200020D0E700BFDE
:10BC800000ED00E008B509490948FFF75FFF0949E1
:10BC90000948FFF75BFF09490948FFF757FF0949C2
:10BCA0000948BDE80840FFF751BF00BF00C0014090
:10BCB0008C8B002000100240A08B0020002002404E
:10BCC000B48B002000D00240C88B002000F1080394
:10BCD0004FF0FF310022816002604360C0E903330E
:10BCE000704700BF00230361704700BF43680268CC
:10BCF00010B49C688C609C684B60013261609960F4
:10BD00005DF8044B08610260704700BF30B40D68F5
:10BD10006B1C11D000F1080200E01A4653681C6841
:10BD2000AC42FAD904684B60013499608A60516072
:10BD30000861046030BC704702695368F2E700BFD5
:10BD400042688168036910B4916081685C684A60E8
:10BD50001A68844208BF5960013A002101611A60E3
:10BD600018685DF8044B70470B460146184600F012
:10BD70002BBE000010EE102A22F00041CB0D7F3BBD
:10BD8000162B1CDC002B10EE100A21DB194919417F
:10BD90000A421CD0DFED187A70EE277AF5EEC07AF1
:10BDA000F1EE10FA13DD002A04DD4FF4000242FA2E
:10BDB00003F3184420EA010300EE103A7047B1F192
:10BDC000FF4F04D330EE000A70479FED0C0A704716
:10BDD000DFED097A70EE277AF5EEC07AF1EE10FA0F
:10BDE000F5DD002AF1DB0029F7EE007A18BFB0EE8E
:10BDF000670A7047FFFF7F00CAF2497100000080A8
:10BE000010EE102A22F00041CB0D7F3B162B1CDCDC
:10BE1000002B10EE100A1EDB194919410A4227D0E7
:10BE2000DFED187A70EE277AF5EEC07AF1EE10FAAF
:10BE30001EDD002A04DA4FF4000242FA03F318442C
:10BE400020EA010300EE103A7047B1F1FF4F0FD323
:10BE500030EE000A7047DFED0B7A70EE277AF5EED0
:10BE6000C07AF1EE10FA03DD002A02DB9FED060A2C
:10BE700070470029FFEE007A18BFB0EE670A7047DE
:10BE8000FFFF7F00CAF249710000000081F000410D
:10BE900002E000BF83F0004330B54FEA41044FEAAF
:10BEA000430594EA050F08BF90EA020F1FBF54EA4A
:10BEB000000C55EA020C7FEA645C7FEA655C00F0E6
:10BEC000E2804FEA5454D4EB5555B8BF6D420CDDB7
:10BED0002C4480EA020281EA030382EA000083EA3A
:10BEE000010180EA020281EA0303362D88BF30BDDA
:10BEF00011F0004F4FEA01314FF4801C4CEA113130
:10BF000002D0404261EB410113F0004F4FEA03338E
:10BF10004CEA133302D0524263EB430394EA050F19
:10BF200000F0A780A4F10104D5F1200E0DDB02FA88
:10BF30000EFC22FA05F2801841F1000103FA0EF21C
:10BF4000801843FA05F359410EE0A5F120050EF1E2
:10BF5000200E012A03FA0EFC28BF4CF0020C43FA13
:10BF600005F3C01851EBE37101F0004507D54FF020
:10BF7000000EDCF1000C7EEB00006EEB0101B1F570
:10BF8000801F1BD3B1F5001F0CD349085FEA3000B6
:10BF90004FEA3C0C04F101044FEA445212F5800FC1
:10BFA00080F09A80BCF1004F08BF5FEA500C50F15E
:10BFB000000041EB045141EA050130BD5FEA4C0C41
:10BFC000404141EB010111F4801FA4F10104E9D1CA
:10BFD00091F0000F04BF01460020B1FA81F308BFC1
:10BFE0002033A3F10B03B3F120020CDA0C3208DD8D
:10BFF00002F1140CC2F10C0201FA0CF021FA02F168
:10C000000CE002F11402D8BFC2F1200C01FA02F1D7
:10C0100020FA0CFCDCBF41EA0C019040E41AA2BFFC
:10C0200001EB0451294330BD6FEA04041F3C1CDAC4
:10C030000C340EDC04F11404C4F1200220FA04F0E4
:10C0400001FA02F340EA030021FA04F345EA03018E
:10C0500030BDC4F10C04C4F1200220FA02F001FA50
:10C0600004F340EA0300294630BD21FA04F02946D2
:10C0700030BD94F0000F83F4801306BF81F480116B
:10C080000134013D4EE77FEA645C18BF7FEA655CDE
:10C0900029D094EA050F08BF90EA020F05D054EAB0
:10C0A000000C04BF1946104630BD91EA030F1EBFB5
:10C0B0000021002030BD5FEA545C05D140004941B9
:10C0C00028BF41F0004130BD14F580043CBF01F5AC
:10C0D000801130BD01F0004545F0FE4141F4700192
:10C0E0004FF0000030BD7FEA645C1ABF194610466D
:10C0F0007FEA655C1CBF0B46024650EA013406BF6E
:10C1000052EA033591EA030F41F4002130BD00BF2C
:10C1100090F0000F04BF0021704730B54FF48064E9
:10C1200004F132044FF000054FF0000150E700BF6A
:10C1300090F0000F04BF0021704730B54FF48064C9
:10C1400004F1320410F0004548BF40424FF00001B6
:10C150003EE700BF42004FEAE2014FEA31014FEAF9
:10C1600002701FBF12F07F4393F07F4F81F0605148
:10C17000704732F07F4208BF704793F07F4F04BF93
:10C1800041F40021704730B54FF4607401F0004570
:10C1900021F000411CE700BF50EA010208BF7047D0
:10C1A00030B54FF000050AE050EA010208BF7047C1
:10C1B00030B511F0004502D5404261EB41014FF42A
:10C1C000806404F132045FEA915C3FF4D8AE4FF032
:10C1D00003025FEADC0C18BF03325FEADC0C18BF15
:10C1E000033202EBDC02C2F1200300FA03FC20FA66
:10C1F00002F001FA03FE40EA0E0021FA02F11444B3
:10C20000BDE600BF70B54FF0FF0C4CF4E06C1CEACB
:10C2100011541DBF1CEA135594EA0C0F95EA0C0F3C
:10C2200000F0DEF82C4481EA030621EA4C5123EAAF
:10C230004C5350EA013518BF52EA033541F48011DE
:10C2400043F4801338D0A0FB02CE4FF00005E1FB91
:10C2500002E506F00042E0FB03E54FF00006E1FBDB
:10C2600003569CF0000F18BF4EF0010EA4F1FF041E
:10C27000B6F5007F64F5407404D25FEA4E0E6D415E
:10C2800046EB060642EAC62141EA55514FEAC5206F
:10C2900040EA5E504FEACE2EB4F1FD0C88BFBCF5EB
:10C2A000E06F1ED8BEF1004F08BF5FEA500E50F19C
:10C2B000000041EB045170BD06F0004646EA010162
:10C2C00040EA020081EA0301B4EB5C04C2BFD4EB94
:10C2D0000C0541EA045170BD41F480114FF0000E8D
:10C2E000013C00F3AB8014F1360FDEBF002001F0FB
:10C2F000004170BDC4F10004203C35DA0C341BDC75
:10C3000004F11404C4F1200500FA05F320FA04F046
:10C3100001FA05F240EA020001F0004221F000417A
:10C3200010EBD37021FA04F642EB06015EEA430EED
:10C3300008BF20EAD37070BDC4F10C04C4F120051D
:10C3400000FA04F320FA05F001FA04F240EA0200D0
:10C3500001F0004110EBD37041F100015EEA430EA1
:10C3600008BF20EAD37070BDC4F1200500FA05F2C1
:10C370004EEA020E20FA04F301FA05F243EA020340
:10C3800021FA04F001F0004121FA04F220EA02004F
:10C3900000EBD3705EEA430E08BF20EAD37070BD95
:10C3A00094F0000F0FD101F00046400041EB010175
:10C3B00011F4801F08BF013CF7D041EA060195F057
:10C3C000000F18BF704703F00046520043EB030311
:10C3D00013F4801F08BF013DF7D043EA06037047FE
:10C3E00094EA0C0F0CEA135518BF95EA0C0F0CD009
:10C3F00050EA410618BF52EA4306D1D181EA03014F
:10C4000001F000414FF0000070BD50EA410606BF48
:10C410001046194652EA430619D094EA0C0F02D18D
:10C4200050EA013613D195EA0C0F05D152EA0336D2
:10C430001CBF104619460AD181EA030101F00041F0
:10C4400041F0FE4141F470014FF0000070BD41F039
:10C45000FE4141F4780170BD70B54FF0FF0C4CF413
:10C46000E06C1CEA11541DBF1CEA135594EA0C0F32
:10C4700095EA0C0F00F0A7F8A4EB050481EA030E7F
:10C4800052EA03354FEA013100F088804FEA033366
:10C490004FF0805545EA131343EA12634FEA022234
:10C4A00045EA111545EA10654FEA00260EF00041F5
:10C4B0009D4208BF964244F1FD0404F5407402D247
:10C4C0005B084FEA3202B61A65EB03055B084FEAD8
:10C4D00032024FF480104FF4002CB6EB020E75EBD5
:10C4E000030E22BFB61A754640EA0C005B084FEAFD
:10C4F0003202B6EB020E75EB030E22BFB61A75467A
:10C5000040EA5C005B084FEA3202B6EB020E75EBC4
:10C51000030E22BFB61A754640EA9C005B084FEA3C
:10C520003202B6EB020E75EB030E22BFB61A754649
:10C5300040EADC0055EA060E18D04FEA051545EA38
:10C5400016754FEA06164FEAC30343EA52734FEAE1
:10C55000C2025FEA1C1CC0D111F4801F0BD141EA5A
:10C5600000014FF000004FF0004CB6E711F4801FBF
:10C5700004BF01430020B4F1FD0C88BFBCF5E06F9F
:10C580003FF6AFAEB5EB030C04BFB6EB020C5FEAAF
:10C59000500C50F1000041EB045170BD0EF0004E04
:10C5A0004EEA113114EB5C04C2BFD4EB0C0541EA36
:10C5B000045170BD41F480114FF0000E013C90E633
:10C5C00045EA060E8DE60CEA135594EA0C0F08BFF7
:10C5D00095EA0C0F3FF43BAF94EA0C0F0AD150EAF6
:10C5E00001347FF434AF95EA0C0F7FF425AF104689
:10C5F00019462CE795EA0C0F06D152EA03353FF4B1
:10C60000FDAE1046194622E750EA410618BF52EA2D
:10C6100043067FF4C5AE50EA41047FF40DAF52EA01
:10C6200043057FF4EBAE12E74FEA4102B2F1E0437B
:10C6300024BFB3F5001CDCF1FE5C0DD901F0004C09
:10C640004FEAC0024CEA5070B2F1004F40EB830059
:10C6500008BF20F00100704711F0804F21D113F185
:10C660003872BCBF01F00040704741F480114FEABE
:10C670005252C2F11802C2F1200C10FA0CF320FA47
:10C6800002F018BF40F001004FEAC1234FEAD32364
:10C6900003FA0CFC40EA0C0023FA02F34FEA4303CE
:10C6A000CCE77FEA625307D150EA01331EBF4FF057
:10C6B000FE4040F44000704701F0004040F0FE4072
:10C6C00040F40000704700BF53B94AB9002908BFC1
:10C6D00000281CBF4FF0FF314FF0FF3000F072B95F
:10C6E000ADF1080C6DE904CE00F006F8DDF804E0C9
:10C6F000DDE9022304B070472DE9F047089E0446A7
:10C700008846002B4BD18A42154667D9B2FA82F28D
:10C710004AB1C2F1200701FA02F320FA07F7954067
:10C7200047EA030894404FEA154E230CB8FBFEF786
:10C730001FFA85FC0EFB178843EA084307FB0CF140
:10C74000994209D9EB1807F1FF3080F01B8199421B
:10C7500040F21881023F2B445B1AA4B2B3FBFEF0F7
:10C760000EFB103344EA034400FB0CFCA44509D93A
:10C770002C1900F1FF3380F00781A44540F20481B9
:10C7800002382C4440EA0740A4EB0C0400271EB1F9
:10C79000D4400023C6E900433946BDE8F0878B4208
:10C7A00009D9002E00F0EB800027C6E900013846C9
:10C7B0003946BDE8F087B3FA83F7002F47D18B42A3
:10C7C00002D3824200F2FA80841A61EB0303012053
:10C7D0009846002EE0D0C6E90048DDE702B9FFDE4A
:10C7E000B2FA82F2002A40F08F80491B4FEA154EC0
:10C7F0001FFA85F80127B1FBFEFC230C0EFB1C1170
:10C8000043EA014308FB0CF1994207D9EB180CF1FC
:10C81000FF3002D2994200F2CD808446591AA3B269
:10C82000B1FBFEF00EFB101443EA044408FB00F8D1
:10C83000A04507D92C1900F1FF3302D2A04500F220
:10C84000B6801846A4EB080440EA0C409FE7C7F105
:10C85000200CBB4022FA0CFE4EEA030E01FA07F44C
:10C8600020FA0CF521FA0CF34FEA1E482543B3FBDE
:10C87000F8F92C0C08FB19331FFA8EFA44EA03432B
:10C8800009FB0AF49C4202FA07F200FA07F10BD9FD
:10C890001EEB030309F1FF3080F087809C4240F2D9
:10C8A0008480A9F1020973441B1BADB2B3FBF8F0FD
:10C8B00008FB103345EA034400FB0AFAA24508D9F5
:10C8C0001EEB040400F1FF336BD2A24569D9023894
:10C8D000744440EA0940A0FB0289A4EB0A044C45D9
:10C8E000C2464B4654D351D0002E69D0B1EB0A0555
:10C8F00064EB030404FA0CFCFD40FC404CEA050523
:10C90000C6E90054002747E7C2F1200320FA03F7E5
:10C91000954001FA02F021FA03F34FEA154E38432D
:10C92000010CB3FBFEF71FFA85F80EFB173341EA43
:10C93000034107FB08F38B4204FA02F407D9691894
:10C9400007F1FF3C2FD28B422DD9023F2944CB1A4D
:10C9500081B2B3FBFEF00EFB103341EA034100FB52
:10C9600008F38B4207D9691800F1FF3C17D28B42BC
:10C9700015D902382944C91A40EA07473BE7374628
:10C98000304609E70746E7E61846FBE64145ABD2E5
:10C99000B8EB020A69EB0E0201381346A4E76046C1
:10C9A000E9E7184695E76746D1E781467CE7023814
:10C9B0002C4447E7ACF1020C2B442FE7384608E73C
:10C9C0003746E9E6704700BF10B5054C13462CB159
:10C9D0000A4601460220AFF3008010BD2046FCE766
:10C9E00000000000014B1868704700BF046200207F
:10C9F00008B5074B044613B10021AFF30080054B87
:10CA00001868836A03B19847204602F0E3F900BF33
:10CA10000000000014FC030070B50D4E0D4CA41B6B
:10CA2000A4100025A54209D10B4E0C4C02F0D4F9FC
:10CA3000A41BA4100025A54205D170BD56F82530D1
:10CA400098470135EEE756F8253098470135F2E76B
:10CA5000D4630020D4630020D4630020FC63002052
:10CA6000024B0146186800F0A5B800BF0462002020
:10CA7000024B0146186800F04FB800BF0462002066
:10CA800082B001B901A942B14BB113780B601278A1
:10CA9000101C18BF012002B070471046FBE76FF072
:10CAA0000100F8E710B5431E0A44914200D110BDC1
:10CAB00011F8014B03F8014FF7E7884210B501EB7D
:10CAC000020307D8421E99420AD011F8014B02F81E
:10CAD000014FF8E78342F5D98118D21AD34200D129
:10CAE00010BD13F8014D01F8014DF7E7024403466C
:10CAF000934200D1704703F8011BF9E738B502FBF8
:10CB000001F4214600F056F8054618B122460021EE
:10CB1000FFF7ECFF284638BD38B50546002945D05B
:10CB200051F8043C0C1F002BB8BFE41801F030FC96
:10CB30001F4A1368104633B9636014602846BDE885
:10CB4000384001F026BCA3420CD9216862189342F8
:10CB500004BF1A685B68636004BF521822600460F7
:10CB6000ECE713465A680AB1A242FAD91968581874
:10CB7000A0420BD120680144581882421960DDD1CF
:10CB8000106852685A6001441960D7E702D90C2333
:10CB90002B60D3E7206821188A4204BF11685268CD
:10CBA000626004BF091821605C60C7E738BD00BF40
:10CBB000DC8B002070B5CD1C25F0030508350C2D4D
:10CBC00038BF0C25002D064601DBA94203D90C23F2
:10CBD0003360002070BD01F0DBFB214A1468214660
:10CBE00091B9204C23681BB9304600F0A1FC2060AD
:10CBF0002946304600F09CFC431C24D10C233360B2
:10CC0000304601F0C6FBE4E70B685B1B18D40B2B26
:10CC10000FD90B60CD50CC18304601F0BAFB04F1AF
:10CC20000B00231D20F00700C31AD3D05A42E25054
:10CC3000D0E78C424B6816BF636013600C46EBE78D
:10CC40000C464968CCE7C41C24F00304A04205D07C
:10CC5000211A304600F06CFC0130CFD02560DBE7B4
:10CC6000DC8B0020E08B00202DE9FF4755EC104BBA
:10CC70000D9FDDF830A0002D0E4691461946B8BF35
:10CC800022462B4627F02007BBBF05F100431D4677
:10CC900000232D23B8BF1446462F0B7004D0452F18
:10CCA00000D10136022100E0032103AB019302AB66
:10CCB00000933246534645EC104B00F04DFD472F94
:10CCC000804602D119F0010F26D0462F08EB060945
:10CCD00011D198F80030302B0AD1002200232046D1
:10CCE000294602F007F818B9C6F10106CAF8006033
:10CCF000DAF800309944002200232046294601F04A
:10CD0000F9FF38B93022039B4B4505D2591C0391DA
:10CD10001A70F8E7CDF80C90039B0E9AA3EB08036A
:10CD20004046136004B0BDE8F087F7B5002904461B
:10CD3000BABF49422D232B23092904F8022B437043
:10CD400020DD0DF107031F460A2691FBF6F506FBD1
:10CD500015113031092D03F8011C03F1FF3229466A
:10CD600009DC3031023B02F8011CBB42224604D3ED
:10CD7000101A03B0F0BD1346E7E713F8012B04F8CF
:10CD8000012BF2E7302319448370021DC170EFE7D5
:10CD90002DE9F04F8DB00C46DDF8588016461F4641
:10CDA000054601F091FA03680493184600F0D8FB99
:10CDB00000230A93D8F800300590073323F00703C7
:10CDC00003F1080294F818A0D4F800B0C8F80020C5
:10CDD000D3E90023C4E91223D4E9128929F00043DE
:10CDE0000793CDF818804FF0FF32A74BDDE906011D
:10CDF00001F0B2FF70BB4FF0FF32A34BDDE906013B
:10CE000001F08CFF30BB002200234046494601F070
:10CE10007BFF10B12D2384F843309C4A9C4BBAF120
:10CE2000470F8CBF9046984603232BF004022361E2
:10CE300022604FF00009009733460BAA214628468E
:10CE400000F0E6F9013040F08D804FF0FF300DB07A
:10CE5000BDE8F08F42464B464046494601F07CFF14
:10CE600010B18C4A8C4BDAE761684B1C4BF4806242
:10CE70000AA83ED1062363600023CDE9020309AB73
:10CE8000009349EC108B0DF123032260CDF804A030
:10CE900061682846FFF7E8FE0AF0DF03472B80466B
:10CEA00009D1099BD81C02DB6268934247DDAAF1D5
:10CEB000020A5FFA8AFABAF1650F099924D8013992
:10CEC000524604F150000991FFF72FFF0A9A1318F8
:10CED000012A8146236102DC2268D10701D5013392
:10CEE00023619DF82330002BA5D02D2384F84330F7
:10CEF000A1E7BAF1670F00F07781BAF1470FBBD114
:10CF00000029B9D10123B6E7BAF1660F19D100297A
:10CF100063680CDD216113B92268D20702D50133A1
:10CF20000B442361099BA3654FF00009D9E713B9AE
:10CF30002268D00701D50233F3E70123F1E74FF070
:10CF4000670ADDE90932934205DB22682361D107D4
:10CF5000E8D50133E5E7002BD4BFC3F10203012379
:10CF60001344DEE723685A0507D423694246314655
:10CF70002846B84701302BD167E7BAF1650F40F278
:10CF8000DC8000220023D4E9120101F0B3FE002866
:10CF900033D00123414A31462846B84701303FF497
:10CFA00054AFDDE909239A4202DB2368D8070FD585
:10CFB000DDE9042331462846B84701303FF445AF48
:10CFC0004FF0000804F11A090A9B013B434509DCB4
:10CFD00023689B0700F10381E0680B9B9842B8BF70
:10CFE000184634E701234A4631462846B8470130FF
:10CFF0003FF42BAF08F10108E6E7099B002B2BDC7F
:10D000000123264A31462846B84701303FF41DAF78
:10D01000099B23B90A9B13B92368D907D8D5DDE941
:10D02000042331462846B84701303FF40EAF4FF095
:10D03000000904F11A0A099B5B424B4501DC0A9B7B
:10D0400094E70123524631462846B84701303FF461
:10D05000FCAE09F10109EEE70A9AA36D9A42A8BF56
:10D060001A46002A914607DD1346314642462846B5
:10D07000B84701303FF4E9AE04F11A034FF0000B5A
:10D0800029EAE979069315E0FFFFEF7F26FC03000C
:10D0900022FC03002EFC03002AFC030032FC0300E8
:10D0A0000123069A31462846B84701303FF4CDAEF9
:10D0B0000BF1010BD4F858A0AAEB09035B45EFDC98
:10D0C000DDE909239A42D04415DB2368DA0712D43C
:10D0D0000A9B0999A3EB0A02A3EB010A9245A8BF98
:10D0E0009246BAF1000F0EDC4FF000082AEAEA7A05
:10D0F00004F11A0919E0DDE9042331462846B8474E
:10D100000130E5D1A1E65346424631462846B847AC
:10D110000130E9D199E601234A4631462846B8470D
:10D1200001303FF492AE08F10108DDE909239B1AB2
:10D13000A3EB0A034345EEDC4AE70A9A012A01DC25
:10D14000DB073AD50123424631462846B84701302D
:10D150003FF47BAEDDE9042331462846B847013071
:10D1600008F101083FF471AE0A9B002203F1FF3A77
:10D17000D4E91201002301F0BDFDC8B9534642466F
:10D1800031462846B84701300ED15EE601235246AB
:10D1900031462846B84701303FF457AE08F1010840
:10D1A0000A9B013B4345F1DC4B4604F15002DEE6AD
:10D1B0004FF0000804F11A0AF2E70123DFE7012328
:10D1C0004A4631462846B84701303FF43EAE08F1A2
:10D1D0000108E3680B9A9B1A4345F0DCFCE64FF02C
:10D1E000000804F11909F4E700293FF48BAE00238D
:10D1F000CDE9020309AB009349EC108B2260CDF816
:10D2000004A00DF123032846FFF72EFD804648E6D3
:10D210002DE9F04791461F468A680B69DDF82080AA
:10D220009342B8BF1346C9F8003091F84320064630
:10D230000C4612B10133C9F800302368990642BF89
:10D24000D9F800300233C9F80030256815F006051A
:10D2500007D104F1190AE368D9F800209B1AAB4200
:10D2600028DC94F843302268003318BF012392066B
:10D270002DD404F1430239463046C047013020D056
:10D280002368E568D9F8002003F00603042B08BFE3
:10D29000AD1AA36822690CBF25EAE5750025934203
:10D2A000C4BF9B1AED184FF000091A344D451AD12E
:10D2B000002008E00123524639463046C04701307D
:10D2C00003D14FF0FF30BDE8F0870135C3E7E11827
:10D2D0005A1C302081F84300224494F8451082F80B
:10D2E00043100233C5E70123224639463046C04782
:10D2F0000130E6D009F10109D8E700002DE9F0433B
:10D3000001F1430C0C46097E85B06E29174606468E
:10D3100098460C9A00F0B38022D8632936D00AD8F8
:10D32000002900F0B980582900F0838004F14205FB
:10D3300084F8421032E0642901D06929F6D12068CE
:10D340001368050603F104012AD51B681160002B40
:10D3500003DA2D225B4284F843206F480A2239E029
:10D36000732900F09D8008D86F2920D07029DDD165
:10D37000236843F02003236003E0752917D0782940
:10D38000D4D1782384F84530644855E01368191DDA
:10D390001B68116004F1420584F8423001238CE0DF
:10D3A0001B68116010F0400F18BF1BB2CFE7136865
:10D3B0002568181D1060280601D51B6802E0680664
:10D3C000FBD51B8854486F2914BF0A22082200216C
:10D3D00084F843106568A560002DC0F2958021682F
:10D3E00021F004012160002B3DD1002D40F08E8002
:10D3F0006546082A0BD12368DB0708D523696268D4
:10D400009A42DEBF302305F8013C05F1FF35ACEB55
:10D4100005032361CDF800803B4603AA2146304630
:10D42000FFF7F6FE01304DD14FF0FF3005B0BDE8FB
:10D43000F083394884F84510136821681D1D1B6866
:10D4400015600A060BD5CA0744BF41F020012160D0
:10D450001BB9226822F0200222601022B7E74D0695
:10D4600048BF9BB2EFE76546B3FBF2F102FB113315
:10D47000C35C05F8013D0B460029F5D1B9E71368F7
:10D4800025686169181D106028061B6801D51960A0
:10D4900002E06A06FBD51980002323616546B9E7DF
:10D4A0001368191D11601D6862680021284600F08C
:10D4B0001FFF08B1401B606063682361002384F88C
:10D4C0004330A7E723692A4639463046C047013032
:10D4D000AAD023689B0713D4E068039B9842B8BF87
:10D4E0001846A3E701234A4639463046C047013073
:10D4F0009AD00135E368039A9B1AAB42F2DCEBE762
:10D50000002504F11909F5E7002BACD1037884F864
:10D51000423004F142056CE734FC030045FC030093
:10D52000024B0A460146186801F010BA0462002056
:10D5300038B5064C0023054608462360FDF78AFBF4
:10D54000431C02D1236803B12B6038BD048C00203A
:10D55000034611F8012B03F8012B002AF9D170477B
:10D56000034613F8012B002AFBD1181A0138704723
:10D5700010B56AB10139841810F8013B11F8012F78
:10D58000934203D1A04201D0002BF5D1981A10BDCF
:10D590001046FCE710B5034601448B4202D01A78CE
:10D5A0005C1C0AB9181A10BD2346F6E730B5141EE4
:10D5B00005469BB0184605DA8B232B604FF0FF30F1
:10D5C0001BB030BD4FF40273ADF80C3014BF04F142
:10D5D000FF332346029305934FF6FF7300910491A6
:10D5E000ADF80E3002461E9B6946284601F02EFA21
:10D5F000431CBCBF8B232B60002CE1D0009B00227E
:10D600001A70DDE707B5009313460A460146034842
:10D610000068FFF7CBFF03B05DF804FB0462002055
:10D6200049B1FF2A85BF8A2303600A704FF0FF309B
:10D6300098BF01207047084670472DE9F74F0369EE
:10D640000C69A3428046C0F28280013C01F11407BC
:10D650004FEA840C00F1140657F8245056F82400C1
:10D6600006EB0C03013507EB0C090193B0FBF5F554
:10D6700095B34FF0000A3846B646D34650F8042B0F
:10D6800093B205FB03A34FEA134A9BB2ABEB030330
:10D69000120CDEF800B005FB02A213FA8BF34FEA7E
:10D6A000124A1FFA82FBDEF80020CBEB124202EB9B
:10D6B00023429BB243EA024381454FEA224B4EF894
:10D6C000043BDBD256F80C3033B9019B043B9E423D
:10D6D0001A4630D3C8F81040404601F071F80028CF
:10D6E00025DB013530464FF0000C57F8042BD0F8FD
:10D6F00000E093B2ACEB0303120C13FA8EF3C2EB0F
:10D700001E4202EB23429BB243EA0243B9454FEA71
:10D71000224C40F8043BE8D256F8242006EB840360
:10D720002AB9043B9E421A460BD3C8F8104028463B
:10D7300003B0BDE8F08F1268043B002ACAD1013C57
:10D74000C5E71268043B002AEFD1013CEAE700205C
:10D75000EEE70000000000002DE9F04F57EC106BE1
:10D7600097B0456A069104460B921293DDF88080CB
:10D77000CDE900673DB91020FAF7DCFF6062C0E92F
:10D7800001550560C560636A196851B15A684A60FD
:10D79000012393408B60204600F030FE636A002234
:10D7A0001A603B1EBBBF23F00043019300230122FC
:10D7B000ACBFC8F80030C8F80020AF4BDDF80480DB
:10D7C00033EA080314D1129A42F20F731360009BDC
:10D7D00023B9C8F31300002800F04285219BDFF82D
:10D7E000ACB2002B00F044850BF1030300F03EBD0A
:10D7F000DDE90067002200233046394601F07AFA5D
:10D80000814668B1129A01231360219B002B00F01E
:10D8100024859A4B219A03F1FF3B136000F028BD49
:10D8200014AA15A947EC106B204601F040F8C8F384
:10D830000A550490002D7CD0C7F3130343F07F5B9F
:10D84000B2464BF4401BA5F2FF35CDF84C900022B8
:10D850008B4B50465946FEF71DFB81A3D3E90023AD
:10D86000FEF7D0FC80A3D3E90023FEF715FB0646A4
:10D8700028460F46FEF75CFC7DA3D3E90023FEF7A4
:10D88000C1FC02460B4630463946FEF705FB06460C
:10D890000F4601F077FA00228246002330463946CF
:10D8A00001F032FA48B15046FEF742FC32463B46A0
:10D8B00001F020FA08B90AF1FF3ABAF1160F59D867
:10D8C000704901EBCA01DDE90023D1E9000101F053
:10D8D00039FA002850D00AF1FF3A00230F93149B25
:10D8E0005D1BB5F1010849BFC5F101030023059394
:10D8F0004FF0000858BF0593BAF1000F3EDB00233C
:10D90000D044CDF838A00793069B092B00F29080F5
:10D91000052BC4BF043B0693069BA3F10203CCBFB7
:10D9200000250125032B00F28F80DFE803F07D7FC7
:10D930003171DDE914531D4405F23240202813DD16
:10D94000C0F14000009B08FA00F805F2124023FAEB
:10D9500000F048EA0000FEF7DBFB01238246A1F15C
:10D96000F87B013D139372E7009BC0F1200003FA9E
:10D9700000F0F0E70123B1E70F90B0E7059BA3EBC0
:10D980000A030593CAF10003079300230E93BBE734
:10D9900001230A930B9B002B59DD02939946666A7B
:10D9A00000227260042202F114009842716853D977
:10D9B000204600F0EFFC636A3060B9F10E0FD3F837
:10D9C00000B000F2E680002D00F0E3809DED007BCA
:10D9D000BAF1000F8DED107B74DD2A4A0AF00F03B7
:10D9E00002EBC30393ED007B4FEA2A16F0068DEDA0
:10D9F000087B65D5244BDDE91001D3E90823FEF748
:10DA00002BFDCDE9000106F00F0603251E4F4CE06B
:10DA100001230A930B9B534403F1010902934B46E4
:10DA2000012BB8BF0123BAE70023B2E70023F0E7D8
:10DA30000125002306930A954FF0FF330293994680
:10DA4000002212230B92AAE701230A93F4E7012391
:10DA5000029399461A46F5E7013171605200A2E738
:10DA600061436F63A787D23FB3C8608B288AC63FE4
:10DA7000FB799F501344D33F0000F07F33FC030039
:10DA80000000F83FF0FD0300C8FD030060FD030047
:10DA9000F10708D5DDE90801D7E90023FEF7B2FB5D
:10DAA000CDE90801013576100837002EF0D1DDE907
:10DAB0000823DDE90001FEF7CFFCCDE900011AE003
:10DAC0000225A3E700F0A080CAF100069F4BA04FFB
:10DAD00006F00F0203EBC203D3E90023DDE91001D6
:10DAE000FEF790FBCDE90001361100230225002E40
:10DAF0007FD1002BE1D10F9B002B00F08780DDE967
:10DB000000670022934B3046394601F0FDF80028AB
:10DB10007CD0B9F1000F79D0029B002B35DD0AF1E2
:10DB2000FF330893394600228B4B3046FEF76AFBE1
:10DB3000CDE90001029F01352846FEF7F9FADDE93B
:10DB40000023FEF75FFB0022844BFEF7A5F9054694
:10DB5000A1F15076002F5DD10022814BDDE900015B
:10DB6000FEF798F92A463346CDE9000101F0EAF8BC
:10DB7000002840F088822A4606F10043DDE90001D2
:10DB800001F0C2F8002840F07C82DDE91023CDE9E5
:10DB90000023159B002BC0F25081BAF10E0F00F349
:10DBA0004C816A4B03EBCA0393ED007B0B9B002B6C
:10DBB0008DED027B80F2D880B9F1000F00F3D480A4
:10DBC00040F05E820022664B51EC170BFEF71AFB09
:10DBD000DDE9002301F0ACF84F464E46002840F046
:10DBE000348231230BF101058BF800300AF1010A70
:10DBF0002FE2F20705D5D7E90023FEF703FB013535
:10DC000001237610083772E7022574E7CDF820A0CB
:10DC10004F4691E74D4B03EBC70353E902010A9BC3
:10DC2000002B47D002460B4600204E49FEF714FC5D
:10DC30002A463346FEF72EF9CDE90C015D46DDE9B3
:10DC4000000101F09FF80646FEF772FA02460B4605
:10DC5000DDE90001FEF71EF9303605F8016BDDE95C
:10DC60000C23CDE9000101F04FF8002863D1DDE974
:10DC7000002300203749FEF70DF9DDE90C2301F000
:10DC800043F8002840F0B780A5EB0B039F427FF7D5
:10DC90007CAF0022304BDDE90C01FEF7B3FA002225
:10DCA000CDE90C012C4BDDE90001FEF7ABFACDE923
:10DCB0000001C4E72A463346FEF7A4FACDE90C0179
:10DCC0000BEB07055E46DDE9000101F05BF8074656
:10DCD000FEF72EFA303702460B46DDE90001FEF76B
:10DCE000D9F806F8017BAE42CDE900014FF0000201
:10DCF00026D11C4BDDE90C01FEF7CEF802460B469F
:10DD0000DDE9000101F01EF8002874D1DDE90C23E3
:10DD100000201449FEF7BEF802460B46DDE900017B
:10DD200000F0F2FF00283FF430AF15F8013C302B33
:10DD300005F1FF3202D0DDF820A04AE01546F4E7F5
:10DD4000054BFEF75FFACDE90001BCE7F0FD0300EB
:10DD5000C8FD03000000F03F0000244000001C400C
:10DD6000000014400000E03FDDE900675D46DDE9AA
:10DD7000022330463946FEF76FFB01F003F8804678
:10DD8000FEF7D6F9DDE90223FEF73CFA02460B4620
:10DD90003046394608F13006FEF77CF805F8016B8D
:10DDA000A5EB0B06B14502460B4639D1FEF774F8D8
:10DDB000DDE9022306460F4600F0C4FFC8B9DDE9DD
:10DDC00002233046394600F095FF10B118F0010FDC
:10DDD0000FD10499204600F011FB0023129A2B70FA
:10DDE0000AF101031360219B002B00F041821D60AA
:10DDF0003EE2CDF820A015F8012C392A05F1FF33B9
:10DE000008D19B450AD1089B0133089330238BF836
:10DE100000305B461A7801321A708CE71D46EAE73B
:10DE200000229B4BFEF7EEF90022002306460F4628
:10DE300000F060FF00289AD0CBE70A9A002A00F091
:10DE40008B80069A012A6EDC139A002A67D003F2AF
:10DE50003343079F059D059A01211A4420460592E8
:10DE6000984400F06BFB0646002D0CDDB8F1000F66
:10DE700009DD4545059A2B46A8BF4346D21A0592AF
:10DE8000ED1AA8EB0308079BEBB10A9B002B67D0A8
:10DE90008FB131463A46204600F0F0FB049A014625
:10DEA0000646204600F053FB04990890204600F0F7
:10DEB000A5FA089B0493079BDA1B04D0049920461B
:10DEC00000F0DCFB04900121204600F037FB0E9BA4
:10DED0000746002B00F0D0811A460146204600F08C
:10DEE000CDFB069B012B074640DC009B002B39D164
:10DEF000019BC3F31303002B36D1019B23F0004396
:10DF00001B0D1B052BB1059B0133059308F101087F
:10DF1000012307930E9B002B2AD1012030E0149B94
:10DF2000C3F1360395E7079B09F1FF37BB42BFBF3B
:10DF3000079B0797FA1A0E9BBBBF9B180E93DF1B1C
:10DF40000027B9F1000FB5BF059B059DA3EB09059F
:10DF50004B46B8BF00237EE7079F059D0A9E83E7D7
:10DF6000079AABE70023D4E7009BD2E7002307938F
:10DF70003B6907EB8303186900F092FAC0F12000B7
:10DF8000404410F01F0047D0C0F12003042B3BDDBC
:10DF9000059BC0F11C000344059305448044059B88
:10DFA000002B05DD1A460499204600F0B5FB0490CD
:10DFB000B8F1000F05DD39464246204600F0ACFBC3
:10DFC00007460F9B53B33946049800F0F9FB00282D
:10DFD00024DA00230A220499204600F026FA0A9B3C
:10DFE00004900AF1FF3A002B00F04D8100233146E6
:10DFF0000A22204600F019FA029B002B06464FDC4D
:10E00000069B022B4CDD11E0C9D0059A1C331A4443
:10E0100005921D449844C2E70346F6E7B9F1000FA4
:10E0200038DC069B022B35DDCDF80890029B63B9E6
:10E0300039460522204600F0F8F9014607460498C3
:10E0400000F0BEFB00283FF7CCAD0B9B5D466FEAAE
:10E05000030A4FF000093946204600F0CFF9002EA0
:10E060003FF4B7AEB9F1000F05D0B14503D0494632
:10E07000204600F0C3F93146204600F0BFF9A8E67B
:10E0800000273E46E1E7DDF820A03E46A9E500BFB7
:10E09000000024400A9BCDF80890002B00F0FA8085
:10E0A000002D05DD31462A46204600F035FB0646A8
:10E0B000079B002B4CD07168204600F06BF9326949
:10E0C00002320546920006F10C010C30FEF7EAFC24
:10E0D00001222946204600F01FFB009BCDF814B01A
:10E0E00003F00103B1460793064639460498FFF74B
:10E0F000A4FA4946054600F13008049800F060FB98
:10E10000324600903946204600F074FBC368024650
:10E1100003BB01460890049800F052FB089A03469E
:10E1200011462046089300F069F9089BA3B9069AA6
:10E1300092B9079A82B9B8F1390F29D0009B002B08
:10E1400001DD05F13108059B5D1C83F8008082E745
:10E150003046C2E70123E3E7009A002A04DB25D119
:10E16000069A1ABB079A0ABB002BECDD0122049920
:10E17000204600F0D1FA3946049000F021FB002837
:10E1800003DCE0D118F0010FDDD0B8F1390FD8D1A0
:10E19000059B059A5D1C3923137015F8013C392B3A
:10E1A00005F1FF324FD00133137054E7059A002B6D
:10E1B00002F1010506DDB8F1390FE9D008F10108D7
:10E1C000059BC2E7029A05F8018CA5EB0B0393426D
:10E1D00021D000230A220499204600F026F9B145F7
:10E1E00004904FF000034FF00A024946204605D143
:10E1F00000F01BF981460646059576E700F015F913
:10E200003146814600230A22204600F00EF90646D8
:10E21000F2E74FF0000901220499204600F07CFA51
:10E220003946049000F0CCFA0028B6DC02D118F090
:10E23000010FB2D115F8013C302B05F1FF327FF40C
:10E240000AAF1546F6E7934505D131230AF1010AD5
:10E250008BF80030FFE615469FE7DFF864B007E073
:10E26000219BDFF860B01BB10BF10803219A13600A
:10E27000584617B0BDE8F08F069B012B7FF735AEEF
:10E280000E9B079349E6029B002B03DC069B022BA7
:10E290003FF7CCAE5D4639460498FFF7CEF900F162
:10E2A000300805F8018B029AA5EB0B039A42B0DD0A
:10E2B00000230A220499204600F0B7F80490EAE708
:10E2C00032FC030057FD0300044B1B68186A044B23
:10E2D000002808BF1846F030704700BF04620020D5
:10E2E0006862002000000000000000000000000044
:10E2F00001F0FF01102A2BDB10F0070F08D010F8F7
:10E30000013B013A8B422DD010F0070F42B3F6D1FA
:10E31000F0B441EA012141EA014122F007047FF013
:10E3200000070023F0E80256083C85EA010586EA6A
:10E33000010685FA47F5A3FA87F586FA47F6A5FAA6
:10E3400087F68EB9EED1F0BC01F0FF0102F00702B2
:10E3500032B110F8013B013A83EA010313B1F8D15D
:10E360000020704701387047002D06BF354603383E
:10E37000073815F0010F07D1013015F4807F02BF77
:10E38000013015F4C03F0130F0BC0138704700BFC8
:10E390007047704770B5456A04460E463DB9102077
:10E3A000FAF7C8F96062C0E901550560C560656AA1
:10E3B000EB6883B1636ADB6853F82600B8B90121C2
:10E3C00001FA06F56A1D92002046FEF797FB60B140
:10E3D000C0E901650EE0212204212046FEF78EFBF4
:10E3E000636AE860DB68002BE4D1002070BD02683E
:10E3F00043F826200023C0E90333F7E770B5446AE9
:10E4000006460D463CB91020FAF794F97062C0E94F
:10E4100001440460C4603DB1736A6A68DB6853F804
:10E420002210296043F8225070BD2DE9F0410D699A
:10E430001F4606460C4601F1140C0023DCF80000D0
:10E4400081B202FB01710F0C000C02FB007089B25B
:10E45000013301EB00419D424FEA10474CF8041B89
:10E46000ECDCD7B1A368AB4212DC61683046013105
:10E47000FFF790FF2269023204F10C0180469200FE
:10E480000C30FEF70FFB21463046FFF7B7FF44463E
:10E4900004EB850301355F6125612046BDE8F0810D
:10E4A000020C12040346B2B90304102013F07F4F8C
:10E4B00004BF1B02083013F0704F04BF1B0104306F
:10E4C00013F0404F04BF9B000230002B06DB5B00C3
:10E4D00003D5013070470020E8E72020704703682B
:10E4E00013F0070201460BD0DA0723D4980749BF7F
:10E4F0005B089B0801200B605CBF0B60022070472B
:10E5000098B2A8B91B0C102013F0FF0F04BF1B0A10
:10E5100008301A0704BF1B0904309A0704BF9B0880
:10E520000230DA0702D45B0806D001300B60704776
:10E530001046E9E7002070472020704710B50C46D0
:10E540000121FFF727FF01224461026110BD2DE97F
:10E55000F74F14460A6923699A42B8BF0B468846AA
:10E56000BCBFA0461C46D8F81070D4F81090D8F85C
:10E570000830D8F8041007EB0906B342B8BF0131E0
:10E58000FFF708FF00F1140505EB860E2B4600226D
:10E59000734516D304F1140208F1140102EB890348
:10E5A00001EB87070093009B019293420CD8002E49
:10E5B00003DD5EF8043D002B5DD0066103B0BDE8CD
:10E5C000F08F43F8042BE3E7B2F800B0BBF1000F83
:10E5D00023D08946AC464FF0000859F8044BDCF8CC
:10E5E00000A0A3B21FFA8AFA0BFB03A34FEA144A56
:10E5F000DCF8004043444FEA14480BFB0A8404EB68
:10E600001344E2469BB243EA04434F454FEA1448A1
:10E610004AF8043B2BD8CCF80480019BB3F802A045
:10E620000432BAF1000F20D02B688946A8464FF07B
:10E63000000BB9F800C0B8F802400AFB0C445C4477
:10E64000C4469BB243EA04434CF8043B59F8043BEC
:10E65000B8F804B01B0C0AFB03B303EB14434F459B
:10E660004FEA134B05D8C8F8043004359BE7D4466D
:10E67000B3E7E046DDE7013E99E700002DE9F84306
:10E68000154612F0030206460F4607D0013A214C08
:10E69000002354F82220FFF7C8FE0746AD1035D0FE
:10E6A000746A3CB91020FAF745F87062C0E9014479
:10E6B0000460C460D6F82480D8F808404CB940F211
:10E6C00071213046FFF73AFF0023C8F808000446DE
:10E6D00003604FF00008EB070AD539462246304662
:10E6E000FFF735FF394681463046FFF787FE4F4634
:10E6F0006D100BD0206838B9224621463046FFF70E
:10E7000026FF2060C0F800800446E4E73846BDE8F4
:10E71000F88300BFB8FE03002DE9F0470C464FEA2E
:10E72000621A236949680AEB0309A368074616467B
:10E7300009F10105AB4232DB3846FFF72BFE00231F
:10E74000804600F114011A4653452BDB20692AEA62
:10E75000EA7A04F1140316F01F0201EB8A0103EBBD
:10E76000800C25D0C2F1200E00201E688A469640FB
:10E7700030434AF8040B53F8040B9C4520FA0EF082
:10E7800014D8486008B109F10205013D3846C8F8BF
:10E7900010502146FFF732FE4046BDE8F0870131B8
:10E7A0005B00C7E741F823200133CDE75146DCE7A2
:10E7B000043953F8042B41F8042F9C45F9D8E4E7B9
:10E7C00003690A699B1A30B50CD1920014301431D8
:10E7D0008418114454F8045D51F8042D954203D077
:10E7E00005D30123184630BDA042F3D3FAE74FF01A
:10E7F000FF33F7E72DE9F0470D4607461146284657
:10E800001446FFF7DDFF061E08D131463846FFF7F4
:10E81000C1FD0123C0E90436BDE8F087A4BF23464B
:10E820002C4638466168A6BF1D4600260126FFF724
:10E83000B1FD2B69C660266905F1140904F11402C3
:10E8400002EB860709EB830800F114054FF0000E78
:10E8500052F804AB59F8044B1EFA8AF1A3B2C91A54
:10E86000230CC3EB1A4303EB214389B24FEA234E37
:10E87000C84541EA0343944645F8043BE8D8BC4503
:10E8800004D355F8043D83B10661C5E75CF8041B69
:10E890001EFA81F31A1402EB11429BB243EA0243BF
:10E8A0004FEA224E45F8043BE9E7013EE9E72DE94E
:10E8B000F7430E46012159EC108B1546FFF76AFD10
:10E8C000C9F30A540746C9F3130334BB0193B8F1E3
:10E8D000000327D002A840F8083DFFF700FE00998A
:10E8E000F0B1019AC0F1200302FA03F30B43C240D6
:10E8F0007B610192019BBB61002B14BF02210121AE
:10E900003961C4B1A4F2334404443460C0F1350029
:10E910002860384603B0BDE8F08343F48013D5E7A0
:10E920007961E7E701A8FFF7DAFD019B7B6101212F
:10E9300039612030E5E707EB8103A0F23240306017
:10E940001869FFF7ADFDC0EB4110E1E7F8B50746E8
:10E9500014460E4621B91146BDE8F840FEF72AB923
:10E9600022B9FEF7D9F825462846F8BD00F064F92B
:10E97000A0420FD221463846FEF71CF90546002872
:10E98000F2D031462246FEF78DF831463846FEF782
:10E99000C3F8E9E73546E7E72DE9F0478E689E4280
:10E9A00082460C469046994637D88A8912F4906F71
:10E9B00031D0256809696F1A6569022305EB4505A1
:10E9C00095FBF3F509F101033B449D4238BF1D4619
:10E9D000530530D52946FEF7EDF8064650B90C230D
:10E9E000CAF80030A38943F04003A3814FF0FF3001
:10E9F000BDE8F0873A462169FEF754F8A38923F46D
:10EA0000906343F08003A381266165613E44ED1B62
:10EA10002660A5604E464E4500D94E4632464146D8
:10EA20002068FEF74AF8A3689B1BA36023681E4476
:10EA300026600020DCE72A46FFF788FF064600280C
:10EA4000E2D121695046FEF767F8C8E72DE9F04F9B
:10EA50009DB0804603938B891D060C4616460FD544
:10EA60000B696BB94021FEF7A5F82060206128B939
:10EA70000C23C8F800304FF0FF30C7E0402363613B
:10EA80000023099320238DF8293030238DF82A3074
:10EA90004FF0010B37463D4615F8013B0BB1252BD6
:10EAA0003ED1B7EB060A0BD05346324621464046CC
:10EAB000FFF772FF013000F0A480099B53440993D3
:10EAC0003B78002B00F09D8000234FF0FF32CDE912
:10EAD0000523049307938DF853301A932F4605228C
:10EAE00017F8011B4F48FFF703FC049BD0B9D90668
:10EAF00044BF20228DF853201A0744BF2B228DF8E3
:10EB000053202A782A2A15D0079A2F4600200A2552
:10EB1000394611F8013B303B092B4DD9B8B10FE014
:10EB20002F46B8E73F4A801A0BFA00F018430490CA
:10EB30003D46D3E7039A111D12680391002A01DBB9
:10EB4000079204E0524243F00203079204933B7899
:10EB50002E2B0CD17B782A2B33D1039B1A1D1B68DB
:10EB60000392002BB8BF4FF0FF33023705932E4DB1
:10EB7000397803222846FFF7BBFB38B14023401BFE
:10EB800003FA00F0049B03430137049339782748C4
:10EB90008DF8281006227E1CFFF7AAFB002838D02B
:10EBA000234B13BB039B073323F007030833039363
:10EBB000099B4B4409936DE705FB023201200F4688
:10EBC000A6E700230137059319460A25384610F8B1
:10EBD000012B303A092A03D9002BC8D00591C6E78A
:10EBE00005FB012101230746F0E703AB0093224612
:10EBF000104B04A94046FEF7CBF8B0F1FF3F814629
:10EC0000D6D1A3895B063FF536AF09981DB0BDE8A4
:10EC1000F08F03AB00932246064B04A94046FEF753
:10EC20006DFBEAE7C4FE0300CAFE0300CEFE03004C
:10EC300091CD030099E9030051F8043C181F002B03
:10EC4000BCBF0B58C01870474FF0FF3C06E000BF38
:10EC50004FF0010C02E000BF4FF0010C4DF804CD65
:10EC60004FEA410C7FEA6C5C4FEA430C18BF7FEA25
:10EC70006C5C1BD001B050EA410C0CBF52EA430C53
:10EC800091EA030F02BF90EA020F0020704710F1D3
:10EC9000000F91EA030F58BF994208BF90422CBF62
:10ECA000D8176FEAE37040F0010070474FEA410C5B
:10ECB0007FEA6C5C02D150EA013C07D14FEA430C79
:10ECC0007FEA6C5CD6D152EA033CD3D05DF8040BEA
:10ECD000704700BF8446104662468C46194663461C
:10ECE00000E000BF01B5FFF7B7FF002848BF10F1F3
:10ECF000000F01BD4DF808EDFFF7F4FF0CBF012038
:10ED000000205DF808FB00BF4DF808EDFFF7EAFFB3
:10ED100034BF012000205DF808FB00BF4DF808ED6E
:10ED2000FFF7E0FF94BF012000205DF808FB00BF63
:10ED30004DF808EDFFF7CEFF94BF012000205DF8ED
:10ED400008FB00BF4DF808EDFFF7C4FF34BF0120FA
:10ED500000205DF808FB00BF4FEA410C7FEA6C5CC5
:10ED600002D150EA013C0AD14FEA430C7FEA6C5CC5
:10ED700002D152EA033C02D14FF0000070474FF03D
:10ED8000010070474FEA410212F5001215D211D569
:10ED90006FF47873B3EB625212D94FEAC12343F098
:10EDA000004343EA505311F0004F23FA02F018BF1A
:10EDB000404270474FF00000704750EA013005D1E3
:10EDC00011F0004008BF6FF0004070474FF00000A6
:10EDD000704700BFFEE700BFF8B500BFF8BC08BC35
:10EDE0009E467047F8B500BFF8BC08BC9E46704709
:10EDF00054696E795553422053657269616C000005
:10EE0000000000000000000031750200897302005C
:10EE1000797302006D730200F17202003D7302000B
:10EE200011730200D1730200F0FFFFFF0000000029
:10EE300029750200120100020000004086284400EB
:10EE4000000101020301000009020900000100A005
:10EE500032000000303132333435363738394142F0
:10EE60004344454653656565640000005849414F79
:10EE70002D57696F2D535831323632004164616627
:10EE800072756974000000004D6173732053746FD4
:10EE90007261676500000000312E30007573626496
:10EEA00000000000050F3900021810050038B608F0
:10EEB00034A909A0478BFDA0768815B6650001012D
:10EEC000011C100500DF60DDD88945C74C9CD26568
:10EED0009D9E648A9F00000306B2000200010300A9
:10EEE0000000000015800200A5800200D180020011
:10EEF0001981020025820200F98202000000000050
:10EF000000000000718D020000000000818D0200F1
:10EF1000918D0200298E0200798F0200000000000E
:10EF200000000000B1840200C9840200CD84020008
:10EF3000E5840200AD850200D587020000000000D4
:10EF400000000000719C0200959C0200999C020048
:10EF5000BD9C0200E59D020065A5020000000000C6
:10EF60000000000095880200058902003189020036
:10EF7000598902008D8A0200918A02000000000077
:10EF80000000000049960200A1960200BD96020012
:10EF9000E1960200397D020019980200000000008D
:10EFA0005F757362645F7164656600002200000033
:10EFB0005C2200005C5C00005C6E00005C72000083
:10EFC0005C740000000000000000000045E002004A
:10EFD0006DE00200C9470300C5610300056203003C
:10EFE00045620300E13C03006579030055450300D9
:10EFF000197903006D4103006D43030001440300D0
:10F00000853F0300713F0300252E0300956C03002C
:10F01000C1680300F1700300D9730300BD740300DD
:10F02000892E0300E92D03005D710300F16B0300DD
:10F030006D6D0300416F03007542030051420300F0
:10F0400011420300FD3C030091490300C53E03004B
:10F05000D53F0300BD3F0300E53E0300B54203007A
:10F060008D410300E5440300BD3C030091460300CD
:10F0700001400300F13E03004141030049690300E0
:10F08000916903004969030091690300496903001C
:10F0900091690300793903003D3F0300114D0300DE
:10F0A000C9400300F93E03003168030061680300B2
:10F0B000C5690300816803009564030031380300CB
:10F0C00089360300D93303000535030035300300CA
:10F0D0007932030055310300E12E03005849414FB6
:10F0E000206E52463532383430202B2057696F2D30
:10F0F00053583132363200006170706C79436F6E54
:10F1000066696720626F6172643D25732066773D92
:10F110002573207077725F7265713D25642070776A
:10F12000723D2564206D61783D2564207365744FC0
:10F130007574707574506F7765723D2564206F63C8
:10F14000705F6265666F72653D25646D41206F6317
:10F15000705F61667465723D25646D41000000005A
:10F160006167632E72657365742E696E746572765D
:10F17000616C206669726564206166746572202521
:10F18000752073004F4E00004F4646006175746F46
:10F190002D4341443A206368616E6E656C20627550
:10F1A0007379206166746572207265747269657323
:10F1B0002C2061626F7274205458000054585F52C2
:10F1C000455155455354206C656E3D25752073722D
:10F1D000633D25752073746174653D2564000000EE
:10F1E00073746172745472616E736D69742829202E
:10F1F0006661696C65642C2073746174653D256477
:10F200000000000054585F444F4E452061697274FD
:10F21000696D653D256C752075732C2073656E7462
:10F2200020766961207372633D257500545820680B
:10F230006172642074696D656F757420282575206E
:10F2400062797465732C2064696F315F64656C74D6
:10F25000613D256C752920E2809420726573657488
:10F2600074696E6720726164696F000043414420D5
:10F270004952512074696D656F757420E280942045
:10F28000726573657474696E6720726164696F007A
:10F290005345545F434F4E4649472072656376207D
:10F2A0007372633D257520626F6172643D25732022
:10F2B00066773D257320667265713D256C75206209
:10F2C000773D256C752073663D25752063723D255D
:10F2D00075207077725F7265713D25642073796E59
:10F2E000633D307825303458207072653D257500B7
:10F2F0002D2D2D006175746F2D4341442025730021
:10F30000646973706C6179206E616D6520E286922C
:10F310002027257327000000726164696F20535411
:10F32000414E444259000000726164696F205245A9
:10F3300053554D4520286F6B3D2564290000000082
:10F34000454E5445525F424F4F544C4F41444552F5
:10F350002072657175657374656420E28094207213
:10F360006573657474696E6720696E746F204446B6
:10F37000550000004F54415F424547494E20726599
:10F3800063656976656420E2809420666C617368C9
:10F3900020777269746572206E6F7420696D706C6D
:10F3A000656D656E746564006672616D652070617F
:10F3B000727365206572726F722030782530325812
:10F3C00020287372633D257529000000494E464F81
:10F3D0000000000045525220000000005741524EEC
:10F3E000000000005B25735D2025730A000000000B
:10F3F00076312E302E3100002D0000007869616FCB
:10F400005F6E726635325F77696F00005B424F4F07
:10F41000545D2072657365745F726561736F6E3DD4
:10F42000256420282573290A0000000072616469A0
:10F430006F2E626567696E206E73733D256420646C
:10F44000696F313D2564207273743D2564206275B7
:10F4500073793D2564207370693D2825642C2564EB
:10F460002C25642900000000726164696F2E6265BA
:10F4700067696E202D3E2025640000005B424F4FDF
:10F48000545D2053583132363220696E69742066DB
:10F4900061696C656420E2809420636F6E74696EAC
:10F4A00075696E6720776974682057692D46692FE2
:10F4B000636F6E66696720706F7274616C206F6E27
:10F4C0006C7900007365745443584F28252E3166BB
:10F4D000205629202D3E2025640000005B494E4621
:10F4E0004F5D2073657444696F3241735266537780
:10F4F00069746368287472756529202D3E2025641F
:10F500000A0000005B494E464F5D207365745266E9
:10F5100053776974636850696E732872783D256CFF
:10F52000752074783D256C75290A000044494F31D7
:10F5300020495251206174746163686564206F6E64
:10F54000204750494F2564005B424F4F545D206671
:10F5500069726D77617265202573206F6E20257347
:10F5600020726561647920286C6F6F702057445455
:10F5700020257573290A00003F0000000000FFFFEE
:10F5800000008000000000000800080000000000EB
:10F5900000000000E8030000FFFFFFFFFFFFFFFF88
:10F5A000FFFFFFFFFFFFFFFFFFFFFFFF0000000067
:10F5B00000000000392C0300512D0300412D0300F1
:10F5C000312D0300212D0300112D0300052D030013
:10F5D000FD2C0300212C0300F92C0300C12C030097
:10F5E000AD2C03003D2C03009D2C03004D2C03008B
:10F5F000952C0300452C0300812D0300612D030091
:10F60000812C0300752C0300712C0300352C0300A2
:10F61000C17C0300000000000000000000000000AA
:10F620000338FDD8704700000000D9439A999940EB
:10F630000A0000000000D9439A9999400000A040B8
:10F640000000FA420A0010000000D9430000FA420C
:10F650000907120A0800000022FB12001103210012
:10F660001106210322021406110B120B110E120EA9
:10F6700011141116220B13152111240D211421161A
:10F6800022152315411341143314521361165216D7
:10F69000531663166416741653583132363100000F
:10F6A0000000000000000000112E0300152E0300D2
:10F6B000C9470300C56103000562030045620300FA
:10F6C000E13C030065790300554503001979030007
:10F6D0006D4103006D43030001440300853F0300B7
:10F6E000713F0300252E0300956C0300C1680300E1
:10F6F000F1700300D9730300BD740300892E030069
:10F70000E92D03005D710300F16B03006D6D0300D3
:10F71000416F030075420300514203001142030090
:10F72000FD3C030091490300C53E0300D53F0300A3
:10F73000BD3F0300E53E0300B54203008D410300D9
:10F74000E5440300BD3C0300914603000140030073
:10F75000F13E030041410300496903009169030040
:10F760004969030091690300496903009169030035
:10F77000793903003D3F0300114D0300C9400300E8
:10F78000F93E03003168030061680300C5690300A6
:10F790008168030095640300313803008936030053
:10F7A000D9330300053503003530030079320300F7
:10F7B00055310300E12E0300FFFFFFFF00000000B2
:10F7C000800100008001000012AD101B12AD00008E
:10F7D0000000000000000000393F03005D4103000D
:10F7E000C9470300C56103000562030045620300C9
:10F7F000E13C0300657903005545030019790300D6
:10F800006D4103006D43030001440300853F030085
:10F81000713F03008D780300956C0300C1680300FD
:10F82000F1700300D9730300BD7403009D780300D9
:10F83000A57803005D710300F16B03006D6D03009B
:10F84000416F03007542030051420300114203005F
:10F85000FD3C030091490300C53E0300D53F030072
:10F86000BD3F0300E53E0300B54203008D410300A8
:10F87000E5440300BD3C0300914603000140030042
:10F88000F13E03004141030049690300916903000F
:10F890004969030091690300496903009169030004
:10F8A000757803003D3F0300114D0300C94003007C
:10F8B000F93E03003168030061680300C569030075
:10F8C000816803009564030001010000010001004C
:10F8D00000000100010000005000B0001801780194
:10F8E000B0021803C8053006300C980C0F06030050
:10F8F00000122436480416283A4C081A2C3E0C1ED6
:10F9000030421022344601132537490517293B4D53
:10F91000091B2D3F0D1F3143112335470214263893
:10F920004A06182A3C4E0A1C2E400E20324403156B
:10F9300027394B07192B3D4F0B1D2F410F21334505
:10F940003500420055006B008400AB00D700080171
:10F950005601AE011002AC025C0320045805B50646
:10F960003C08AC0A640D6B101F170F1E160E1D15F8
:10F970000D1C140C1B130B1A120A1911090000009C
:10F980000108AC00000000000000000000000000C2
:10F99000000000005D7803006D780300017903002A
:10F9A000757803006D7803006579030065780300BE
:10F9B000197903006D7803006D7803007D780300EA
:10F9C000857803006D7803008D7803008D7803003F
:10F9D0008D7803007578030075780300957803002F
:10F9E0009D780300A57803007D78030085780300E7
:10F9F000AD780300AD780300BD780300C178030043
:10FA0000C1780300C9780300D5780300D5780300D6
:10FA1000D978030085780300857803006D780300AA
:10FA2000E17803006D7803006D780300E17803004E
:10FA3000E9780300ED780300F1780300ED78030026
:10FA4000F5780300ED780300F5780300ED78030006
:10FA5000F578030075780300E1780300F978030076
:10FA60006D780300E5860300302112031203302174
:10FA700003122130213003124370340725165261DE
:10FA800052612516340743700734704361521625BE
:10FA900016256152704307343407437052612516AE
:10FAA000251652614370340770430734162561529E
:10FAB000615216250734704300000000000000006A
:10FAC0000000000000000000E5860300E58603005A
:10FAD000E5860300E5860300E5860300E58603006E
:10FAE000E5860300E5860300E5860300E58603005E
:10FAF000E5860300E5860300E5860300E58603004E
:10FB0000E5860300B17C0300B17C0300B57C0300F3
:10FB1000B97C0300B17C0300BD7C0300C17C030001
:10FB2000FF000000FF0000000200000003000000D2
:10FB300004000000050000000600000007000000AF
:10FB400008000000090000000A0000000B0000008F
:10FB50000C0000000D0000000E0000000F0000006F
:10FB6000100000001100000012000000130000004F
:10FB7000140000001500000016000000170000002F
:10FB800018000000190000001A0000001B0000000F
:10FB90001C0000001D0000001E0000001F000000EF
:10FBA00020000000210000002200000023000000CF
:10FBB00024000000250000002600000027000000AF
:10FBC00028000000290000002A0000002B0000008F
:10FBD0002C0000002D0000002E0000002F0000006F
:10FBE0000000000000000000157D03000D0A000069
:10FBF000546D725100000000546D72205376630002
:10FC00006C6F6F700000000043616C6C6261636B2D
:10FC100000000000086200204300504F5349580084
:10FC20002E00494E4600696E66004E414E006E61E0
:10FC30006E00300030313233343536373839414296
:10FC40004344454600303132333435363738396134
:10FC50006263646566000020202020202020202090
:10FC6000282828282820202020202020202020206C
:10FC7000202020202020208810101010101010109C
:10FC800010101010101010040404040404040404E0
:10FC90000410101010101010414141414141010168
:10FCA0000101010101010101010101010101010144
:10FCB0000101101010101010424242424242020252
:10FCC0000202020202020202020202020202020214
:10FCD00002021010101020000000000000000000C0
:10FCE0000000000000000000000000000000000014
:10FCF0000000000000000000000000000000000004
:10FD000000000000000000000000000000000000F3
:10FD100000000000000000000000000000000000E3
:10FD200000000000000000000000000000000000D3
:10FD300000000000000000000000000000000000C3
:10FD400000000000000000000000000000000000B3
:10FD500000000000000000496E66696E6974790059
:10FD60004E614E0000000000000000000000000096
:10FD70000000000000000000000000000000000083
:10FD80000000000000000000000000000000000073
:10FD90000000000000000000000000000000000063
:10FDA0000000000000000000000000000000000053
:10FDB0000000000000000000000000000000000043
:10FDC00000000000000000000080E03779C34143DC
:10FDD000176E05B5B5B89346F5F93FE9034F384DB1
:10FDE000321D30F94877825A3CBF737FDD4F15755D
:10FDF000000000000000F03F000000000000244070
:10FE000000000000000059400000000000408F404A
:10FE1000000000000088C34000000000006AF840B5
:10FE20000000000080842E4100000000D0126341D9
:10FE30000000000084D797410000000065CDCD414F
:10FE4000000000205FA00242000000E87648374230
:10FE5000000000A2941A6D42000040E59C30A242CE
:10FE60000000901EC4BCD64200003426F56B0C4343
:10FE70000080E03779C3414300A0D88557347643EA
:10FE800000C84E676DC1AB43003D9160E458E1434B
:10FE9000408CB5781DAF154450EFE2D6E41A4B44C0
:10FEA00092D54D06CFF08044F64AE1C7022DB54405
:10FEB000B49DD9794378EA44050000001900000098
:10FEC0007D000000232D302B2000686C4C006566FF
:0CFED000674546470000000000000000ED
:08FEDC007473FE7F01000000B9
:10FEE400000000000A00000000000306B200080041
:10FEF40001000000A800080002000000A000140097
:10FF0400030057494E555342000000000000000012
:10FF140000008400040007002A0044006500760005
:10FF240069006300650049006E007400650072009A
:10FF34006600610063006500470055004900440005
:10FF44007300000050007B00390037003500460084
:10FF540034003400440039002D00300044003000E7
:10FF640038002D0034003300460044002D003800D2
:10FF74004200330045002D003100320037004300B9
:10FF84004100380041004600460046003900440064
:10FF94007D000000000000000400000010000C00C0
:10FFA40038730020A0EF03000000000000000000F0
:10FFB400000000000000000000000000000000003D
:10FFC400000000000000000000000000000000002D
:10FFD400000000000000000000000000000000001D
:10FFE400000000000000000000000000000000000D
:0CFFF4000000000000000000FF160000EC
:020000024000BC
:100000000000C6C25051D53324F40000080816126F
:1000100000100A010D0A526164696F4C696220493F
:100020006E666F0A56657273696F6E3A20202237CA
:100030002E372E312E30220D0A506C6174666F728D
:100040006D3A20224164616672756974206E524671
:100050003532220D0A22417567203230203230328B
:100060003622202231333A30333A35302200000034
:10007000010000000000000000000000000000007F
:10008000000000000000000002000000000000006E
:100090000000000000000000000000000000000060
:1000A000030000000000000000000000000000004D
:1000B0000000000000000000000000000000000040
:1000C0000000000000000000000000000000000030
:1000D000088C00200090D0038C8B0020A08B002087
:1000E000B48B0020C88B00200862002000000000B4
:1000F00084FD0300A4FD030064FD03000000000074
:1001000000000000000000000000000000000000EF
:1001100000000000000000000000000000000000DF
:1001200000000000000000000000000000000000CF
:1001300000000000000000000000000000000000BF
:10014000000000000000000000000000430000006C
:10015000000000000000000000000000000000009F
:10016000000000000000000000000000430000004C
:10017000000000000000000000000000000000007F
:10018000000000000000000000000000430000002C
:10019000000000000000000000000000000000005F
:1001A000000000000000000000000000430000000C
:1001B000000000000000000000000000000000003F
:1001C00000000000000000000000000043000000EC
:1001D000000000000000000000000000000000001F
:1001E00000000000000000000000000043000000CC
:1001F00000000000000000000000000000000000FF
:1002000000000000000000000000000043000000AB
:1002100000000000000000000000000000000000DE
:1002200000000000000000000000000021D60300D4
:1002300081CA03000000000056FC030020FC0300FC
:10024000C9FE0300C9FE0300C9FE0300C9FE030086
:10025000C9FE0300C9FE0300C9FE0300C9FE030076
:10026000C9FE0300FFFFFFFFFFFFFFFFFFFFFFFFD0
:10027000FFFF000001004153434949000000000016
:10028000000000000000000000000000000000006E
:1002900000000000000041534349490000000000F5
:1002A000000000000000000000000000000000004E
:1002B0000000000000000000017202003572020020
:1002C0002576020049DF020079E10200111B0300DC
:1002D000B9610300317B0300C581030085BC0300C5
:0402E0001172020095
:040000033000AB45D9
:00000001FF
