:020000022000DC
:10600000000004204D1A05008D1A05008F1A0500A6
:10601000911A0500931A0500951A0500000000006A
:10602000000000000000000000000000C919050089
:10603000991A050000000000E91905009D1A0500E5
:106040003D1C05009F1A0500F1EE0400A1DD0400CF
:1060500055DE04009F1A050035F304009F1A050061
:106060009F1A05009F1A05009F1A05009F1A050038
:106070009F1A05009F1A05009F1A05009F1A050028
:106080009F1A05004D1705009F1A05009F1A05006D
:106090009F1A05009F1A05009F1A05009F1A050008
:1060A0009F1A05009F1A05009F1A05009F1A0500F8
:1060B0009F1A05009F1A0500000000000000000064
:1060C0009F1A05009F1A05009F1A05002922050046
:1060D0009F1A05009F1A05009F1A0500F16C020027
:1060E0003DEF04009F1A05009F1A05000000000004
:1060F000000000009F1A050000000000A12205001A
:10610000000000000000000000000000000000008F
:10611000000000000000000000000000000000007F
:10612000000000000000000000000000000000006F
:10613000000000000000000000000000000000005F
:10614000000000000000000000000000000000004F
:10615000000000000000000000000000000000003F
:10616000000000000000000000000000000000002F
:10617000000000000000000000000000000000001F
:10618000000000000000000000000000000000000F
:1061900000000000000000000000000000000000FF
:1061A00000000000000000000000000000000000EF
:1061B00000000000000000000000000000000000DF
:1061C00000000000000000000000000000000000CF
:1061D00000000000000000000000000000000000BF
:1061E00000000000000000000000000000000000AF
:1061F000000000000000000000000000000000009F
:10620000F1EE103A43F08073E1EE103A704700BFB0
:1062100010B5054C237833B9044B13B10448AFF3E0
:1062200000800123237010BD88640020000000005E
:106230009CC3050008B5034B1BB103490348AFF3EA
:10624000008008BD000000008C6400209CC3050095
:10625000154B002B08BF134B9D46A3F5803A002138
:106260008B460F461348144A121A2DF00CFE0F4BA2
:10627000002B00D098470E4B002B00D098470020F1
:10628000002104000D000D48002802D00C48AFF397
:1062900000802DF009FD200029002BF029FC2DF0B5
:1062A000DDFC00BF0000080000000420000000002A
:1062B000000000008864002068D00020000000007A
:1062C000000000000146014800F08EBAC0640020C2
:1062D00038B5064B1D783DB100242046013400F04E
:1062E00049FEE0B28542F9D838BD00BFBC64002049
:1062F000407DFF2806D010B500F088FD044618B197
:10630000204610BD002070472CF046F9204610BDF5
:10631000407DFF280ED000B583B00DF1070100F0DD
:10632000C9FD20B19DF8070003B05DF804FB4FF0F4
:10633000FF30F9E74FF0FF30704700BF407DFF2886
:1063400011D000B583B001220DF1070100F06AFD04
:1063500020B94FF0FF3003B05DF804FB9DF8070053
:1063600003B05DF804FB4FF0FF307047407DFF281D
:1063700001D000F0FFBD7047407DFF2801D000F044
:106380003FBE0020704700BFF8B50646407DFF289D
:106390001CD017465AB10D46144600F011FD29468F
:1063A000224680B1707D00F08FFD241A01D138465D
:1063B000F8BD05442CF0F0F8707D00F001FD294691
:1063C00022460028EED13F1B3846F1E70020F8BDF9
:1063D0000AB32DE9F043524991F81C6191F81D511F
:1063E00091F81E7193B0994614467B1CAA1C8046F6
:1063F000B01C81F81C0181F81D2181F81E3101A813
:10640000422200212DF03FFDB9F1410F05D80020B7
:1064100013B0BDE8F083422070478DF806608DF818
:106420000E608DF82660721C40F20126D2B2ADF8E3
:106430001060DFF8F0C08DF81E20242640F6083EDC
:106440006B1C8DF827208DF83120ADF804E08DF815
:1064500016608DF820608DF82460CDF818C00426F1
:106460004FF0060C65F07F0540F209424FF0010E37
:1064700098F81410ADF80C208DF81CE005228DF86A
:106480001F608DF830608DF822C040F207568DF8FD
:1064900025C08DF82A5020464FF0030E63F07F048C
:1064A0004FF0080C02234FF411658DF814108DF88D
:1064B00007308DF808308DF809308DF812308DF8DE
:1064C00021308DF815208DF823208DF82BE08DF8E4
:1064D0002CC04FF00A0EADF82E504FF0400C01A921
:1064E000ADF8286007258DF833308DF840208DF801
:1064F0004140422244F20204ADF838608DF83B304E
:106500008DF83A708DF834E08DF83CC08DF83F502E
:10651000ADF842402DF093FC422013B0BDE8F0836B
:10652000C064002020010524A0F11000FFF750BF37
:1065300070B50368184A5B6882B093428DF8071003
:1065400024D10546407DFF281DD000F039FC0DF117
:10655000070601243146224688B1687D00F0B4FC6C
:10656000241A02D1012002B070BD06442CF014F8A8
:10657000687D00F025FC314622460028EDD1C4F1AB
:10658000010002B070BD002002B070BD01220DF10B
:106590000701984702B070BD89630200437DFF2B5D
:1065A00000D07047094B1A78002AFAD110B500F1D3
:1065B000100442750649204601221A7000F0E0F9E5
:1065C00021460448BDE8104000F0F0B8BC6400204B
:1065D000286C0500C0640020407DFF2807D000B56E
:1065E00083B000F0EDFB20B103B05DF804FB0020A8
:1065F000704701902BF0D0FF019803B05DF804FBC9
:1066000001B900B1704700B583B0694600F0EEFBF8
:10661000009BB3F5966F02D003B05DF804FB00F069
:106620007DFBF9E730B4084B084A4FF47F4102F193
:106630000805002430324FF47A7099821D60C3E956
:1066400001401A6130BC7047A4640020386C05001A
:106650002DE9F0410024484E2546435D4719A3B17A
:1066600003F14002D2B2012A0AD9F42B08D81A0643
:106670000ED44FF0010EA3F55842B2F5006F56D27A
:1066800001354719435D002BEAD12046BDE8F08172
:1066900003F0E002C02A57D003F0F002E02A66D0EF
:1066A00003F0F802F02AEBD103F007024FF0040EDA
:1066B0007B7803F0C00CBCF1800FE1D197F802C0E9
:1066C0000CF0C00803F03F03B8F1800F43EA8213D7
:1066D000D6D10CF03F0CBEF1030F4CEA83132DD042
:1066E000FA7802F0C007802FCAD102F03F0242EAD6
:1066F0008313A3F58032B242C2D8A3F55847B7F549
:10670000006FBDD3B3F5803F05F1040510D31E2CF7
:10671000BBDC6300970A0B44C2F30902A7F52057BC
:10672000A2F5105221F814705A80023495E775448E
:10673000202CAAD021F8143001348EE7A3F5006292
:10674000B2F5784F97D39BE77A7802F0C007802F95
:1067500003F01F0394D102F03F0242EA8313A3F136
:106760008002B2F5F06F8BD24FF0020E83E703F098
:106770000F024FF0030E9BE7FFFF0F0090F8503120
:106780000B2B0CD871B103F1480210B45C1C80F8DB
:10679000504140F822105DF8044B18467047002322
:1067A000184670470B461846704700BF70B5044640
:1067B0000E68B4F81821B4F81A31656936689B1A66
:1067C00008469BB294F81C112A44B04758B1B4F85B
:1067D00018216369104480B2A4F81801588094F815
:1067E0001C211A71012070BD2DE9F043284DDFF8FE
:1067F000B090AC4604468846BCE80F0089B003AFB1
:106800000FC703AE0FCE05F1140E25460FC59EE847
:106810000700DCF800303B806B4636682E8003C3EF
:106820006B4603CB012504F118034FF480766361B6
:10683000A061E16184F8202004F59870C4F81891F3
:106840002022A4F81C61002184F81E512DF01BFBAE
:1068500040F20947042240F2EF230E4E0E48C4F8DE
:1068600028010021C4F82C1184F85021A3804FF492
:10687000E131A571C4F82071C4F824610748FFF71D
:106880008DFE404600F038FA284609B0BDE8F08396
:106890006C6C05009C6C0500A86C0500A4640020CD
:1068A0000900000100487047C0640020014B58698E
:1068B000704700BFC06400202DE9F04F89B0F8B1E7
:1068C000032816D02B4C94F8503183424FD94830CE
:1068D00004F5AA7154F82000FFF7BAFEC0B20130E7
:1068E000400040F44070A4F85201234809B0BDE8CC
:1068F000F08F204CD4F82C0150B104F5AA71EBE7CD
:106900001C4CD4F82031A4F854314FF44170EAE71C
:10691000684600F005FA054610B300F1FF3A0DF1A4
:106920000103164FE94653FA8AFAA64604AE97E8E1
:106930000F0019F801CB86E80F000CF00F080DF1DD
:10694000200BD8440BEB1C1C18F8108C1CF8103CC6
:10695000AEF85681D145AEF854310EF1040EE6D1B1
:106960006800C0B20130400040F44070BBE7002036
:10697000BCE700BFC0640020126600208C6C0500DC
:1069800010B504460248FFF7F9FE207110BD00BFA4
:10699000C064002030B5144C236883B013B318686A
:1069A00051B91CF099FF236893F90400012103B049
:1069B000BDE830402CF06AB90C4B00930025012350
:1069C0008DF805308DF8045002AB13E906001CF079
:1069D0001FFF236893F90400294603B0BDE8304047
:1069E0002CF054B903B030BD5466002080BA8C013D
:1069F0000448006828B108B500681CF073FF012046
:106A000008BD704754660020084B1B6843B141B96C
:106A1000074B4022C3F88020BFF34F8FBFF36F8F27
:106A20007047034B40221A60704700BF5466002035
:106A300000E100E0024B53F8200000B1C06870474D
:106A40005866002030B4094CBDF8085054F8204076
:106A500044B1246934B10846A44611461A462B466F
:106A600030BC6047002030BC704700BF5866002033
:106A700030B4084CBDF8085054F8204044B1646963
:106A800034B10846A44611461A462B4630BC60472E
:106A900030BC70475866002000207047024B1868D1
:106AA00008B190F860007047606600202DE9F84357
:106AB000234C2568002D3CD01E462C2303FB00539D
:106AC0001746D3F8209088460446B9F1000F32D01B
:106AD00048462EF014F92C2303FB0454D4E909543E
:106AE000DFF864C0174B08280246494628BF082231
:106AF0004046002D08BF6546002C08BF1C462DF0FF
:106B00009EF928462EF0FBF810280246294628BF99
:106B1000102238462DF093F920462EF0F0F8042884
:106B200002462146304628BF0422BDE8F8432DF036
:106B300086B9BDE8F883DFF814900820CBE700BFE2
:106B400060660020E06C0500D06C0500C46C050098
:106B500070B5104E3368D3B12C2404FB00340546C5
:106B600062691AB19047336884F832002C2202FB24
:106B7000053393F8324014B10124204670BD2846F5
:106B800023463A22022101F0E7F8204670BD1C4658
:106B9000204670BD60660020074B1B6853B110B4DF
:106BA0002C2404FB0030C46A038E0C6013805DF853
:106BB000044B7047704700BF6066002008B5202274
:106BC0000023052101F0C8F84FF0FF3008BD00BFD9
:106BD00030B4094C24685CB10D4611462C2202FBEE
:106BE0000044E46924B11A462846234630BC1847BD
:106BF000012030BC704700BF6066002030B4094CF3
:106C0000029A246854B10D462C2101FB0044A4686B
:106C100024B119462846234630BC18474FF0FF30B0
:106C200030BC70476066002030B4094C029A24687A
:106C300054B10D462C2101FB0044E46824B11946EF
:106C40002846234630BC18474FF0FF3030BC704711
:106C500060660020044B1B682BB12C2202FB003025
:106C6000036903B11847704760660020054B1B6835
:106C70002BB12C2202FB0030836903B1184701209D
:106C8000704700BF6066002005F0DCBB00B5164B06
:106C900083B04022002483F8272301A90123204642
:106CA0008DF804308DF8054002F0DAFE4FF0804395
:106CB00002A8D3F8385400F8084D2AF079FF0B4B9E
:106CC000019301A82AF0A0FF2AF0B0FFEB0707D438
:106CD00000214FF0FF3002F04DFFFFF7F9FAF7E720
:106CE000204605F0AFFBF3E700E100E0896C02000D
:106CF000002005F01DB800BF00B5002383B00322BB
:106D0000CDE9002303490448C82229F0DFFC03B081
:106D10005DF804FBE46C05008D6C02002BF0F0BD07
:106D20004FF08052536E1BBA0360136E1BBA436060
:106D30000820704700487047EC6C050070B51E4C89
:106D40002368D3B1012901D0012070BD1578C5F3A6
:106D50004115012D13D0022D0FD15478012C21D0D3
:106D6000022CF1D19388072B07D1144C11462389AB
:106D70002246BDE8704003F035BE002070BD51785A
:106D80002229E1D111465288003218BF01225A75DA
:106D900003F010FE2268D369002BD5D0507D9847B0
:106DA000284670BD9C69002CE7D011462378224606
:106DB000BDE8704003F016BE646600200460002049
:106DC00010B5044602F034FE08B9002010BD02F0F0
:106DD00037FE0028F9D1044B4FF4367202FB04341D
:106DE000207900F0010010BDE8660020064A4FF44B
:106DF000367303FB00230833186808609A889B7970
:106E00008B718A80704700BFE866002008B5044A8D
:106E10004FF4367303FB0020103002F055FC08BD20
:106E2000E86600202DE9F8434FF4367404FB00F4C3
:106E30001E4E4FF6FF73074604F110054FF6FE7025
:106E4000824288BF1A463544284692B202F066FC58
:106E5000804602F0EDFD10B94046BDE8F88302F02F
:106E6000EFFD81460028F7D13444E378002BF3D0BE
:106E7000284602F041FC3F28EED9E178484603F06D
:106E8000E7FC0028E8D0284602F036FC3F2804D86A
:106E9000E178484603F0ECFCDEE7054AE178484635
:106EA00002EBC712402303F0F3FCD5E7E8660020AD
:106EB00068660020034A4FF4367303FB002010304D
:106EC00002F096BCE86600202DE9F8434FF43675D1
:106ED00005FB00F5244F4FF6FF73064605F1240429
:106EE0004FF6FE70824288BF1A463C4492B220465A
:106EF00002F0B8FC8046204602F0E6FB3F2802D8AC
:106F00004046BDE8F88302F093FD0028F8D002F077
:106F100097FD81460028F3D1204602F0D5FB0028DA
:106F2000EED03D444846A97803F092FC0028E7D013
:106F30000E4B402202EBC6161E442046314602F09C
:106F4000EDFB034660B13246A978484603F0A0FC49
:106F50000028D5D1064B1B68DB07D1D500BECFE793
:106F6000A97803F085FCCBE7E8660020686600207E
:106F7000F0ED00E02DE9F041804602F059FD10B936
:106F80000020BDE8F08102F05BFD07460028F7D144
:106F90004FF4367404FB08F4164E04F1240535440E
:106FA000284602F091FB0028EAD026443846B17802
:106FB00003F04EFC0028E3D040220F4B02EBC81830
:106FC00098442846414602F0A9FB044660B1424677
:106FD000B1783846234603F05BFC40B9074B1B6889
:106FE000DB07CDD500BECCE7B17803F041FC2046ED
:106FF000C7E700BFE866002068660020F0ED00E00B
:1070000008B5044A4FF4367303FB0020243002F025
:1070100073FB08BDE866002070B5204C82B00021EB
:107020004FF4367220460D462CF02DFFFF234FF40F
:10703000E132082604F138016371A26001234FF4A4
:107040008072009504F11000A67302F001FB144B4E
:107050001B78C3F38003009304F59C7101234FF464
:10706000807204F1240002F0F3FA04F50E7101209D
:1070700028F070FD04F522710646012028F06AFD13
:1070800006B130B9074B1B68DB0700D500BE02B064
:1070900070BDC4E90756C4E90C05F8E7E8660020AE
:1070A000B8600020F0ED00E038B5094C206A256B8F
:1070B00020B129F073F90023C4E907332DB1284624
:1070C00029F06CF90023C4E90C33012038BD00BF5E
:1070D000E866002010B50E4C0E48237800220260AE
:1070E0000271DA0709D59B070DD521780A48C1F34B
:1070F0008001BDE8104002F063BC103002F040FC9B
:1071000023789B07F1D4044802F03AFCEDE700BF76
:10711000B8600020E86600200C6700202DE9F041EF
:107120004B79022B82B004D00025284602B0BDE87E
:10713000F0818B79022BF7D1364EB3782BB1364BD9
:107140001B68DB07F0D500BEEEE78B7833700C7858
:107150000C4407466378242B4FF009050BD1082A0D
:1071600002D822E0AA4220D323781C441D4463782D
:10717000242BADB2F6D0052B38D0042B15D1637972
:107180000A2B12D1254A94F8008001920223013281
:107190000092384604EB08011A4603F095FA0028DD
:1071A000CDD00E3518FA85F5ADB202F041FC0028BD
:1071B000BBD002F045FC04460028B6D1F378002B82
:1071C000B3D0174802F098FA3F28AED9F17820469C
:1071D00003F03EFB0028A8D0114802F08DFA3F28AA
:1071E000F17811D8204603F043FB9EE7214638464C
:1071F00003F00AFB0028A2D0A378737023781C4404
:107200001D44ADB26378B8E7064A2046402303F038
:107210003FFB8AE7E8660020F0ED00E0EA66002028
:10722000F86600206866002038B5137803F0600324
:10723000202B01D0002038BD294C938825789D4211
:10724000F8D15378203B032BF4D8DFE803F008157E
:107250001E02012936D0032939D0012038BD012969
:107260000CD00329F9D11F4B002BF6D01E4900206A
:10727000AFF30080012038BD0129EED1114607236C
:10728000194A03F0AFFB012038BD01291AD00329A8
:10729000E3D1164B55881B781548257113F004016E
:1072A0001CBFE94301F0010102F08AFB114B002BE6
:1072B000D3D0C5F3400205F001010020FFF7A0F98B
:1072C000012038BD114603F075FB012038BD0A4B83
:1072D000002BC2D051880020AFF30080BDE700BF73
:1072E000E866002000000000F0660020B860002082
:1072F0000C67002001660200000000002DE9F04745
:107300005F4CE2788A420D4680461F4659D15D4E59
:107310009AB2314604F1100002F0A4FA5A4BC3B1FC
:107320006379FF2B15D0A7B106EB070A04F110090A
:1073300002E056450DD0637916F8012B9A42F8D138
:10734000484602F0D1F90028F3D16179AFF300800B
:10735000EFE74E4B23B14E4802F0C6F9002863D048
:1073600002F066FB002862D1A3789D4202D0012082
:10737000BDE8F087474B13B10020AFF3008002F067
:1073800057FB00282BD1444802F09EF90028EED18B
:10739000002FECD017F03F07E9D1A178404603F069
:1073A00057FA0028E3D0A17840463B463A4603F01E
:1073B0006FFA0028DBD1394B1B68DA070CD500BE09
:1073C000D6E7A3788B42D5D0344B1B68DB0703D5B7
:1073D00000BE0020BDE8F0870020BDE8F08702F085
:1073E0002FFB05460028CED12B4802F06DF900286E
:1073F000C9D0A178284603F02BFA0028C3D0402238
:107400002749254802F08AF9034600282CD028464F
:10741000234AA17803F03CFA0028A8D11F4B1B682F
:10742000D907B0D500BEAEE7AFF3008098E702F011
:1074300007FB0646002897D1E378002B94D0144828
:1074400002F05AF93F288FD9E178304603F000FA6C
:10745000002889D00E4802F04FF93F28304607D85F
:10746000E17803F005FA7FE7A17803F001FA8AE7F3
:107470004023044AE17803F00BFAA37875E700BFD4
:10748000E8660020686600200000000000000000A0
:10749000F8660020000000000C670020F0ED00E01E
:1074A000A8660020704700BF01207047704700BFEA
:1074B000704700BF044B0022C3E90022C3E9022247
:1074C000C3E90422704700BF406B002001207047D1
:1074D000044B0022C3E90022C3E90222C3E90422CB
:1074E000704700BF406B00202DE9F0434B79032B20
:1074F00083B004D00024204603B0BDE8F0830B79AC
:10750000C3EBC3041234A4B2944205D9254B1B68C3
:10751000DA07EFD500BEEDE7234A5578002D3ED0BF
:10752000557B002DF2D102F10C054FF4A0770E78B7
:107530008A1992F801C0BCF1210FE7D1AA608946EF
:10754000895D80466E1CA81C1144CDE900061A46D0
:107550004046032303F0B8F80028D7D099F8063046
:10756000A978012B04BF99F80730EB700123AB71A8
:1075700099F80220AB682A70B3F80730AB80002975
:10758000B9D00A4A40463A44402303F081F9002822
:10759000B1D1044B1B68DB07ADD500BEABE7154688
:1075A0008027C4E7F0ED00E0406B0020C0690020B8
:1075B0002DE9F047137803F01F06012E82B003D0A7
:1075C000002002B0BDE8F087DFF80882978898F8BD
:1075D0000040FFB2BC4200F0B08098F80C40BC42C2
:1075E000EED13746B4464FF0C00E4FF0130A4FF0BD
:1075F000120913F060030C460546164604D1012912
:1076000000F0A4800120DCE7202BD9D15378013B86
:107610000A2BD5D801A252F823F000BFF176020060
:10762000E7760200D1760200C1750200C175020042
:10763000C1750200C1750200C17502009176020099
:10764000697602004976020001291BD00329D9D1AD
:1076500073880C2606FB0786DBB260461946B371B9
:10766000FFF720FF0120ACE70129CBD173880C2262
:1076700002FB07871B0A60461946FB71FFF714FFE0
:1076800000289DD03146284603F094F9012098E760
:10769000012900F086800329B4D1F48871884B4B0E
:1076A000402C4FEA1122204628BF402011F0FF0154
:1076B000734407D0012C05D91C788C4202D10138C3
:1076C00080B2013300906046FFF7D2F9012078E7DD
:1076D000012997D108EB090231462846234603F0D9
:1076E00081F920466DE701298CD108EB0A02F3E706
:1076F000012987D1F3887188344F402B4FEA11223A
:10770000184628BF402011F0FF01774454D0012BC8
:1077100052D9013880B239707B1C00906046FFF767
:1077200091F90444A3B2002B49D1294A1268D20727
:107730007FF546AF00BE184643E74FF0000E774690
:10774000F4464FF0070A4FF0060952E75378062B2C
:107750007FF436AF53881B0A212B12D0222B7FF4E3
:107760002FAF6046FFF766F97B001F4408EB8708E0
:10777000024631462846B8F8043003F033F9204673
:107780001FE77B001F4408EB8708D8F80820002A71
:107790003FF416AF1378314602B0BDE8F04703F06E
:1077A00021B9F388402B3FF60BAF084A31467244AB
:1077B00003F018F9204604E73B460024ADE73A46BB
:1077C0003146284603F00EF90120FAE6C069002090
:1077D000F0ED00E0406B0020F0B52C4CA678657809
:1077E0008E4283B0074610D0A9422CD0A07B657B87
:1077F00088423FD0A94244D0254B1B68DA0702D407
:10780000002003B0F0BD00BEFAE780264FF0400C28
:107810000020A9429BB21AD01E4D3544FAB90093FC
:1078200011462B460222FFF723F92A46A178384653
:10783000402303F02DF80028E3D1154B1B68DB072C
:10784000DED500BEDDE74FF0400C00209BB21149B1
:1078500061444AB91A46FFF729FE0120D1E72A46BA
:107860000221FFF725FEE0E70A460121FFF720FE8F
:107870000120C6E70C344FF4A0764FF4807C012041
:10788000C7E74FF4807C0120E0E700BF406B002099
:10789000F0ED00E0C069002070B5194C82B0002105
:1078A0000D464FF4EC7220462CF0EDFA04F138014D
:1078B0000123802204F11000009501F0C9FE04F1BB
:1078C000B80101238022009504F1240001F0C0FEDC
:1078D00004F59C71012028F03DF904F5C4710646B9
:1078E000012028F037F930B9064B1B68DB0700D5BB
:1078F00000BE02B070BDC4E90756C4E90C05F8E744
:10790000D86B0020F0ED00E038B5094C206A256BFB
:1079100020B128F043FD0023C4E907332DB12846E8
:1079200028F03CFD0023C4E90C33012038BD00BF22
:10793000D86B002010B5084C002304F11000C4E9F6
:107940000033C4E9023302F01BF804F12400BDE85F
:10795000104002F015B800BFD86B00202DE9F043AD
:107960004B79012B83B004D00025284603B0BDE835
:10797000F0838B79012B0C46064616D049780429F2
:10798000F2D10025032BEFD1E379002BECD1DFF806
:10799000FC8098F8013013B998F802700FB3384B97
:1079A0001B68DB07E0D500BEDEE7CB79002BDBD11F
:1079B0000B781C449DB2617824290BD1954202D9E1
:1079C000D2E7AA42D0D323781C442B4461782429DF
:1079D0009DB2F6D00429C7D16379012BC4D1A37914
:1079E000D0E7A37888F8003094F8009021794D44CE
:1079F000ADB2A14439B925E099F800308F421D4459
:107A0000ADB299441ED2AA421CD399F80130052B7D
:107A1000F2D149463046019202F0F6FE019A002862
:107A2000BDD099F80230D90914BF88F8013088F820
:107A3000023099F80030217901371D44FFB2ADB210
:107A40009944D9E70F4801F057FE3F288DD998F89F
:107A50000210002002F0FCFE002886D0094801F048
:107A60004BFE3F2898F8021003D8002002F000FFD8
:107A70007BE7054A4023002002F00AFF75E700BFBC
:107A8000F0ED00E0E86B0020986B0020D86B002040
:107A900000207047F8B53C4DAA788A421F4612D1A3
:107AA0009AB23A4905F1100001F0DCFE384B13B1EF
:107AB0000020AFF30080374801F01EFE3F282CD88D
:107AC00001242046F8BD6B788B4208D0324B1C68ED
:107AD00014F00104F5D000BE00242046F8BD06468F
:107AE00005F1240001F0F0FD40BB2C4801F0ECFD55
:107AF0000028E5D1002FE3D017F03F07E0D16978E7
:107B0000304602F0A5FE04460028D9D069783046F8
:107B10003B463A4602F0BCFED3E7A978002002F0CB
:107B200097FE04460028CBD01A4801F0E5FD3F2817
:107B3000A9781ED8002002F09BFEC2E769780020D9
:107B400002F086FE0028D0D04022154905F124001D
:107B500001F0E4FD034690B1114A6978002002F07B
:107B600097FE0028ACD10C4B1B68DB07BDD500BECF
:107B7000BBE7064A4023002002F08AFEA1E76978AD
:107B800002F076FEB1E700BFD86B0020986B0020B2
:107B900000000000E86B0020F0ED00E0FC6B00202E
:107BA000586B002030B4114B9C689A6B93F83C5092
:107BB00083F82C10A21A022183F830109A6225B99A
:107BC00042F2050183F83E50998744B13AB11A7BDD
:107BD000D20906D193F82F1030BC02F099BE30BC08
:107BE000704793F82E1030BC02F092BEB06F0020A8
:107BF00038B5214B214C05461BB1607BFFF736F8A9
:107C0000A8B1A06BA36894F82F101D4A1B1AB3F5F6
:107C1000007F28BF4FF4007328469BB202F038FE65
:107C200020B9184B1B68DB0700D500BE38BDA26821
:107C3000A36B84F83E0042F20771D31A0120A1879A
:107C40000221A36284F82C0084F83010002AEDD0C1
:107C5000002BEBD0237BDB0906D194F82F102846AC
:107C6000BDE8384002F054BE94F82E102846BDE816
:107C7000384002F04DBE00BF6D6C0200B06F0020B6
:107C8000B06D0020F0ED00E070B5304CE28AA368E2
:107C900052BA92B286B0054612B1B3FBF2F292B27A
:107CA000A66BD4F81110607B9B1BB3F5007F28BF37
:107CB0004FF4007309BA0093B6FBF2F302FB1362B0
:107CC0001944234BFEF79AFF031E20DB94F82E2065
:107CD0000DD011469BB228461D4A02F0D9FDA0B92D
:107CE0001C4B1B68DB0710D500BE06B070BD072417
:107CF000194603A88DF80C508DF8102005938DF8C7
:107D000011308DF80D4002F0B7FB06B070BDA268CF
:107D1000A36B43F602200021D31AA08784F83E10FB
:107D200001200221A36284F82C0084F83010002A7C
:107D3000EBD0002BE9D0237BDB0914BF94F82E1085
:107D400094F82F10284602F0E3FDDEE7B06F002024
:107D5000B06D0020F0ED00E010B4054C012084F877
:107D60003C1084F83D2084F83E305DF8044B7047A9
:107D7000B06F00204022002101482CF084B800BFE1
:107D8000B06F00204022002101482CF07CB800BFD9
:107D9000B06F00204B79082B01D0002070478B7901
:107DA000062BFAD1CB79502BF7D1162A06D81C4BCB
:107DB0001B68D907F1D500BE0020704770B5194D7A
:107DC0008B7885F82D300B7882B005F12F0205F104
:107DD0002E0619440223CDE900261A46044602F075
:107DE00073FC48B90E4B1B68DA0702D500BE02B01F
:107DF00070BD002002B070BD204695F82F100A4AD1
:107E000000241F2385F8304002F042FD30B9044BB6
:107E10001B68DB0702D500BE1720E8E71720E6E75E
:107E2000F0ED00E0B06F0020B06D0020012901D01E
:107E300001207047F0B5137803F07F01022985B067
:107E4000054606D003F06003202B1AD0002005B0B1
:107E5000F0BD5478012CF5D15388002BF6D1434E58
:107E6000918896F83030042BC9B279D096F82E401C
:107E70008C423DD096F82F408C4257D0012005B05F
:107E8000F0BD5378FE2B16D0FF2BDFD15388002B8B
:107E9000DCD1D488A3B2002BD8D1344E1146284669
:107EA00086F83030C6E90D33B48786F83E3002F0EC
:107EB00081FD0120CBE75388002BC7D1D388012B4C
:107EC000C4D12B498DF80F3000294DD00192FEF717
:107ED000E5FD019A0028B9D0431EDBB204AC11467F
:107EE00004F8013D28462246012302F07BFDC5E748
:107EF000022BC3D1B26BB3681E4F9B1AB36206F15B
:107F000020030FCB07C73A46214602F80C39032459
:107F100028460D2386F8304002F0BAFC0028ADD187
:107F2000154B1B68DB0791D500BE90E7002BA5D150
:107F3000214602F0DFFC0028A0D12146284602F0AD
:107F400005FD00289AD1002496F82F10094A86F8DA
:107F5000304028461F2302F09BFC0028E0D08DE72C
:107F600002F0D6FC204672E70B46B7E7B06F002060
:107F70009D6A0200B06D0020F0ED00E02DE9F041B7
:107F8000B44C94F83050012D8EB01E46074645D0B3
:107F900028D3032D05D0022D5FD001200EB0BDE8FF
:107FA000F08194F82E308B42F7D10D2EF5D1E37B82
:107FB000282B00F01A812A2B40F00D81A64B13B11B
:107FC000607BFEF747FE002594F82F10A34A84F843
:107FD00030501F23384602F05BFC002861D094F833
:107FE0003050D8E794F82F508D42D6D11F2B06D1B0
:107FF000DFF868829A4BD8F800209A4271D00423A7
:1080000094F82E1084F83030384602F081FC38465F
:1080100094F82F1002F07CFC0020BFE7B3F5007F3E
:1080200008D9904B1B68D90700D500BE00200EB0C0
:10803000BDE8F081E27BA36B282A00F087802A2A22
:1080400000F08F80217B626B1E44CB09A66336D083
:1080500096422CD3022384F8303094F82E10384600
:1080600002F074FC002898D1A368A26B94F82E60EB
:10807000934202D9217BC9092ED19B1A7A4AA36265
:108080000FCA764D07C52A46314602F80C3903253A
:1080900038460D2384F8305002F0FAFB00287FF4B4
:1080A0007CAF704B1B68DB07C0D500BE76E76D4B1D
:1080B0001B68DA0793D500BE94F830506BE793B293
:1080C000607B664A04F10F01FEF778FD0028C0F2DC
:1080D0009F80A66B626BBBE73146384602F018FC06
:1080E0005BE7C446BCE80F0026460FC69CE80F00BD
:1080F00007C626F8023B1B0C3370D4E90123E17B51
:108100005A4E626201200022282963632662A2621D
:1081100084F82C20A26384F8300000F0AD802A2976
:1081200000F0DF80002B00F0EF80227BD20940F0CE
:10813000EB80B3F5007F00F26F819BB22946474A7E
:10814000384602F0A5FB0028ABD048E7626B1E441E
:108150009642A663BFF47EAFFFF796FD94F83050C9
:1081600019E7E28A52BA92B21AB1A168B1FBF2F2EF
:1081700092B2D4F81110394DB3FBF2FC09BA02FBEC
:108180001C32607B009661442B46FEF74DFD0028B3
:10819000C0F2FB81864230D9361A40B1A36B291850
:1081A00013FA80F332462846A3632BF053FE0023D4
:1081B00094F82F508DF818500722194605A88DF80D
:1081C000147007968DF819308DF8152002F054F9C7
:1081D00094F83050DFE6264B002B3FF4F4AE04F168
:1081E0000F01607BAFF30080EDE6224B002B3FF4E4
:1081F000EAAE607BAFF30080E5E6D4E90D231E44D0
:108200009642A663BFF426AF3846FFF7F1FCE6E6D8
:10821000A368A66B94F83C1084F82C509A1B02209B
:10822000A26284F8300021B942F2050084F83E10C1
:10823000A087002B3FF44EAF002A3FF44BAF237BC7
:10824000DB0940F0E58194F82F10384602F060FB1E
:108250003FE700BFB06F0020556C0200B06D0020FA
:1082600055534243F0ED00E0D06F00205553425388
:108270000000000000000000E28A52BA92B20BBB7C
:10828000002A3FF4E7AE94F83C10A362022284F87F
:108290002C2084F8302000297FF4DFAE42F2050163
:1082A0000022A18784F83E20002B3FF4D6AE237B2A
:1082B000DB0940F09A812946384602F029FB94F800
:1082C000305068E6207BC00913D0002A00F080817E
:1082D000B3FBF2F2002A00F0A3812829384694D19A
:1082E0003AE7E28A52BA92B2002BC9D0207BC00989
:1082F000EBD094F83C10A362022284F82C2084F87E
:1083000030200029CAD0D2E7667B252900F22B81D4
:10831000DFE811F0220129012901E50029012901E5
:1083200029012901290129012901290129012901FD
:108330002901290129012901BD002901290129015A
:108340002901290129012901990087002901290111
:10835000710029012901290129014C002901260068
:10836000304604AA05A9FEF717FC059B002B00F078
:108370004481BDF81020002A00F03F81013B1BBA68
:1083800012BAC8E900320820A368002B44D09842F2
:1083900028BF184683B26063A64A94F82E10384668
:1083A00002F076FA00283FF47CAE18E605AD002313
:1083B0000DF10E02304604A96B600593AB60FEF729
:1083C000EBFB049A002A00F01881BDF80E30002B58
:1083D00000F0138112BA082106925BBA0222ADF8AE
:1083E0001E308DF817108DF81C2095E8070088E8DE
:1083F00007000C20C8E7904B03B33046227DE17C98
:10840000AFF30080D0B994F83C302BB943F6022288
:108410000023A28784F83E3001213846FFF7C2FBD3
:10842000DDE5864B53B1E17C3046C1F3400301F0FA
:1084300001020909FEF7CCFB0028E4D0A368002B59
:108440003FF408AEE8E79DF816307D49002203F0BE
:10845000800362F3C7138DF8163003238DF81520BF
:108460008DF817208DF81430002900F0E180304697
:10847000FEF7FCFB9DF8163080F0010060F3C71397
:108480008DF81630059BC8F8003004207CE74FF0CB
:10849000203302250022CDE90522304607A909AA8A
:1084A00008934FF0800C079309930D93CDE90A339D
:1084B0000C931F260DAB8DF816508DF8175005AD97
:1084C0008DF818608DF815C0FEF7F0FA0FCD594EF3
:1084D0000FC60FCD0FC62B683360242054E794F8E5
:1084E0003C2094F83D0094F83E10DFF848C1DFF8D6
:1084F00058E14FF000084FF00003CDE90588CDE9C1
:10850000078862F303038DF81630F0220A23ADF8D2
:1085100024808DF820008DF821108DF814208DF81E
:108520001B3005AD0FCDACE80F002B68ACF8003068
:10853000BEF1000F76D0ACF1100130464FF400725E
:10854000AFF300800028A4F83C8084F83E800FDB65
:1085500000283FF473AF17E73046FEF7F9FA00281A
:108560003FF451AF6AE794F83C30002B7FF454AFEE
:10857000A38E304A3349607BFEF720FB0028FFF6CC
:108580004BAF00283FF45AAFFEE6A36BA2681E442F
:1085900043F602200021931BA08784F83E1001209F
:1085A0000221A663A36284F82C0084F83010002A0C
:1085B0003FF453AD002B3FF450AD237BDB0914D1C6
:1085C00094F82F10384602F0A3F994F83050E2E402
:1085D000012294F83C1084F82C200222A36284F833
:1085E000302000293FF45AAE5EE694F82E1038464B
:1085F00002F08EF994F83050CDE494F83C30002B22
:108600007FF40AAF43F6022284F83E30A28703E7E4
:1086100094F82E10384602F07BF9D4E90D2617E5C0
:108620000222D6E7A4F83CE084F83EE01220ABE654
:1086300001201FE7B06D002000000000D16B020098
:108640006D6C0200BF6F00200000000070B5134C7D
:10865000134E84B020464FF4AE7200212BF013FC71
:108660004025002304F58E720092CDE901561A468A
:10867000194604F1B000039504F068F92E4404F1A2
:1086800070020023CDE90025CDE90265201D1946C1
:10869000012204F05BF904B070BD00BF70700020CF
:1086A000F06F002010B5054C04F1B00004F07AF929
:1086B000201D04F077F9012010BD00BF707000206C
:1086C00038B5074C2046002500F8B85B01F058F992
:1086D00004F10C0001F054F984F8B150657138BD13
:1086E000707000204B79FF2B01D0002070472DE9DE
:1086F000F04FDFF824B19BF8B13083B04BBB9BF84F
:10870000053033BB0B788A460AEB02050AEB0304FB
:1087100089788BF80010A542064614D91AF8032070
:10872000A3189D420FD36278042A0CD00B2A0AD0DA
:10873000052A0BF1B8080BF1B0070BF10C0917D0A3
:108740009D421C4609D8A4EB0A0080B203B0BDE8E4
:10875000F08F002003B0BDE8F08F1A7813449D42DB
:10876000F1D36278042AEED00B2AECD0052AE7D1A7
:108770002146304602F048F8002843D0A378DB09B0
:1087800005D19BF8B1301BB32278A318D8E79BF82A
:108790000530002BF8D14846019301F0F1F8A2789A
:1087A0008BF80520A2889BF804C0019B1849C2F3EE
:1087B0000A02A2F50072B2FA82F2520962F3410C87
:1087C00018468BF804C004F037F92278A318B7E7ED
:1087D000404601F0D5F8A3788BF8B130A3889BF818
:1087E000B020C3F30A03A3F50073B3FA83F35B0964
:1087F00063F34102394630468BF8B02004F064F947
:108800000028C1D1034B1B68DB07A2D500BEA1E73E
:1088100074700020F0ED00E07070002070B51C4C0A
:1088200094F8B1208A4205461E460FD1B4F8BC2008
:10883000F2B9184B23B1B2B217490020AFF3008050
:108840002846164904F040F9012070BD63798B4237
:1088500001D0002070BD124B1BB1B1B20020AFF3AC
:1088600000801049284604F0E7F848B1012070BDA7
:10887000B2B2D4F8B41004F1B80000F0F3FFD8E7B6
:1088800032462846074904F099F8012070BD00BF20
:108890007070002000000000F06F002020710020A8
:1088A0000000000074700020F8B50E688D88B7785D
:1088B0003544AE420BD23B469F42344603D10BE0D7
:1088C0006378042B05D023781C44A542F8D80020F7
:1088D000F8BDA3789F42F6D1E3789A42F3D1A5423E
:1088E000F5D9237D012B06D9144B1B68DA07EED589
:1088F00000BE0020ECE723790D46DBB1012BE6D169
:108900002278E389617A1344114423442144994233
:1089100004D3DCE70A7811448B42D8D94A78052A77
:10892000F8D101F071FF28B9044B1B68DB07CED5E5
:1089300000BEF8BDA41BEC800120F8BDF0ED00E006
:10894000C28832B9654B1B68DB0700D500BE00202A
:108950007047F0B40378624803EB830403EB4403ED
:10896000C058831803D08E781C7BA64207D95B4B76
:108970001B68D90700D500BE0020F0BC70472EB997
:10898000012C01D90120F8E701268E7001248C60AA
:10899000C1F80E404C7700256FF03F0481F822505B
:1089A0008C766FF003056FF06404CD760C774D4D37
:1089B000C1F81E50082481F82340825CB3F80D40B2
:1089C00014441C441344A342D1D2474F9D78102D28
:1089D0000CD827FA05F0C04310F0010006D1DA7870
:1089E000964203D107E05A78242AEFD01A7813442C
:1089F0009C42F8D8BBE79C42B9D0062D06D0102D7A
:108A000004D0042DB9D1012248730A73CF781A79A2
:108A1000974218D81FB9012AB4D80127CF701A7805
:108A20001A44A2420FD2967806F0FD0CBCF1050F55
:108A30000FD0112E03D10CE05678242EF3D01678E7
:108A400032449442F8D8254B1B68DA0794D500BE0F
:108A500093E7D678B742F2D19442F4D0D1F81240DD
:108A60008CB9062D30D0102D2ED0042D09D1B2F89E
:108A70000560B2F807505C7D05FB06F304FB03F4C8
:108A8000E408C1F812404B6863B9557E012D3FF6EA
:108A900079AFD2F81A3025B9D2F81E209A427FF465
:108AA00071AF4B60114AA2FB03235A0BCBD0631E5C
:108AB0001344B3FBF2F30233B3F5807F28BF4FF4C6
:108AC0008073C1F816305DE7B2F80530B2F80740A0
:108AD00004FB03F42401E408D3E700BFF0ED00E059
:108AE000CC71002003010101501001005917B7D1CA
:108AF0002DE9F84F0B785D4C03EB83050E4603EB35
:108B000045030989E7589146804679B13944CB78C5
:108B100003F00303012B00F09480738933B13B44CD
:108B2000DA7802F00302012A00F091807488B58897
:108B300000233C44B381F38133827382B382F38296
:108B40003D44A278AC4238BF134609D29A4203D1C1
:108B50000CE06378042B06D023781C44A542F8D897
:108B60000020BDE8F88FA3789A42F5D1E3789945C3
:108B7000F2D1A542F4D994F804A0BAF1020F15D8A5
:108B8000E31BF380B9F1000F16D023781C44BAF12F
:108B9000000F4CD04FF0000B06E06378052B28D077
:108BA000042B03D023781C44A542F6D8304B1B6815
:108BB000DA07D5D500BED3E7737F012B12D006F1BB
:108BC0001E03494686F81D90A6F81890A6F81A903C
:108BD000184630222BF057F901463046FFF7B0FE19
:108BE0000028BDD023781C44BAF1000FD2D1012057
:108BF000B7E7E37803F00303B9F1000F01D0012BCD
:108C000018D0022BACD12146404601F0FDFD28B31F
:108C100006EB4B03E21B1A8122780BF101039A4504
:108C200014444FF0010BBFD8B9F1000FDFD002237D
:108C30007377DCE7A388B269C3F30A039342E2D2F5
:108C40008EE700233381897801F08EFE65E70022EC
:108C500072819978404601F087FE67E7044B1B68F4
:108C6000DB077FF57DAF00BE7BE700BFCC71002046
:108C7000F0ED00E010B4064C06480023C4E90033D0
:108C80001946C4F807304E225DF8044B2BF0FBB8B0
:108C9000CC710020D87200200120704710B4064C1F
:108CA00006480023C4E900331946C4F807304E22B1
:108CB0005DF8044B2BF0E7B8CC710020D87200208F
:108CC0002DE9F0414B790E2B04D04FF000084046BF
:108CD000BDE8F0818B79012BF7D1CB79012BF4D151
:108CE0003E4E33682BB13E4B1B68DB07EDD500BE13
:108CF000EBE714460F461A46314605463760B48006
:108D0000FFF7D2FD0028E0D0F2883368B978134429
:108D10003C44A74293F814C03B4605D308E05A7878
:108D2000042A4DD00B2A4BD01A7813449C42F6D813
:108D3000BCF1000F4ED02B494A88002AD3D1D81B52
:108D40001FFA80F83272A1F802809C4293F802E088
:108D50000A8098BF034605D80BE05A78042A2BD026
:108D60000B2A29D01A7813449C42F6D8DB1B1FFA31
:108D700083F80022BCF1010FA1F804804A77B2D138
:108D800017FA80F017FA83F3984281780AD2827832
:108D90008A4203D118E04278042AF8D002781044BD
:108DA0008342F8D8284600220E49FFF7A1FE00288A
:108DB0008BD0A6F804808AE79A787245D2D0D5E79E
:108DC0009A788A42B0D0B3E7C278012AE6D18342CA
:108DD000EFD1E7E7DB1B1FFA83F8EAE7CC7100204D
:108DE000F0ED00E0D87200202DE9F047167806F08B
:108DF0001F04012C8CB004D0002420460CB0BDE828
:108E0000F087DFF8F892B2F804C0D9F80070804615
:108E100015465FFA8CF317B1BA789A422CD0B44F4A
:108E20007C88002CE9D03A7802EB820002EB400209
:108E300059F802E07444A2789A42DDD1C6F3411693
:108E4000F3B2002B00F09C80012B12D15FEA1C2CA6
:108E50000FD16B881B0A022B00F02E81062B00F02D
:108E60001781012B00F0F580A24B1B68DB0700D5B2
:108E700000BE07233B77BFE7C6F34116F4B2002CD0
:108E800047D0012C25D15FEA1C2C26D0B9F806204A
:108E9000BB18B95CDA89114419448B420ED29A7816
:108EA000023A052A06D8DA78624503D107E05A78F3
:108EB000242AF4D01A7813449942F8D849B10023EF
:108EC00089F80930012498E78A4B1B68D90700D537
:108ED00000BE072389F809308EE76B881B0A012B37
:108EE00000F09580022BEFD16B78812B00F0478149
:108EF000862BE9D10129E2D10B46404629467E4A1C
:108F000001F070FD0028DAD1FF2389F80930002430
:108F100073E76B780A2B4AD00B2B3ED10129CED1B7
:108F2000EB88002BF0D1B9F80630FA181179A9B105
:108F3000F85CD189537A0144034413440A449342B0
:108F400005D395E119780B449A4240F29181597802
:108F50000529F7D19978404601F006FD0026A9F8C9
:108F600006606A8865494046FFF79EFC0446002873
:108F7000CAD02946404601F01DFD89F809603CE74A
:108F80006B780A2B27D00B2B7FF46EAF012900F0F2
:108F9000BD8000233B7701242FE7564B1B6813F05D
:108FA00001032FD107221C4689F8092025E7012952
:108FB00085D1EB88012BA7D1B9F80620BF18A3D023
:108FC0000CAAF97802F8301D294601F00BFD044681
:108FD0000028D2D198E70129DBD1EB88012B35D1CC
:108FE000FB889BB31EEB030330D00CAADB7802F89E
:108FF000303D40460B46294601F0F4FC044628B3B8
:109000003E77FAE600BE072389F80930F5E66B786B
:10901000812B00F0D180862B00F0BE80012B7FF4E5
:1090200053AF012900F0CB8002297FF448AF344BC5
:10903000002B3FF444AF99F80A100020AFF30080F2
:10904000B0FA80F489F809006409D6E6FF233B777B
:10905000D2E67B7F0BB187F81DC06C78842C61D879
:10906000822C65D2012C00F00A81812C7FF4FCAEA9
:1090700001298ED1EB883BB1294640463023214A55
:1090800001F0B0FC002884D1FF233B770024B4E634
:109090006B78812B00F0A180862B7FF4E5AE01294F
:1090A0007FF477AF294640460123134A01F09AFC2A
:1090B00000287FF46EAFE7E76B78812BD8D040F2C1
:1090C000B080852B00F09780862B7FF4CDAE0129F0
:1090D0007FF45FAFEB88012BD6D10B464046294683
:1090E000094A01F07FFC00287FF453AFCCE700BFB2
:1090F000D8720020F0ED00E0256D0500CC71002055
:1091000000000000F6720020266D05006A883946CE
:109110004046FFF7EDFC002898D02946404601F074
:1091200049FC36E7862CD2D065D3872C7FF49CAEE1
:1091300001297FF42EAFEB88002BA5D0B64EE9466F
:1091400006F1300A30687168B268F368CC46ACE862
:109150000F0010365645E146F4D19DF80210002963
:1091600040F09F80832C00F08381872C00F0648185
:10917000822C00F0618108233B7700243DE6012921
:109180007FF49DAE294640460123A44A01F02AFC03
:1091900000287FF494AEB7E601297FF490AEEB8807
:1091A000012B7FF4B1AE294640469D4A01F01AFCDE
:1091B00000287FF484AEA7E601297FF480AEEB8817
:1091C000012B7FF4A1AE294640460123954A01F0C8
:1091D00009FC00287FF473AE96E601297FF4D9AE2E
:1091E0000B464046294607F11C0201F0FBFB002814
:1091F0007FF4CFAE48E701297FF4CBAEEB88022B9A
:109200007FF442AF0CAA302122F8301D4046294697
:1092100001F0E8FB044600283FF436AF00233B771B
:10922000EBE5012B7FF420AE01293FF425AF0229A5
:109230007FF4AFAE7849A1F11E00FFF781FB044631
:1092400060B3794B7A6BBA613BB1734A79783878FD
:10925000AFF3008000287FF49CAE74490023022005
:109260004FF480720880C7E903337B61BA83C4E599
:109270006F4B1B68D8077FF547AE00BE44E6012957
:109280003FF4FAAE02297FF484AE6349A1F11E00D7
:10929000FFF756FB044600287FF47BAE08233B779C
:1092A000ABE59DF8030000287FD1FA88002A3AD068
:1092B0001EEB020337D01EF80220B3F80D005D4EFE
:1092C00010441844134498420FD99A78102A04D8AD
:1092D00026FA02F2D20700F1D5801A781344984298
:1092E000F1D95A78242AF8D1EDE70346832C5AD0D5
:1092F000872C4CD0822C7FF43EAF01218DF80310D7
:109300001A781A44904237D9947804F0FD06052E55
:1093100010D0112C0ED0147822449042F2D95478F7
:10932000242CF8D1EEE7424B1B68D9077FF523AF19
:1093300000BE20E7D478A142EDD1997806291DD04E
:1093400010291BD004297FF416AFB2F80510B2F82B
:1093500007205B7D02FB01F203FB02F3DB08CDF883
:1093600012306A4629464046302301F03BFB044652
:1093700000283FF489AE51E70246DEE7B2F8051057
:10938000B2F8073003FB01F31B01DB08E7E79A782B
:10939000062A06D0102A02D0042A7FF4ECAE997D6A
:1093A000ACE79979AAE71979A8E7019B002BD8D1F6
:1093B000FA88002AB7D01EEB0203B4D01EF802E0F0
:1093C000B3F80D20DFF86CC072449E1873449E42BF
:1093D0000ED99A78102A03D82CFA02F2D20756D462
:1093E0001A7813449E42F2D95A78242AF8D1EEE72B
:1093F00033461A7813449E4264D99A7802F0FD01EC
:10940000052948D0112A46D01A7813449E42F2D931
:109410005A78242AF8D1EEE7F6720020D5710020A0
:10942000266D0500D671002000000000D8710020D4
:10943000F0ED00E05010010001238DF8023001230F
:109440004FF00112029300230392ADF810304FF653
:10945000C0428DF8223040F29B13ADF81A20ADF8CF
:109460001C30404ACDF81E2008238DF8233078E7C1
:10947000FB88002BE3D01EEB0303E0D01B7B8DF8B1
:109480000230DCE7DA7891427FF427AF2EE7DA7812
:109490009142A5D1ADE7DA789042B5D1823C052C56
:1094A0003FF669AE01A252F824F000BF2D950200EC
:1094B00011950200F3940200779102007791020067
:1094C000C99402003346E9E7D3F8151042F210734D
:1094D000B1FBF3F3019100293ED0DDF812208BB9E6
:1094E000931CB3F5807F28BF4FF48073CDF81630FE
:1094F00037E75A7E72BBD3F8221042F21073B1FBE9
:10950000F3F3E7E7013A1A44B2FBF3F30233E8E777
:109510005A7ECAB1053203EB8202D2F80210D3F8A8
:109520001A3042F21072B3FBF2F3D3E75A7E72B1F3
:10953000053203EB8202D2F80220D3F81A1042F26D
:109540001073B2FBF3F3C5E7D3F81E10E7E7D3F8C7
:109550001E20F2E7002301930023ADF81630ADF88A
:109560001830FEE6030101012DE9F84F334C238941
:1095700053B12278324F02EB820502EB45057D594B
:109580002B449F788F420AD02E4B1B68DB0703D5F4
:1095900000BE0020BDE8F88F0020BDE8F88FD4E9B8
:1095A00004369E4205460BD327490023C4E9033302
:1095B000636119B161781046AFF300800120E9E7DB
:1095C00001F046F90028E7D0DFF88090A36999F808
:1095D0000000D4E9042BA2EB0B0808EB00069E4226
:1095E00028BF1E46B04213D9164B1B6813F0010367
:1095F00001D000BE002339462846144A01F048F93C
:109600000028DBD10F4B1B68DA07C5D500BEC1E7C8
:10961000E168A6EB000A5944484452462AF00FFC80
:109620000BEB0A03D0456361B3B2E4D199F8012092
:1096300042F0020289F80120DDE700BFD872002065
:10964000CC710020F0ED00E000000000D871002097
:109650002DE9F041B2F5004F9DF8188030D804464E
:10966000C0681E460F46154618B14FF0FF3126F070
:10967000DFFC206918B14FF0FF3126F0D9FCE288F9
:10968000E068276066F30E02C2F30721002368F347
:10969000C711E2806381A580E171238118B11A4668
:1096A000194626F07DF8206938B100231A4619467C
:1096B00026F076F80120BDE8F0810120BDE8F081B8
:1096C0000020BDE8F08100BF03894289808892B202
:1096D0009BB2934236BFC2EB40029B1A9B189BB2CF
:1096E000984228BF18467047028943899BB2981A4E
:1096F000B0FA80F04009704703894289808892B2AD
:109700009BB2934236BFC2EB40029B1A9B189BB29E
:10971000984286BFC01A80B2002070472DE9F843F6
:10972000054600690E46174618B14FF0FF3126F086
:109730007FFC2B896989A8889BB289B28B4236BF8E
:10974000C1EB40045C1AE418A4B2002C4AD0A04239
:1097500006D283422CBF191A191889B269810446AE
:10976000BC4228BF3C468842A4B203D8091A89B239
:109770008842FBD9EA882B68401AC2F30E0887B2E8
:109780001FFA88F2BC4202FB013125D917FB08F908
:109790001FFA89F94A4630462AF051FBE21B12FBB8
:1097A00008F206EB090092B229682AF048FB6A89A0
:1097B000A88892B211198BB29A4215D940001B1A8F
:1097C0009BB228696B8120B100231A46194625F007
:1097D000E7FF2046BDE8F88302FB04F230462AF09A
:1097E0002EFBE4E769898BB240008342E9DBE6E7C0
:1097F00038B5054600690C4618B14FF0FF3126F028
:1098000017FC29896B89AA8889B29BB2994236BF15
:10981000C3EB4200C81A401880B200B3824209D29A
:1098200091422CBF8B1A8B189BB29A426B8103D842
:109830009B1A9BB29A42FBD9EA882968C2F30E02AE
:10984000204602FB03112AF0FAFA0124286920B10C
:1098500000231A46194625F0A3FF204638BD0446CA
:10986000F4E700BF2DE9F0471446002A4FD0054623
:10987000C0680F4618B14FF0FF3126F0D9FBEA79E6
:109880002E896989AB88D209B6B289B242D18E429B
:1098900036BFC1EB4301711A891989B2994252D27C
:1098A000591A89B28C42E88828BF0C46C0F30E08CA
:1098B000B342304603D8C01A80B29842FBD21B1A7A
:1098C0002A681FFA83F9A14508FB002047D219FB3B
:1098D00008FA1FFA8AFA524639462AF0B0FAA4EB7F
:1098E000090212FB08F207EB0A0192B228682AF07B
:1098F000A6FAA3199BB2AA88B3424FEA420201D347
:10990000934201DB9B1A9BB2E8682B81F8B9204691
:10991000BDE8F087E8889C42C0F30E080FD28E4263
:1099200023D3721A92B2580022448242C0DBCE186E
:10993000361BB6B2B14220D9361AB6B2B8E7E41A2D
:1099400008FB0477B3B9E86800240028DFD00023BF
:109950001A46194625F024FF2046BDE8F08708FB8B
:1099600004F239462AF06BFAC3E75800421A32442F
:1099700092B2D9E70E461C4698E7B04298DCDBE786
:1099800010B50446C06818B14FF0FF3126F050FB07
:10999000206918B14FF0FF3126F04AFBE068002340
:1099A0006381238118B11A46194625F0F9FE206912
:1099B00020B100231A46194625F0F2FE012010BD01
:1099C00038B5C379B1EBD31F1FD00446C0680D462C
:1099D00018B14FF0FF3126F02BFB206918B14FF082
:1099E000FF3126F025FBE379E06865F3C713E371E7
:1099F00020B100231A46194625F0D2FE206920B175
:109A000000231A46194625F0CBFE012038BD00BFC1
:109A1000704700BF704700BF0020704700207047AC
:109A2000704700BF704700BF704700BF704700BF5E
:109A3000024B5878003018BF012070478073002017
:109A4000024B1878C0F38000704700BF807300207D
:109A5000024B1878FF3818BF0120704718610020AA
:109A60002DE9F047374E3378FF2B82B004D0012523
:109A7000284602B0BDE8F087002946D03822884643
:109A80000746002130482AF0FEF9304B30490025C6
:109A900001201D7026F05EF82E4B1860002834D08F
:109AA0002D4C2346626833F80C0B6188009525F035
:109AB00005FEA168054626F095FC284B1D6075B390
:109AC000274B23B12748AFF30080274B1860254C64
:109AD000DFF89CA02278DFF8909000252B460EE05E
:109AE000D9F8003013EB45130FD05B686BB1984782
:109AF00022780135EDB2511DA9422B4615DBAA4251
:109B0000EED89B1A0AEB4313EFE7184B1B68DA07F2
:109B100000D500BE0025284602B0BDE8F087134BF3
:109B20001B68DB07F6D500BEA2E741463846377012
:109B300001F050FE05460028F1D0384601F04CFEF9
:109B400096E700BF18610020807300208074002019
:109B500030730020B8730020BC600020BC7300206C
:109B6000000000002C73002028730020F0ED00E0BE
:109B7000286D0500B94B1B78FF2B00F0A1812DE962
:109B8000F04F04468BB04FF47A7200238002A10D8F
:109B900029F0AAFEB24DDFF8E4B2B24E8246671C4D
:109BA000286800F02481002C00F02181BAF1000F18
:109BB00014BF5246012207A926F0A8F8C0B19DF8AB
:109BC0001D30013B072B00F21481DFE813F0F20097
:109BD000D300CA00BF00B700410014000800089B72
:109BE0000BB109989847286826F0CEFB0028D6D1FB
:109BF0000BB0BDE8F08F9DF820109B4B01F07F0764
:109C000003EB470303EBD11393F826006FF3000037
:109C100083F8260093F826006FF3820083F826006D
:109C2000002F00F04581914A1B7D12789342C0F0CD
:109C30003381501D9842C0F234819B1A0BEB4313C1
:109C40009F699DF82120099B9DF81C00B847CAE731
:109C5000874A1378002B00F024811378013BDBB294
:109C60001370137803F0FF00002BBCD1DFF8F891DC
:109C70009DF81C8099F8003043F0010389F800300A
:109C800099F8263060F3000389F8263099F82630D9
:109C900060F3820389F8263099F8273060F30003D7
:109CA00089F8273099F8273060F3820389F8273044
:109CB00000F002FF9DF8203003F06002602A00F0FF
:109CC0000681402A00F00A8103F01F03012B00F0F7
:109CD000D581C0F01281022B40F0F9809DF824104C
:109CE00001F07F07082F00F2F2807B00C809019382
:109CF0004B44034400905D481F7D03789F4280F0F1
:109D00000F82336803EB4717002A00F0108257B127
:109D1000786900F0D1FE7B69404608AA0121984786
:109D200000287FF460AF9DF81C00002101F0BEFF09
:109D300080219DF81C0001F0B9FF54E74A4B1B78C5
:109D4000D8077FF550AFFFF771FE4CE7464B1A7806
:109D5000D7077FF548AF1878C0F3C000FFF764FE5F
:109D600041E7414BDB78D9077FF53DAF0898FFF716
:109D700051FE38E73D4F9DF81C903A7800239846F5
:109D800010E0336813EB481300F08080DB6848462E
:109D900098473A7808F101085FFA88F8511D88451C
:109DA000434645DC9045A3EB0203EAD30BEB431398
:109DB000ECE72E4F9DF81C903A78002398460FE070
:109DC000336813EB48135BD0DB68484698473A7812
:109DD00008F101085FFA88F8511D884543460FDCF9
:109DE0009045A3EB0203EBD30BEB4313ECE72246C6
:109DF000E1E6204B1B68DA077FF5F5AE00BEF2E620
:109E00003822002118482AF03EF81B4A4FF0FF3351
:109E1000C2E90533C2E90033C2E90233D3611384D6
:109E2000136100F03FFE104B9DF820209A70DAE697
:109E3000382200210C482AF026F80F4A4FF0FF3351
:109E4000C2E90533C2E90033C2E90233D3611384A6
:109E5000136100F027FEFFF7E5FDC4E6186100205E
:109E6000BC73002028730020807300202C73002016
:109E700080740020F0ED00E084730020286D050060
:109E8000A44B1B68D907CCD500BECAE7A14B1B6801
:109E9000DA07DED500BEDCE7326812EB43137FF44D
:109EA000CFAE9C4B1B68DB077FF5A2AE00BE9FE6E2
:109EB000099B9DF821209DF81C0000F013FE92E6FE
:109EC0007047FCF7F3FC0246002840F0E981914B13
:109ED0001B68DA077FF527AF00BE24E78E4800280D
:109EE0003FF421AF00F0E8FD404608AA0121FCF74D
:109EF00025FF00287FF477AE15E7202A00F0F180D7
:109F0000002AE4D19DF82130092BE0D801A252F8B3
:109F100023F000BF3BA002001BA00200CF9E020066
:109F20005DA00200CF9E0200FD9F0200A99F0200DB
:109F3000CF9E0200939F02003D9F02009DF82230B9
:109F400001931A4699F801309A4200F0548199F829
:109F50000130002B40F05481019B89F80130002B27
:109F600000F04781581EC0B2FCF7A0FC18B143783E
:109F7000022B00F0C181674B1B68DB0700D500BED8
:109F8000644B1B68D80700D500BE002389F8013058
:109F9000C9E60AAA99F8013002F80E3D40460123AD
:109FA00008A900F01FFD1EE6BDF82200030A5A1E94
:109FB000C0B20E2A3FF6B7AE01A151F822F000BFA1
:109FC000B3A202008FA202007FA20200279D02001E
:109FD000279D020061A202008FA20200279D0200BD
:109FE000279D0200279D0200279D0200279D020059
:109FF000279D0200279D0200E3A2020008A800F0AE
:10A0000061FD40469DF8221001F0ECFB99F800300C
:10A0100043F0020389F80030E5E5BDF82230012B5A
:10A020007FF481AE99F8003040466FF3C30308A96E
:10A0300089F8003000F0BEFCD5E599F800309908A9
:10A0400001F00201C3F340130AAA0B4322F80E3DAC
:10A050004046022308A900F0C5FCC4E5BDF8223043
:10A06000012B7FF460AE99F80030404643F00803BE
:10A0700008A989F8003000F09DFCB4E59DF8243073
:10A080000F2B3FF650AE4B44244A1B791778BB4246
:10A0900038D2376817EB43173FF445AE786900F0C4
:10A0A0000BFD7B6908AA01214046984700287FF4F0
:10A0B0009AAD9DF8203013F060077FF434AE9DF820
:10A0C00021300A3B012B3FF62EAE00F0F5FC9DF847
:10A0D00021300A2B00F0FC8008A9404600F06AFC01
:10A0E00081E59DF824300F2B3FF61DAE4B440B4A03
:10A0F0001B791778BB4260D2376817EB43173FF4E0
:10A1000012AE05E67A1D9A42FFF60DAEDB1B0BEB95
:10A110004317C3E7F0ED00E03D6D02002C73002013
:10A12000581DB84239DA002A7FF4FDAD17469DF874
:10A130002130012B03D036D3032B7FF4C8AEBDF8FA
:10A1400022200292AAB9B84A012B10783DD001F022
:10A15000ADFD019B009A4B44134493F8262042F036
:10A16000020283F8262093F8262042F0010283F8A9
:10A170002620002F3FF437AD786900F09DFC7B6905
:10A18000012108AA40469847002000F095FC99F864
:10A190002730D9073FF527AD9EE7FB1A0BEB431796
:10A1A000002AC4D0B4E5019B009A4B4413442033E9
:10A1B0000AAA9B79C3F3400348E77A1D9A42FFF647
:10A1C000B2ADDB1B0BEB4317A2E501F097FD019B42
:10A1D000009A02994B44134493F8262061F34102FC
:10A1E00083F8262093F8262061F3000283F82620C6
:10A1F000BFE7FFF717FC404608A900F0DBFBF2E4DD
:10A200000021404601F000FB404601F09FFB874FD4
:10A2100099F802300293002300943A781C460CE02F
:10A220000BEB4313DB68404698473A780134E4B2BD
:10A23000501D8442234600F3CE809442A3EB0203D8
:10A24000EED2336813EB4413ECD1794B009C1B68BE
:10A25000DB0700D500BE9DF8083089F802307BE6A8
:10A26000FFF7DAFB024600283FF45DAD4046137865
:10A2700008A900F0B7FB00287FF4B5AC53E5BDF8A2
:10A280002410FCF719FB02460028EFD14BE5022B06
:10A290003FF417AEFFF7C2FB024600283FF443AD80
:10A2A0004046538808A900F09DFB00287FF49BAC32
:10A2B00039E5FCF7F7FA024600283FF408AE4046BD
:10A2C000122308A900F08EFB00287FF48CAC2AE54D
:10A2D0000AAA08A902F80E7D4046012300F082FB7D
:10A2E00081E4544B002B3FF41EADFCF723FD0246E6
:10A2F00000283FF418ADD3E7C27999F80030511126
:10A3000061F30413921162F3451389F80030438816
:10A31000CDF81080CDE900A4C318039300F109071C
:10A32000039BBB4237D97B780B2B03BF3B7897F855
:10A3300003A0FF184FF0010A7B78042B43D1039B45
:10A340003A4ACDF814A0DB1B00219BB2029112788F
:10A3500088469A4617E0346814EB481433D05246C6
:10A360003946049823699847082808F1010201D961
:10A37000824543D22D4B5FFA82F81A78CDF80880D7
:10A38000511D88451CDC029B9045A3EB0202E2D3E1
:10A390000BEB4214E3E7DDF81080DDE900A4FFF7E2
:10A3A0003FFB28E70246434604463946224802F06E
:10A3B000B1FA1E4B029A1B78053393422744AFDA59
:10A3C000DDE900A4D7E51A4B1B68DF07DDE900A42F
:10A3D0007FF5D6ADD3E5382200211848009C29F03E
:10A3E00052FD174A4FF0FF33C2E90533D36113849E
:10A3F000C2E90033C2E9023313612CE7DDF814A08F
:10A40000BAF1010F1ED00021CBB2534501F1010179
:10A41000C8D2BA78134459FA83F31A79FF2AD2D1F1
:10A4200083F80480F0E700BF186100202C7300203F
:10A43000F0ED00E0356D0200947300208073002081
:10A440008473002023690A4A0A498B4208BF4FF0EF
:10A45000020A9342D7D17B79012BD4D1BB79012B4E
:10A46000D1D1FB79002B08BF4FF0020ACBE700BF28
:10A470005D7902001D7102002DE9F0434378023B33
:10A4800085B005460E46042B0CD8DFE803F0495D85
:10A49000037E3F00844B1A78D70715D51A7842F00F
:10A4A00004021A70814B18688EB933464FF0FF32A0
:10A4B000294625F075F9003018BF0120F0B97C4B12
:10A4C0001B68DB0700D500BE05B0BDE8F08304AA19
:10A4D000002342F80C3D294625F072FB019B43B155
:10A4E000744B4FF080525A6040BFBFF34F8FBFF3A1
:10A4F0006F8F003018BF01200028E0D03246697805
:10A500002878FFF785FA05B0BDE8F0836A4A13782A
:10A510000133DBB21370654B1868002ED7D1C4E746
:10A52000614B1A786FF300021A701A7800216FF3EA
:10A5300041021A7059701A7861F382021A705B4BEB
:10A540001868002EC3D1B0E75C4FDFF874913978FA
:10A55000DFF87081002423460AE0D8F8003013EBBE
:10A5600044130AD10134E4B24A1DA242234615DB4A
:10A570008C42F2D35B1A09EB4313DB69002BF1D059
:10A580006968287898473978ECE7474B1A78D407F8
:10A590009AD51A786FF382021A7083E7424C2378B7
:10A5A00058072FD5237841496FF3820323702B7806
:10A5B0008DF8043005220023CDF80A30CDF806309E
:10A5C000ADF80E3008688DF80520002E59D004AA89
:10A5D00001A942F8103D25F0F3FA009B43B1354B39
:10A5E0004FF080525A6040BFBFF34F8FBFF36F8F61
:10A5F000003018BF012000284DD12D4B1B68D90712
:10A6000000D500BEE378DA077FF55EAF274A2B78E6
:10A61000696810688DF8043003220023CDF80A30F1
:10A62000CDF80630ADF80E3002918DF80520F6B168
:10A6300004AA01A942F8103D25F0C2FA009B43B1DB
:10A640001C4B4FF080525A6040BFBFF34F8FBFF397
:10A650006F8F003018BF012000283FF430AF324622
:10A660009DF805109DF80400FFF7D2F92CE733465A
:10A670004FF0FF3201A925F093F8003018BF0120F8
:10A68000EAE733464FF0FF3201A925F089F80030A0
:10A6900018BF0120AFE732469DF805109DF8040071
:10A6A000FFF7B6F9AEE700BF80730020BC7300204F
:10A6B000F0ED00E000ED00E0807400202C7300203D
:10A6C000286D0500287300202DE9F84F0A9F002A05
:10A6D0004CD090464A78052A0C460ED1CE7806F02A
:10A6E0000306B34209D18A7802F07F02082A0DD905
:10A6F000204B1B68DA0700D500BE1E4B1B68DB072A
:10A7000002D40020BDE8F88F00BEFAE7DFF868B099
:10A71000DFF868A09BF8009000250EE06278052A1B
:10A72000EBD1E27802F00302B242E6D1A27802F065
:10A730007F02082ADCD89BF800909AF802100022C9
:10A74000204602F095F80028D2D04846214601F074
:10A750006FF80028D1D0A278D30916BF0B9B3A70AE
:10A760001A702278013545451444D7D10120BDE83F
:10A77000F88F00BFF0ED00E018610020807300202A
:10A7800030B51E4D85B0082400230290019303913B
:10A790008DF805402868144682B9134601A94FF088
:10A7A000FF3224F0FDFF003018BF0120E0B9144B48
:10A7B0001B68DB0700D500BE05B030BD04AA01A9A7
:10A7C00042F8103D25F0FCF9009B43B10D4B4FF0D2
:10A7D00080525A6040BFBFF34F8FBFF36F8F00307E
:10A7E00018BF01200028E2D022469DF805109DF8F0
:10A7F0000400FFF70DF905B030BD00BFBC730020A9
:10A80000F0ED00E000ED00E038B58B7803F07F0359
:10A81000082B06D90B4B1B68DB0700D500BE0020B8
:10A8200038BD094A094B0C46204691781D78002214
:10A8300002F01EF80028EDD021462846BDE8384039
:10A8400000F0F6BFF0ED00E08073002018610020FA
:10A85000CB09263301F07F010348044A03EB410191
:10A860000844116801F0BABF80730020B87300205B
:10A87000CB09263301F07F010348044A03EB410171
:10A880000844116801F0D6BF80730020B87300201F
:10A8900038B5154C01F07F0504EB450404EBD114E9
:10A8A0002034A079C00706D5104B1B68DA0700D505
:10A8B00000BE002038BDA5790D4845F0010500789F
:10A8C000A57101F0F1F80028F4D1A379074A60F3EB
:10A8D0000003A371A37960F38203A3711368DB07FC
:10A8E000E7D500BE38BD00BF80730020F0ED00E06A
:10A8F00018610020054B01F07F0203EB420303EBDC
:10A90000D11191F8260000F00100704780730020FB
:10A9100010B50C4B18780C4601F0C8F90A4904F040
:10A920007F0301EB430101EBD41191F8263043F092
:10A93000020381F8263091F8263043F0010381F8B4
:10A94000263010BD1861002080730020054B01F0F7
:10A950007F0203EB420303EBD11191F82600C0F311
:10A96000400070478073002010B50F4B18780C46DC
:10A9700001F036F80D4904F07F0301EB430101EBD0
:10A98000D41191F826306FF3410381F8263091F805
:10A9900026306FF3000381F8263091F826306FF3EC
:10A9A000820381F8263010BD1861002080730020DA
:10A9B000704700BF0A4630B4094C49680546106824
:10A9C000234603C30023C4E9023392F900209A42CC
:10A9D0002846ACBF802119461A4630BCFFF758BF45
:10A9E000C4740020F0B50E462B4C49680746306809
:10A9F000A260254603C50021E181F588AB4228BF4E
:10AA00002B4683B0A381ADB13BB3002A3DD094F96E
:10AA10000000402B28BF402300282CDB1F4A38466B
:10AA2000FFF736FF98B91E4B1B68DB0712D500BE37
:10AA300003B0F0BD96F90030002BACBF802100219F
:10AA400038462B462A46FFF723FF0028EBD001208B
:10AA500003B0F0BD002003B0F0BD94F90020002A3F
:10AA6000ACBF194680211A463846FFF711FF00286F
:10AA7000D9D00120ECE71146084801931A4629F085
:10AA8000DEF9064A019B8021EEE7054B1B68D907DA
:10AA9000E0D500BE1046CBE7C474002084740020CB
:10AAA000F0ED00E0034B0022C3E90022C3E90222DB
:10AAB0001A617047C4740020014B1861704700BFD1
:10AAC000C47400200346064A5968006810B413464F
:10AAD000002403C3C2E902445DF8044B704700BF81
:10AAE000C474002070B5404C2278C909B1EBD21F64
:10AAF00082B0064615D03BB13C4B1B68DA0700D547
:10AB000000BE002002B070BD2146FFF751FF23694F
:10AB1000002B40D02246304603219847012002B046
:10AB200070BD94F90020A068002A08DB0028E8D056
:10AB30001A462F49019329F082F9A068019BE58903
:10AB4000E2881D44ADB21844AA42A060E58101D05C
:10AB50003F2B23D8236923B1234A0221304698474B
:10AB600088B194F9002000239A42ACBF8021194695
:10AB700030461A46FFF78CFE68B91C4B1B68DB0792
:10AB8000BFD500BEBEE70146304601F08FF8304623
:10AB9000802101F08BF8012002B070BDA28994F9E8
:10ABA0000010531B9BB2402B28BF402300290ADB17
:10ABB00095424FF0000112D00D4A3046FFF768FE73
:10ABC0000028DAD0E7E795420BD001461A4608483C
:10ABD000019329F034F98021054A019BEDE70A46EB
:10ABE000EBE780210022E8E7C4740020F0ED00E0EC
:10ABF0008474002000B1704726F090BD00B170470A
:10AC000026F096BD0138C3B2042B07D856230D4A4F
:10AC100003FB00F013181B79DB0706D40A4B1B68F3
:10AC2000DB0700D500BE00207047CB09363301F0AA
:10AC30007F0103EB4101054B08441044196801F002
:10AC4000CDBD00BFD8740020F0ED00E08876002074
:10AC50000138C3B2042B07D856230A4A03FB00F07D
:10AC600013181B79DB0701D400207047CB0936335A
:10AC700001F07F0103EB4101034B084410441968C4
:10AC800001F0D8BDD874002088760020F0B5441EAD
:10AC9000E5B2042D83B017D8562505FB04F5174EF1
:10ACA00001F07F0405EB4404344404EBD114303448
:10ACB000A779FF070BD5124B186810F0010001D0DF
:10ACC00000BE002003B0F0BD002003B0F0BD1F4661
:10ACD00013460A460146705DA579009745F00105C7
:10ACE000A57100F0BDFB0028ECD1A37960F300034F
:10ACF000A371A37960F38203A371E3E7D874002002
:10AD0000F0ED00E02DE9F047764DAF798F4284B049
:10AD100091461E4604465BD0E2234FF0000AA9711B
:10AD20008DF809108DF80830ADF80CA0002E00F059
:10AD3000B380012103AF0DF10808FBF72BFE41465C
:10AD40003A4602232046FBF753FE51462046FBF7C6
:10AD500021FE9DF80C30EB702223D9F800908DF87D
:10AD60000730002E3ED020460121FBF713FE3A4665
:10AD70000DF1070101232046FBF73AFE9DF80C3048
:10AD8000EB704946082300222046FBF731FE20469F
:10AD90000021FBF7FFFD0026102241F2F2032046BE
:10ADA0000121EA71ADF80830ADF80C60FBF7F2FD57
:10ADB0003A46414602232046FBF71AFE314620461A
:10ADC000FBF7E8FD9DF80C30EB7004B0BDE8F087B0
:10ADD000222303AF0DF10808D9F800908DF8073051
:10ADE000002EC0D14FF0FF31E86D25F021F931463A
:10ADF0002046FBF709FE20460121FBF7CBFD3A4632
:10AE00000DF1070101232046FBF7F2FD9DF80C3000
:10AE1000EB703246082349462046FBF7E9FD3146F0
:10AE20002046FBF7B7FD20460121FBF7EDFD334639
:10AE300032463146E86D24F0B3FC102241F2F203B1
:10AE40004FF0FF31E86DEA71ADF80830ADF80C60F5
:10AE500025F0EEF831462046FBF7D6FD20460121CD
:10AE6000FBF798FD3A46022341462046FBF7C0FD1A
:10AE700031462046FBF78EFD20460121FBF7C4FD3D
:10AE8000334632463146E86D24F08AFC9DF80C309A
:10AE9000EB7004B0BDE8F0874FF0FF31E86D25F0AE
:10AEA000C7F831462046FBF7AFFD03AF204601212E
:10AEB0000DF10808FBF76EFD3A4602234146204695
:10AEC000FBF796FD31462046FBF764FD2046012145
:10AED000FBF79AFD334632463146E86D24F060FCBC
:10AEE00037E700BF8C7600202DE9F04F4B781D0727
:10AEF0000E4685B090460978044662D1DA0600F124
:10AF00004881B26812B1B288002A5AD1E24D03F0EA
:10AF10002006AB7966F07F068B42F6B200F06481C2
:10AF2000E2230027A9718DF809108DF80830ADF8DB
:10AF30000C70B8F1000F00F06C82012120460DF179
:10AF40000C090DF1080AFBF725FD51464A4602237C
:10AF50002046FBF74DFD39462046FBF71BFD9DF8CB
:10AF60000C30EB70F223EE718DF8096000268DF83D
:10AF70000830ADF80C60B8F1000F40F0D980E86DF2
:10AF80004FF0FF3125F054F841462046FBF73CFDD9
:10AF900020460121FBF7FEFC4A460223514620468B
:10AFA000FBF726FD41462046FBF7F4FC2046012135
:10AFB000FBF72AFD434642464146E86D24F0F0FB8C
:10AFC00045E0B54D13F02007AA7946D1914240F0F3
:10AFD000BE800DF10C090DF1080AB37813F0100FC3
:10AFE0000CBF10222022EA2300278DF809208DF8BB
:10AFF0000830ADF80C70B8F1000F00F0FA800121B4
:10B000002046FBF7C7FC02234A4651462046FBF781
:10B01000EFFC39462046FBF7BDFC9DF80C30EB7089
:10B020007378EB71F222012120468DF809308DF8FA
:10B030000820ADF80C70FBF7ADFC51464A460223E0
:10B040002046FBF7D5FC39462046FBF7A3FC9DF8CC
:10B050000C30EB7005B0BDE8F08F914240F0A1805C
:10B060000DF10C090DF1080AB37813F0100F0CBFA5
:10B0700040228022EA2300278DF809208DF808302D
:10B08000ADF80C70B8F1000F00F0E480012120460B
:10B09000FBF780FC514602234A462046FBF7A8FCFA
:10B0A00039462046FBF776FC9DF80C30EB70328871
:10B0B0002B899A422AD0B788F2887388BF1ABFB208
:10B0C0005B099F4228BF1F4617F0FF0740F0088129
:10B0D0003A23AF708DF8097000278DF80830ADF86D
:10B0E0000C70B8F1000F00F0D98001212046FBF769
:10B0F00051FC514602234A462046FBF779FC39466B
:10B100002046FBF747FC9DF80C30EB7033782B7230
:10B1100073786B727378EB71F22200268DF8093028
:10B120008DF80820ADF80C60B8F1000F3FF427AFA0
:10B1300020460121FBF72EFC51464A4602232046B9
:10B14000FBF756FC31462046FBF724FC7FE7E22361
:10B15000A9718DF80910ADF80C708DF80830B8F1B0
:10B16000000F00F0DE80012120460DF10C090DF1E9
:10B17000080AFBF70FFC51464A4602232046FBF71C
:10B1800037FC39462046FBF705FC9DF80C30EB7088
:10B1900023E7434606F10802FFF7B4FD05B0BDE81A
:10B1A000F08FE2230027A9718DF809108DF808307F
:10B1B000ADF80C70B8F1000F00F0D98001212046E5
:10B1C0000DF10C090DF1080AFBF7E4FB51464A4664
:10B1D00002232046FBF70CFC39462046FBF7DAFB3E
:10B1E0009DF80C30EB703FE70DF10C090DF1080AEA
:10B1F000B8E64FF0FF31E86D24F01AFF41462046D3
:10B20000FBF702FC01212046FBF7C4FB02234A4660
:10B2100051462046FBF7ECFB41462046FBF7BAFBC4
:10B2200001212046FBF7F0FB434642464146E86DCC
:10B2300024F0B6FA9DF80C30EB707378E86DEB7182
:10B24000F2224FF0FF318DF80930ADF80C808DF807
:10B25000082097E64FF0FF31E86D24F0E9FE414603
:10B260002046FBF7D1FB20460121FBF793FB4A4622
:10B27000022351462046FBF7BBFB41462046FBF725
:10B2800089FB20460121FBF7BFFB4346424641466E
:10B29000E86D24F085FA07E78C7600204FF0FF3147
:10B2A000E86D24F0C5FE41462046FBF7ADFB204685
:10B2B0000121FBF76FFB4A46022351462046FBF76C
:10B2C00097FB41462046FBF765FB20460121FBF733
:10B2D0009BFB434642464146E86D24F061FA12E783
:10B2E00012238DF80730D6F808B0B8F1000F64D0FB
:10B2F00020460121FBF74EFB4A460DF107010123D1
:10B300002046FBF775FB9DF80C30EB7059463B4629
:10B3100000222046FBF76CFB00212046FBF73AFB9E
:10B32000D6E64FF0FF31E86D24F082FE414620461C
:10B33000FBF76AFB0DF10C09204601210DF1080A0B
:10B34000FBF728FB4A46022351462046FBF750FBF9
:10B3500041462046FBF71EFB20460121FBF754FB2C
:10B36000434642464146E86D24F01AFA0DE74FF095
:10B37000FF31E86D24F05CFE41462046FBF744FBBC
:10B380000DF10C09204601210DF1080AFBF702FB23
:10B390004A46022351462046FBF72AFB41462046F7
:10B3A000FBF7F8FA20460121FBF72EFB4346424605
:10B3B0004146E86D24F0F4F912E74FF0FF31E86DF3
:10B3C00024F036FE41462046FBF71EFB20460121B5
:10B3D000FBF7E0FA4A460DF1070101232046FBF78F
:10B3E00007FB9DF80C30EB7042463B465946204621
:10B3F000FBF7FEFA41462046FBF7CCFA2046012136
:10B40000FBF702FB434642464146E86D24F0C8F98B
:10B410005EE64FF0FF31E86D24F00AFE414620461B
:10B42000FBF7F2FA0DF10C09204601210DF1080A93
:10B43000FBF7B0FA4A46022351462046FBF7D8FAFA
:10B4400041462046FBF7A6FA20460121FBF7DCFA2D
:10B45000434642464146E86D24F0A2F97FE500BF2D
:10B460002DE9F04102F07F0CBDF818E0D20981BB54
:10B47000BCF1000F5ED13E4EA6F160077178B47842
:10B4800082F0010262F345110A466FF3041244F0A0
:10B4900010017270B170B278B360032363F30302DA
:10B4A00000258046A6F804E0B270F5802846FFF734
:10B4B000A1FBBC7AC4BB01252046BD72FFF79EFBF1
:10B4C0002246404631462C46FFF70EFD2046BDE899
:10B4D000F08182F00108BCF1000F2ED0254F01222F
:10B4E0003C4604E00132142A04F10C0418D094F80C
:10B4F0006C508D42F6D102EB420507EB850595F8BD
:10B50000615005F00F066645ECD1C5F34015454581
:10B5100004F16C06BFD00132142A04F10C04E6D108
:10B5200000242046BDE8F0812846FFF767FB20464F
:10B53000BDE8F08182F00108D0E70E4F01243D46BE
:10B5400002E00134142CEBD095F86C608E4205F1CA
:10B550000C05F6D104EB4406B60007EB060C9CF88C
:10B5600061C01CF00F0FECD160363E4486E700BF8F
:10B57000EC7600208C76002042DF704743DF704776
:10B5800044DF704712DF7047F0B5334CBFF35B8F79
:10B59000014604F590730125D3E84F2FC3E8405FBF
:10B5A0000028F9D1BFF35B8F12F0FF0F48D10829B3
:10B5B00029D04E01A21954F806C028489388284F74
:10B5C00001F5947601EB810E50F82660D2889A1A24
:10B5D00093B2B6B200EB8E0209B2B34228BF334633
:10B5E000C2F800C707EB8100C2F8043747F82150C2
:10B5F000BFF36F8FBFF34F8F1A4B984218D0043BA5
:10B60000984215D0F0BD154BD3F8C024D1030FD408
:10B6100094F80B1161B11449D4F80001C3F8A007E4
:10B62000C3F8A4270D60BFF36F8FBFF34F8FF0BD3A
:10B630000023BFF35B8F84F82031BFF35B8FF0BD35
:10B640000A4B0B485A68C2F30802003218BF0122A5
:10B65000BDE8F040FFF794B8DC77002000700240AE
:10B6600028700240507002404870024000ED00E037
:10B67000E9B60200174BBFF35B8F01460122D3E806
:10B680004F0FC3E84C2FBCF1000FF8D1BFF35B8F15
:10B6900010F0FF0F14D10A60BFF36F8FBFF34F8F0D
:10B6A0000D4B994203D0043B994200D070470B4B9D
:10B6B000BFF35B8F002283F82021BFF35B8F7047BD
:10B6C000074B08485A68C2F30802003218BF01222B
:10B6D000FFF756B8FC78002050700240DC7700205D
:10B6E00000ED00E075B60200F0B5334CBFF35B8FA0
:10B6F000C1B204F590730126D3E84F2FC3E8406F21
:10B700000028F9D1BFF35B8F12F0FF0F47D1082952
:10B7100028D04D01621954F805E028489388DFF8D5
:10B72000B0C001F5947550F82570D2888D009A1A32
:10B7300093B2BFB26A1800EB8202BB4228BF3B46FD
:10B74000C2F800E76544C2F804374CF82160BFF343
:10B750006F8FBFF34F8F1A4B9D4218D0043B9D4211
:10B7600015D0F0BD154BD3F8C024D1030FD494F8F5
:10B770000B1161B11349D4F80001C3F8A007C3F855
:10B78000A4270E60BFF36F8FBFF34F8FF0BD002370
:10B79000BFF35B8F84F82031BFF35B8FF0BD0A4BA2
:10B7A0000A485A68C2F30802003218BF0122BDE8F5
:10B7B000F040FEF7E5BF00BFDC77002000700240DC
:10B7C000507002404870024000ED00E0E9B602000F
:10B7D0002870024001207047014B80225A60704758
:10B7E00000E100E0074BD3F80014D3F80024002058
:10B7F0000A434FF48001C3F80024C3F85801C3F88A
:10B800000413704700700240074B4FF4001229B92F
:10B81000C3F80823054B83F821117047C3F80423AC
:10B82000024B83F82111704700700240DC77002042
:10B8300070B48A788C88414EC97802F07F03D509AC
:10B8400005EB430006EB001001F00301C4F30A040A
:10B85000012904812BD0012101FA03F4BDB138483C
:10B8600002339940C0F80413D0F810352343C0F8D0
:10B870001035334B42F48071C3F81825C3F80C150A
:10B88000BFF36F8FBFF34F8F012070BC70472C4800
:10B8900003F10C06B140C0F80413D0F8141503F5F9
:10B8A00094730C43C0F8144540F82350E1E7082B8B
:10B8B00008D0244B186810F00100E6D000BE00202C
:10B8C00070BC7047EDB9B6F818311BB11C4B802223
:10B8D000C3F81C251A4A0023C2F85031D2F80033AD
:10B8E00013F4001308BFC2F85431154B4FF4401243
:10B8F000C3F80423D3F8142542F48072C3F8142546
:10B90000BEE7B6F808210E4B0021C3F82C1112B186
:10B910008022C3F81C250A4AD2F8003313F400131E
:10B9200008BFC2F85431064B074AC3F80423D3F8C2
:10B93000102542F48072C3F81025A1E7DC770020BF
:10B9400000700240F0ED00E0000820001F4B802254
:10B950002DE9F041C3F88420BFF34F8FBFF36F8F01
:10B9600001241B4D1B4FA0460026A30004F10C022E
:10B97000A11C03F1804303F51C3308FA01F108FA16
:10B9800002F20A43C7F8082328465E6001342022E9
:10B990009E62002128F077FA082C05F12005E4D1F9
:10B9A0000D4BC7F808332022C7F81C6500217E62C2
:10B9B0000A48BE6428F067FAC7F81485C7F81085EE
:10B9C000024B80225A60BDE8F08100BF00E100E038
:10B9D000FC7700200070024000083000DC78002076
:10B9E00001F07F02082A70B44FEAD11128D0012358
:10B9F00003FA02F0C043B1B1294C951CAB40C4F826
:10BA00000833D4F81055274B2840C4F8100501EB33
:10BA1000420103EB01110023CB72BFF36F8FBFF321
:10BA20004F8F70BC70471E4C02F10C05AB40C4F840
:10BA30000833D4F814551B4B2840C4F81405E6E726
:10BA4000184B03EB01100024A0F808411448D1B1B1
:10BA50004FF40064C0F80843D0F8104524F4807413
:10BA6000C0F81045B3F81841B3F808510C48EC423F
:10BA70004FF0000608BF4FF40014C0F81C6508BF63
:10BA8000C0F80843C3E74FF48014C0F80843D0F867
:10BA9000144524F48074C0F81445C0F85011E1E74F
:10BAA00000700240DC77002001F07F004FEAD11CDB
:10BAB000F0B50CEB4005744E2D01771985B0FC7A7A
:10BAC0004CB1724B1C6814F0010401D000BE00247C
:10BAD000204605B0F0BD04F0FF0E7251BB80A7F800
:10BAE00006E0002843D1002B57D0BCF1000F00F036
:10BAF0008E8006EB401100EB8003CD8A8A8A0C8B86
:10BB00000969521B9B0092B203F1804303F51C3379
:10BB1000A24228BF22465E4DC3F8001600B2C3F809
:10BB200004265C4BBFF35B8F05EB80010122D3E859
:10BB30004F4FC3E8472F002FF9D1BFF35B8FE4B21B
:10BB4000002C40F0908045F82020BFF36F8FBFF3AA
:10BB50004F8F514B994202D0043B994219D1BFF308
:10BB60005B8F002386F82031BFF35B8F11E0BCF1BF
:10BB7000000FBED106EB40160123F372BFF36F8FA7
:10BB8000BFF34F8FB37A23B1F37A03F0FF04002B96
:10BB900074D10124204605B0F0BD404AD2F880247B
:10BBA000C2F3C0126245A0D03D4D6A688DF80810FE
:10BBB000C2F3080100314FF4E06218BF012101A86F
:10BBC00003938DF80930ADF80420FEF755FCBFF360
:10BBD0005B8F06F590720123D2E84F1FC2E8403F09
:10BBE0000028F9D1BFF35B8FCCB2002C38D12A4AA0
:10BBF0001360BFF36F8FBFF34F8F1C46BFF35B8F94
:10BC0000204686F82011BFF35B8F05B0F0BD0123FD
:10BC1000204AF372BFF35B8FD2E84F4FC2E8413F37
:10BC20000029F9D1BFF35B8FE4B26CB91D4A1360F0
:10BC3000BFF36F8FBFF34F8FBFF35B8F86F820C1C9
:10BC40001C46BFF35B8F43E7154B16495A681648ED
:10BC5000C2F30802003218BF0122FEF791FD37E758
:10BC60006A680D49F3E70E4B0F485A68C2F30802A1
:10BC7000003218BF0122FEF783FD29E786F80AC0CB
:10BC8000FFF782FC24E700BFDC770020F0ED00E046
:10BC900004700240FC7800205070024000700240A6
:10BCA00000ED00E04C70024075B6020011F07F001C
:10BCB00008B512D008280BD00E4B41F48072C90988
:10BCC000C3F8182504D10C4B03EB40139A7A62B9E0
:10BCD000BFF36F8FBFF34F8F08BD064B01225A652C
:10BCE000BFF36F8FBFF34F8F08BD9972FFF74CFC06
:10BCF000EEE700BF00700240DC77002011F0770F04
:10BD000012D00A4B41F48072C3F80C15C3F80C250D
:10BD1000CA09C3F8181504BF01F5947143F821202E
:10BD2000BFF36F8FBFF34F8F704700BF00700240AB
:10BD30002DE9F04FA54BA64CD3F8000300238BB0A0
:10BD40001E461F46012520FA03F11A19C9074FEABA
:10BD5000820209D5116839B105FA03F117600E4363
:10BD6000BFF36F8FBFF34F8F0133192BEBD1F20766
:10BD700000F13582974D330508D5944BD3F8A8369A
:10BD800001229BB2A5F8163185F81C21B70206F4F2
:10BD9000800424D58D4BD3F81425D00540F1FC81C7
:10BDA000002C00F0A182D3F80024D20740F19C823D
:10BDB000D3F81035DA0540F1FB8195F81C3107AF57
:10BDC000002B40F0BD82814BD3F8203508933846D4
:10BDD0004FF440730121ADF81C30FEF74DFB04B366
:10BDE0007A4AD2F8004440F201732340C2F800348A
:10BDF000E30500F15682670510D5744B0122C3F8A4
:10BE000008259A65D3F8002312F4001208BFC3F87E
:10BE100054216E4B4FF40012C3F80423A00500F127
:10BE2000358231023DD5694BD3F880C4D3F88414F0
:10BE3000D3F888E4D3F88C74D3F89084D3F894447E
:10BE4000D3F89804D3F89C245FFA8CF35FFA80FC53
:10BE5000D0B25A06C9B25FFA8EFEFFB25FFA88F816
:10BE60005FFA84F901D105291BD00024224668F32A
:10BE7000070263F3070461F30F2469F30F226EF3E3
:10BE800017446CF3174260F31F6267F31F644FF4AB
:10BE9000C063012107A8CDE90842ADF81C30FEF7C8
:10BEA000EBFA4D4B3340002B40F09181DFF82491A9
:10BEB000464F4D46CA4609F5907800241DE02B44B4
:10BEC000DA7A002A00F0D781DA88AAF80420002262
:10BED000DA72D98809914FF4E063012107A88DF83F
:10BEE00020B08DF82120ADF81C30FEF7C5FABBF16B
:10BEF000080F47D001340AF1200A04F10C0326FA96
:10BF000003F3DB075FFA84FBF1D504EB840307EB53
:10BF10008303DAF80020D3F80807630112FA80F2ED
:10BF2000E918CAF80020CA8880B2024492B2082CEC
:10BF3000CA80C4D0BAF808208242C0D1CA88BAF8F0
:10BF400004109142BBD9BBF1000FD0D10122BFF345
:10BF50005B8FD8E84F3FC8E8412F0029F9D1BFF3E4
:10BF60005B8F13F0FF0F40F052821C490A60BFF351
:10BF70006F8FBFF34F8FBFF35B8F85F82031BFF317
:10BF80005B8FB7E7164B3340002B00F002810F4B5D
:10BF9000D3F86C240192C3F86C24BFF36F8FBFF306
:10BFA0004F8F16F4806600F06E81D3F88024D3F8AA
:10BFB000803483F08003C3F3C0130593C2F3C0132E
:10BFC0000493DFF808A00024A84613E000700240A4
:10BFD000409C0010DC770020FCFB1F004C700240EE
:10BFE00000040001002C00F0F281072E52D0013431
:10BFF00009F120090199E14004EB8403C9070AEB28
:10C00000830308EB4412E6B2ECD5D3F80816D9F84E
:10C010001070C9B20F44C9F81070D08A014489B2B7
:10C02000D182A849D08AB9F8145061188900854294
:10C0300002914FF0010C66F07F0103914FF4E06B29
:10C040004FF0000E614607A840F2B480D18AB9F8DB
:10C050001820C3F800766D1AADB2954228BF154678
:10C06000994AC3F80456BFF35B8FD2E84F3FC2E84A
:10C0700041CF0029F9D1BFF35B8F13F0FF0F40F0E0
:10C08000ED80029BC3F800C0BFF36F8FBFF34F8FEB
:10C09000072EACD1019BDB03454601D4059B43B180
:10C0A000EB7A23B1EB88AA889A4200F271810123CE
:10C0B000AB72019B9F030BD595F82B3023B1EB8C12
:10C0C000AA8C9A4200F28881012385F82A30019BCC
:10C0D0005E030DD595F84B3033B1B5F84630B5F861
:10C0E00044209A4200F27D81012385F84A30019B69
:10C0F0001C030DD595F86B3033B1B5F86630B5F843
:10C1000064209A4200F27E81012385F86A30019B07
:10C11000D8020DD595F88B3033B1B5F88630B5F827
:10C1200084209A4200F23881012385F88A30019BED
:10C1300099020DD595F8AB3033B1B5F8A630B5F806
:10C14000A4209A4200F22D81012385F8AA30019B98
:10C150005A020DD595F8CB3033B1B5F8C630B5F8E5
:10C16000C4209A4200F22281012385F8CA30019B43
:10C170001B020ED595F8EB30002B00F0F380B5F8DC
:10C18000E630B5F8E4209A4240F2EC800720FFF751
:10C19000FBF90BB0BDE8F08FD3F81025D1053FF5C2
:10C1A0000CAE95F821211AB94FF40012C3F80823F8
:10C1B00007AF08E6D38A09939DF80C30ADF81CB0A0
:10C1C0008DF820308DF821E0FEF756F90DE70023B9
:10C1D000BFF35B8F85F82031BFF35B8F66E63B4B87
:10C1E0003B4A3C4D3C4800240127C2F81475C2F874
:10C1F0001075546094625C609C629C60DC62DC60E0
:10C200001C631C615C635C619C639C61DC63DC613E
:10C210001C6454629464C2F85841D2F80034D2F8D5
:10C2200000140B43C2F80034D2F80033C2F80833CC
:10C230002146C2F8040328464FF4927227F023FEE9
:10C2400040234FF48072394607A82B832B818DF849
:10C250002040ADF81C20FEF70FF98CE51F4B20485D
:10C260005A680299C2F30802B2EB0E0218BF01220B
:10C27000FEF786FAB9E61B4B1B68D80789D500BEC6
:10C280000BB0BDE8F08FCDE904669AE600220523E5
:10C29000012107A88DF81C208DF81D30FEF7ECF861
:10C2A000BFE50121C2F82C150423002207A88DF850
:10C2B0001C208DF81D30FEF7DFF867057FF5AEAD69
:10C2C0009BE500BF019C0010FC7800200470024038
:10C2D00000700240DC7700200514C00100ED00E092
:10C2E00075B60200F0ED00E04F4BBFF35B8F01220B
:10C2F000D3E84F1FC3E8402F0028F9D1BFF35B8F6D
:10C3000011F0FF0F32D1494BD3F8C004C70352D408
:10C3100095F80B1101F0FF07002967D04449D5F8C3
:10C320000071C3F8A077C3F8A4070A60BFF36F8F4A
:10C33000BFF34F8FD3F81035D8053FF53EAD37E743
:10C34000B5F816310993002285F81C2188234FF493
:10C35000E06238460121ADF81C20ADF82030FEF730
:10C360008BF830E5012385F8EA3012E7314B32488B
:10C370005A68C2F30802003218BF01220821FEF7F2
:10C38000FFF92A4BD3F81035DB053FF516AD0FE763
:10C390000020FFF7F9F88CE60420FFF7F5F8019B81
:10C3A000C6E60520FFF7F0F8019BD1E60620FFF76F
:10C3B000EBF8019BDCE6BFF35B8F85F82011BFF340
:10C3C0005B8FD3F81035DF053FF5F7ACF0E6049945
:10C3D00000293FF40CAE18E60120FFF7D5F8019BC9
:10C3E00076E60220FFF7D0F8019B81E6BFF35B8F72
:10C3F00085F82071BFF35B8FD3F81035D9053FF571
:10C40000DCACD5E60320FFF7BFF8019B80E6094BC3
:10C410000A485A680A49C2F30802003218BF0122CA
:10C42000FEF7AEF966E500BFFC7800200070024020
:10C430004870024000ED00E0E9B6020075B6020067
:10C440004C70024030B5012885B000F09F8057D372
:10C45000022840D1BA4BD3F80435002B40F0D780E6
:10C46000B74AD2F800341C05FBD54FF40063C2F87C
:10C470000034BFF36F8FBFF34F8FB24AB24B1268D5
:10C480001B68082A00F0D780AD4BB04D80240122F4
:10C49000C3F81C45C3F80423C5F88441FDF7D8FA56
:10C4A000002840F0F880AA4D43F204044FF0804386
:10C4B0002268AA4211D0D3F80C14D3F80C24D0036C
:10C4C000F6D5CA07F4D59E4B0122C3F80425BFF365
:10C4D0006F8FBFF34F8F05B030BD04AA002102F863
:10C4E0000C1D1046FFF74EF89DF804000028E2D01E
:10C4F00010460191FFF744F8019A002AD8D0E2E7EC
:10C500008F4BD3F80025002AE5D14FF480014FF47A
:10C510000062C3F80813C3F80024BFF36F8FBFF3A2
:10C520004F8F884B1B68082B00F0B780844B01228B
:10C53000C3F80025BFF36F8FBFF34F8F43F20402A0
:10C5400003F18D5303F57723126803F2DB539A420C
:10C5500000F0CA804FF08043D3F80C24D3F80C3499
:10C56000D90301D5D207B6D443F20402784B12683E
:10C570009A4200F01881774B00221A601B680193E1
:10C580004FF08043012201991A60A4E76C4BD3F865
:10C590000025002A9FD00022C3F80425BFF36F8F27
:10C5A000BFF34F8F69498020C1F88400BFF34F8FDC
:10C5B000BFF36F8FD3F80013C3F80813C3F8002537
:10C5C000BFF36F8FBFF34F8F43F2040103F18D531D
:10C5D00003F57723096803F2DB53994200F0998051
:10C5E00001AB5D4A012111605C4A5168C1F3080149
:10C5F000003118464FF000024FF0020318BF01212E
:10C600008DF804208DF80530FDF736FF63E743F21F
:10C6100004024F4B12689A4200F0B0804FF0804302
:10C62000D3F80C24D3F80C34DB037FF519AFD5070E
:10C630007FF516AF4FE7032B0AD8494A1168002946
:10C6400040F09880474C49F27530106021601060CE
:10C650005A1E022A10D8424A1168002967D1424D59
:10C660003848394B00681B6849F2753414602960FA
:10C67000146008287FF408AF032B3FF605AF3B4951
:10C680003B4B40F2E370402208601A60BFF36F8FAB
:10C69000BFF34F8FF8E66C6005E72B4B1B685A1E03
:10C6A000022A12D82E4B1A68002A40F08E802E499A
:10C6B00049F2753203201A6008601A60214A224B41
:10C6C00012681B68082A7FF431AF032B3FF62EAFA8
:10C6D000234B1A68002A74D1224949F27532C020CE
:10C6E0001A6008601A6021E704AB002203F80C2DE1
:10C6F0001846FEF747FF9DF8041000293FF42AAFC3
:10C7000018460192FEF73CFF019B002B7FF4E3AE3D
:10C710002AE704AB03F80C2D1846FEF733FF9DF80B
:10C720000420002A3FF45DAFFEF728FF5CE70549CF
:10C73000054B0D4A08681B680021116099E700BF8E
:10C7400000700240300100103401001000E100E0F0
:10C75000DBE5B151000100400400004000ED00E0C5
:10C7600000EC064014EC064014ED06400078024050
:10C7700004780240174A0021116069E704AB0022E7
:10C7800003F80C2D1846FEF7FDFE9DF80410002955
:10C790003FF444AF18460192FEF7F2FE019B002BD6
:10C7A0007FF499AE5CE604A8002300F80C3DFEF788
:10C7B000E9FE9DF80430002B3FF4DDAEFEF7DCFE11
:10C7C00089E6044BC0221A60B0E6034B03221A60CC
:10C7D00074E700BF14EC064014ED0640F8B503788A
:10C7E00013F0010405D10678C6F3800626B1204671
:10C7F000F8BD00242046F8BD0F4605464FF0FF3136
:10C80000384623F015FC2A7812F001040FD12B785A
:10C810005B0704D42B7843F004032B70012400231E
:10C8200038461A46194622F0BBFF2046F8BD34466A
:10C83000F5E700BF70B505460E4608464FF0FF31DC
:10C8400023F0F6FB2878C0F3800444B900240023C9
:10C8500030461A46194622F0A3FF204670BD2B78B9
:10C8600013F00102F2D12B7862F382032B70EEE712
:10C8700010B4C378848803F00303022BC4F30A04C2
:10C8800026D019D8012B04D0002318465DF8044B9C
:10C890007047022940F2FF3208BF4FF48062A24283
:10C8A000F3D21A4B1B6813F00103EED000BE002335
:10C8B00018465DF8044B7047022914BF40234FF41B
:10C8C0008063A342EDD3012318465DF8044B704703
:10C8D00002290BD012B1B4F5007F11D0A4F10803E6
:10C8E0009BB2182B06D9402CEDD0DAE7B4F5007FC7
:10C8F000D7D1E8E7064A22FA03F3DB07D1D5E2E70E
:10C9000000244021134644710171BEE7F0ED00E0C0
:10C91000010100010A44914216D230B44C78052C32
:10C9200005D00C7821448A42F8D830BC70478C7806
:10C9300004F07F0500EB4505E4092B550C782144F4
:10C940008A42EBD830BC7047704700BF2DE9F041F8
:10C9500082B00678089DBDF82470009361F300064C
:10C960000446294600F8086B012316463A46BDF8EE
:10C970002C80FCF76DFE05B13FB90A9B6360012076
:10C98000A4F8028002B0BDE8F08104F11C0101208E
:10C9900023F0E0F826B903463046C4E90503ECE786
:10C9A0000023FAE710B50446406908B123F0F6FC0D
:10C9B000A06908B123F0F2FC012010BDF0B50B46D0
:10C9C0000D4613F8081B83B011F0020F07461846F6
:10C9D00040F2FF130CBF3F241C461646FCF774FEC2
:10C9E000E8B9E6B126421AD12B786978DA073846D9
:10C9F00018D5FEF707F990B12B78697813F0010389
:10CA000013D000233846CDE900331A46FEF73EF92D
:10CA100030B9084B1B68DB0701D500BE00E00020E1
:10CA200003B0F0BDFDF714FFE5E738461A46FDF701
:10CA30002FFFEDE7F0ED00E070B501F1080582B0E1
:10CA4000064628460C46FCF73FFE38B1237861784D
:10CA5000DB07304605D5FEF7D5F830B9002002B027
:10CA600070BDFDF7F5FE0028F8D0284662886168A1
:10CA7000FCF754FE054690B1237862686178D807C8
:10CA800017D50023CDE9003330462B46FEF7FEF8DC
:10CA9000B0B90C4B1B68DB07E0D500BEDFE72078A0
:10CAA000617810F00104304608D1FDF7E1FE204620
:10CAB000D5E730462B46FDF7EBFEE9E7FEF7C8F871
:10CAC0002846CCE7F0ED00E02DE9F0418A890B78AB
:10CAD00082B00C460646E2B9DD07497857D5FEF725
:10CAE00091F800284FD0227863886178D20751D519
:10CAF000002B5DD0626800253046CDE90055FEF779
:10CB0000C5F800284DD1374B1B68DB073BD500BE6D
:10CB10003AE003F0020301F10808002B40460CBF85
:10CB200040274FF40077304D08BF6FF03F05FCF70A
:10CB3000E3FD874227D823786178DB07304634D578
:10CB4000FEF760F8F8B14046FCF7D6FD874233D8CF
:10CB500005EA000265882378617890B2854228BF93
:10CB60000546DA0732D5002D37D062680023CDE9BB
:10CB7000003330462B46FEF789F80028C3D02846FC
:10CB800002E0FEF765F8002002B0BDE8F081FDF795
:10CB90005FFEA6E773B162683046FDF779FE0028B4
:10CBA000B1D0608802B0BDE8F081FDF751FEC9E761
:10CBB0001A46A0E71A46EFE72078617810F00104E2
:10CBC0003046DED1FDF754FE2046DDE73DB1626818
:10CBD00030462B46FDF75CFECFE72A46C6E72A46DD
:10CBE000F6E700BFF0ED00E000FEFFFF002800F0D8
:10CBF000B480002900F0B1802DE9F04F17688DB0A6
:10CC0000002F00F0A58013795C1E1E2C00F2A0807E
:10CC100094680594002C00F09B80D468002C00F0F0
:10CC20009780157D0695002D00F09280158A528A16
:10CC300002959542049200F28B80A3F120028E4669
:10CC4000C3F120050121164601FA02F921FA05F582
:10CC5000C3F1200201FA03F804FA03F324FA02F202
:10CC600049EA0509089304FA06F500230024CDE9F2
:10CC700000344FF0000C2A430797861EE2460992C3
:10CC8000CDF80CC0774636F8022F002594B24D45FA
:10CC900008BF444521D2079BA2FB032352EA0301AC
:10CCA00075D000200021CDE90A01002B73D1DDE908
:10CCB0000A01014311D10598A2FB00BC00FB03CC83
:10CCC0006146DDE90823584626F00EFE00234FF6A4
:10CCD000FE728B4208BF824242D20AF1010A5745D6
:10CCE000D1D1DDF80CB0069B079F5B4530D80024FE
:10CCF0005A46DDE90001234626F0F6FD00214945AC
:10CD000008BF404524D2A7FB002307FB01352B4673
:10CD100052EA03011AD04FF000084FF00009002D2D
:10CD20004BD158EA090113D1059CA2FB040104FB75
:10CD30000311DDE9082326F0D7FD0B46002102464A
:10CD400099424FF6FE7008BF904201D390B201E0C5
:10CD50004FF6FF700DB0BDE8F08F4FF6FF707047D3
:10CD6000029B80B28342B8D8049B8342B5D3DDE9ED
:10CD70000001EB43E2438B4208BF8242E8D3039BAE
:10CD8000001969410133CDE900010393A5E7029B36
:10CD9000002BECD0A1E70599A1FB02018B460020F6
:10CDA00005998446E3FB01BC614600293FF47FAF4F
:10CDB00001200021CDE90A0179E70599A1FB02676D
:10CDC0002146059C3846E5FB04010029A9D04FF017
:10CDD00001084FF00009A4E790F90030002B46DB72
:10CDE000C368002B43D0037C002B40D04369002B49
:10CDF0003DD08369002B3AD0037F013B1F2B36D8EF
:10CE0000F0B52A4E87B0044622F0C6FB3368C31A39
:10CE1000002B054629DB264F3B78B3B994F9010076
:10CE2000002807DB012125F0ADFEA17894F901006F
:10CE300025F02CFF002194F9000025F0A3FE02202C
:10CE400025F09AFD207C25F091FD94F9000025F055
:10CE5000C3FD3B78174A22F813000133217FDBB270
:10CE60008B423B7004D20135356007B0F0BD70478E
:10CE70001046E368227C00938DF804206369A26960
:10CE80000293D4F81EC094F8223003926A468DF8BB
:10CE90001430CDF810C0FFF7A9FE05F59C55064AE1
:10CEA00008350023356010803B70DEE744790020B0
:10CEB00040790020007900201A61002038B5057AF9
:10CEC00004463DBB90F90030002B12DBC36863B110
:10CED000037C53B1436943B1836933B1037F013BA1
:10CEE0001F2B02D81E4B188838BD94F9010000286A
:10CEF00002DA4FF6FF7038BD012125F043FEA1781C
:10CF000094F9010025F0C2FE052022F051FB4FF6F6
:10CF1000FF70F0E7447A1348294620F0CDFE214601
:10CF2000104820F037FE01210E4820F0D1FE0028E5
:10CF3000DFD1294602220B4820F074FE0228D8D106
:10CF4000084820F01FFE0446064820F01BFE064B52
:10CF500003EA0423184380B200EB8000800938BD47
:10CF60001A61002084A4002000FFFF0003781BB991
:10CF700011B1017043704360704700BF037823B163
:10CF8000437813B90123416043707047437813B964
:10CF9000037043704360704730B4047874B14578CF
:10CFA00065B145684D1B952D08D900210170417070
:10CFB00041601AB12046194630BC104730BC70475A
:10CFC00008B525F099FCFEE7012808B504D0022831
:10CFD00005D0032806D008BD25F08EFCFEE725F01D
:10CFE00093FCFEE7BFF34F8F0549064BCA6802F476
:10CFF000E0621343CB60BFF34F8F00BFFDE700BF7C
:10D0000000ED00E00400FA052DE9F0470478089EE1
:10D010001F46062C1AD8DFE814F055015B016001A9
:10D020000700650172011B00438843EA0121B1F545
:10D03000887F4FF0000341808380C0F066811146F5
:10D0400004460EB10520B04700232370BDE8F087E9
:10D0500090F801C0B0F81641B0F802806FEA0C23D6
:10D060001BB24FF000094B4544EA01219CB2B6BF08
:10D0700041F22103630083EA44039CB2230446BFC8
:10D0800041F2210383EA440363009CB2230446BFB8
:10D0900041F2210383EA440363009CB2230446BFA8
:10D0A00041F2210383EA440363009CB2230446BF98
:10D0B00041F2210383EA440363009CB2230446BF88
:10D0C00041F2210383EA440363009CB2230446BF78
:10D0D00041F2210383EA440363009BB21C0446BF70
:10D0E00041F2210484EA43045C005FFA88FEA4B2A2
:10D0F00084EA0E2424B2002CB8BF41F221031FFAA7
:10D1000084FEACBF4FEA4E0383EA4E039CB2230475
:10D1100046BF41F2210383EA440363009CB2230427
:10D1200046BF41F2210383EA440363009CB2230417
:10D1300046BF41F2210383EA440363009CB2230407
:10D1400046BF41F2210383EA440363009CB22304F7
:10D1500046BF41F2210383EA440363009CB22304E7
:10D1600046BF41F2210383EA440363009CB22304D7
:10D170004ABF41F22103630083EA44034FEA1825C2
:10D180009BB283EA05231BB2002B9CB2B6BF41F2CF
:10D190002103630083EA44039CB2230446BF41F2A7
:10D1A000210383EA440363009CB2250446BF41F295
:10D1B000210383EA440363009CB2230446BF41F287
:10D1C000210383EA440363009CB2250446BF41F275
:10D1D000210383EA440363009CB2230446BF41F267
:10D1E000210383EA440363009CB2250446BF41F255
:10D1F000210383EA440363009BB21C044ABF41F24B
:10D2000021045B0084EA4303A0F8161180F8009023
:10D210009BB2B8F1000F4AD008F1FF3400F1060EBE
:10D220001EFA84FE41F22105441D14F8019F83EA91
:10D2300009230FFA83F91FFA89F3B9F1000FACBF84
:10D240005B0085EA43039BB213F4004F0CBF5B0005
:10D2500085EA43039BB213F4004F0CBF5B0085EAE1
:10D2600043039BB213F4004F0CBF5B0085EA4303FA
:10D270009BB213F4004F0CBF5B0085EA43039BB2E3
:10D2800013F4004F0CBF5B0085EA43039BB213F419
:10D29000004F0CBF5B0085EA43039BB213F4004FC1
:10D2A0000CBF5B0085EA430374459BB2BDD1994234
:10D2B00030D0002E3FF4CAAE334611460120BDE8FF
:10D2C000F0471847AA297FF4C1AE01230370BDE6D9
:10D2D000022341700370BDE8F0870323418003708F
:10D2E000BDE8F0878288531C02449BB28380917111
:10D2F00042889A423FF6AAAE05230370A6E60623AB
:10D30000A0F816110370BDE8F0870029F4D00423BB
:10D3100003709BE6002F3FF499AE1346811D4246F1
:10D320006046BC46BDE8F047604700BF70B50546A3
:10D3300000F5537022F09CF805F5507022F098F833
:10D3400005F54D7022F094F805F54A7022F090F83A
:10D3500005F1080605F54274183C204622F088F8CD
:10D36000A642F9D1284670BD002070472DE9F04152
:10D37000DFF8DC80D8F800300360D8F80430436070
:10D38000074600F1080508F1080408F54276214631
:10D39000284622F045F8B4F90C30AB812269B4F983
:10D3A0000E10237D2B751834B442E9812A6105F1F2
:10D3B0001805ECD1D8F81833D8F81023D8F80C1386
:10D3C000D8F80803C7F80803D8F82003C7F80C13E7
:10D3D00098F81413C7F8102398F81C23C7F81833CB
:10D3E00098F8243387F8243387F81C23C7F82003E0
:10D3F00087F8141307F54A70114922F011F8114902
:10D4000007F54D7022F00CF80F4907F5507022F027
:10D4100007F80E4907F5537022F002F808F5577027
:10D420000FC8D8F85843C7F85C03C7F85843C7F883
:10D430006013C7F86423C7F868333846BDE8F08145
:10D440007C7C0020887C0020947C0020A07C002034
:10D45000547900202DE9F047DFF8D0A0DFF8B09034
:10D460002A4F0023CAE900330AF108040AF542787A
:10D470004FF6FF7620464946002521F0ABFF1834D1
:10D4800024F80C6C24F80A6C44F8087C04F8045C5A
:10D49000A045EFD100231E491E48CAF80833CAF838
:10D4A0000C33CAF81033CAF81833CAF820338AF894
:10D4B00014538AF81C538AF8245321F08BFF144923
:10D4C000154821F087FF1249144821F083FF1049C5
:10D4D000134821F07FFF134A13491448CAF85853E0
:10D4E000CAF85C53CAF86053CAF86453CAF8685360
:10D4F00025F044FD06490E4821F06CFF094A0D490C
:10D500000B48BDE8F04725F039BD00BF000080BFE3
:10D51000807305007C7C0020887C0020947C0020A7
:10D52000A07C0020006000202DD302005479002050
:10D530004879002071F404000378002B5CD02DE9B9
:10D54000F04100252C464E1E40F2011E0EE02B2B12
:10D5500027D01F2B22D97F2B20D0013575451DD018
:10D5600006F8013F0134035D002B3FD0252BEED19F
:10D5700003195F78A7F130035FFA83FCBCF1090F50
:10D5800013D9A7F16103052B2AD9A7F14103052B74
:10D5900094BFA7F1370C4FF0FF3C3FB90020BDE826
:10D5A000F081002A18BF2023D7E79C460234075D8C
:10D5B000A7F130035FFA83F8B8F1090F09D9A7F191
:10D5C0006103052B0FD9A7F14103052BE6D8A7F17D
:10D5D0003703BCF1FF3FE1D043EA0C13DBB2B8E7FD
:10D5E000A7F1570CE2E7A7F15703F2E7294400231C
:10D5F0000B700120BDE8F08100230B700120704703
:10D600002DE9F04FADF5057D10B104782F2C05D034
:10D61000002528460DF5057DBDE8F08F0E463F211B
:10D620000446174627F04CFB8146002860D0051BB6
:10D63000B5F5807FECD8013027F061FBB0F5807F35
:10D64000E6D843AB2A462146184626F0F8FB0021CF
:10D6500041550A4602A9FFF76FFF05460028D7D0BB
:10D660009DF809404FF02F0A86F800A04FF0010BFB
:10D67000002C4DD00DF1090140F201132F2C43D1A4
:10D6800011F8010F2F28FBD0002841D05C28BFD013
:10D690001F28BDD97F28BBD0884607E02F2C09D092
:10D6A0005C2CB5D01F2CB3D97F2CB1D018F8014F0A
:10D6B000002CF3D1A8EB0102012A22D0022A01D1C9
:10D6C0002E281DD0BBF1010F20D90BF1010098428B
:10D6D0009ED006F80BA002EB000BBBF5807F0193F8
:10D6E00096D8304426F0ABFB019B8CB14146C5E790
:10D6F000204627F004FBB0F5807F054688D8A0E7D8
:10D7000048782E28DED183E72046BFE75846E2E777
:10D71000002306F80B30B9F1000F0ED009F1010912
:10D72000484627F0ECFAB0F5807F3FF671AF421C17
:10D730004946384626F083FB6BE787F8009068E798
:10D740002DE9F84300F61C2604462021304627F038
:10D75000B7FAA8B38642054632D000F10108404628
:10D76000202127F0ADFA074650B3804528D000F1BC
:10D7700001094846202127F0A3FA08BB2870174961
:10D780003870304627F0A9FA00B33046144927F024
:10D79000A4FAF0B9022323711249484627F09DFAF2
:10D7A00020B14846104927F098FA48B9404604F598
:10D7B0008372611DFFF724FF10B10020BDE8F883DC
:10D7C0000423022023706070BDE8F88301232371D5
:10D7D000E2E70423032023706070F5E72C6E050058
:10D7E000306E0500386E0500446E050070B50024EB
:10D7F000054604704470C0F8144AC0F8184A21461F
:10D8000040F6010200F61C2026F03DFB05F5915282
:10D8100041F22423104614602146EC5440F60102E4
:10D82000053026F030FB41F62C2341F6282205F581
:10D83000D150AC502146EC50C022103026F023FBD2
:10D8400041F6F02341F6F4222146AC54281DEC5059
:10D850004FF42162EE1826F016FB012105F5D15395
:10D8600006F1080285F8101A183343E90244083318
:10D870009342FAD1284670BD2DE9F84300240546AD
:10D88000894690460470447021464FF4216204306A
:10D8900026F0F9FA05F59152012385F8103AC5F8FA
:10D8A000149AC5F8188A41F22523146041F22427FE
:10D8B00041F6F02241F6282641F62C2041F6F421CB
:10D8C000EC55AC512C506C54EC54AC5005F5D15384
:10D8D0002A4485F81C4A1833083243E902440833C5
:10D8E0009342FAD1BDE8F8832DE9F04F41F6F023D9
:10D8F00085B0C35800900193002B00F0B88000F56C
:10D90000D7530027143303970293009B03EBC709F7
:10D9100041F6302359F803604EB334783CB3DFF856
:10D9200088B12046B246542506E01AF8010F1BF8CC
:10D93000015F00286CD03DB127F01CFA80462846D4
:10D9400027F018FA8045F0D0DFF860A14325204683
:10D9500005E016F8010F1AF8015F50B33DB127F04A
:10D9600009FA0446284627F005FA8442F1D0019BC3
:10D9700001379F42C9D1039BB3F5006F52D8009B7A
:10D980001B79022B6CD0012B53D00099039DC1F859
:10D990000C5A01F591530020012281F8102A1860D9
:10D9A00081F81C0A002D53D002230B7005B0BDE88E
:10D9B000F08F002DDBD141F6342359F8031049B321
:10D9C0000B78303BDAB2092A24D82A4604E0092D24
:10D9D00020D8B2EBD00F1DD811F8014F314EA4F171
:10D9E000300502EB8202E84303EB4202A6FB006033
:10D9F0002B46002CEBD1029B03921B7853B9029A61
:10DA000001231370019B01379F427FF47EAFB2E781
:10DA1000002D99D1009A022004231370507005B094
:10DA2000BDE8F08F009B04201870587005B0BDE869
:10DA3000F08F039B002BEDD1009800F5915200234D
:10DA40000121C0F80C3A80F8101A136080F81C3AD3
:10DA5000009A012003231370507005B0BDE8F08FC9
:10DA600041F6F423009AD35C002B8ED1D2E70379E0
:10DA7000022B0ED0012BDFD00099019CC1F80C4A7B
:10DA800001F59153012281F8102A1C6081F81C4A8B
:10DA9000DEE741F6F423009AD35C002BBAD011469E
:10DAA000EBE700BFCDCCCCCC086E05001C6E0500AA
:10DAB0002DE9F04F044689B09346002900F000811B
:10DAC000002A52D00678C0F8143A032E54D0042EFF
:10DAD0004BD000F591588A4608F104080D460027FE
:10DAE00000F5915920E00A2B98F800204BD0002A2D
:10DAF00042D10D2B62D0D9F80020002E57D1FF2A39
:10DB00003AD8511C60182244C9F80010002182F84C
:10DB10001C3A80F81C1AA5EB0A07BB4525D92678C4
:10DB2000032E29D0042E20D0022E15F8013BDAD185
:10DB3000D4F8082AD4F80C1A8A421DD2B2F5006F24
:10DB40001AD2501C22442618C4F8080A814282F8CE
:10DB500007324FF0000386F80732DCD1032201239D
:10DB60002270637001375F4506D3607809B0BDE865
:10DB7000F08F002D40F09F800220042323706070FE
:10DB800009B0BDE8F08F002AF6D0002388F80030F5
:10DB9000D9F80020B6B9002A40F09F800423022063
:10DBA00023706070C9F8006084F81C6ADEE7B2F583
:10DBB000006FA6D3042020706070D7E7012388F897
:10DBC0000030A8E741F62C21635813440233B3F523
:10DBD000006F6350EED8002A76D041F6F023E35868
:10DBE000172BE7D841F62826A1598B180133B3F536
:10DBF000006FDFD804F59153053359180F46019192
:10DC00000132084604F61C2126F019F9D9F8002043
:10DC1000A35913440133A35138463A2127F050F851
:10DC2000034602900028A7D08742A5D010D2013F1A
:10DC3000461E039517F8015F284626F059F818B9D3
:10DC40002D2D01D05F2D97D1BE42F3D1DDE90235F4
:10DC500000271F7041F6F023E658002E00F0848064
:10DC6000CDE905B8CDE9035ADDF804A0CDF81C9044
:10DC700041F6302303EBC70354F80390B9F1000FCA
:10DC800019D099F800009AF8005000283FF471AFBD
:10DC90008DB1D04627F06EF88346284627F06AF803
:10DCA000834508D119F8010F18F8015F00283FF4E7
:10DCB00060AF002DEED17B1CB3421FD01F46D7E7CB
:10DCC000002A3FF452AF57E72046FFF70DFE012828
:10DCD0003FF64CAF3FF446AF1DE72046FFF730FD5F
:10DCE000C9F8006084F81C6A0028F0D1A5EB0A0787
:10DCF0000126BB4526703FF617AF36E7DDE904ABDA
:10DD0000DDE90689039D1E46023741F6F023E75000
:10DD1000029F01373B4613F8012B202A01D0092A24
:10DD200001D11F46F6E7384626F0E9FF384487421E
:10DD300008D2024610F8013D202B01D0092B11D149
:10DD40008742F6D1002304EBC60641F6302141F6A6
:10DD50003422037001987050B750C9F8003084F82D
:10DD60001C3AD8E61046EDE70127CEE70378033BDF
:10DD7000012B0BD9D0F8183A33B1D0F8142A891AEC
:10DD80008B4205D90020704718467047407870478D
:10DD90000523042202704370184670470378033B42
:10DDA000012B01D84078704702230422027043708F
:10DDB000184670472DE9F84F41F6F02350F80390CC
:10DDC000B9F1000F21D00F468046002641F63023DE
:10DDD00003EBC60358F80350A5B19FB128783C78EF
:10DDE000B0B17CB1BB4605E015F8010F1BF8014F3F
:10DDF00070B13CB126F0BEFF8246204626F0BAFF45
:10DE00008245F1D001364E45E0D10020BDE8F88FC3
:10DE1000002CF7D106F2463608EBC608D8F8040005
:10DE2000BDE8F88F09B32DE9F04100F5A153D3F80F
:10DE30000080B8F1000F16D000240F460646254694
:10DE400003E0454504F5A1740AD03946301926F09F
:10DE500044FF01350028F4D141343019BDE8F08188
:10DE60000020BDE8F0814046F8E70846704700BF53
:10DE70002DE9F04F41F224420746ADF5757D894604
:10DE80000846002125F0FFFF002F71D03B78002BC2
:10DE900073D026213846002526F012FF002800F016
:10DEA000AE80A0EB070842463D21384625F068FFCA
:10DEB000834600285CD0B8425AD0C31B08F1FF3417
:10DEC000C02BA4EB030453D8B4F5407F50D81A46B6
:10DED000394602A801930DF1CC0A25F0B0FF019B51
:10DEE0000DF1080C00260BF10101224650460CF8FA
:10DEF000036025F0A4FF09F5A1524FF4A1719DF82C
:10DF00000830019201FB05F101350AF80460156043
:10DF100009EB010C002B53D035460CF1FF300DF10D
:10DF2000090E0FE02B2B2DD01F2B21D97F2B1FD0BB
:10DF30000136412E1CD0013500F8013F02AB5B5D7C
:10DF4000002B3CD0252BEDD11EF80520A2F130038B
:10DF5000DCB2092C18D9A2F16103052B54D9A2F126
:10DF60004103052B94BFA2F137044FF0FF3462B98F
:10DF700000200DF5757DBDE8F08F01200DF5757D54
:10DF8000BDE8F08F2023D3E71C4602AB02355A5D73
:10DF9000A2F130035FFA83FBBBF1090F09D9A2F1AB
:10DFA0006103052B33D9A2F14103052BE0D8A2F17F
:10DFB0003703621CDCD043EA0413DBB2B4E7B44499
:10DFC00041310023494450468CF800300122FFF7CC
:10DFD000B3FA0028CCD017F80830262B4744C8D114
:10DFE0007B780137002BC3D0019B1D680F2DBFD854
:10DFF0002621384626F064FE00287FF452AF3846CA
:10E0000026F07DFE80464EE7A2F15704BDE7A2F15F
:10E010005703CEE7D0B1C9B1C2B12DE9F04F0C46DC
:10E02000CBB020210746154626F04AFE064648B1E9
:10E03000874207D000F101094846202126F040FE22
:10E04000824628B100204BB0BDE8F08F0020704719
:10E05000A6EB070BBBF10F0FF4D80DF110083946F2
:10E0600040465A4625F0EBFE08F80BA098F8000051
:10E070000028E7D0DFF844A3422706E018F8010F94
:10E080001AF8017F50B1002FDCD026F073FE8346D2
:10E09000384626F06FFE8345F0D0D3E7002FD1D16C
:10E0A000484626F02CFE0028CCD08307CAD1C6F102
:10E0B0000403B646CDE9023480E0ACF141015FFAD9
:10E0C00081F8B8F1190F40F2CB80ACF16101192948
:10E0D00040F2C480ACF13001092940F23581BCF135
:10E0E0002B0F9EF8048000F04181BCF12F0F40F00F
:10E0F0005381B8F13D0F00F02D813F21A8F1410C73
:10E100005FFA8CF9B9F1190F40F29B80A8F1610C0C
:10E11000BCF1190F40F29380A8F1300CBCF1090F4B
:10E1200040F21581B8F12B0F00F02581B8F12F0FC7
:10E1300088D15C1C86D0541C84D001F1020CBCF147
:10E14000010F7FF67FAF4FF03F0C4FF0030909EB53
:10E150000708B8F1820F3FF675AF4FEA023848EA78
:10E16000834321EAE17843EA8813BCF1000FA8BF9A
:10E1700043EA0C030DF120084FEA134AB9F1010FED
:10E1800008F807A007F1010A00F081804FEA132B7D
:10E19000B9F1030F08F80AB007F1020A77D108F8BD
:10E1A0000A3003378C1C74D01CF1020F00F0C580BC
:10E1B0000EF1040EAEEB0603984270D99EF80120D2
:10E1C000A2F14103D9B2192910D9A2F16103192B87
:10E1D00062D9A2F13003092B40F29A802B2A00F079
:10E1E000C1802F2A14BF4FF0FF333F239EF8021047
:10E1F000A1F141025FFA82FCBCF1190F11D9A1F122
:10E200006102192A40F28180A1F13002092A40F20C
:10E2100081802B2900F0A8802F2914BF4FF0FF32F6
:10E220003F229EF803C0BCF13D0F7FF446AF9EF83D
:10E230000480B8F13D0F6FD06FF001015EE7A8F1E7
:10E24000470C5C1C3FF4FEAE541C3FF4FBAE01F1E6
:10E250000208B8F1010F3FF678AFF3E6ACF14701E1
:10E260009EF80480B8F13D0F7FF448AF5C1C3FF48A
:10E27000E9AE541C3FF4E6AE029C04EB0E0C604584
:10E280007FF4E0AE6FF0010C4FF002095FE75746F4
:10E2900088E711078CD0D5E6A2F14703A6E7039CD7
:10E2A000009529AE23463046434A822126F0D4FC0D
:10E2B00081283FF6C7AE87EA0003DBB2002297420F
:10E2C0000AD912F80810904208D9B45C01326140B2
:10E2D000974243EA0103F4D80021F4E70132822A8D
:10E2E00043EA0103EBD1B3FA83F040090DF1A20236
:10E2F000002308F8013B4245FBD10DF59372002342
:10E3000006F8013BB242FBD19DE6A1F1470288E746
:10E31000131D6BE70A1D84E75C1C3FF493AE511C90
:10E320003FF490AE0299714488427FF48BAE6FF057
:10E3300001018C464FF0010909E74A1C3FF438AF50
:10E340008B073FF435AF7DE60CF1040188E708F157
:10E35000040C76E75C1C3FF475AE511C3FF472AEC2
:10E360003F2189E73E2341E73E225AE7B8F13D0FBE
:10E3700019D03E21C2E65C1C3FF464AE541C3FF44D
:10E3800061AE01F1020CBCF1010F7FF65BAE4FF004
:10E390003E0C4FF00309DAE6B8F13D0F3FF452AE00
:10E3A0004FF0FF31AAE65C1C3FF44CAE511C3FF429
:10E3B00049AE3E2160E700BF006E0500F86D050024
:10E3C000034B044A0121197013680B441360704712
:10E3D000E47F0020587E0020704700BF10B504463F
:10E3E000603021F045F804F1500021F041F804F1CB
:10E3F000180021F03DF804F10C0021F039F8204616
:10E4000021F036F8204610BD10B54FF4E4710446F3
:10E4100023F0B6FB204610BD08B507F0F1FE034817
:10E4200017F09AFBB0FA80F0400908BDFC7F00208D
:10E43000F0B5542289B000F1280700213A4E044675
:10E4400025F021FD3949384620F0C4FF0FCE25467E
:10E450000FC596E8070003C52A8021F09DF8344ACD
:10E46000344BA2FB002080091B782060E37524F068
:10E470004FFADFED317AB4EEE70AF1EE10FA51DC33
:10E48000DFED2E7AB4EEE70AF1EE10FA47D4FDEE96
:10E49000C07ACDED017A9DF90430294AA375D2EDF9
:10E4A000007A2848B2EE047A67EE877AFDEEE77AC2
:10E4B00017EE903AA382FEF701FD234B208307CB92
:10E4C0001B88C4F81A00E384C4F81E10C4F8222084
:10E4D0001E49384620F0D4FF1D4B1E4A1B78127887
:10E4E00084F83430002384F8352084F8363002A8CC
:10E4F00007F090FE039B0698049E059D07999DF8E2
:10E50000082023649DF80930E06420466664A56411
:10E51000216584F83C2084F83D3009B0F0BD6FF0EF
:10E520007E03BAE77F23B8E7B47F0020807305003D
:10E53000D34D6210307D00200000FE420000FEC27C
:10E5400020610020986F050024610020E87F0020F2
:10E55000607E0020887F0020012803D1024AD36812
:10E560000133D360704700BFB47F002038B52C4B17
:10E570001B7813B12B4B1B7803B138BD21F00CF87D
:10E58000294B1B68C01AB0F5FA7FF6D3274B1B78CE
:10E5900003F0FF04002BF0D1254D20F0FDFF2B6888
:10E5A000C01A0928E9D920F0F7FF21462860214840
:10E5B00018F08AFD9FED207AB4EEC70AF1EE10FA4A
:10E5C000DBD4FBEE0E7AB4EEE70AF1EE10FAD4DCFF
:10E5D0001A4A1B49D2ED007A0B6870EE277A013394
:10E5E000132BC2ED007A0B60C7DD9FED166ADFEDDD
:10E5F000166A164B0C6067EE867A0020F4EEE67A17
:10E60000F1EE10FA88BFF0EE667AF4EEC77AF1EE1A
:10E6100010FAB8BFF0EE477A1060C3ED007A38BD4B
:10E62000327D0020307D0020A07F0020E47F00208C
:10E63000A87F0020FC7F0020000016C3807F002000
:10E64000AC7F0020CDCC4C3D000048C220610020B2
:10E650002DE9F04786B00024DFF8EC902F4E304DC6
:10E66000DFF8E88000942346224621462D48DFF853
:10E67000E0A01FF087FE4946304620F0ABFE2A4658
:10E680004146304624F07AFC2C2300932649274E3D
:10E6900050462B232D2215F03DF8254A04920123E4
:10E6A00048208DF815308DF8144023F061FA06AB40
:10E6B000074613E9030002AB83E803002E2300930F
:10E6C0002F222623CDF804A038462A2115F0ACF9D4
:10E6D0003946304617F01EFA164B1749174F33606C
:10E6E0002A46304624F04AFC154A164BC2F802402E
:10E6F00049463846C3F8024014705470A2F81641D7
:10E700001C705C70A3F8164120F064FE2A46414656
:10E71000384606B0BDE8F04724F030BCE87F002062
:10E72000006000204C7E002000300240FC7F002072
:10E7300080841E00586E0500D9E302008C7F002003
:10E74000647E0020347D00208073050071F4040095
:10E75000D07F00202DE9F041C6B003ACAA274FEAD4
:10E76000122CD51C277084F803C06070A270ADB263
:10E770009DF8307102B3002900F08480164604A889
:10E78000019325F05CFB06F1040E06F1050C06363C
:10E790001FFA8EFE1FFA8CFCB6B2019B8DB9FF22C8
:10E7A000114604F80E1004F80C20002B5CD1002F49
:10E7B00061D146B0BDE8F08106264FF0050C4FF060
:10E7C000040E21464FF6FF7241F2210011F8018F2D
:10E7D00082EA08220FFA82F81FFA88F2B8F1000FD5
:10E7E000ACBF520080EA420292B212F4004F0CBF5A
:10E7F000520080EA420292B212F4004F0CBF520063
:10E8000080EA420292B212F4004F0CBF520080EA3A
:10E81000420292B212F4004F0CBF520080EA420250
:10E8200092B212F4004F0CBF520080EA420292B240
:10E8300012F4004F0CBF520080EA420292B2A1EBE8
:10E84000040812F4004F1FFA88F80CBF520080EA47
:10E850004202A84592B2B9D3D1B2120A04F80E10FE
:10E8600004F80C20002BA2D0324621460948F7F7C5
:10E870008BFD002F9DD03146204609F02FFE46B07B
:10E88000BDE8F08106264FF0050C4FF0040E002D78
:10E8900097D184E7A4640020F0B50121ADF5057D92
:10E8A000354817F023FC431EFE2B51D9334B1B7800
:10E8B000002B45D00DF5057DF0BD2F4817F004FC69
:10E8C000BDEEC00A2C4810EE103A1DB217F0DCFB6A
:10E8D000F2EE047A20EE270A294ABDEEC00A5068FB
:10E8E000158210EE103A01301BB202A9538250601B
:10E8F0008DF80A3122461F120DF58770EBB2C5F371
:10E9000007258DF808318DF80C318DF80B718DF8D5
:10E9100009518DF80D5125F092FA09F0F7FCA21D6E
:10E9200092B20123009042A904200196FFF712FF42
:10E9300020F032FE114B134A1B781060002BB9D126
:10E9400007F05EFC0C4817F007F90DF5057DF0BDEA
:10E950000246044602A9084817F08EFC0646002825
:10E96000ABD0074A0549D36809780133D360002941
:10E97000E6D00DF5057DF0BDFC7F0020607E002017
:10E98000B47F0020A07F00200EB410B5B5B037AB27
:10E99000044653F8042B019302A8C82126F024FA58
:10E9A00000280BDB022C0ED0084A094B012C18BFA3
:10E9B0001A460849084802AB1FF082FD35B0BDE891
:10E9C000104003B07047054AF3E700BF30730500FD
:10E9D0002073050038730500A46400202873050027
:10E9E000F0B52DED028B044687B0404819F046FB88
:10E9F0002368DFED3F7A3D4800EE103AB8EE400A5A
:10EA000020EE270A16F04AF920B1002007B0BDEC2D
:10EA1000028BF0BD63689FED370A344807EE903AE9
:10EA2000F8EE677A27EE800A19F008FF0028ECD18B
:10EA3000217A2E4819F060FE0028E6D10246617A5C
:10EA40002A4819F077FF06460028DED194F90A50CB
:10EA50002648162DA8BF162519F0EEFF2946234893
:10EA6000B0EE408A16F04CF90746204819F0E4FF52
:10EA7000BDEEC88A204B94F90A201B680092BDEEB7
:10EA8000C00A162102910195039730468DED050AC3
:10EA90008DED048A194A1A49FFF776FF002FB4D189
:10EAA000B4F80B101148C9B2442219F079FF0028BC
:10EAB000ABD1617B0D4819F0D7FF05460028A4D1E2
:10EAC00001240A481AF0C6FB41F2210341F60F5215
:10EAD0002146009405481AF01BFB294603481AF00A
:10EAE0004FFC02481AF040FC20468FE7FC7F0020D4
:10EAF000BD3786356F12833AE87F00201470050019
:10EB000030700500F8B5234B1B782BB1224C2378CD
:10EB100013B9224B1B7803B1F8BD07F06DFB002839
:10EB2000FAD007F071FB05460028F5D01C4E20F006
:10EB300033FD3368074653B34FF47A72C31A02FBAE
:10EB400005F29A42E8D8174B1B68C31AB3F5FA7F4F
:10EB5000E2D3154B1B78002BDED1144819F08EFA46
:10EB6000022020F025FD23780BB9FFF755FC104952
:10EB7000104C376000234FF0000C2A461846C1F8AD
:10EB800000C023600C49BDE8F840FFF7FDBE3060CF
:10EB9000F8BD00BF327D0020607E0020307D002067
:10EBA000987F0020A07F0020E47F0020FC7F0020D1
:10EBB000807F0020AC7F002098700500F0B5C5B0C4
:10EBC00001ACAA2701261D466070277066800029C7
:10EBD00000F029810B7823710726062305276FEAA9
:10EBE000002000B20028B8BF41F221011FFA80FCCA
:10EBF000ACBF4FEA4C0181EA4C0188B2010446BF28
:10EC000041F2210181EA4001410088B2010446BF7E
:10EC100041F2210181EA4001410088B2010446BF6E
:10EC200041F2210181EA4001410088B2010446BF5E
:10EC300041F2210181EA4001410088B2010446BF4E
:10EC400041F2210181EA4001410088B2010446BF3E
:10EC500041F2210181EA4001410088B201044ABF2A
:10EC600041F22101410081EA400189B281F48071C1
:10EC700009B2002988B2B6BF41F22101410081EA00
:10EC8000400188B2010446BF41F2210181EA4001FE
:10EC9000410088B2010446BF41F2210181EA4001EE
:10ECA000410088B2010446BF41F2210181EA4001DE
:10ECB000410088B2010446BF41F2210181EA4001CE
:10ECC000410088B2010446BF41F2210181EA4001BE
:10ECD000410088B2010446BF41F2210181EA4001AE
:10ECE000410088B2010446BF41F2210181EA40019E
:10ECF000410088B2010446BF41F2210181EA40018E
:10ED0000410088B2010446BF41F2210181EA40017D
:10ED1000410088B2010446BF41F2210181EA40016D
:10ED2000410088B2010446BF41F2210181EA40015D
:10ED3000410088B2010446BF41F2210181EA40014D
:10ED4000410088B2010446BF41F2210181EA40013D
:10ED5000410088B201044ABF41F22101410081EA29
:10ED6000400188B201044ABF41F22101410081EA19
:10ED70004001207989B281EA002109B2002988B2D4
:10ED8000B6BF41F22101410081EA400188B201048D
:10ED900046BF41F2210181EA4001410088B20104ED
:10EDA00046BF41F2210181EA4001410088B20104DD
:10EDB00046BF41F2210181EA4001410088B20104CD
:10EDC00046BF41F2210181EA4001410088B20104BD
:10EDD00046BF41F2210181EA4001410088B20104AD
:10EDE00046BF41F2210181EA4001410089B2080495
:10EDF00046BF41F2210080EA4101490089B2080A78
:10EE0000E155E05412B945B945B0F0BD324621464E
:10EE10000748F7F7B9FA002DF6D03146204609F039
:10EE20005DFB45B0F0BD052306260427D7E600BFED
:10EE3000A464002030B5012885B005460C4603D1F6
:10EE40000F4AD3680133D36023462A460D49022076
:10EE5000FFF79AFDA4F1020304A9B3FA83F35B0957
:10EE600001F8015D0093A4F10103B4FA84F2B3FA4E
:10EE700083F352095B09FE20FFF7A0FE05B030BD09
:10EE8000B47F0020FC7205002DE9F04F5D4C94F832
:10EE900000C0E9B005460F4616461C46BCF1000FFF
:10EEA0001ED1431E332B1BD8DFE803F06F1A1A1A4A
:10EEB0001A1A1A1A1A1A1A1A1A1A1A6F6F1A1A1A08
:10EEC0001A1A1A1A1A1A1A1A1A1A1A6F1A6F1A1AF8
:10EED0001A1A1A1A1A1A1A1A1A1A1A6F6F1A1A6F93
:10EEE000482D00F0198728D9742D01F0DD8340F2F8
:10EEF0006281942D00F0928540F25A82982D00F0A4
:10EF00008380FF2D00F08080962D00F05D86A4F1B7
:10EF10000203B3FA83F35B090093A4F10103B4FA8B
:10EF200084F2B3FA83F3022525A952095B09FE2076
:10EF30008DF89450FFF742FE3DE0302D00F017872A
:10EF40003CD9402D00F0568600F24D82312D00F064
:10EF5000C785342DDBD1042E01F02481A4F10203F6
:10EF6000B3FA83F35B090093A4F10103B4FA84F2CA
:10EF7000B3FA83F306250DF1350152095B09FE2032
:10EF80008DF83550FFF71AFE15E0A4F10203B3FA2D
:10EF900083F35B090093A4F10103B4FA84F2B3FA9A
:10EFA00083F30B250DF12D0152095B09FE208DF82D
:10EFB0002D50FFF703FE69B0BDE8F08F112D00F072
:10EFC0003C8600F24982012D00F0A485102D9ED1CF
:10EFD0000E2E01F05980A4F10203B3FA83F35B090A
:10EFE0000093A4F10103B4FA84F2B3FA83F3062583
:10EFF0000DF1360152095B09FE208DF83650FFF7FE
:10F00000DDFDD8E7327D0020FF2325AD9BB24FF612
:10F01000AA725B002A601A0446BF41F2210282EA0A
:10F0200043035B009AB2170446BF41F2210383EA0F
:10F03000420353009AB2160446BF41F2210383EA09
:10F04000420353009AB2100446BF41F2210383EAFF
:10F05000420353009AB2110446BF41F2210383EAEE
:10F06000420353009AB2130446BF41F2210383EADC
:10F07000420353009AB217044ABF41F221035300DE
:10F0800083EA4203AA789BB283EA02231BB2002BD5
:10F090009AB2B6BF41F22103530083EA42039AB207
:10F0A000160446BF41F2210383EA420353009AB299
:10F0B000100446BF41F2210383EA420353009AB28F
:10F0C000110446BF41F2210383EA420353009AB27E
:10F0D000130446BF41F2210383EA420353009AB26C
:10F0E000170446BF41F2210383EA420353009AB258
:10F0F000160446BF41F2210383EA420353009AB249
:10F1000010044ABF41F22103530083EA4203EA7824
:10F110009BB283EA02231BB2002B9AB2B6BF41F224
:10F120002103530083EA42039AB2110446BF41F21D
:10F13000210383EA420353009AB2130446BF41F20B
:10F14000210383EA420353009AB2170446BF41F2F7
:10F15000210383EA420353009AB2160446BF41F2E8
:10F16000210383EA420353009AB2100446BF41F2DE
:10F17000210383EA420353009AB2110446BF41F2CD
:10F18000210383EA420353009BB21A0446BF41F2B3
:10F19000210282EA43035B009BB21A0A2B716A7157
:10F1A000002C00F0D086012C7FF405AF2846062104
:10F1B00009F094F9FFE6612D00F0208600F2D58277
:10F1C0004A2D00F0EA83602D7FF4A1AE6FF4C043B6
:10F1D00025AD46F2AA02002B2A609AB2C0F2DA8765
:10F1E00053009AB2130446BF41F2210383EA42035B
:10F1F00053009AB2170446BF41F2210383EA420347
:10F2000053009AB2160446BF41F2210383EA420337
:10F2100053009AB2100446BF41F2210383EA42032D
:10F2200053009AB2110446BF41F2210383EA42031C
:10F2300053009AB2130446BF41F2210383EA42030A
:10F2400053009AB217044ABF41F22103530083EAE4
:10F250004203AA789BB283EA02231BB2002B9AB224
:10F26000B6BF41F22103530083EA42039AB2160467
:10F2700046BF41F2210383EA420353009AB21004CD
:10F2800046BF41F2210383EA420353009AB21104BC
:10F2900046BF41F2210383EA420353009AB21304AA
:10F2A00046BF41F2210383EA420353009AB2170496
:10F2B00046BF41F2210383EA420353009AB2160487
:10F2C00046BF41F2210383EA420353009AB210047D
:10F2D0004ABF41F22103530083EA4203EA789BB21A
:10F2E00083EA02231BB2002B9AB2B6BF41F221037C
:10F2F000530083EA42039AB2110446BF41F221034C
:10F3000083EA420353009AB2130446BF41F2210339
:10F3100083EA420353009AB2170446BF41F2210325
:10F3200083EA420353009AB2160446BF41F2210316
:10F3300083EA420353009AB2100446BF41F221030C
:10F3400083EA420353009AB2110446BF41F22103FB
:10F3500083EA420353009BB21A0446BF41F22102E2
:10F3600082EA43035B009BB21A0A2B716A71002C7C
:10F3700000F00687012C03D12846062109F0AEF8DB
:10F38000C82020F015F903F031F800283FF413AE3F
:10F39000C82020F00DF9BFF34F8F2A492A4BCA68C5
:10F3A00002F4E0621343CB60BFF34F8F00BFFDE771
:10F3B000902D00F0D782922D7FF4A9ADA4F1020325
:10F3C000B3FA83F301255B090093631BB4FA84F25B
:10F3D000B3FA83F325A952095B0993208DF8945061
:10F3E000FFF7ECFBE7E5412D00F0A582422D7FF40D
:10F3F0008EAD164D164800232B70FFF7F1FA00284A
:10F4000000F0B0852B78002B00F0A4850122114973
:10F410000020FFF7B9FA0025A4F10203B3FA83F341
:10F420005B090093A4F10103B4FA84F2B3FA83F305
:10F4300025A952095B0946208DF89450FFF7BEFBC1
:10F44000B9E500BF00ED00E00400FA05607E002091
:10F45000246100206C720500202D00F00482222D12
:10F460007FF455ADA04BA14AD3ED007A2592B2EEC0
:10F47000047A67EE877A25ADFDEEE77A17EE903ACB
:10F480001BB219128DF841108DF84030BDF8403094
:10F49000AB806FF40C53002B9AB2BBBF41F2210337
:10F4A00083EA420353001BB29BB21A0446BF41F2E7
:10F4B000210282EA43035B009AB2170446BF41F27D
:10F4C000210383EA420353009AB2160446BF41F275
:10F4D000210383EA420353009AB2100446BF41F26B
:10F4E000210383EA420353009AB2110446BF41F25A
:10F4F000210383EA420353009AB2130446BF41F248
:10F50000210383EA420353009AB217044ABF41F22F
:10F510002103530083EA4203AA789BB283EA0223C1
:10F520001BB2002B9AB2B6BF41F22103530083EA0B
:10F5300042039AB2160446BF41F2210383EA420312
:10F5400053009AB2100446BF41F2210383EA4203FA
:10F5500053009AB2110446BF41F2210383EA4203E9
:10F5600053009AB2130446BF41F2210383EA4203D7
:10F5700053009AB2170446BF41F2210383EA4203C3
:10F5800053009AB2160446BF41F2210383EA4203B4
:10F5900053009AB210044ABF41F22103530083EA98
:10F5A0004203EA789BB283EA02231BB2002B9AB291
:10F5B000B6BF41F22103530083EA42039AB2110419
:10F5C00046BF41F2210383EA420353009AB2130477
:10F5D00046BF41F2210383EA420353009AB2170463
:10F5E00046BF41F2210383EA420353009AB2160454
:10F5F00046BF41F2210383EA420353009AB210044A
:10F6000046BF41F2210383EA420353009AB2110438
:10F6100046BF41F2210383EA420353009AB2130426
:10F620004ABF41F22103530083EA42032A799BB285
:10F6300083EA02231BB2002B9AB2B6BF41F2210328
:10F64000530083EA42039AB2170446BF41F22103F2
:10F6500083EA420353009AB2160446BF41F22103E3
:10F6600083EA420353009AB2100446BF41F22103D9
:10F6700083EA420353009AB2110446BF41F22103C8
:10F6800083EA420353009AB2130446BF41F22103B6
:10F6900083EA420353009AB2170446BF41F22103A2
:10F6A00083EA420353009AB216044ABF41F221038F
:10F6B000530083EA42036A799BB283EA02231BB2B6
:10F6C000002B9AB2B6BF41F22103530083EA4203F2
:10F6D0009AB2100446BF41F2210383EA4203530069
:10F6E0009AB2110404E000BF20610020AA230200A6
:10F6F00046BF41F2210383EA420353009AB2130446
:10F7000046BF41F2210383EA420353009AB2170431
:10F7100046BF41F2210383EA420353009AB2160422
:10F7200046BF41F2210383EA420353009AB2100418
:10F7300046BF41F2210383EA420353009BB21904FE
:10F7400046BF41F2210282EA43035B009BB21A0AE0
:10F75000AB71EA71002C00F08985012C7FF42BAC91
:10F760002846082108F0BAFE25E4702D60D0722DDD
:10F770007FF4CDAB1FF010FF9E4B9F491A68CDF868
:10F78000990025AD002329602B71C5F80930C5F813
:10F790000D30C5F8112029462AAE4FF6FF7341F20D
:10F7A000210011F8012F83EA02231AB293B2002A32
:10F7B000ACBF5B0080EA43039BB21A0454BF5B00FA
:10F7C00080EA43039BB21F0454BF5B0080EA4303FB
:10F7D0009BB21A0454BF5B0080EA43039BB21F0430
:10F7E00054BF5B0080EA43039BB21A0454BF5B0022
:10F7F00080EA43039BB21F0454BF5B0080EA4303CB
:10F800009BB21A0454BF5B0080EA4303B1429BB22F
:10F81000C7D11A0A6B75AA75002C00F03C85012C23
:10F820007FF4C9AB2846172108F058FEFFF7C3BB89
:10F83000724B1D68284625F062FAA4F10207A4F174
:10F840000106B7FA87F7B6FA86F67F097609B4FAA1
:10F8500084F382B22946CDE900675B097120FEF787
:10F8600079FFFFF7A8BB10A810ADFEF7E1FD0FCDA3
:10F87000634EDFF8A4C10FC695E8070003C626F85B
:10F8800018290FCE25AD26AFC5F800C00FC796E8E2
:10F89000070003C70DF1B10629463A804FF6FF7302
:10F8A00041F2210011F8012F83EA02231AB293B228
:10F8B000002AACBF5B0080EA43039BB21F0454BF25
:10F8C0005B0080EA43039BB21A0454BF5B0080EAEA
:10F8D00043039BB21F0454BF5B0080EA43039BB207
:10F8E0001A0454BF5B0080EA43039BB21F0454BF59
:10F8F0005B0080EA43039BB21A0454BF5B0080EABA
:10F9000043039BB21F0454BF5B0080EA4303B14230
:10F910009BB2C7D11A0AAB77EA77002C00F0AD840E
:10F92000012C03D12846202108F0D8FD1AA81FF089
:10F930009FFDFFF740BBA4F10203B3FA83F35B0919
:10F940000093A4F10103B4FA84F2B3FA83F302251D
:10F950000EA952095B09FE208DF83850FFF72EF9E9
:10F96000FFF729BB27490120FFF70EF8A4F1020396
:10F97000B3FA83F35B090093A4F10103B4FA84F2B0
:10F98000B3FA83F3032525A952095B0991208DF869
:10F990009450FFF713F9FFF70EBBB4FA84F5A4F106
:10F9A0000208A4F10104B8FA88F8B4FA84F46D09E5
:10F9B0004FEA58186409002E00F085843878124BFD
:10F9C0001249134A002812BF012000200A4618706D
:10F9D00010490020FEF7D8FF2346CDF80080002410
:10F9E0002A4625A94B208DF89440FFF7E7F8FFF74A
:10F9F000E2BA00BFF47F0020AA731100E87F002064
:10FA0000B47F0020C8720500887F0020D0700500F8
:10FA1000CC70050038720500AA211A0021220021AD
:10FA200010A824F030FA01238DF8403010AE0FCE2C
:10FA300025ADAD4F2F6026AF0FC70FCE0FC7336870
:10FA40003B7029462EAE4FF6FF7341F2210011F8AC
:10FA5000012F83EA02231AB293B2002AACBF5B00E3
:10FA600080EA43039BB21F0454BF5B0080EA430358
:10FA70009BB21A0454BF5B0080EA43039BB21F048D
:10FA800054BF5B0080EA43039BB21A0454BF5B007F
:10FA900080EA43039BB21F0454BF5B0080EA430328
:10FAA0009BB21A0454BF5B0080EA43039BB21F045D
:10FAB00054BF5B0080EA43038E429BB2C7D11A0A4F
:10FAC00085F8253085F82620002C00F0DD83012CF8
:10FAD0007FF471AA2846272108F000FDFFF76BBAD2
:10FAE000824B1B7823B906F08BFB814816F034F863
:10FAF0006FF44C5325AD002B43F2AA322A609AB220
:10FB0000BBBF41F2210383EA420353001BB29BB205
:10FB1000FFF781BA731EFE2B00F27582DFF8EC91BD
:10FB2000734889F8005018F0A9FA28461FF040FDE4
:10FB3000704B1B78002B40F0FB84DFF8D481DFF89A
:10FB4000D4A1002506F05AFB394688F800502B4610
:10FB500032466748DAF800B019F040FE23460746FF
:10FB60000090324628466449FEF70EFF002F00F051
:10FB7000BF833A4661490220FEF706FF5C4889F8D8
:10FB8000005016F02FFAA4F10203B3FA83F35B09D5
:10FB90000093A4F10103B4FA84F2B3FA83F30425C9
:10FBA0000CA952095B09FE208DF83050FFF706F8CA
:10FBB0004E4B1B78002B7FF4FEA906F021FB4C482E
:10FBC00015F0CAFFFFF7F7B9A4F10203B3FA83F304
:10FBD00001255B090093631BB4FA84F2B3FA83F343
:10FBE00025A952095B0997208DF89450FEF7E6FF8E
:10FBF000FFF7E1B906F006FB3D4818F03FFA3B4B32
:10FC00003F49012200201A70FEF7BEFEA4F1020354
:10FC1000B3FA83F35B090093A4F10103B4FA84F20D
:10FC2000B3FA83F3002525A952095B0944208DF816
:10FC30009450FEF7C3FFFFF7BEB9324B324F0FCBE4
:10FC400025AD26AE2F6007C62946338041F221003C
:10FC50000DF1A5064FF6FF7311F8012F83EA022379
:10FC60001AB293B2002AACBF5B0080EA43039BB296
:10FC70001A0454BF5B0080EA43039BB21F0454BFC5
:10FC80005B0080EA43039BB21A0454BF5B0080EA26
:10FC900043039BB21F0454BF5B0080EA43039BB243
:10FCA0001A0454BF5B0080EA43039BB21F0454BF95
:10FCB0005B0080EA43039BB21A0454BF5B0080EAF6
:10FCC0004303B1429BB2C7D11A0AAB74EA74002C49
:10FCD00000F0F282012C7FF46EA92846142108F06E
:10FCE000FDFBFFF768B900BFAA952100607E0020E8
:10FCF000FC7F0020887F002004710500287105002A
:10FD00005C72050024610020AA120E00307D0020E4
:10FD1000E47F0020587E0020172E4FF00005324669
:10FD2000394628BF172225A8CDE92555CDE9275505
:10FD3000CDE9295524F083F825AA2846BE49FEF7C7
:10FD400023FEA4F10203B3FA83F35B090093A4F149
:10FD50000103B4FA84F2B3FA83F310A952095B09E0
:10FD600049208DF84050FEF729FFFFF724B9B3482A
:10FD7000DFF80C8318F082F901201FF019FCB04B5A
:10FD80001A78002388F80030002A00F03681AD4947
:10FD9000AD4A0878AD49157826931A4660F30702F4
:10FDA0000878AB4965F30F22097860F3174261F3D5
:10FDB0001F62259225A94FF4C072A048CDE92722E1
:10FDC00016F020F9B4FA84F6A4F10207A4F10104B4
:10FDD000B7FA87F7B4FA84F476097F096409002832
:10FDE00000F0D58023460097072432460DF13201FA
:10FDF000FE208DF83240FEF7E1FED9E607F038FC30
:10FE00008046002800F0B68025AD02230EAE2B7090
:10FE1000002130461EF0CAFA10A800211EF0C6FAD2
:10FE2000119A73689A4200F06D83DFF858927268F5
:10FE3000D9F80030C5F8012013F00107854E3BD1F9
:10FE4000854930461FF0C6FA834906F10C001FF0C1
:10FE5000C1FA814906F118001FF0BCFA06F128002A
:10FE600086F824701EF086FA06F130001EF082FA41
:10FE700006F138001EF07EFA06F140001EF07AFA14
:10FE800006F148001EF076FA734906F150001FF0A3
:10FE9000A1FA7149A6F85C7006F1600086F85E7000
:10FEA00086F85F701FF096FA012330466B4A6C4962
:10FEB000C9F8003023F062F8B6F85C30694A6A4944
:10FEC0006B71B8F1000F0CBF904688461B0A404684
:10FED0002021AB7124F042FFC6B2EE71002E40F03B
:10FEE000E1810926082702F0B1FA05EB07098046EF
:10FEF000002800F08680202124F030FFC0B22028A6
:10FF000040F2EE8120231F4689F800301A46A819D6
:10FF1000414623F094FF3E44B6B2A4F10207A4F197
:10FF20000100B7FA87F7B0FA80F07F094009B4FA08
:10FF300084F3CDE90007324629465B096220FEF7CB
:10FF400009FCFFF738B8294606224848F6F71CFA9C
:10FF5000FFF731B806F054F9384815F0FDFD0028D8
:10FF60003FF454AA002210464149FEF70DFD012539
:10FF7000FFF752BA25AD0EAE4146304685F80080F7
:10FF80001EF014FA414610A81EF010FA4DE71FF0BB
:10FF900003FB98F80030054633B10BE001201FF059
:10FFA00007FB98F800302BB91FF0F6FA401BB0F5AC
:10FFB000FA7FF3D398F80030002B40F044822D49AB
:10FFC0000120FEF7E1FC1D4818F058F805201FF04D
:10FFD000EFFA2948FEF704FD23460097324607242E
:10FFE0000DF13301FE208DF83340FEF7E7FD234B82
:10FFF0001B78002B7EF4DFAFDFE5104816F096F893
:020000023000CC
:10000000E0E6E85589E7A4F10203B3FA83F35B095C
:100010000093A4F101030525B4FA84F2B3FA83F343
:100020000DF12E01EA405B09FE208DF82E50FEF7FF
:10003000C5FDFEF7C0BF00BF44720500FC7F002075
:10004000E57F0020336100201C6100203261002028
:10005000547E0020C47C00208073050000600020D6
:10006000DDE30200C8700500BC700500A464002038
:100070006C720500B471050024610020607E0020D0
:10008000E47F0020C07C00209E4D38687968BA6803
:100090009D4E2B4607C3BA891A80697B3368B5F831
:1000A0000B2095F90A006F680791697A06922A7AFF
:1000B00002972E680196CDE9041003920093002068
:1000C000924B93492246FEF75FFC2846FEF788FCD8
:1000D000002800F0D58195E80F0025AD8D4E2E60EB
:1000E00026AE07C62A4633800DF1A5004FF6FF73F2
:1000F00041F2210112F8016F83EA06231BB29EB27E
:10010000002BACBF730081EA46039BB21E0454BFB0
:100110005B0081EA43039BB21F0454BF5B0081EA8A
:1001200043039BB21E0454BF5B0081EA43039BB2AE
:100130001F0454BF5B0081EA43039BB21E0454BFFB
:100140005B0081EA43039BB21F0454BF5B0081EA5A
:1001500043039BB21E0454BF5B0081EA4303824207
:100160009BB2C7D11A0AAB74EA74002C00F06B8200
:10017000012C7FF41DAD2846142108F0AFF917E5D6
:10018000294606226448F6F7FFF86348F6F7EEF8CA
:10019000FFF7F6B841F2210383EA4203C3F30D02ED
:1001A000FFF720B85D485E4B3D785E490570787872
:1001B00018705D4AB8785D4B0870FE7838685C4905
:1001C000167025AD0122C5E900101A7029460DF1FF
:1001D0009B064FF6FF7341F2210011F8012F83EACD
:1001E00002231AB293B2002AACBF5B0080EA430339
:1001F0009BB21F0454BF5B0080EA43039BB21A0406
:1002000054BF5B0080EA43039BB21F0454BF5B00F2
:1002100080EA43039BB21A0454BF5B0080EA4303A5
:100220009BB21F0454BF5B0080EA43039BB21A04D5
:1002300054BF5B0080EA43039BB21F0454BF5B00C2
:1002400080EA4303B1429BB2C7D11A0A2B726A7289
:10025000002C00F06781012C03D128460A2108F008
:100260003DF91E201FF0A4F9FEF7A5BE294608227D
:100270002948F6F789F8FEF79EBE2946202226482F
:10028000F6F782F8FFF752BB294627222248F6F7F5
:100290007BF8FEF790BE294617221F48F6F774F840
:1002A000FEF789BE32464146B6B227A806F10807D6
:1002B00023F0C5FD093616E6294614221648F6F73E
:1002C00063F8FEF778BE2346CDF8008002242A4664
:1002D00010A9FE208DF84040FEF770FCFEF76BBEC3
:1002E00089F8000000283FF418AE024687B20EE6F7
:1002F0001FF052F998F80030054633BB41F29317CE
:100300001EE000BF24610020E87F0020147005007B
:10031000D8710500AA120E00A464002033610020E9
:100320001C61002032610020547E0020E57F002007
:10033000AA35040002201FF03BF998F8003023B9D9
:100340001FF02AF9401BB842F4D9C44898F800506D
:1003500015F048FE002388F8003089F800301FF0BF
:100360001BF9BF4BEDB21860002D00F0A180BD4A13
:10037000BA48936831460133936016F045FA010A92
:10038000020C030E8DF841108DF840008DF84330BB
:100390008DF84220109AB44B25ADC5E900320646CF
:1003A0002A460DF19B004FF6FF7341F2210112F82E
:1003B000017F83EA07231FB2BBB2002FACBF5B00F3
:1003C00081EA43039BB21F0454BF5B0081EA4303ED
:1003D0009BB21F0454BF5B0081EA43039BB21F041E
:1003E00054BF5B0081EA43039BB21F0454BF5B0010
:1003F00081EA43039BB21F0454BF5B0081EA4303BD
:100400009BB21F0454BF5B0081EA43039BB21F04ED
:1004100054BF5B0081EA430390429BB2C7D11A0AE2
:100420002B726A72002C00F03981012C03D128460E
:100430000A2108F053F8234632468C490020FEF783
:10044000A3FAFFF7B5BB854815F088FF884A00235B
:10045000904288F8003000F0E2800F3040F0E380F6
:1004600025AD2B7023460097324629463220FEF7F1
:10047000A5FB804B1B78002B7EF49DADFFF79DBB49
:10048000A4F10203B3FA83F35B090093A4F101031F
:10049000B4FA84F2B3FA83F306250DF13701520959
:1004A0005B09FE208DF83750FEF788FBFEF783BD11
:1004B000DAF800307049A3EB0B0332460220FEF756
:1004C00063FA664817F0DAFD05201FF071F86B48F3
:1004D000FEF786FAA4F10203B3FA83F35B090093F3
:1004E000A4F10103B4FA84F2B3FA83F304250DF105
:1004F000310152095B09FE208DF83150FEF75EFB99
:10050000FFF756BB07F00AF9014630461DF05CFFC5
:1005100000287FF48AAC014610A81DF047FF119B0C
:10052000736082E429460A225548F5F72DFF98E6C4
:100530000223DFF86481DFF824B1099325AD514B24
:100540001978514B1A7800236B6061F307034F4908
:1005500062F30F234E4A0978127861F317434FF480
:10056000C07062F31F63A860E8604FF00002294684
:1005700058462B6088F8002015F044FD48BB1FF05A
:100580000BF898F80030824633B10BE002201FF0E0
:100590000FF898F800302BB91EF0FEFFA0EB0A0010
:1005A000C728F3D9584615F051FC4FF4C071824664
:1005B000584615F0D3FB1AF4807F3FF4C0AA1EF012
:1005C000EBFF00F01F0014301EF0F2FF099B012B1F
:1005D00040D130490120FEF7D7F9A4F10203B3FA64
:1005E00083F35B090093A4F10103B4FA84F20E20B3
:1005F000B3FA83F300245B098DF82F0052090DF143
:100600002F01FE2089F80040FEF7D8FA194B1B781D
:10061000002B7EF4D0ACFDF7FFFEFEF7CCBC25AD81
:1006200001232B701EE723460097324607240DA9AD
:10063000FE208DF83440FEF7C1FA0E4B1B78002BDC
:100640007EF4B9ACE7E7294614220D48F5F79CFE85
:10065000FFF7AEBA0123099371E700BFFC7F0020CA
:10066000A07F0020B47F0020AA0204004C71050086
:1006700042FDFFFF607E00207471050024610020B0
:10068000A4640020336100201C610020326100203E
:10069000547E0020D4700500E47F002029460A2201
:1006A0001148F5F771FEC6E6A4F1020CDCF100007A
:1006B00004F1FF3E40EB0C00DEF1000141EB0E01C6
:1006C0000022B4FA84F3CDE900105B091146FF2043
:1006D000FEF740F805490020FEF756F964201EF0A9
:1006E00067FFFCF76DFC00BFA46400208472050066
:1006F0002DE9F04104460E46174698461EF04CFF81
:10070000044D434628603A4631462046BDE8F04154
:10071000FEF7BABB5C7E00202DE9F0473E4CCCB022
:1007200001F008FC20464FF46121F5F737FF1EF079
:1007300033FF40F6B736054608E01EF02DFF401B9C
:10074000B0424FF00A0006D81EF032FF2046F5F7FF
:1007500043FF0028F1D0C8201EF02AFF2F49304E59
:1007600006A81EF037FE06A909A81EF059FE2D495D
:1007700009A81EF0DFFE2C491EF0DCFE01462B48C6
:100780001EF07EFE09A81EF073FE06A81EF070FE85
:10079000274B2849204800221DF092FE05F036FD27
:1007A0001EF0FAFE01213060252022F0EBF9012134
:1007B000252022F06BFA05F01DFD1F4812F0DCFF2A
:1007C0002C242D202B212E222623CDE90304CDE934
:1007D000012100932A222F2318490020FEF7D4F884
:1007E00000250A2208238DE82C00092107229FED0D
:1007F000141ADFED140A9FED140A1448122314F0A2
:100800007FFE1349044602462846FEF7BDF8002C39
:1008100000F02883004C20E0A4640020447305000D
:10082000B07F00204C73050050730500E87F002066
:10083000A475050064730500D07F00208473050053
:10084000CDCCCC3F0000FA420000D943FC7F002011
:10085000C07305000A201EF0ABFE2046F5F78CFDA4
:100860000028F7D040F2FF139BB25A00A84B09931F
:1008700014044FF008038DF8283046BF41F22103DD
:1008800083EA420353009AB2100446BF41F22103A7
:1008900083EA420353009AB2110446BF41F2210396
:1008A00083EA420353009AB2130446BF41F2210384
:1008B00083EA420353009AB2170446BF41F2210370
:1008C00083EA420353009AB2150446BF41F2210362
:1008D00083EA420353009AB214044ABF41F221034F
:1008E000530083EA42039DF826209BB283EA022349
:1008F0001BB2002B9AB2B6BF41F22103530083EA28
:1009000042039AB2100446BF41F2210383EA420334
:1009100053009AB2110446BF41F2210383EA420315
:1009200053009AB2130446BF41F2210383EA420303
:1009300053009AB2170446BF41F2210383EA4203EF
:1009400053009AB2150446BF41F2210383EA4203E1
:1009500053009AB2140446BF41F2210383EA4203D2
:1009600053009AB210044ABF41F22103530083EAB4
:1009700042039DF827209BB283EA02231BB2002B7F
:100980009AB2B6BF41F22103530083EA42039AB2FE
:10099000110446BF41F2210383EA420353009AB295
:1009A000130446BF41F2210383EA420353009AB283
:1009B000170446BF41F2210383EA420353009AB26F
:1009C000150446BF41F2210383EA420353009AB261
:1009D000140446BF41F2210383EA420353009AB252
:1009E000100446BF41F2210383EA420353009AB246
:1009F00011044ABF41F22103530083EA42039BB230
:100A000083F400631BB2002B9AB2B6BF41F22103FC
:100A1000530083EA42039AB2130446BF41F2210312
:100A200083EA420353009AB2170446BF41F22103FE
:100A300083EA420353009AB2150446BF41F22103F0
:100A400083EA420353009AB2140446BF41F22103E1
:100A500083EA420353009AB2100446BF41F22103D5
:100A600083EA420353009AB2110446BF41F22103C4
:100A700083EA420353009BB21A0446BF41F22102AB
:100A800082EA43035B009BB21C0A072209A92148A2
:100A90008DF829308DF82A40F5F776FC1E491D485F
:100AA0001DF0F6FC1D4B00221A70DFF87C801C4CF8
:100AB00001F06CFA01F04EFCD8F8007017F0010755
:100AC00005464BD1174920461EF084FC154904F118
:100AD0000C001EF07FFC134904F118001EF07AFC94
:100AE00004F1280084F824701DF044FC04F1300067
:100AF0001DF040FC04F138001DF03CFC04F1400006
:100B00001DF038FC04F148001DF034FC0EE000BF7D
:100B1000AAFE0100A4640020D4730500327D0020E9
:100B2000C47C002080730500C07C0020B34904F120
:100B300050001EF04FFCB149A4F85C7004F1600055
:100B400084F85E7084F85F701EF044FC0123204638
:100B5000AB4AAC49C8F8003022F010FAA91CAA48E8
:100B60001EF0B8FC95F8437095F8470095F84630AC
:100B700095F8452095F84410009084F8247009A851
:100B80001DF000FC95F84F0095F84E3095F84D207B
:100B900095F84C1000900A98E06209A81DF0F2FB4D
:100BA00095F84B0095F84A3095F8492095F848108B
:100BB00000900A98606309A81DF0E4FB95F85300C3
:100BC00095F8523095F8512095F8501000900A98F9
:100BD000E06309A81DF0D6FB95F8570095F855205D
:100BE00095F8563095F8541000900A98606409A85A
:100BF0001DF0C8FB0A9BE36405F15A0183481EF00F
:100C000069FCB5F8582095F8DC308148A4F85C20E0
:100C100005F19B0184F85F301EF05CFCD8F8007091
:100C200017F0010700F0A8807A4D05F1080905F1D9
:100C3000100A07F077FF01F009FC774B94F82410B5
:100C4000CDF808A0A3F10802CDE9005906F0D4FAC6
:100C500007F08CFE06F0FCFC002800F088806F494D
:100C60006F481DF015FC01F0F1FB01466D481EF0C8
:100C700031FC06F0FDFC58BB41F2873401E01EF068
:100C800097FC1EF089FC3368C31AA3424FF0320070
:100C9000F5D906F0EDFC08B106F040FD624B0122EB
:100CA0001A701EF079FC614B00F5EA403030186094
:100CB0001EF072FC5E4B5F4A18601E2312685E498C
:100CC000009357485D4B1DF0FBFB4CB0BDE8F0872F
:100CD000D8F8005015F0010532D1484958481EF0A7
:100CE00079FB464957481EF075FB444946481EF0BB
:100CF00071FB554884F824501DF03CFB46481DF01C
:100D000039FB44481DF036FB50481DF033FB50487A
:100D10001DF030FB39493D481EF05CFB37493C482B
:100D2000A4F85C5084F85E5084F85F501EF052FBCB
:100D30000123334A33494248C8F8003022F01EF9F3
:100D4000324909A81EF06CFBB4F85C0041F2BF33D5
:100D5000002808BF184609A906F0C4FD3D493E4ACF
:100D6000012309A80B7013701EF082FB84E73B4936
:100D70002B481DF08DFB76E73148204900F13805FE
:100D80001EF028FB1D49A5F12C001EF023FB1B497A
:100D9000A5F120001EF01EFBA5F1100084F82470C0
:100DA0001DF0E8FAA5F108001DF0E4FA05F10809C4
:100DB00028461DF0DFFA05F1100A48461DF0DAFA60
:100DC00050461DF0D7FA05F118000C491EF002FB41
:100DD00005F128000949A4F85C7084F85E7084F875
:100DE0005F701EF0F7FA0123A5F13800044A0549A7
:100DF000C8F8003022F0C2F81BE700BF807305007E
:100E000000600020DDE30200DC7C0020147D002077
:100E1000247D0020FC7C0020F47C0020F874050078
:100E2000A46400208C7F00207C7F0020847F002031
:100E3000A47F0020E87F0020747505001470050071
:100E4000C47C0020D07C0020EC7C0020047D0020AD
:100E50000C7D0020337D0020317D00202C750500A5
:100E60006666E63F1FED020AA74841F2883118F096
:100E7000A3FAA3A3D3E900230090A4492046FDF7D9
:100E800083FD0121A04818F06DFBA1490246A1484D
:100E90001DF016FB9FEDA00A9B4817F0A5FD8C22C4
:100EA00003469E499B481DF00BFB012211469648C4
:100EB00018F05AF89A49024696481DF001FB0123A2
:100EC00009AA40F6B50190488DF8244017F0BEF904
:100ED00060B99DF824408C4844F00104012309AA1C
:100EE00040F6B5018DF8244017F0A8F902468D4967
:100EF00088481DF0E5FA8C48FDF772FD002840F0A7
:100F00003B8140F2FF139BB25A00884B09931704B0
:100F10004FF006038DF8283046BF41F2210383EAE3
:100F2000420353009AB2160446BF41F2210383EAFA
:100F3000420353009AB2150446BF41F2210383EAEB
:100F4000420353009AB2140446BF41F2210383EADC
:100F5000420353009AB2100446BF41F2210383EAD0
:100F6000420353009AB2110446BF41F2210383EABF
:100F7000420353009AB213044ABF41F221035300C3
:100F800083EA42039DF826209BB283EA02231BB228
:100F9000002B9AB2B6BF41F22103530083EA420309
:100FA0009AB2170446BF41F2210383EA4203530079
:100FB0009AB2160446BF41F2210383EA420353006A
:100FC0009AB2150446BF41F2210383EA420353005B
:100FD0009AB2140446BF41F2210383EA420353004C
:100FE0009AB2100446BF41F2210383EA4203530040
:100FF0009AB2110446BF41F2210383EA420353002F
:101000009AB213044ABF41F22103530083EA420318
:101010009DF827209BB283EA02231BB2002B9AB2D1
:10102000B6BF41F22103530083EA42039AB2170488
:1010300046BF41F2210383EA420353009AB21604E9
:1010400046BF41F2210383EA420353009AB21504DA
:1010500046BF41F2210383EA420353009AB21404CB
:1010600046BF41F2210383EA420353009AB21004BF
:1010700046BF41F2210383EA420353009AB21104AE
:1010800046BF41F2210383EA420353009AB213049C
:101090004ABF41F22103530083EA42039BB283F427
:1010A000C0631BB2002B9AB2B6BF41F221035300BA
:1010B00083EA42039AB2170446BF41F2210383EA4E
:1010C000420353009AB2160446BF41F2210383EA59
:1010D000420353009AB2150446BF41F2210383EA4A
:1010E000420353009AB2140446BF41F2210383EA3B
:1010F000420353009AB2100448BF41F2210317E0A3
:10110000000000C0CCCCFC3FFC7F00201C7405001C
:1011100034740500A464002000000C435C740500D6
:1011200084740500B074050024610020AAFE01004B
:101130004CBF83EA420353009AB2110446BF41F206
:10114000210383EA420353009BB21A0446BF41F2D3
:10115000210282EA43035B009BB21C0A09A9072211
:1011600012488DF829308DF82A40F5F70DF94FF423
:101170007A701EF01DFAFAE70D490E4817F094FA3E
:101180002F220D490020FDF7FFFB0C4B1B781BB1F4
:101190000B4B01221A7088E4FDF73EF90028F7D1C5
:1011A0004FF47A701EF004FAFAE700BFA46400203E
:1011B000C1E30200FC7F0020DC740500607E00209B
:1011C000327D0020F0B5B74C226887B0BAB1B64B7B
:1011D000DB68DD0104D5B54B1968C80700F1D48080
:1011E0001FF054FCB24B2268A0FB0301830A43EAC0
:1011F0008153B04908689B1A984238BF0B60AA4BCC
:10120000DB68D90104D5A94B1A68D20700F1A18087
:101210001FF03CFCA64BA0FB0301830A43EA815369
:10122000A54A2360137823B1A44B1B78002B00F050
:10123000AE80A34CA34EA44D09E02046F5F77EF8FE
:101240000096C1B22B460022A048FBF7DDFE2046E7
:10125000F5F74EF80028F0D19D4C2378002B40F094
:1012600090800AF001FAFDF781F9FDF74BFC06F0DA
:1012700039F904F0CDFF9748FBF7AEFD06F0F8F919
:1012800000285AD02378002B54D1934F934D3B68BC
:1012900013F001063AD1924928461EF09BF8904976
:1012A00005F10C001EF096F88D4905F118001EF0AE
:1012B00091F805F1280085F824601DF05BF805F130
:1012C00030001DF057F805F138001DF053F805F116
:1012D00040001DF04FF805F148001DF04BF8804923
:1012E00005F150001EF076F87D49A5F85C6005F127
:1012F000600085F85E6085F85F601EF06BF8012382
:101300002846784A78493B6021F038FE03AE774999
:1013100030461EF085F8B5F85C0041F2BF33002876
:1013200008BF1846314606F0DDFA01233046237027
:101330001EF09EF86E4C23786BB31EF02DF96D4CA9
:101340006D4D237800F5EA403030286023B907B0AE
:10135000F0BD5B689B0963E7684E1EF01DF93368BA
:10136000C01AB0F57A6F61D22378002BEFD01EF04F
:1013700013F92B68C01A002866DB0023237007B01E
:10138000F0BD06F005FC6CE75B689B0931E7137064
:10139000FDF782FA4DE7504F3B6813F001063BD151
:1013A0004E4D4F4928461EF015F84D4905F10C00E9
:1013B0001EF010F84A4905F118001EF00BF805F16F
:1013C000280085F824601CF0D5FF05F130001CF0E2
:1013D000D1FF05F138001CF0CDFF05F140001CF0F5
:1013E000C9FF05F148001CF0C5FF3D4905F150005B
:1013F0001DF0F0FF3A49A5F85C6005F1600085F842
:101400005E6085F85F601DF0E5FF01232846354AE0
:1014100035493B6021F0B2FD03A834491EF000F8C5
:10142000012303A823701EF023F886E71EF0B4F80A
:1014300023783060012B2ED0022B26D0304A002199
:1014400001231160237092E72D4D1EF0A5F82B6843
:10145000C31AB3F5FA6F7FF67AAF1EF09DF82378C2
:101460002860012B50D0022B3FF471AF03AE1EF069
:1014700093F8304606F0B2FF224B1B680BB11EF00A
:101480008BF830461DF0F4FF61E71D4A002103236D
:10149000116023706BE71A4A002102231160237048
:1014A00065E700BFF87F0020F0ED00E0001000E0ED
:1014B00040420F00F47F0020E47F0020307D0020B8
:1014C000A464002035EE0200F1060300647E0020D3
:1014D000337D0020986F0500C07C0020C47C002074
:1014E0008073050000600020DDE30200147D002011
:1014F000317D00207C7F0020847F0020A47F00209D
:101500009C7F00205C7E002006F0B2F838B106F027
:1015100005F90448FBF7D2FC034B188317E706F0E4
:1015200097F8F6E7986F0500B47F002011DF704749
:1015300012DF7047704700BF10B50421044620F049
:101540001FFB204610BD00BFB1F56E2F70B504D251
:10155000B1F56D2F10D2002070BDB1F56F2FFAD804
:101560004FF46E24C1F5805020448342F3D8002A02
:10157000F1D023B9184670BD4FF46D24F2E71C4634
:1015800016460D461CF0B8FD2246294630461CF092
:10159000D1FD201AB0FA80F0400970BD2DE9F0416C
:1015A000B1F56E2F82B007D2B1F56D2F3CD2002578
:1015B000284602B0BDE8F081B1F56F2FF7D84FF49F
:1015C0006E24C1F5805020448342F0D8002AEED02A
:1015D000002BECD08C07EAD19807E8D114480578A5
:1015E00001208DF80700002DE1D00DF107001E4607
:1015F00017460C46FFF79CFF0028D8D19DF807300E
:10160000002BD4D13246394620461CF07BFD804663
:101610001CF072FDB045CAD132463946204622F050
:10162000FFFB0028C3D1C3E74FF46D24C9E700BF17
:10163000F982002010B5B1F56D2F82B00C4605D0AF
:10164000B1F56E2F02D0002002B010BD114B1B78F7
:1016500001228DF80720002BF5D00DF10700FFF7D0
:1016600067FF0028EFD19DF80730002BEBD11CF06D
:1016700043FD20461CF066FD0028E4D004F58052AE
:1016800001E09442E0D02378FF2B04F10104F8D06C
:10169000D9E700BFF9820020F8B502880B889A428A
:1016A00001D00020F8BD0E4605460231023023F07D
:1016B00014FB0028F5D195F8432096F843309A4260
:1016C000F0D195F8442096F844309A42E9D195F843
:1016D000452096F845309A42E3D195F8462096F891
:1016E00046309A42DDD195F8472096F847309A4225
:1016F000D7D195F8482096F848309A42D1D195F83C
:10170000492096F849309A42CBD195F84A2096F86C
:101710004A309A42C5D195F84B2096F84B309A4200
:10172000BFD195F84C2096F84C309A42B9D195F833
:101730004D2096F84D309A42B3D195F84E2096F848
:101740004E309A42ADD195F84F2096F84F309A42DC
:10175000A7D195F8502096F850309A42A1D195F82B
:10176000512096F851309A429BD195F8522096F824
:1017700052309A4295D195F8532096F853309A42B8
:101780008FD195F8542096F854309A4289D195F823
:10179000552096F855309A4283D195F8562096F800
:1017A00056309A427FF47DAF95F8572096F857301F
:1017B0009A427FF476AFB5F85820B6F858309A427E
:1017C0007FF46FAF06F15A0105F15A0023F085FA54
:1017D000074600287FF465AF06F19B0105F19B00E9
:1017E00023F07BFA38B995F8DC0096F8DC30C31AA0
:1017F00058425841F8BD3846F8BD00BF2DE9F043C6
:10180000054693B00C462E460021174642309C22D6
:10181000984622F038FB012326F8023B412230464D
:10182000002122F030FB002C00F0AB80631E002270
:1018300013F8011F11B10132402AF9D12146304677
:1018400022F0FDFA0DF10409AC784846412200214E
:1018500022F019FB002C38D0002002463146A4F1BA
:101860004103DBB2192B9CBF2034E4B2A4F1610325
:10187000DBB2192B11F801CF79D9A4F13003DBB217
:10188000092B74D9002A74D030B92D24012012AB51
:101890001344013203F8444CBCF1000F03D03F2A3B
:1018A00001D06446DBE7531E09EB030119F803007E
:1018B0002D2808BF0A4605D06DE012F8010D2D282D
:1018C00067D10B46591E002BF7D14B46002441220D
:1018D0001C702146304622F0D6FA22464B4613F8B9
:1018E000011B11B10132402AF9D14946304622F09C
:1018F000A6FA002385F84330002F3FD041F2BF33D2
:10190000502F08BF1F4605F15A04204641220021EE
:10191000A5F8587022F0B7FAB8F1000F0CD008F112
:10192000FF33002213F8011F11B10132402AF9D10F
:101930004146204622F083FA05F19B0441222046CD
:10194000002122F0A0FA154B002202E013F8011F3B
:1019500011B10132402AF9D12046104922F06FFA24
:101960000023284685F8DC3013B0BDE8F083002062
:101970008DE7BCF1000FA8D0644670E741F2BF3795
:10198000C1E70DF1040921464846412222F07BFAC5
:101990009BE74B449AE709EB020397E79C79050024
:1019A000F0B5841C93B02546431C00F1420113F8A6
:1019B000012F22B18B42FAD1012013B0F0BD00F10A
:1019C000590300F19A0213F8011F29B19A42F3D08A
:1019D00013F8011F0029F9D1134600F1DB0113F8B8
:1019E000012F2AB18B42E7D013F8012F002AF9D139
:1019F000B0F85830002B00F0B080502B00F0AD80D4
:101A000090F84330002B5BD090F8441051B990F817
:101A100045303BB990F8463023B990F84730002B59
:101A200000F0E58090F8483053B990F849303BB960
:101A300090F84A3023B990F84B30002B00F0D78053
:101A400090F84C6056B990F84D303BB990F84E3054
:101A500023B990F84F30002B00F0C980836C1BBA7B
:101A60005A1E033220D8DA435F4217421CD101F1DB
:101A7000FF3E476CD0F84CC05FFA8EFEBEF1DE0F21
:101A80003FBA9CFA8CFC0FD87F290DD0711EC9B2C9
:101A9000DE2909D87F2E07D0674505D003EA070164
:101AA00003EA0C03994202D0042013B0F0BD8F4228
:101AB000FAD03A439742F7D08C45F5D09445F3D00D
:101AC00090F85030002B4AD07F2BEDD0DF2BEBD895
:101AD000036D0133E8D090F85430002B77D190F8A3
:101AE0005530002BE0D190F85630002BDCD190F827
:101AF0005730002BD8D1064601AF3846412200218D
:101B000022F0C1F9B378002B46D04FF0000C6246AA
:101B1000A3F14101C9B219299CBF2033DBB2A3F163
:101B20006101C9B2192915F8010F4DD9A3F130018E
:101B3000C9B2092948D9002A53D0BCF1000F07D1F6
:101B40002D234FF0010C12A91144013201F8443C3D
:101B500090B13F2A10D00346DAE702202DE790F833
:101B60005130002BA0D190F85230002B9CD190F82E
:101B70005330002B98D1AEE7531EF918F85C2D288E
:101B800008BF0A4605D034E012F8010D2D282CD1EB
:101B90000B46591E002BF7D13B46002541221D70F4
:101BA0002946204622F06FF92A463B4613F8011BCE
:101BB00011B10132402AF9D13946204622F03FF9CD
:101BC000012333800020F8E64FF0000CBBE77F2BA9
:101BD0003FF46AAFDF2B3FF667AF436D01338AD125
:101BE00062E70028D8D0034692E73B44D5E70320BC
:101BF000E3E6BB18D1E700BFF0B50024B9B01C6024
:101C000009B1E52A02D8002039B0F0BD0E46DE2227
:101C1000014668461F4622F012F96846FFF7C0FEEB
:101C20000028F0D1564A9DF8DC301168554A7260A0
:101C300031609DF943200BB142F00202BDF85830EB
:101C40003272DDE911401A0A73721399159BB27250
:101C5000149AC6F81B30C6F80B40C6F80F00C6F839
:101C60001310C6F817200DF10103002513F8014FDA
:101C70001CB10135412DF9D1C5E706F12003184605
:101C800040222146F57722F0FEF82A460DF10201A6
:101C900022F0D5F80DF1590313F8015F1DB101349D
:101CA000412CF9D1AFE706F16103184640222946DD
:101CB00086F8604022F0E7F822460DF15A0122F042
:101CC000BEF80DF19A0313F8011F19B10135412D2A
:101CD000F9D198E706F1A2031846402286F8A150F0
:101CE00022F0D1F82A460DF19B0122F0A8F8264BEC
:101CF000701E06F1E1044FF0FF3210F8011F4A4058
:101D000042F30001194081EA520242F300011940F6
:101D100081EA520141F300021A4082EA510141F383
:101D200000021A4082EA510242F30001194081EA9E
:101D3000520242F30001194081EA520141F30002CC
:101D40001A4082EA510141F300021A40A04282EA9D
:101D50005102D2D1D243D1B2002361F30703C2F3BF
:101D6000072161F30F23C2F3074161F31743120EFA
:101D700062F31F63E622C6F8E23001203A6043E7CF
:101D8000287605000100DA002083B8ED58B10B2950
:101D900009D9F0B5654B05781C78A542B9B004D0D7
:101DA000012039B0F0BD0220704745785C78A5422B
:101DB00000F10106F4D116F8015F9C78A542EFD13D
:101DC0007478DB789C42EBD1C48804F10C038B421D
:101DD0003ED18388012B3ED1DA2C39D1D0F8E27084
:101DE000534B451E00F1E1064FF0FF3115F8014F4E
:101DF000614041F300041C4084EA510444F30001B3
:101E0000194081EA540444F30001194081EA540165
:101E100041F300041C4084EA510141F300041C40DA
:101E200084EA510444F30001194081EA540444F364
:101E30000001194081EA540141F300041C40AE4204
:101E400084EA5101D2D1C943B94206D00320A8E7A0
:101E5000022039B0F0BD0420A3E704460021164655
:101E60000DF10200DC2222F00EF8237AB4F80920EA
:101E7000ADF8582003F001020121C3F34003E57FD0
:101E80008DF84320D4F80B208DF8DC30ADF800102D
:101E9000D4F80F30D4F813101192D4F817201293FD
:101EA000402DD4F81B301593CDE9131201D905202C
:101EB00077E7412200210DF1020021F0E4FF2A46DC
:101EC0000DF1020004F1200121F0B9FF94F86050F7
:101ED000402DECD8412200210DF15A0021F0D3FF12
:101EE0002A460DF15A0004F1610121F0A8FF94F88F
:101EF000A150402DDBD8412200210DF19B0021F0A3
:101F0000C2FF04F1A2012A460DF19B0021F097FFC8
:101F10006846FFF745FD04460028C8D169463046AB
:101F2000DE2221F08CFF20463BE700BF287605002B
:101F30002083B8ED00B583B002AB002203F8012D79
:101F40001846FFF7F5FAB8B99DF8072082B9184688
:101F500001238DF80730FFF7EBFA98B99DF80700D9
:101F6000B0FA80F04009084B187003B05DF804FB2C
:101F7000FFF7DCFA0028EAD0034B0020187003B00A
:101F80005DF804FB0020EEE7F98200202DE9F04324
:101F9000AB4A1578ADF5077D35B1AA4B1D782846BB
:101FA0000DF5077DBDE8F083A74EA84BA849012495
:101FB00016A8147041F2BF32FFF720FC16A9DE22EA
:101FC000304621F03CFF41222946A24821F05BFF28
:101FD000B378002B00F0AB819E4CB71CAC46294671
:101FE000A3F14102D2B2192A9CBF2033DBB2A3F184
:101FF0006102D2B2192A17F8010F36D9A3F13002C3
:10200000D2B2092A31D999B3BCF1000F04D12D23E2
:102010004FF0010C6354013118B13F2901D0034640
:10202000DEE74B1EE218E05C2D2805D081E112F8B6
:10203000010D2D2820D10B46591E002BF7D1854BC1
:1020400000221A702778EFB1834B1F784FF00109F7
:102050008DF83891002F5FD1804981481CF018FA23
:1020600028460DF5077DBDE8F0834FF0000CD1E761
:102070000028E4D00346B3E7234400221A702778EF
:10208000002FE1D14FF080534122D3F860805B6E86
:1020900039464EA821F0F7FE5FFA88F1C8F307220F
:1020A000C8F30743CDE9012100936E4A6E4B4121ED
:1020B0004EA822F0D1FD41223946664821F0E3FEC8
:1020C0009DF83831002B00F09D8039460DF59C7C41
:1020D0003846A3F14102D2B2192A9CBF2033DBB2A9
:1020E000A3F16102D2B2192A1CF8017F40F28E805E
:1020F000A3F13002D2B2092A40F28880002800F011
:102100008B8019B92D23012123540130002F6BD06E
:102110003F2869D03B46DCE74EA8FFF709FA0028C4
:102120009AD19DF83881B8F1000F95D1DE22414651
:102130004EA821F0A8FE4EA94C4800F063FA0228F0
:1021400078D0404B012883F8009069D04EA9DE2258
:102150003D4821F074FE412241463E4821F093FE65
:10216000B3787BB3424E41464046A3F14102D2B21E
:10217000192A9CBF2033DBB2A3F16102D2B2192A23
:1021800016F8015F2ED9A3F13002D2B2092A29D95B
:1021900000283DD019B939462D23235401301DB1F3
:1021A0003F2801D02B46E0E7431EE218E15C2D29D1
:1021B00005D0C2E012F8010D2D2837D10B46591E6B
:1021C000002BF7D1234B00221A702578002D57D011
:1021D000284923481CF05CF93D4628460DF5077D4B
:1021E000BDE8F0830021D8E7431EE218E15C2D2909
:1021F00005D0A4E012F8010D2D2819D10B46591E67
:10220000002BF7D1134B00221A701DE700217BE74A
:10221000002DD7D02B46A8E7002FF3D03B4658E738
:1022200015490F483D461CF033F9B8E62344CAE788
:102230002344E8E711490A481CF02AF9AFE600BF39
:10224000D4810020B6820020D88100208073050050
:102250004C760500B8820020F982002070760500D7
:10226000A464002060760500A8750500C4810020E4
:10227000DA8100204077050000770500C076050070
:102280004FF0805341221E6E5B6E294605A821F057
:10229000FAFDF2B2C6F30723C6F30746CDE90132D1
:1022A0004121294B294A009605A822F0D5FC41225C
:1022B0002946274821F0E7FD9DF814306BB305A9A6
:1022C0002846A3F14102D2B2192A9CBF2033DBB2C7
:1022D000A3F16102D2B2192A11F8016F21D9A3F139
:1022E0003002D2B2092A1CD9E8B11DB93D462D23CE
:1022F000235401301EB13F2801D03346E1E7431E8D
:10230000E218E15C2D2905D01BE012F8010D2D2803
:1023100011D10B46591E002BF7D10D4C0023237011
:1023200056E70025E4E7002EF7D03346C9E7084C0E
:1023300085E6631884E61C44F0E7231843E7231876
:1023400061E70444EAE700BFA87505006076050070
:10235000B882002000487047D881002010B51C4B7F
:102360001B78B8B004465BB31A4B1B781BB900242A
:10237000204638B010BD184B1B7801228DF8002084
:10238000002BF4D06846FFF7D3F80028EFD19DF872
:102390000030002BEBD12146DE22684621F04FFDB4
:1023A0006846FFF7FDFA0028E1D169460B4800F0C6
:1023B0005DFB044638B10A490A481CF069F8D7E7C2
:1023C000FFF7E4FDD0E7084906481CF061F8CFE7C5
:1023D000D4810020B6820020F9820020C481002030
:1023E000E4750500A4640020B875050000B5134B22
:1023F0001B7883B07BB1124B187810B903B05DF82D
:1024000004FB104B1B7801228DF8072033B9002004
:1024100003B05DF804FBFFF7B9FDECE70DF1070031
:10242000FFF786F80028F2D19DF80730002BEED197
:10243000054800F0FBFB03B05DF804FBD4810020ED
:10244000B6820020F9820020C481002008B5034B29
:102450001B780BB9FFF79AFD014808BDD481002015
:10246000B8820020114803780BB11048704770B54E
:102470004FF0805386B0D3F8A410D3F8A8300C4A9C
:102480004C1CE4B2C1F307260494C1F30745DCB247
:10249000090ECDE9011503960094C3F30723122119
:1024A00022F0DAFB014806B070BD00BFFC820020BC
:1024B0002C76050010B5094C094B0A490A4841F22F
:1024C000BF32FFF79BF920460849094A20F056FD24
:1024D00021460848BDE8104000F00EB834610020E5
:1024E000807305004C760500D88100203515030067
:1024F00000600020C4810020002210B44FF46D243D
:102500008460016002714271C2605DF8044B7047E3
:10251000F0B50E46FDB015460021E822044621F034
:10252000B2FC30680368294638AA1D694FF48873E5
:10253000A847207040B1314B389A1B689A4203D1AA
:10254000BDF8E430012B02D020467DB0F0BDBDF8CF
:10255000E650B5F5807FF7D83BAB5E19284B37685E
:1025600038A84FF0FF3210F8011B4A4042F3000137
:10257000194081EA520141F300021A4082EA5101F6
:1025800041F300021A4082EA510242F3000119406D
:1025900081EA520242F30001194081EA520141F3FB
:1025A00000021A4082EA510141F300021A4082EA15
:1025B000510242F300011940B04281EA5202D2D1E5
:1025C000D243BA42C0D13A9B6360012363700DB914
:1025D000A370B9E7DE220021684621F054FC6A4668
:1025E00029463BA8FFF7D2FB0028ADD16946DE2281
:1025F00004F1080021F023FCA6E700BF887705005E
:102600002083B8ED2DE9F04F0446ADF5737DE82247
:102610008A463AA8002121F036FC20680368AEAA59
:102620001D694FF46D214FF48873A84705468DF856
:10263000E80000285AD0AD4AAE9B12689A4203D1F6
:10264000BDF8BC32012B5ED00027B946B84674AE47
:10265000E8220021304621F016FC20680368AEAA6B
:10266000D3F810B04FF46E214FF48873D847307010
:1026700078B39E4AAE9B12689A421CD1BDF8BC3218
:10268000012B00F0908001232371B8F1000F32D0AC
:102690004FF46D220123C4F80C90A26063719FB9BE
:1026A0003AA908315046DE2221F0C9FB00200DF581
:1026B000737DBDE8F08F01232371B8F1000FE7D1DE
:1026C00084F80580C4F80C8001200DF5737DBDE809
:1026D000F08F01232371B8F1000FD9D184F8058060
:1026E000C4F80C80002DEFD10220E0E707468146B8
:1026F000804674AEACE700236371E360002DE3D144
:102700000028E1D1F0E7BDF8BE72B7F5807F9BD815
:10271000B1AB03EB070E764EDEF8008000930DF5AB
:102720002E7C4FF0FF331CF8012B534043F3000283
:10273000324082EA530242F30003334083EA5202FA
:1027400042F30003334083EA520343F30002324072
:1027500082EA530343F30002324082EA530242F317
:102760000003334083EA520242F30003334083EA1A
:10277000520343F300023240E64582EA5303D2D1CA
:10278000DB4398457FF460AF0123DDF8C0928DF8FC
:10279000E930CDF8EC90002F7FD18DF8EA302F464C
:1027A000A84674AE54E7BDF8BEB2BBF5807F3FF6D5
:1027B0006BAFB1AB03EB0B0E00934D49DEF800306D
:1027C00001930DF52E7C4FF0FF331CF8012B534085
:1027D00043F300020A4082EA530343F300020A4033
:1027E00082EA530343F300020A4082EA530242F3AF
:1027F00000030B4083EA520343F300020A4082EADB
:10280000530343F300020A4082EA530242F30003F7
:102810000B4083EA520242F300030B40E64583EA91
:102820005203D2D1019ADB439A427FF42CAFB09B82
:10283000736001257570BBF1000F0FD1B570257164
:10284000B8F1000F04D0A3EB0902002A7FF720AFF4
:102850004FF46E22E3606571A26035E7DE2200214D
:1028600002A8019321F00FFB02AA59460098FFF736
:102870008DFA019B28BB02A9DE2276A8009321F0E5
:10288000DEFA2571009BB8F1000F1ED14FF46E22C5
:10289000E36065713146A26003E774AEDE22002179
:1028A000304621F0F0FA394632460098FFF76EFACA
:1028B0000746B8B9DE2231463CA821F0C0FAA84646
:1028C000C6E62571B8F1000FE0D0A3EB0902002A9B
:1028D0007FF7DEAE4FF46E200122E3603146A06048
:1028E0006271DEE6A8460027B2E600BF88770500E1
:1028F0002083B8ED2DE9F043ADF5457D3CAC1546A0
:1029000007464FF4887288462046FF211E4621F074
:10291000BAFA544B25721B68236001222B0A290C3A
:10292000A28063722A0E0023A172E2720193A6B103
:1029300001AB4FF480723FA93046FFF75DF90028E4
:1029400073D0019BB3F5803F6FD21A1203F10C0EC6
:10295000A371E27104EB0E0C04E0E6800DF1FC0CB7
:102960004FF00C0E404B20464FF0FF3210F8011B89
:102970004A4042F30001194081EA520242F3000149
:10298000194081EA520141F300021A4082EA5101E2
:1029900041F300021A4082EA510242F30001194059
:1029A00081EA520242F30001194081EA520141F3E7
:1029B00000021A4082EA510141F30002A0EB04092F
:1029C0001A40CE4582EA5102D0D8D2430023110AE0
:1029D00062F3070361F30F23110C61F31743120E27
:1029E00062F31F633868CCF80030036841469B6887
:1029F0009847D0B1386803682246D3F80C90414616
:102A00004FF48873C84780B13868036880AAD3F848
:102A1000109041464FF48873C84730B180A92046D2
:102A20004FF4887221F0FCF920B100200DF5457DAE
:102A3000BDE8F0834246394602A8FFF769FD9DF8DC
:102A40000930002BF1D0039BAB42EED19DF80A0078
:102A5000002EEBD00028E8D1314604A8FEF71CFE7A
:102A6000E4E700BF887705002083B8ED2DE9F04149
:102A70000579ADF5707D04460F465DB34379F3B932
:102A80004FF46D2601253B462A4631462046FFF786
:102A900031FF18B1C4E90265012363710DF5707D42
:102AA000BDE8F0819DF8E13001222271002B41D078
:102AB000399E4FF46D22C4E9022601236371D4E9E3
:102AC0000235B3F56D2F14BF4FF46D264FF46E260B
:102AD0000135D8E738A84FF46D222146FFF718FDDD
:102AE0002946E82272A821F0CEF920680368ACAA32
:102AF0001D694FF46E214FF48873A8478DF8C80103
:102B000040B1484AAC9B12689A42CBD1BDF8B4326E
:102B1000012B12D09DF8E13001222271002BC7D188
:102B20009DF8E02000236371E360002AA8D100280B
:102B3000B4D0A5E76371E360A2E7BDF8B652B5F57E
:102B4000807F49D8AFAB03EB050C374BDCF800E0D6
:102B5000ACAE4FF0FF3216F8011B4A4042F30001C1
:102B6000194081EA520141F300021A4082EA510100
:102B700041F300021A4082EA510242F30001194077
:102B800081EA520242F30001194081EA520141F305
:102B900000021A4082EA510141F300021A4082EA1F
:102BA000510242F300011940664581EA5202D2D136
:102BB000D2439645AED1AE9E73964FF001088DF884
:102BC000C9817DB99DF8E1308DF8CA8184F804800F
:102BD000F3B94FF46E226EE79DF8E1202371002ACD
:102BE0009ED065E7DE220021684621F04CF96A4656
:102BF0002946AFA8FFF7CAF820B96946DE2274A8B3
:102C000021F01DF99DF8E13084F80480002BE0D01C
:102C1000399BF21A002AD6BF1E464FF46E224FF49B
:102C20006D2248E7887705002083B8EDF0B5057977
:102C3000ADF5717D044655B34379EBB94FF46D267C
:102C4000012500232A4631462046FFF753FE18B1DE
:102C5000C4E90265012363710DF5717DF0BD9DF836
:102C6000E13001222271002B41D0399E4FF46D22B8
:102C7000C4E9022601236371D4E90235B3F56D2F4F
:102C800014BF4FF46D264FF46E260135D9E738A8EE
:102C90004FF46D222146FFF73BFC2946E82272A83B
:102CA00021F0F1F820680368ACAA1D694FF46E2189
:102CB0004FF48873A8478DF8C80140B1464AAC9BD1
:102CC00012689A42CBD1BDF8B432012B12D09DF8D4
:102CD000E13001222271002BC7D19DF8E0200023B2
:102CE0006371E360002AA9D10028B5D0A6E763711B
:102CF000E360A3E7BDF8B652B5F5807F46D8AFAB29
:102D00005F19364BD7F800C0ACAE4FF0FF3216F863
:102D1000011B4A4042F30001194081EA520141F38C
:102D200000021A4082EA510141F300021A4082EA8D
:102D3000510242F30001194081EA520242F30001BC
:102D4000194081EA520141F300021A4082EA51011E
:102D500041F300021A4082EA510242F30001194095
:102D6000BE4281EA5202D2D1D2439445AFD1AE9E47
:102D7000739601278DF8C97175B99DF8E1308DF80A
:102D8000CA712771EBB94FF46E2271E79DF8E1200B
:102D90002371002AA1D068E7DE220021684621F0D5
:102DA00072F86A462946AFA8FEF7F0FF20B96946D7
:102DB000DE2274A821F043F89DF8E1302771002B42
:102DC000E1D0399BF21A002AD6BF1E464FF46E227C
:102DD0004FF46D224CE700BF887705002083B8EDE3
:102DE000A1B170B5054608460C4621F088FF402881
:102DF00006460DD841220021284621F044F83246EB
:102E00002146284621F01BF8012002E008467047C1
:102E1000002070BDF0B400230A260278303A092A57
:102E200024D80246071D0024104601320578A5F17A
:102E3000300CBCF1090F06FB045504D8BA42A5F1C9
:102E4000300405D112E0CC54032B027803D107E003
:102E5000FF2CE9D90AE02E2A00F1010001D005E09B
:102E600022B90133042BD8D1012000E00020F0BCAE
:102E70007047000008B4F0B582B000AF07F11C0342
:102E800002F10E0424F0070453F804CB7B60ADEB91
:102E9000040D6E4605460C46304611466246A04774
:102EA00005F108030F2804462B600FD801280AD02B
:102EB000A0B90022284608376C601A55BD46BDE807
:102EC000F04001B0704732782A72F2E700280CDB3C
:102ED00001301EF04DFEAC600346286018463146B6
:102EE000224620F0ACFF2B68E3E7014820F04EF8C3
:102EF000AC7B0500F0B40B4600F10804046053F805
:102F0000082B93420AD002608A6882604A68426055
:102F10000022C1E900320A72F0BC70471F685E6887
:102F20009D68DA6842618760C6600561EEE700BFB0
:102F30002DE9F04F044683B008468A4621F0DFFEB3
:102F4000D4F804906FF00043A3EB0903834262D3EB
:102F5000A046064658F8085B454509EB000713D024
:102F6000A3689F4213D846B1012E05EB09003BD15F
:102F70009AF8003005F8093025686760002320467C
:102F8000EB5503B0BDE8F08F0F2FECD90F23002FC6
:102F900044DB4FEA430B5F452CD2BBF1000FAEBFC1
:102FA0000BF101004FF000406FF0004B1EF0E0FD10
:102FB00023680546B9F1000F04D0B9F1010F1CD107
:102FC0001A7802703EB1012E05EB09001CD19AF867
:102FD000002005F80920984502D018461EF0CCFDC7
:102FE0002560C4F808B0C8E73246514620F027FFF4
:102FF0002568C2E7781CBB46D8E719464A460193C4
:1030000020F01DFF019BDDE732465146019320F081
:1030100016FF019BDFE703481FF0B8FF02481FF0CF
:10302000B5FF00BFF07B0500AC7B05002DE9F04F3C
:1030300083B004469246D0E900050C9A04F1080BCF
:10304000A2EB0A028345A5EB0107154414BFA26851
:103050000F22002D0E46A7EB0A0750DB95420BD935
:103060005200954208D2002AA7BF501C15464FF0C7
:1030700000406FF0004500E0681C01931EF078FDF1
:10308000019BD4F80080814626B1012E2AD198F800
:103090000020027043B10C9A32B1012A09EB0600FC
:1030A00027D11B7809F8063057B9C34502D04046EE
:1030B0001EF062FDC4F80090A56003B0BDE8F08F7B
:1030C0000C9B012F3344564409EB030008EB060127
:1030D00004D118F8062009F80320E6E73A4620F064
:1030E000AEFEE2E732464146019320F0A8FE019B86
:1030F000D0E7194620F0A3FE002FD6D0E0E7014824
:103100001FF044FFAC7B05002DE9F04F0D46D1F8D0
:1031100004B055F8088BD2F804A0A84583B00C463B
:10312000914606460BEB0A0769D08A68D9F8003049
:10313000974256D909F108019942009114BFD9F874
:1031400008100F218F425FD9002FC0F2EE804FEAA6
:1031500042094F4580F08880B9F1000FAEBF09F1F8
:1031600001004FF000406FF0004900931EF000FD99
:10317000009B8046BBF1000F06D0BBF1010F216818
:1031800040F097800A7802705BB1BAF1000F08D066
:10319000BAF1010F08EB0B0040F09B801B7808F898
:1031A0000B302068854201D01EF0E6FCC4F8008098
:1031B000C4F808900023676008F8073006F1080299
:1031C00032602368AB426BD03360A368B36063683E
:1031D000736030460023C4E90053237203B0BDE896
:1031E000F08FBAF1000FE5D0BAF1010F08EB0B0038
:1031F00033D11B7808F80B30D4F80080DAE70F2FB2
:103200001368EED90F2295E76FF00042A2EB0A0295
:103210005A45C0F08780984529D303EB0A029045B0
:1032200025D8BBF1000F4DD0BAF1000F07D0BAF18D
:10323000010F03EB0B0069D11A7803F80B2008EBA0
:103240000B01994257D9BBF1010F66D018465A4677
:1032500020F0F5FDD9F8003034E05246194620F050
:10326000EEFDD4F80080A5E7781CB9467DE7BAF1F9
:10327000000F24D0BBF1000F24D0BAF1010F03EBF3
:103280000B0031D11A7803F80B20BBF1010F25D0C8
:1032900018465A46414620F0D2FDD9F8003011E0D8
:1032A0002F686868A968EB687361B760F060316186
:1032B0008DE75A46009320F0C2FD009B64E7BBF106
:1032C000000FE2D10022C9F80470009DDA554C4687
:1032D00074E75246194620F0B2FD62E798F80020E4
:1032E0001A70D9F80030EDE719465246019320F0E4
:1032F000B1FD019BC9E7BBF1010FEFD018465A465B
:10330000414620F0A7FDD9F80030DBE719465246C8
:10331000019320F09FFD019B91E70A781A70D9F87C
:103320000030CFE702481FF031FE02481FF02EFEAA
:10333000087C0500AC7B05002DE9F04703460546F7
:1033400043F80C1B8EB06B60202090461EF010FCE2
:10335000594C686006460FCC30607160B26007CC93
:10336000564F30617161B26197E8070004AFBC4607
:10337000ACE803001F21C5E902112088A178F360A1
:103380004FF00009B083ACF800204046B1774FF011
:103390000A0A86F81F900297CDF80CA08DF81A90B3
:1033A00021F0ADFC464B984200F2838000F10A0404
:1033B0000F2C4AD838B1012859D198F800308DF82F
:1033C0001A303B4600E03B464FF0000C039403F8F4
:1033D00004C0029A0AACBA42089450D0DDE90363F3
:1033E0006FF00041891B0129089202970996CDF8D8
:1033F0000CC00A938DF810C05BD9A24208BF0F23FE
:1034000006F10208434529D32E4B1B889353089B92
:10341000CDF82480002203F80820089B05F124063B
:10342000A342EE613FD00A9AEB616A620298099B5F
:103430002B62B8424FF0000385F8343001D01EF003
:103440009BFB28460EB0BDE8F087009043464A46F5
:10345000514602A8FFF7EAFD029BB5E7022300935D
:103460003146184B002208A8FFF7E0FDCFE70246DF
:1034700041460DF11A0020F0E2FC3B46A4E797E834
:103480000F00039E8DF810C084E80F006FF000431A
:103490009B1B012B0996CDF80CC00AD906F1020836
:1034A00022460F23AEE70FCC6862A962EA622B6363
:1034B000BCE705481FF06AFD007B0500207B050086
:1034C000F5FFFF7FAC810500F07B05002DE9F84397
:1034D000044608460D46164698469DF82090FEF78D
:1034E0005FFA002854D1002E49D0074641462846AD
:1034F000B047002843D004F10C03C82204F124088B
:10350000C4E900232020B9F1000F4AD11EF030FB9E
:10351000424D606006460FCD30607160B26007CDED
:10352000C4F81C802F883061AD78F3601F20B7830A
:10353000C4E9020086F81F907161B261B577252059
:103540001EF016FB364FE06124238446064607F141
:10355000200E63623D460FCD754530607160B260EC
:10356000F3602F4606F11006F4D10023286830607E
:10357000242222628CF8243084F8343005E0294A71
:103580004FF4FA712046FFF7D7FE2046BDE8F883D6
:103590002046254A4FF4C871FFF7CEFE2046BDE80D
:1035A000F8831EF0E5FA1D4D606006460FCD3060D1
:1035B0007160B26007CDC4F81C80B5F800C03061FE
:1035C000AD78F7771F20F360A6F81CC0C4E90200AD
:1035D0007161B261B57724201EF0CAFA134FE06121
:1035E00023238446064607F1200E63623D460FCD35
:1035F000754530607160B260F3602F4606F11006C9
:10360000F4D12A88AB783280B370232100220123C1
:1036100021628CF8232084F83430B6E7007B050063
:10362000847B0500447B05002C7B0500607B050046
:103630002DE9F04F8046D8E9005397485B1BDB101B
:1036400000FB03F3A1EB050A83B00C4691460D463F
:10365000002B00F0B9805E00B34240F210816FF0A1
:103660000F0630461EF084FA0746D9E9001907EB29
:103670000A0B0BF1080047F80A00002900F0F88057
:10368000B9F10F0F00F2E180B9F1010F00F0A18054
:10369000B9F1000F40F0E6800021CBF8049000F86B
:1036A0000910D8F80030A34200F0F1801833E01A76
:1036B0007A4A0194C00802FB00F222F0604909EB4B
:1036C000490C07EBCC0C08460CF1200C07F1080262
:1036D000AE4642F8082C53F8181CA3F11005A94275
:1036E00000F0988042F8081C53F8101C116053F841
:1036F000141C42F8041C1832624543E9065003F8D2
:10370000100C03F11803E4D109F1010303EB4303A7
:10371000019C754607EBC303D8F80420A24203F1CD
:10372000180931D01834121B5C49D20801FB02F28F
:1037300022F0604C0CEB4C0E03EBCE0E0EF1380E6B
:1037400020334FF0000A54F8181C43F8083CA4F149
:1037500010028A4248D054E9050543F8081C43E9A1
:1037600001051833734544F8182C04F810AC44F8DC
:1037700014AC04F11804E6D10CF1010C0CEB4C0C68
:10378000D8F8045009EBCC09D8F800A0AA450FD00E
:103790000AF1080454F8080CA0420AF1180A1CD0D7
:1037A0001EF0EAF9AA4504F11804F3D1D8F8005044
:1037B00015B128461EF0E0F93E44C8F80860C8E993
:1037C000007903B0BDE8F08F012606EB4606F6004F
:1037D00047E70B788BF808305EE7AA4504F1180438
:1037E000D8D1D8F80050E3E711685568906819609F
:1037F000D16854F8142C5D609860D96043F8042CAB
:1038000018339E4504F810AC44F814AC04F11804C5
:1038100099D1B1E74D68D1F800A08C68D1F80CB00F
:10382000C2F80CB0C2F800A05560946053F8145C64
:1038300042F8045C1832944543E9061003F8100C72
:1038400003F118037FF445AF5EE7B9F1000F20DB09
:1038500009F1010001911EF08BF90199CBF80000EC
:10386000CBF808904A4620F0EAFADBF8000013E7AC
:10387000B9F1000F3FF410AF09481FF084FB094B6A
:103880009E423FF6ECAE002E9FD13746EDE63B461A
:1038900042E705481FF07AFBABAAAAAAABAAAA0A7C
:1038A000C47B0500AAAAAA0AAC7B05002DE9F04F4B
:1038B00043689FB063B1039183467C49184621F069
:1038C0000CFA28B9DBF8085015B1DBF80C302BB92D
:1038D0004FF0000840461FB0BDE8F08F05EB03082D
:1038E000454502D1F4E7A845F2D02C4615F8016B06
:1038F000304620F006FA0028F5D17B2EE8D1CDE93C
:103900000600013408900127CDF810B0A04540F220
:103910009E85254602E0A8452E4606D02E46013556
:10392000307820F0EEF90028F5D1B04502D0337898
:103930007D2B40D09FB300230EAACDE90C238DF838
:10394000383005E014F8015B284620F0DAF9A8B316
:10395000A045F7D14FF00008DDE90656B5420FD07B
:1039600005F1080454F8080CA04205F1180500F010
:103970009E821EF001F9B54204F11804F2D1069EB0
:10398000002EA7D030461EF0F7F8A3E7264614F81D
:10399000015B284620F0B5F9002800F01782A04509
:1039A000F4D1D7E7264614F8015B284620F0A9F9A0
:1039B000002800F0A785A045F4D1CBE7222DC9D17E
:1039C0000746A04500F0D98194F80090B9F1220F84
:1039D00004F1010600F09381B9F11F0F0C9D40F234
:1039E0008681B9F15C0F40F0F681B04500F07F812F
:1039F0006678A6F1220304F10209532B00F27781C5
:103A0000DFE813F05101750175017501750175014C
:103A1000750175017501750175017501750151011A
:103A200075017501750175017501750175017501E6
:103A300075017501750175017501750175017501D6
:103A400075017501750175017501750175017501C6
:103A500075017501750175017501750175017501B6
:103A600075017501750175017501750175017501A6
:103A700075017501750175015101750175017501BA
:103A8000750175013B017501750175012501750110
:103A90007501750175017501750175010F017501DC
:103AA00075017501F9007501DD005600807A050089
:103AB000C84500F01C81A278A2F13003D8B20928D1
:103AC00004F103010BD9A2F16103052B40F2D1846B
:103AD000A2F14103052B00F20A81A2F137038845C8
:103AE00000F00581E278A2F13001CEB2092E4FEA52
:103AF000031304F1040040F2AD84A2F16101052931
:103B000040F2BB84A2F14101052900F2F080373A6E
:103B10001344804500F0EB802279A2F13001CEB24F
:103B2000092E4FEA031304F1050040F29684A2F136
:103B30006101052940F2A584A2F14101052900F2A5
:103B4000D680373A1344804500F0D1806279A2F1E3
:103B50003001C8B209284FEA031304F1060440F209
:103B60007F84A2F16101052940F28F84A2F1410115
:103B7000052900F2BC80373A13445A1E7E2A00F20F
:103B8000B680DEB20EAB9D42DDF834A018BF0E9BAE
:103B90000AF1010908BF0F23994508D90122002322
:103BA000009251461A460CA8FFF740FA0C9D05F802
:103BB0000A600C9BCDF8349003F8097001E70EAB56
:103BC0009D420D9C18BF0E9B04F1010608BF0F23F8
:103BD0009E4208D901220023009221461A460CA8D1
:103BE000FFF724FA0C9D4FF009032B550C9B0D9603
:103BF0004C469F55E5E60EAB9D420D9C18BF0E9BB3
:103C000004F1010608BF0F239E4208D901220023B8
:103C1000009221461A460CA8FFF708FA0C9D0D23C6
:103C2000E3E70EAB9D420D9C18BF0E9B04F101060D
:103C300008BF0F239E4208D901220023009221468B
:103C40001A460CA8FFF7F2F90C9D0A23CDE70EAB3C
:103C50009D420D9C18BF0E9B04F1010608BF0F2367
:103C60009E4208D901220023009221461A460CA840
:103C7000FFF7DCF90C9D0C23B7E70EAB9D420D9CC2
:103C800018BF0E9B04F1010608BF0F239E4208D9FE
:103C900001220023009221461A460CA8FFF7C6F91C
:103CA0000C9D0823A1E70EAB9D420D9C18BF0E9BF7
:103CB00004F1010A08BF0F239A4508D90122002305
:103CC000009221461A460CA8FFF7B0F90C9D2E551C
:103CD0000C9BCDF834A04C4603F80A7071E692466E
:103CE000B146CA4549D050461DF046FF0C9D0EAB6B
:103CF0009D423FF42FAE28461DF03EFF2AE6DDE947
:103D000006494C4512D0DDE90C5702E01834A145B4
:103D10000CD06368BB42F9D1002FE8D03A4629465F
:103D2000206820F07DF80028F0D1E0E7089B994555
:103D300000F02D8309F10800C9F80000DDE90C4509
:103D4000002C00F03F830F2D00F22783012D00F09F
:103D50003583002D40F02B830023C9F804504355D0
:103D6000079B1833079306E0344616F8017B384664
:103D70001FF0C7FF18B1B045F6D10C9DB7E73A2F39
:103D80000C9DB4D10D9E082E04F1010440D8002EE4
:103D9000ADD03246B049284620F042F8002840F025
:103DA000CD83082E40F0CA8300231AAECDE91863F4
:103DB0008DF8683007E0274614F8019B48461FF04D
:103DC000A0FF002879D0A045F5D190E72C2D7FF4F5
:103DD000C1AD741CAFE50EAB9D420D9C18BF0E9B90
:103DE00004F1010A08BF0F239A4508D901220023D4
:103DF000009221461A460CA8FFF718F90C9D05F809
:103E000004900C9BCDF834A0344603F80A70D8E532
:103E1000092E4FF0080702D8002E40F0AC823A4637
:103E20008E4928461FF0FCFF10B9082E00F0D08202
:103E30000D2E3FF65CAF002E3FF459AF3246884955
:103E400028461FF0EDFF002840F07D830D2E40F046
:103E50007A83A0450BD0264602E0B045344606D012
:103E60003446013620781FF04CFF0028F5D1A8EB2E
:103E70000403032B7FF63BAF2278742A00F02D83D6
:103E8000042B7FF634AF0522764920461FF0C8FF89
:103E900000287FF42CAF039B053483F843000EAB5E
:103EA0009D4202D028461DF067FE00272EE5AE4257
:103EB00004F118047FF456AD61E5B8453FF417AF3F
:103EC000B9F1220F7FF413AF7B1C054632469845AB
:103ED0003FF405AF1F78222F03F1010400F0E481C5
:103EE0001F2F7FF6FCAE5C2F40F02882A0453FF4E8
:103EF000F6AE5C78A4F122019F1C53293FF6EFAE89
:103F000001A050F821F000BF6F420300DF3C030026
:103F1000DF3C0300DF3C0300DF3C0300DF3C030029
:103F2000DF3C0300DF3C0300DF3C0300DF3C030019
:103F3000DF3C0300DF3C0300DF3C03006F42030073
:103F4000DF3C0300DF3C0300DF3C0300DF3C0300F9
:103F5000DF3C0300DF3C0300DF3C0300DF3C0300E9
:103F6000DF3C0300DF3C0300DF3C0300DF3C0300D9
:103F7000DF3C0300DF3C0300DF3C0300DF3C0300C9
:103F8000DF3C0300DF3C0300DF3C0300DF3C0300B9
:103F9000DF3C0300DF3C0300DF3C0300DF3C0300A9
:103FA000DF3C0300DF3C0300DF3C0300DF3C030099
:103FB000DF3C0300DF3C0300DF3C0300DF3C030089
:103FC000DF3C0300DF3C0300DF3C0300DF3C030079
:103FD000DF3C0300DF3C0300DF3C0300DF3C030069
:103FE000DF3C0300DF3C0300DF3C0300DF3C030059
:103FF0006F420300DF3C0300DF3C0300DF3C0300B3
:10400000DF3C0300DF3C030043420300DF3C0300CE
:10401000DF3C0300DF3C030017420300DF3C0300EA
:10402000DF3C0300DF3C0300DF3C0300DF3C030018
:10403000DF3C0300DF3C0300EB410300DF3C0300F7
:10404000DF3C0300DF3C0300BF410300DF3C030013
:104050008541030069400300F4780500A07A05005B
:10406000AC7A0500C47A0500B8453FF438AE9878BC
:10407000A0F13001CFB2092F03F103040BD9A0F155
:104080006101052940F20582A0F1410105293FF6B1
:1040900026AEA0F13701A0453FF421AED878A0F1BB
:1040A00030045FFA84FCBCF1090F4FEA011103F1FF
:1040B000040740F2D881A0F16104052C40F2EC81A4
:1040C000A0F14104052C3FF60AAE37380144B8454B
:1040D0003FF405AE1879A0F130045FFA84FCBCF11E
:1040E000090F4FEA011103F1050740F2BE81A0F16B
:1040F0006104052C40F2D381A0F14104052C3FF668
:10410000EEAD37380144B8453FF4E9AD5879A0F138
:1041100030045FFA84FCBCF1090F4FEA011103F18E
:10412000060740F2A481A0F16103052B40F2BA8199
:10413000A0F14103052B3FF6D2ADA0F137030B44AC
:10414000591E7E293FF6CBADB242DDF864905FFA8E
:1041500083FA18BF1A9B09F1010408BF0F239C4280
:1041600008D901220023009249461A4618A8FEF7F2
:104170005DFF189A02F809A0189A199415553B4644
:10418000189AA4E6B242DDF8649018BF1A9B09F1B0
:10419000010408BF0F239C4208D90122002300928A
:1041A00049461A4618A8FEF741FF189A4FF009032E
:1041B00002F80930189A19943B461555E0E7B242C7
:1041C000DDF8649018BF1A9B09F1010408BF0F23A2
:1041D0009C4208D901220023009249461A4618A899
:1041E000FEF724FF189A0D23E2E7B242DDF864904F
:1041F00018BF1A9B09F1010408BF0F239C4208D97C
:1042000001220023009249461A4618A8FEF70EFF25
:10421000189A0A23CCE7B242DDF8649018BF1A9BC3
:1042200009F1010408BF0F239C4208D90122002391
:10423000009249461A4618A8FEF7F8FE189A0C2371
:10424000B6E7B242DDF8649018BF1A9B09F1010489
:1042500008BF0F239C4208D901220023009249463F
:104260001A4618A8FEF7E2FE189A0823A0E7B24201
:10427000DDF864A018BF1A9B0AF1010908BF0F23DB
:10428000994508D901220023009251461A4618A8E0
:10429000FEF7CCFE189A02F80A40189ACDF86490FE
:1042A0003B4602F809506BE7199B402B92460ED80B
:1042B000DDE90C53082B00D8F3B9BAF1000F3FF435
:1042C00012AD504620F01BFD4028074601D9B146EB
:1042D00007E5039B5A334122002118461FF0D3FD06
:1042E0003A4651461FF0ABFDB2453FF4D8AD5046BB
:1042F0001DF042FC0C9DD2E51A46C849059328469C
:104300001FF08EFD07460028D7D1059B082BD4D17E
:10431000BAF1000F3FF4E7AC504620F0F0FC402823
:104320008146D4D8039B02333946184641221FF0F8
:10433000AAFD4A4651461FF082FDD5E7B242DDF89C
:1043400064A018BF1A9B0AF1010908BF0F23994501
:1043500008D901220023009251461A4618A8FEF7F8
:1043600065FE189A02F80A70189ACDF864902346F0
:1043700002F8095004E73246A94928461FF050FDCB
:1043800000287FF44CAD092E3FF40EAD47E54946B9
:104390000CAA06A8FFF74CF9EDE4002DC0F2D0807E
:1043A000681C1DF0E5FBC9F80850C9F8000021465B
:1043B0002A461FF044FDD9F80000CDE4237889F89F
:1043C0000830C9E4002D3FF4C7AC96481EF0DBFD71
:1043D000A0453FF48CAC264602E0B0453FF487ACE4
:1043E000344616F8017B38461FF08BFC0028F4D1C8
:1043F000A0453FF47CAC303F092F3FF678AC00225B
:1044000000234FF0FF36002791469A4606E0A0456C
:104410004CD02178A1F13000092855D84FEA8A0CF8
:104420004CEA99714FEA890014F801CB19EB0002AC
:104430004AEB01039218ACF130015B4112EB010928
:1044400043F1000A574508BF4E45E0D24FE42646E7
:10445000FFF76BBA0B44FFF75CBB0B44FFF773BB72
:104460000B44FFF78ABB214431E621444BE6631835
:1044700066E6A2F15703FFF732BB573A1344FFF742
:1044800048BB573A1344FFF75EBB573A1344FFF754
:1044900074BBA0F15701FEE55738014417E65738C1
:1044A000014430E6A0F157030B4449E64A46501E4A
:1044B0004FF6FE7188423FF61AAC502A3FF417AC13
:1044C0000399A1F85820EAE42E294A463FF40FAC9C
:1044D00001F0DF014529EAD109E46178722904F18C
:1044E00001027FF4CDAC12F8011F75297FF4C8AC2E
:1044F0005278652A7FF4C4AC039A0123043482F80D
:104500004330CCE4B0453FF425AA7D2D7FF422AAA8
:10451000751C05E02C46013520781FF0F2FB28B110
:10452000A845F7D14FF00108FFF716BAA8EB04032E
:10453000D3F1000848EB0308FFF70EBA37466BE4E7
:1045400039481EF023FD0B2E3FF6D1AB002E3FF471
:10455000CEAB3246354928461FF062FC00283FD1D9
:104560000B2E3DD1049B93F8F630002B3FF4BFABEC
:10457000A0450BD0264602E0B045344606D034466E
:10458000013620781FF0BDFB0028F5D1A8EB04030D
:10459000032B7FF6ACAB2278742A0FD0042B7FF666
:1045A000A6AB0522224920461FF03AFC00287FF4E2
:1045B0009EAB039B053483F8DC0070E461787229BC
:1045C00004F10102EAD112F8011F7529E6D15278EF
:1045D000652AE3D1039A0123043482F8DC305EE4D7
:1045E000072E3FF684AB002E3FF481AB32461149D3
:1045F00028461FF015FC00287FF479AB072E08D061
:10460000FFF775BB264614F8017B38461FF079FB8F
:1046100090B1A045F6D1FFF76ABB00BFF478050062
:10462000947A0500C47B0500AC7B0500CC7A0500BC
:10463000C47A0500D87A05007B2F7FF458ABCDE90A
:104640000A000990741C0127A04540F28F85254679
:1046500002E0A8452E4606D02E46013530781FF0E0
:1046600050FB0028F5D1B04502D033787D2B40D0E7
:104670008FB9A0451FD0254602E0A8452C461AD088
:104680002C4615F8016B30461FF03BFB0028F4D197
:104690002C2E10D12C4600230DF15009CDE9129398
:1046A0008DF8503005E014F8015B28461FF029FB17
:1046B000A0B3A045F7D10027DDE909694E450ED02A
:1046C00006F1080555F8080CA84206F1180600F096
:1046D00074841DF051FAB14505F11805F2D109981D
:1046E00008B11DF049FA0C9D002F7FF4D8ABFFF7FD
:1046F000FEBAA045DFD0254602E0A8452C46DAD018
:104700002E7830462C4601351FF0FBFA0028F4D1F4
:104710007D2E0ABF2C4600270127CDE7222DCAD1C6
:104720000646A04500F0AC8194F800A0BAF1220F33
:1047300004F1010500F08D81BAF11F0F129F40F2C4
:104740008081BAF15C0F60D1A84500F07A8194F8BD
:1047500001A0AAF12203A51C532B00F27281DFE80D
:1047600013F054007001700170017001700170014C
:1047700070017001700170017001700154007001CE
:1047800070017001700170017001700170017001A1
:104790007001700170017001700170017001700191
:1047A0007001700170017001700170017001700181
:1047B0007001700170017001700170017001700171
:1047C0007001700170017001700170017001700161
:1047D000700170017001540070017001700170016E
:1047E000700153017001700170013E017001700190
:1047F0007001700170017001700129017001700178
:10480000700114017001F70070004F45139C18BF30
:10481000149B04F1010B08BF0F239B4508D901220B
:104820000023009221461A4612A8FEF7FFFB129FB2
:1048300007F804A0129BCDF84CB02C4603F80B608F
:104840006FE7A84500F0FD80A378A3F13002D1B254
:10485000092904F1030540F28C84A3F16102052AC1
:1048600040F2AC84A3F14102052A00F2EA80373B12
:10487000A84500F0E680E278A2F13001C8B209282C
:104880004FEA031304F1040540F27684A2F16101BA
:10489000052940F29884A2F14101052900F2D18056
:1048A000373A1344A84500F0CC802279A2F13001B8
:1048B000C8B209284FEA031304F1050540F25F84EA
:1048C000A2F16101052940F28284A2F1410105298A
:1048D00000F2B780373A1344A84500F0B2806279FD
:1048E000A2F13001C8B209284FEA031304F106050A
:1048F00040F24884A2F16101052940F26C84A2F1E2
:104900004101052900F29D80373A13445A1E7E2A40
:1049100000F297804F45139C5FFA83FB18BF149BEE
:1049200004F1010A08BF0F239A4508D90122002388
:10493000009221461A4612A8FEF778FB129F07F84C
:1049400004B0129BCDF84CA02C4603F80A60E8E6B0
:104950004F45139C18BF149B04F1010A08BF0F2395
:104960009A4508D901220023009221461A4612A82E
:10497000FEF75CFB129F4FF009033B55129BCDF8ED
:104980004CA02C4603F80A60CBE64F45139C18BF99
:10499000149B04F1010A08BF0F239A4508D901228C
:1049A0000023009221461A4612A8FEF73FFB129FF1
:1049B0000D23E2E74F45139C18BF149B04F1010A35
:1049C00008BF0F239A4508D90122002300922146EF
:1049D0001A4612A8FEF72AFB129F0A23CDE74F457D
:1049E000139C18BF149B04F1010A08BF0F239A45BA
:1049F00008D901220023009221461A4612A8FEF788
:104A000015FB129F0C23B8E74F45139C18BF149B4E
:104A100004F1010A08BF0F239A4508D90122002397
:104A2000009221461A4612A8FEF700FB129F0823A7
:104A3000A3E74446B34202D018461DF09DF8129FEA
:104A400025464F4500F0228438461DF095F82C4647
:104A500031E6DDE9094A544515D0DDE9127602E078
:104A60001834A2450FD06368B342F9D1002EE8D0C4
:104A70003246394620681FF0D3F90028F0D1E0E72C
:104A8000129F4546DDE70B9B9A4500F0B0820AF184
:104A90000800CAF80000DDE91264002E00F05D8312
:104AA0000F2C00F24983012C00F05C83002C40F0B5
:104AB0004D830023CAF8044003550A9B18330A9318
:104AC000A845DDD02C4601E0A045D9D02678304657
:104AD000254601341FF015F90028F5D13A2E129F12
:104AE000AFD1139C0D2C05F1010523D9072C40F201
:104AF000A0830422A24938461FF092F90028A0D0D2
:104B00000422A04938461FF08BF9002899D1042CC3
:104B100097D100231AAECDE918638DF8683006E00E
:104B200015F8014B20461FF0ECF800283CD0A845B2
:104B3000F6D186E7002C84D02246934938461FF0F0
:104B40006FF9002840F057830D2C40F05483A8459E
:104B50000BD02C4602E0A045254606D02546013460
:104B600028781FF0CEF80028F5D1A8EB0503032B19
:104B70007FF667AF2A78742A00F00783042B7FF64C
:104B800060AF0522814928461FF04AF900287FF4CA
:104B900058AF039B6C1D83F843004F4502D0384645
:104BA0001CF0EAFF00274FE5222C7FF44AAF0746AE
:104BB0003346A8453FF43DAF95F800A0BAF1220F67
:104BC00005F1010400F0E281BAF11F0F7FF632AF68
:104BD000BAF15C0F40F0B680A0453FF42BAF95F8DA
:104BE00001A0AAF12202AC1C532A3FF623AF01A177
:104BF00051F822F0454D0300354A0300354A0300C1
:104C0000354A0300354A0300354A0300354A03009C
:104C1000354A0300354A0300354A0300354A03008C
:104C2000354A0300354A0300454D0300354A030069
:104C3000354A0300354A0300354A0300354A03006C
:104C4000354A0300354A0300354A0300354A03005C
:104C5000354A0300354A0300354A0300354A03004C
:104C6000354A0300354A0300354A0300354A03003C
:104C7000354A0300354A0300354A0300354A03002C
:104C8000354A0300354A0300354A0300354A03001C
:104C9000354A0300354A0300354A0300354A03000C
:104CA000354A0300354A0300354A0300354A0300FC
:104CB000354A0300354A0300354A0300354A0300EC
:104CC000354A0300354A0300354A0300354A0300DC
:104CD000354A0300354A0300354A0300454D0300B9
:104CE000354A0300354A0300354A0300354A0300BC
:104CF000354A0300634F0300354A0300354A030079
:104D0000354A0300394F0300354A0300354A030092
:104D1000354A0300354A0300354A0300354A03008B
:104D2000354A03000F4F0300354A0300354A03009C
:104D3000354A0300E54E0300354A0300AB4E03003D
:104D4000914D0300B342199D18BF1A9A05F1010B4A
:104D500008BF0F22934508D900230122009229465B
:104D60001A4618A8FEF762F9189B03F805A0189BCD
:104D7000CDF864B003F80B702546189B19E700BF07
:104D8000F87A0500F07A0500AC7A0500C47A0500CF
:104D9000A0453FF44FAEAA78A2F13001C8B209286D
:104DA00005F103040BD9A2F16101052940F2178234
:104DB000A2F1410105293FF63DAEA2F13701A04520
:104DC0003FF438AEEA78A2F130005FFA80FCBCF123
:104DD000090F4FEA011105F1040440F2EB81A2F141
:104DE0006100052840F20482A2F1410005283FF647
:104DF00021AE373A1144A0453FF41CAE2A79A2F106
:104E000030005FFA80FCBCF1090F4FEA011105F197
:104E1000050440F2D181A2F16100052840F2E5814C
:104E2000A2F1410005283FF605AE373A114444454A
:104E30003FF400AE6A79A2F130005FFA80FCBCF169
:104E4000090F4FEA011105F1060440F2BA81A2F1FF
:104E50006100052840F2C681A2F1410005283FF615
:104E6000E9AD373A0A44511E7E293FF6E3ADB3421D
:104E7000DDF864B018BF1A9B0BF1010A08BF0F23BD
:104E80009A45D5B207D901220023009259461A4605
:104E900018A8FEF7CBF8189B03F80B50189BCDF819
:104EA00064A0254603F80A7067E7B342199D18BF4E
:104EB0001A9A05F1010A08BF0F22924508D900236A
:104EC0000122009229461A4618A8FEF7AFF8189B4F
:104ED0004FF009025A55189BCDF864A0254603F8F7
:104EE0000A704AE7B342199D18BF1A9A05F1010AE0
:104EF00008BF0F22924508D90023012200922946BB
:104F00001A4618A8FEF792F8189B0D22E2E7B34262
:104F1000199D18BF1A9A05F1010A08BF0F22924580
:104F200008D900230122009229461A4618A8FEF744
:104F30007DF8189B0A22CDE7B342199D18BF1A9A33
:104F400005F1010A08BF0F22924508D9002301226A
:104F5000009229461A4618A8FEF768F8189B0C22FA
:104F6000B8E7B342199D18BF1A9A05F1010A08BFA4
:104F70000F22924508D900230122009229461A46A1
:104F800018A8FEF753F8189B0822A3E7DDE912756D
:104F9000092D19D9072D40F26881039A02F15400B6
:104FA0000022026023B11A783ABBB3423FF4F5AD58
:104FB00018461CF0E1FD129FEFE5B14505F118051B
:104FC0007FF480ABFFF78BBB002DE6D02A46C749A4
:104FD000059338461EF024FF059B002840F05981B8
:104FE000092D40F05681039A02F14400D8E751465A
:104FF00012AA09A8FEF71CFB62E5303A092A3FF61F
:1050000019AD59783039092988BF591C16D89D78AF
:10501000303D02EB8202092D01EB420288BF991C50
:105020000CD802EB820205EB4202FF2A3FF602ADEA
:10503000D978303909297FF6FDACD91C02700A787D
:105040002E2A7FF4F7AC4D78303D092D3FF6F2ACB7
:1050500091F802C0ACF1300CBCF1090F88BF8A1C7A
:1050600014D8CA78303A4FF00A0E092A0EFB05C54B
:1050700088BFCA1C0AD80EFB0525FF2D3FF6DAAC07
:105080000A79303A092A7FF6D5AC0A1D45701178A5
:105090002E297FF4CFAC5178303909293FF6CAACBC
:1050A00092F802C0ACF1300CBCF1090F88BF02329B
:1050B00014D8D578303D4FF00A0E092D0EFB01C1F2
:1050C00088BF03320AD80EFB0151FF293FF6B2AC6C
:1050D0001579303D092D7FF6ADAC04328170117821
:1050E0002E297FF4A7AC5178303909293FF6A2ACBC
:1050F00092F802C0ACF1300CBCF1090F88BF02324B
:1051000014D8D578303D4FF00A0E092D0EFB01C1A1
:1051100088BF03320AD80EFB0151FF293FF68AAC43
:105120001579303D092D7FF685AC0432C1701278B7
:10513000002A3FF43AAF7DE4002CFFF601AA601C80
:105140001CF016FDCAF80840CAF800003146224695
:105150001EF075FEDAF80000ABE4002C3FF4A9ACB9
:10516000FFF733B933788AF80830A2E42646FFF710
:105170007ABA1346FFF77CBB0B44FFF793BB0B4493
:10518000FFF7AABB0B44FFF7C1BB6978722905F191
:1051900001027FF4F3AC12F8011F75297FF4EEAC25
:1051A0005278652A7FF4EAAC039A01232C1D82F819
:1051B0004330F2E401441EE6014438E6573BFFF772
:1051C00057BB42184FE6573A1344FFF76BBB573AA9
:1051D0001344FFF781BB573A1344FFF797BBA2F183
:1051E0005701ECE5573A0A443DE6573A11441EE6AA
:1051F000573A1144FFE5092C3FF678AC002C3FF4F8
:1052000020AC2246394938461EF00AFE10B9092C56
:105210003FF47FAC062C3FF669AC002C3FF411AC98
:105220002246334938461EF0FBFD10B9062C3FF4E8
:1052300070AC002C3FF405AC22462E4938461EF0D7
:10524000EFFD10B9072C3FF464AC042C3FF651ACD1
:10525000002C3FF4F6AB2246274938461EF0E0FD0D
:1052600000283FF454AC22464BE4002D3FF495AEA9
:105270002A462049059338461EF0D2FD059BE8B921
:10528000072D1BD1039A02F14C0089E62C46FFF74B
:1052900012BA062D3FF67EAE002D3FF47EAE2A46B2
:1052A0001349059338461EF0BBFD059B0028DCD151
:1052B000062DDAD1039A02F1480071E6042D3FF67B
:1052C0006CAE002D3FF469AE2A460B490593384673
:1052D0001EF0A6FD059B00287FF45FAE042D7FF431
:1052E0005CAE039A02F150005AE600BFB07A0500A6
:1052F000E07A0500E87A0500F87A05002DE9F04F1C
:105300000F68ADF5B15D83B00446002F00F0BD809D
:105310009A460B690D469346002B77D01B78002BDD
:1053200074D04E690EB133785BB9BB4A40F2931129
:105330002046FEF701F820460DF5B15D03B0BDE84B
:10534000F08FB64B93E8030082AF3B1DB9467860FF
:105350000A0C0293381D072347F8040CBA723981EE
:1053600049F80439002389F80F3030461FF0C7FC94
:10537000AB4B9842024600F22E8700F10708B8F1C5
:105380000F0F00F2B981002800F0B281012840F02F
:10539000E681337889F80F303B1D02931A460023CB
:1053A000C9F8048002F8083057F8048C4AAE3B1D57
:1053B000984506F1040746F8047C00F0D981D9E944
:1053C0000173296946F8048C084602914B934A9769
:1053D0001FF095FC87423A4628BF0246814632B10B
:1053E000029940461EF01CFD002840F0B0810436B2
:1053F000A7EB0907B7FA87F7B0454FEA571702D06E
:1054000040461CF0B9FB002F8FD02F6885493846E5
:105410001FF063FCD8B9EB686BB96868002800F02E
:1054200025810378002B00F021817F491FF055FC76
:10543000002800F01B8120467C4A4FF4C871FDF71C
:105440007BFF20460DF5B15D03B0BDE8F08F7849D4
:1054500038461FF042FC20BBEB6853B9686800284F
:1054600067D00378002B64D06F491FF036FC00280A
:105470005FD020466F4A4FF4C871FDF75DFF2046AC
:105480000DF5B15D03B0BDE8F08F20466A4A4FF4D8
:10549000CA71FDF751FF20460DF5B15D03B0BDE8BF
:1054A000F08F664938461FF018FC0028D4D06449B4
:1054B00038461FF012FC0646002873D06149384672
:1054C0001FF00BFC00286DD05F4938461FF005FC2B
:1054D000002867D05D4938461FF0FFFB002861D0E7
:1054E0005B4938461FF0F9FB00285BD05749384626
:1054F0001FF0F3FB002800F09382554938461FF057
:10550000ECFB002800F0EF82384652491FF0E5FB23
:105510000028BAD1686828B14F491FF0DEFB002887
:1055200000F02A834D4A40F29F112046FDF704FF08
:1055300001E72346C82243F80C2B202063601CF0AF
:1055400017FB474D606006460FCD30607160B2605A
:1055500007CD1F273061B5F800C0AD78F36004F1C6
:105560002400C4E9027700277161B261B577F7774B
:10557000E061A6F81CC017201CF0FAFA394E8775B6
:1055800005460FCEB788286069603068E561162649
:105590000121AA60EB602861AF82C4E9086684F843
:1055A0003410C8E6D5F80480B8F1000FBAD01E490F
:1055B00040461FF092FB0028B4D1002E00F0F98085
:1055C000204938461FF089FB002800F050811E4911
:1055D00038461FF082FB002888D10DF5017901467D
:1055E00041F2244248461EF04EFC0F4968681FF005
:1055F00074FB064640B9AF6837B138461FF07FFBF1
:10560000EB68984200F02583174A4FF4C871204692
:10561000FDF792FE8FE600BFA077050098770500A2
:10562000F8FFFF7FC0770500CC770500F077050015
:1056300058780500607805008C77050054780500DF
:10564000A0780500B0820500AC780500B4780500AC
:10565000CC820500DC790500807A0500BC78050065
:10566000007B050088780500D87805002346C8220D
:1056700043F80C2B202063601CF07AFAC24D606066
:1056800006460FCD30607160B26007CD1F273061D4
:10569000F36004F124000023C4E902772F88AD7879
:1056A000B783F377E0617161B261B57739201CF09F
:1056B0005FFAB64FE06138238446064607F1300EA4
:1056C00063623D460FCD754530607160B260F36036
:1056D0002F4606F11006F4D103CF3825002202230D
:1056E0003060716025628CF8382084F8343022E60E
:1056F0003B1D02931A4652E643461E2B38BF1E231B
:105700000590581C03931CF033FAD9F8003002902E
:10571000196801600246997998880493134691713B
:105720009880059AD81D31461EF089FB3B1D1A460C
:10573000049B934202D018461CF01EFA029B47F8C5
:10574000043C039BC9F80830029A28E6B8460436A0
:10575000B0453FF4EAAD40461CF00EFAE5E53B1DCE
:10576000314607F10B0002931EF069FB029A16E620
:1057700098E80F00D5F81080D9F8049087E80F005A
:105780004046CDF828911FF0BAFA4845024628BF96
:105790004A4603463AB10290414638461EF040FB65
:1057A000029B0028D2D1A3EB0907B7FA87F77F093C
:1057B00029E60DF501793146484641F224421EF0B2
:1057C00062FB404672491FF088FA00287FF41CAF44
:1057D000AF68002F3FF418AF38461FF090FAEB681F
:1057E00098427FF411AF38464946F8F741FB00284C
:1057F0003FF40AAF09F5A15302941B6803934C468A
:10580000039BB34219D0634920461FF066FA90B952
:10581000002E00F09D8280464F4606E008F1010808
:10582000464507F5A17700F09382394620461FF0E0
:1058300054FA0028F2D1029CE6E605F11801DE22B6
:1058400049A8029C1EF0FBFA48465249F8F7EAFACA
:10585000064628B11FF053FA4028054640F22F8132
:105860004D4A4FF4C8712046FDF766FD63E50DF51E
:105870000179014641F2244248461EF004FB4046AD
:1058800043491FF02AFA064600287FF4BDAEAF68F0
:10589000002F3FF4B9AE38461FF031FAEB6898425A
:1058A0007FF4B2AE38464946F8F7E2FA00283FF4F2
:1058B000ABAE09F5A153CDE902451B6804938046C0
:1058C0003546049BAB4247D04FF4A17303FB0597C9
:1058D000324938461FF001FA3149064638464C46EF
:1058E0001FF0FBF9002800F04D82B6FA86F6760923
:1058F0002C4938461FF0F1F92B49002808BF4646CD
:1059000038461FF0EAF92949002808BF46463846BC
:105910001FF0E3F92649002808BF464638461FF025
:10592000DCF930B1234938461FF0D7F908B1002E11
:1059300081D0002D00F0798200231E4605E001365B
:10594000B54204F5A17400F07082214638461FF07C
:10595000C4F90028F3D16EE7DDE902454AAEA6F1AD
:10596000040805F118014046DE221EF068FA1149CC
:105970004846F8F757FA002800F0F6800378303BE5
:10598000DAB2092A25D9EFE0007B05001878050076
:10599000CC770500F4780500EC7805000079050067
:1059A000087905000C79050010790500F87A0500E2
:1059B000F07A050020790500303DEAB2092A00F2AC
:1059C000D38003EB830305EB4303B3F5803F80F003
:1059D000CB8010F8015F002DEED1002B00F0C480C9
:1059E000502B00F0C180A8F85830C2494846F8F75B
:1059F00019FA002814BF0123002388F8433040F02F
:105A0000D180C8E91400C8E91200C8F84400012098
:105A1000009053465A4641462046FDF757FD8AE41A
:105A20000DF50179014641F2244248461EF02BFA59
:105A3000686800283FF4E8ADAF491FF04EF9804692
:105A400000287FF4E1ADAF68002F3FF4DDAD3846AC
:105A50001FF055F9EB6898427FF4D6AD38464946B9
:105A6000F8F706FA00283FF4CFAD09F5A1534FF43B
:105A7000A1771B6803932B46029445469846039BE7
:105A8000AB4252D007FB059420469C491FF025F9F4
:105A900030B19B4920461FF020F900287FF4CBAE9F
:105AA000064608E007FB069120461FF016F900287D
:105AB0003FF4C1AE0136B542F4D10135DFE70DF553
:105AC00093734122002118461EF0DDF92A46314623
:105AD0001EF0B5F90120009053465A4649A92046C8
:105AE000FDF7F4FC27E40DF50179014641F224426B
:105AF00048461EF0C8F995F8F6307BB1686868B181
:105B00007D491FF0EAF8064640B9AF6837B138461C
:105B10001FF0F5F8EB68984200F0B682794A4FF42E
:105B2000C8712046FDF708FC05E47449029C48460C
:105B3000F8F778F9724906464846F8F773F945468A
:105B400001464EB133783BB131B130461FF0C5F854
:105B50000746002800F000816B4A4FF4C8712046C8
:105B6000FDF7EAFBFFF7E7BB684A4FF4C871204630
:105B7000FDF7E2FBFFF7DFBB82AFA7F1040905F1F8
:105B800018014846DE221EF05AF949462846FDF71C
:105B90008DFED0B95E4A4FF4C8712046FDF7CCFBAC
:105BA000FFF7C9BB5B494846F8F73CF9C8F84450D1
:105BB00018B10378002B40F0E780574A4FF4C871C2
:105BC0002046FDF7B9FBFFF7B6BB4AAE0121A6F1AF
:105BD0000408534600915A4640464946FDF776FC74
:105BE00056F8043CC82B00F03A8152AFA44656F850
:105BF000043CD8F804504CF80C3B06F108039D42D5
:105C0000C4F804C000F02281D8F80C306560E3606D
:105C1000D8F81C30D8F80820A26006F1080100224C
:105C200004F12405BB42C8F80410C8F8082088F81D
:105C30000C20E56100F00381D8F82420E361626262
:105C4000D8F8202098F83430226284F83430FFF7F6
:105C500072BB38464946F8F70BF900283FF4D4AC3C
:105C600009F5A153B0461B680293029B434529D016
:105C70004FF4A17303FB0896304628494F461FF0A6
:105C80002CF830B11E4930461FF027F800287FF469
:105C9000BBACB8F1000F00F0D3810023CDF80C901D
:105CA000A94625461C4605E00134A04507F5A17725
:105CB00000F0C281394630461FF00FF80028F3D1BA
:105CC0002C46A1E415494846F8F7ACF80C490646BD
:105CD0004846F8F7A7F82EB120B1014630461EF02D
:105CE000FCFFF8B10E4A4FF4C8712046FDF724FBC3
:105CF000FFF721BB00790500CC7705009C790500F2
:105D000040790500A879050074790500147905002B
:105D1000E879050008790500287905006C79050007
:105D20004879050005F1180149A8DE221EF087F820
:105D300031460DF5BF70FDF753F800287FF4CAAE69
:105D4000C14A4FF4C8712046FDF7F6FAFFF7F3BADF
:105D5000013604F5A17453E505F1180149A8DE22C6
:105D60001EF06DF831460DF2BF10FDF739F800282E
:105D70005DD0009753465A4649A92046FDF7A6FB39
:105D8000FFF7D9BA4646B3E506F14001FDF742F800
:105D900000283FF412AFAD494846F8F743F8C8F879
:105DA000485000283FF409AF0378002B3FF405AFBB
:105DB00006F14401FDF72EF800283FF4FEAEA44999
:105DC0004846F8F72FF80025C8F84C5000283FF453
:105DD000F4AE0378002B3FF4F0AE06F14801FDF776
:105DE00019F800283FF4E9AE9A494846F8F71AF83E
:105DF000C8F8505018B10378002B40F0E4814846B1
:105E00009549F8F70FF80022C8F8542000283FF40D
:105E1000FEAD0378002B3FF4FAAD06F15001FCF71C
:105E2000F9FF00287FF4F3ADC7E6013549E58B4A59
:105E30004FF4C8712046FDF77FFAFFF77CBA203691
:105E40000FCE6062A162E2622363F9E60FCDE060EB
:105E5000CCF80410CCF80820CCF80C30D8E609AB0C
:105E60002E2007931BF084FE7D4D07902D23834643
:105E70000993844605F1200AAE46BEE80F00D645D8
:105E8000CCF80000CCF80410CCF80820CCF80C308A
:105E900075460CF1100CEFD1734607CB93F800E078
:105EA000CCF800000023CCF80410CCF808208CF8C3
:105EB0000CE02D258BF82D306A49089507A8FDF7D1
:105EC00037F801460DA8FDF715F8B91E0DA8FDF726
:105ED0002FF8014613A8FDF70DF86349634F644D91
:105EE00013A8FDF725F8014619A8FDF703F8B9F83E
:105EF000583000931FA85F4B5F491022FCF7BAFF90
:105F00001FAA19A925A8FDF7FFF85C4925A8FDF7E8
:105F10000FF801462BA8FCF7EDFF99F85A102BA8B3
:105F200000290CBF39462946FDF702F8014631A881
:105F3000FCF7E0FF524931A8FCF7FAFF014637A809
:105F4000FCF7D8FF99F8DC1037A800290CBF3946B8
:105F50002946FCF7EDFF01463DA8FCF7CBFF494978
:105F60003DA8FCF7E5FF014643A8FCF7C3FF56F840
:105F70001C2CD8F81C30A6F114018A4252AF00F054
:105F8000E18044984599BB42C8E9072000F0D380DE
:105F9000D8F82420C8F82410002B00F0CE804393BA
:105FA000459256F81C2C00234493137056F81C0C91
:105FB000A6F11403984201D01BF0DEFD3D983FABE3
:105FC000984201D01BF0D8FD379839AB984201D0E8
:105FD0001BF0D2FD319833AB984201D01BF0CCFDC1
:105FE0002B982DAB984201D01BF0C6FD259827AB0E
:105FF000984201D01BF0C0FD1F9821AB984201D000
:106000001BF0BAFD19981BAB984201D01BF0B4FDF0
:10601000139815AB984201D01BF0AEFD0D980FAB55
:10602000984201D01BF0A8FD079809AB98423FF4B5
:10603000DDAD1BF0A1FDD9E52C464D46DDF80C90F9
:1060400008F1010811E600BF647905000C7905002C
:1060500010790500F87A0500F07A050094790500BA
:10606000047A0500347A0500447A0500C47A0500F4
:10607000BC7A0500547A0500E94D0500587A050000
:106080006C7A05007C7A050038464946F7F7F0FE41
:1060900000283FF443AD09F5A1534F461B68039315
:1060A0002B464FF4A178354602941E46039BAB4223
:1060B00017D04B4938461EF010FE002840F08E8065
:1060C000044608E008FB049138461EF006FE00284E
:1060D00000F084800134A542F4D1013507F5A177A1
:1060E000E4E748463E49029CF7F79CFE35460646E3
:1060F00018B13C491EF0F1FDA8B905F1180149A8F5
:10610000DE221DF09CFE00364FF0010018BF012674
:10611000009049A953465A4620468DF80062FDF783
:10612000D5F9FFF708B9304A4FF4C8712046FDF79A
:1061300003F9FFF700B9C8F82410A6F1140346F8D4
:106140001C3C2EE7BB42DDF8109114BFD8F8245058
:106150000F25A94513D8D8F81C00B9F1000F06D0B7
:10616000B9F1010F56F81C1C29D10B780370D8F82F
:106170001C30C8F82090002203F8092011E7B9F17B
:10618000000F19DB6D00A94514D2002DB8BF6FF0C8
:106190000045681C1BF0ECFC8246D8F81C0006F198
:1061A0002003984201D01BF0E7FCC8F81CA0C8F8F7
:1061B0002450D0E74D46ECE70C481CF0E7FE4A4679
:1061C0001DF03DFED3E706F14C01FCF723FE00284D
:1061D0007FF415AEF1E406481CF0D8FE029C9DE465
:1061E000CC7A0500D0B40500C8790500AC7B050069
:1061F000F07B0500704700BF00207047704700BF6C
:10620000704700BF704700BF00207047704700BF55
:10621000704700BF70B4064D06460FCD34460FC41C
:1062200095E8030084E80300304670BC704700BF67
:10623000247C050000230170C0F80230C380037283
:10624000C36070470023FF220270C0F80230C38091
:106250000372C360704700BF2DE9F047002414703B
:10626000037A82B005460F465BB10378072B1646CA
:106270004BD901233370002002B0BDE8F08785F8C8
:106280000880EB881BB9012002B0BDE8F0874FF011
:106290000108DFF8D4A0324B009300246E468DF83D
:1062A00005808DF80440DFF8BC90DAF8000096E82D
:1062B00006000DF0ADFA99F800002A786B888DF889
:1062C00001300002283000EB02201B12314602226E
:1062D00080B28DF8003016F093FC99F800002B780E
:1062E0000002404400EB032031464023424680B286
:1062F0008DF8003016F084FCEC8085F80880DAF820
:106300000000EF600DF0E8FAB5E7154BDFF85890A4
:1063100000934FF0010AE8468DF804408DF805A07F
:1063200098E80600D9F800000DF072FA0D4A2B78B3
:1063300010780002504400EB03204146524680B2E0
:1063400016F034FD9DF80080D9F800000DF0C4FA75
:10635000B8F1000F93D0EB68FF1A632F89D88AE752
:10636000809FD50070A40020106200200378072BC6
:1063700001D900207047F0B583B0164B0093164F3B
:10638000002301248DF804308DF805406E46054643
:1063900096E8060038680DF03BFA104A2B78107822
:1063A0000002033000EB03203146224680B216F093
:1063B000FDFC9DF8005038680DF08EFA172D06D0C0
:1063C000A5F11C00B0FA80F0400903B0F0BD2046F2
:1063D00003B0F0BD809FD5001062002070A40020A3
:1063E0002DE9F04F0F46017A037883B004469046BA
:1063F00041B1072B40F28C80032003B0BDE8F08F41
:1064000023782572072B7FD87E4B0093012200232F
:10641000DFF8FC918DF804308DF805206E46D9F830
:10642000000096E806000DF0F3F9A388002B00F0B9
:106430009E806088744A237811783329C0F30A0259
:1064400000F0918003F11800C00280B21044414670
:10645000012280B216F0AAFCE2886388A18801328A
:1064600092B2013301399BB289B23F2A6380A18085
:10647000E28000D819BB654D227828788DF801306C
:106480000002283000EB02201B120222314680B2AB
:106490008DF8003016F0B4FB287823780002013024
:1064A00000EB032001224023314680B28DF80030FA
:1064B00016F0A6FB00220123E760E2802372D9F8E0
:1064C00000000DF009FA012003B0BDE8F08FBBF524
:1064D000006F00F292809AF8003020781B020002D0
:1064E000BBF1000F78D1033318443146012280B24A
:1064F00016F05CFC9DF80040D9F800000DF0ECF9B6
:10650000172C2ED01C2C2CD0022003B0BDE8F08F0D
:106510003C4B00934FF0010900233D4E8DF80430B1
:106520006D468DF8059095E8060030680DF070F91D
:10653000364A237810780002484400EB03202946AD
:106540004A4680B216F032FC9DF8005030680DF0DB
:10655000C3F9002D3FF454AFE368FF1A632F3FF6F1
:106560004BAF002049E70C33DB0298B26EE7DFF84F
:106570009CA023789AF800000002263000EB03204C
:1065800080B20222314616F011FC9DF800309DF8D1
:1065900001B004254BEA032B9AF80000237800028F
:1065A000263000EB0320022280B2314616F0FEFBBB
:1065B0009DF800209DF8013043EA02235B4505F178
:1065C000FF3584D015F0FF059B46E5D1D9F80000D2
:1065D0000DF082F9284610E72833184480B20222D1
:1065E000314616F0E3FB9DF800309DF80100A4F859
:1065F00004B040EA032060801CE7D9F800000DF0E9
:106600006BF9F9E6809FD50071A4002070A40020EA
:106610001062002000B583B0002300931A4619468B
:10662000024817F0AFFE03B05DF804FB10830020B2
:1066300030B589B013F0C2FB012805D1184B1B7887
:1066400073B1184B1B785BB9174B184D18490024D0
:10665000184610222C701EF06CFBC47309B030BDBC
:1066600004A813F00DFC002106A817F09FFE059A60
:10667000079B9A42E8D09DF817409DF816009DF8B8
:1066800015200A4902940124CDE900209DF8143018
:106690000C70084A044810211EF0DEFA09B030BD23
:1066A0004283002035830020846100204083002045
:1066B000C8700500F47D05002DE9F0472A4C2B4DEC
:1066C000237C2B4E072B82B012D82B6832782949B5
:1066D000294817F0F5FE277C072F20D900224FF418
:1066E0007A73114662600822A3606382E1602274BB
:1066F000002422483470FFF7A5FD214A214B147075
:106700001C60214E21482249224A234B2C603460D0
:1067100004600C6014701C7002B0BDE8F0871F4B61
:1067200000934FF0010ADFF87C908DF805A000235C
:106730008DF80430E84698E80600D9F800000DF01E
:1067400067F8174B1B78380200EB032050441023E6
:106750005246414680B28DF8003016F051FAD9F811
:1067600000000DF0B9F8B9E77483002044830020DD
:10677000588300203C7F0500A46400209461002021
:1067800088830020B0850020B4850020508300203D
:1067900048830020B88500204C830020809FD500CE
:1067A00070A4002010620020024B1B7C072B03D931
:1067B000704700BF7483002070B504469D48FFF702
:1067C000D5FD002800F034819B4B1A68002A40F068
:1067D0003F819A4A1278002A40F03A81984A9949B2
:1067E0001160002C00F03C812178117106240525F0
:1067F000072092F9011018606FEA012100298EB27A
:10680000B6BF41F22101710081EA46018EB2310426
:1068100046BF41F2210181EA460171008EB2310486
:1068200046BF41F2210181EA460171008EB2310476
:1068300046BF41F2210181EA460171008EB2310466
:1068400046BF41F2210181EA460171008EB2310456
:1068500046BF41F2210181EA460171008EB2310446
:1068600046BF41F2210181EA460171008EB2310436
:106870004ABF41F22101710081EA4601967889B24E
:1068800081EA062109B200298EB2B6BF41F2210188
:10689000710081EA46018EB2310446BF41F2210106
:1068A00081EA460171008EB2310446BF41F22101F6
:1068B00081EA460171008EB2310446BF41F22101E6
:1068C00081EA460171008EB2310446BF41F22101D6
:1068D00081EA460171008EB2310446BF41F22101C6
:1068E00081EA460171008EB2310446BF41F22101B6
:1068F00081EA460171008EB231044ABF41F22101A2
:10690000710081EA4601D67889B281EA062109B28E
:1069100000298EB2B6BF41F22101710081EA460121
:106920008EB2310446BF41F2210181EA4601710075
:106930008EB2310446BF41F2210181EA4601710065
:106940008EB2310446BF41F2210181EA4601710055
:106950008EB2310446BF41F2210181EA4601710045
:106960008EB2310446BF41F2210181EA4601710035
:106970008EB2310446BF41F2210181EA4601710025
:106980008EB231044ABF41F22101710081EA460111
:10699000167989B281EA062109B200298EB2B6BF02
:1069A00041F22101710081EA46018EB2310446BFF5
:1069B00041F2210181EA460171008EB2310446BFE5
:1069C00041F2210181EA460171008EB2310446BFD5
:1069D00041F2210181EA460171008EB2310446BFC5
:1069E00041F2210181EA460171008EB2310446BFB5
:1069F00041F2210181EA460171008EB2310446BFA5
:106A000041F2210181EA460171008EB231044ABF90
:106A100041F22101710081EA460189B251550A4EC5
:106A2000090A00251155356018F0B6FD074B1860AE
:106A300070BD00BF94610020B0850020B8850020A3
:106A4000A4840020AAFE0100B48500204883002011
:106A50000549064817F01CFDBDE87040FFF72CBE45
:106A6000052404250620C4E6147F0500A464002044
:106A700038B502460446A049A04817F021FD20463B
:106A8000F7F76AFD9E4B1B7C072B00D938BD9D484C
:106A9000FFF76CFC0028F9D09B4A1368002B40F0EC
:106AA0001C819A4B1B78002B40F0178140F2FF139A
:106AB0009BB29749974808605B001D0446BF41F2AE
:106AC000210080EA43035B009BB2180446BF41F2F9
:106AD000210080EA43035B009BB21D0446BF41F2E4
:106AE000210080EA43035B009BB2180446BF41F2D9
:106AF000210080EA43035B009BB21D0446BF41F2C4
:106B0000210080EA43035B009BB2180446BF41F2B8
:106B1000210080EA43035B009BB21D0446BF41F2A3
:106B2000210080EA43035B0088780C719BB283EA02
:106B300000231BB2002B98B2B6BF41F221034300E1
:106B400083EA40039BB2180446BF41F2210080EA69
:106B500043035B009BB21D0446BF41F2210080EA63
:106B600043035B009BB2180446BF41F2210080EA58
:106B700043035B009BB21D0446BF41F2210080EA43
:106B800043035B009BB2180446BF41F2210080EA38
:106B900043035B009BB21D0446BF41F2210080EA23
:106BA00043035B009BB218044ABF41F22100580026
:106BB00080EA4300CB7880B280EA032000B200284C
:106BC00083B2BABF41F2210080EA43035B009BB26B
:106BD0001D0446BF41F2210080EA43035B009BB2E3
:106BE000180446BF41F2210080EA43035B009BB2D8
:106BF0001D0446BF41F2210080EA43035B009BB2C3
:106C0000180446BF41F2210080EA43035B009BB2B7
:106C10001D0446BF41F2210080EA43035B009BB2A2
:106C2000180446BF41F2210080EA43035B009BB297
:106C30001D044ABF41F221005B0080EA43039BB27E
:106C400083EA042424B2002CA3B24EDB5B009BB287
:106C5000180446BF41F2210080EA43035B009BB267
:106C60001D0446BF41F2210080EA43035B009BB252
:106C70001C0446BF41F2210080EA43035B009BB243
:106C8000180446BF41F2210080EA43035B009BB237
:106C90001D0446BF41F2210080EA43035B009BB222
:106CA0001C0446BF41F2210080EA43035B009BB213
:106CB000180446BF41F2210080EA43035B009BB207
:106CC0004B71154C1B0A07208B7100252560106045
:106CD00018F062FC114B186038BD1149074817F0D5
:106CE000D7FBBDE83840FFF7E7BC41F2210080EA5E
:106CF00043039BB2ACE700BFF07E0500A464002014
:106D00007483002094610020B0850020B8850020A5
:106D1000A4840020AAFE0100B4850020488300203E
:106D2000147F05002DE9F041A14DA24F2B683C785E
:106D300084B0164600940446581C286013468846C2
:106D400022469D499D4817F0BBFB9D498B680BB1BE
:106D50003A7852B1502C25D0324641462046012384
:106D6000F8F792F804B0BDE8F081502C40F00C81A7
:106D70009E4207D13246096840461DF051F800286E
:106D800000F034818F498D4817F082FB04A8092355
:106D900000F8023DFFF708FD8B4B01221A7004B08A
:106DA000BDE8F081894B1B7C072BDBD88848FFF7B7
:106DB000DDFA0028D6D0874A1368002B40F0F08017
:106DC000854B1B78002B40F0EB806FF4A243834986
:106DD000002B45F2AA10086098B2BBBF41F2210314
:106DE00083EA400343001BB29BB2180446BF41F242
:106DF000210080EA43035B0098B2070446BF41F2DA
:106E0000210383EA4003430098B2060446BF41F2DF
:106E1000210383EA4003430098B2050446BF41F2D0
:106E2000210383EA4003430098B2040446BF41F2C1
:106E3000210383EA4003430098B2030446BF41F2B2
:106E4000210383EA4003430098B207044ABF41F29A
:106E50002103430083EA400388789BB283EA00233E
:106E60001BB2002B98B2B6BF41F22103430083EA64
:106E7000400398B2060446BF41F2210383EA40036F
:106E8000430098B2050446BF41F2210383EA400360
:106E9000430098B2040446BF41F2210383EA400351
:106EA000430098B2030446BF41F2210383EA400342
:106EB000430098B2070446BF41F2210383EA40032E
:106EC000430098B2060446BF41F2210383EA40031F
:106ED000430098B205044ABF41F22103430083EA0C
:106EE0004003C8789BB283EA00231BB2002B98B200
:106EF000B6BF41F22103430083EA400398B2040481
:106F000046BF41F2210383EA4003430098B20304E1
:106F100046BF41F2210383EA4003430098B20704CD
:106F200046BF41F2210383EA4003430098B20604BE
:106F300046BF41F2210383EA4003430098B20504AF
:106F400046BF41F2210383EA4003430098B20404A0
:106F500046BF41F2210383EA4003430098B2030491
:106F60004ABF41F22103430083EA40039BB20B7105
:106F70001B4C1B0A06204B7100252560106018F081
:106F80000BFB184B1860EDE604A8092300F8013D3F
:106F9000FFF70AFC0C4B01221A7004B0BDE8F08127
:106FA0001149064817F074FAFFF786FBDAE600BFCE
:106FB0004483002058830020687F0500A4640020DB
:106FC0005C830020947F05004C83002074830020A4
:106FD00094610020B0850020B8850020A4840020A2
:106FE000B485002048830020147F050001237649E2
:106FF00076483B7017F04CFA754B1B7C072B3FF61D
:10700000B1AE7448FFF7B2F900283FF4ABAE724A54
:107010001368002BC4D1714B1B78002BC0D16FF4C7
:10702000A2436F49002B45F2AA10086098B2BBBF7B
:1070300041F2210383EA400343001BB29BB21804D0
:1070400046BF41F2210080EA43035B0098B203048B
:1070500046BF41F2210383EA4003430098B207048C
:1070600046BF41F2210383EA4003430098B206047D
:1070700046BF41F2210383EA4003430098B205046E
:1070800046BF41F2210383EA4003430098B204045F
:1070900046BF41F2210383EA4003430098B2030450
:1070A0004ABF41F22103430083EA400388789BB240
:1070B00083EA00231BB2002B98B2B6BF41F2210332
:1070C000430083EA400398B2070446BF41F221031C
:1070D00083EA4003430098B2060446BF41F221030D
:1070E00083EA4003430098B2050446BF41F22103FE
:1070F00083EA4003430098B2040446BF41F22103EF
:1071000083EA4003430098B2030446BF41F22103DF
:1071100083EA4003430098B2070446BF41F22103CB
:1071200083EA4003430098B206044ABF41F22103B8
:10713000430083EA4003C8789BB283EA00231BB272
:10714000002B98B23ADB430098B2050446BF41F2E7
:10715000210383EA4003430098B2040446BF41F28E
:10716000210383EA4003430098B2030446BF41F27F
:10717000210383EA4003430098B2070446BF41F26B
:10718000210383EA4003430098B2060446BF41F25C
:10719000210383EA4003430098B2050446BF41F24D
:1071A000210383EA400343009BB21C044ABF41F21F
:1071B00021005B0080EA43039BB2D8E641F2210341
:1071C00083EA400398B2C0E7AC7F0500A4640020C6
:1071D0007483002094610020B0850020B8850020D1
:1071E000A4840020034B03210422C3F80817C3F82A
:1071F00008257047000300502DE9F04F9BB0002593
:107200000D939E4BDFF8A082DFF8C8C21D709C4F23
:107210009C4BDFF8C492DFF8C4B2DFF8C4A2CCF80C
:107220000050CDE90B120646102297491D604046DA
:107230003D7089F800508BF800508AF800501DF01E
:1072400078FD4FF08053914C1B6E63711A0C180A35
:1072500049F2022CE2701F22A4F800C0A2700121A2
:107260002071222088F80F501BF08CFC0121222075
:107270001BF00CFD012115201BF084FC15200121C1
:107280001BF004FD4FF47A7018F092F9002E00F014
:10729000B38032787E4BAA4208BF1E467D4B3146F2
:1072A000184641221DF045FD034600227A4883F826
:1072B00040200CF061FA1A21774812F075FD012385
:1072C0003B7012F07BFDA0F10100B0FA80F039783C
:1072D00025786678A378E27840098BF8000094F866
:1072E00004B0647900297AD16C49089115202221D3
:1072F000CDE90432CDE90010CDE906B41A23654A80
:1073000067496848CDE9025617F0DAF85B4B5E49E9
:107310006548002410221C7089F800408AF800405B
:107320001DF007FD0B9B88F80F40002B33D018AEE3
:107330002146304617F03AF80C99259B496813917D
:1073400025995A68199B51480C460D999A4208BFD5
:107350000C46249A63684D68009656682594534CF1
:10736000159314AA16AB12A9179512941494169497
:10737000CDE9184612F0D6FCFFF75AF93878D0B9A3
:10738000464C00902346484A4949464817F098F829
:107390001BB0BDE8F08F012389F8003012F00EFD1C
:1073A00001282BD043493F4817F072F8FFF740F906
:1073B00038780028E4D012F001FD012855D0374C70
:1073C0003D4B022808BF1C4638780028D9D012F05F
:1073D000F5FCA0F10100B0FA80F04009D1E7CDE959
:1073E0000E3212F0EBFC0128DDE90E323BD0022810
:1073F0007FF47AAF304978E7254E4FE718F0CCF8A4
:10740000204B2E4A18604FF47A7441F2883300946E
:107410002B49244817F054F8224641F288311B4882
:1074200012F0CAFB031C18BF012304468AF800307F
:10743000FFF7FEF814B1114B1B78C3B90F4B12497B
:107440001948002410221C708AF800401DF071FCBD
:107450001C49144888F80F4017F01AF81A491148C7
:1074600017F016F888E719493FE7184CACE70E4AC1
:1074700017490C4817F024F87EE700BF408300202E
:10748000418300203C830020C87005007C610020FF
:107490004C7605003861002020830020447C0500E4
:1074A000587C0500A4640020846100203CC00500D5
:1074B000CC7D0500B47C05004C7C0500F47C050007
:1074C000FC7C0500407D0500887D0500547C05009E
:1074D000287D05003883002042830020348300206B
:1074E000358300204B4B1B7803B97047F0B583B050
:1074F00018F052F8484A1368C31AB3F57A7F044665
:107500000BD2464D2B7833B1454D2B781BB912F079
:1075100055FC012815D003B0F0BD106012F04EFCF0
:10752000404B3E4D1A78A0F10100B0FA80F04009BE
:1075300082423CD018702B78002B51D1FFF778F89D
:10754000E0E7394E336823B1E41A47F22F539C42E7
:10755000E1D918F021F864243060FA230094334A0A
:1075600033493448344E16F0ABFF2246FA213348F3
:1075700012F022FB031C18BF012304463370FFF7EF
:1075800057F814B12B78002B3BD12D4B2D490024FB
:107590001846102234702C701DF0CBFB2A4903468C
:1075A0002448DC7303B0BDE8F04016F071BF2B78BF
:1075B000002BC3D0204E3378002BBFD0002ABDD083
:1075C00012F006FC0328B9D11D4B154A1D490027AE
:1075D00017701846102237701DF0ABFBC773ADE76C
:1075E000174B114ADFF850C00D4F164900261660A0
:1075F000184610228CF800603E701DF09AFBC6738E
:107600009CE70F4A11490B4803B0BDE8F04016F063
:1076100057BF00BF418300203883002042830020F1
:1076200040830020348300203C8300203C7C050004
:10763000FC7C0500A4640020358300207C610020D0
:1076400084610020C8700500407D0500287D05008C
:1076500008B5064B187800B908BD12F0AFFBA0F1D1
:107660000100B0FA80F0400908BD00BF418300204E
:10767000234B1B780BB90020704730B589B012F04E
:107680009DFB01282ED11F4B1B7813B11E4B1B787D
:1076900043B304A812F0F4FB002106A816F086FEFE
:1076A000059A079B9A421DD09DF817109DF8160069
:1076B0009DF81520154C02910121CDE900209DF87F
:1076C00014302170124A134810211DF0C5FA237896
:1076D00093B112F073FBA0F10100B0FA80F0400901
:1076E00009B030BD0B4B094D0B4900241846102240
:1076F0002C701DF01EFBC473002009B030BD00BF0C
:1077000041830020428300203583002040830020F5
:10771000F47D050084610020C87005001E4B1B78B5
:107720000BB91E48704730B589B012F047FB0128ED
:1077300024D11B4B1B7813B11A4B1B78F3B104A84F
:1077400012F09EFB002106A816F030FE059A079B5A
:107750009A4213D09DF817409DF816009DF8152009
:10776000114902940124CDE900209DF814300C70D9
:107770000E4A0A4810211DF06FFA09E0074B0A4D26
:107780000B490024184610222C701DF0D2FAC47345
:10779000024809B030BD00BF418300208461002051
:1077A000428300203583002040830020F47D0500C3
:1077B000C87005002DE9F0410025044682B005702F
:1077C00045708570C570043016F0D4FD04F10C00CE
:1077D00016F0D0FD04F1140016F0CCFD04F11C00ED
:1077E00016F0C8FD04F12C0704F12400DFF8F08046
:1077F00016F0C0FD3846294641221CF044FB04F136
:107800006D0698F80030C4F86D50B5802370E3B968
:10781000E37063700023A3706D462846002116F0C4
:10782000C5FD019BA3623846412228491DF081FA1B
:10783000274B18689B88C4F86D000022204684F806
:107840006C20B38002B0BDE8F08112F0B7FA0128D5
:107850001CBF0238B0FA80F098F800300CBF02204C
:107860004009E070002B2FD0FEF7E2FE194B1B7889
:1078700053B998F8003000226270002BCAD0164B22
:107880001B78A3706D46C8E712F098FA012898F8A3
:107890000030F0D160700BB10F4B1B78A3706D46B8
:1078A000284612F0EDFA019BA360284612F00CFB6B
:1078B000019B2361284612F02BFB084B019A5B6861
:1078C00023620193A261A8E76370A3E738610020F7
:1078D0007C610020408300204283002080A30020A0
:1078E000418300202DE9F04F974F984D85B0044615
:1078F0008946FEF7E1FE3B6823B12B88002B4DD172
:1079000000233B60DFF8808291480026494688F8D2
:1079100000602E8017F0B4FD8E4A8F4B16701E70DB
:10792000C4B18E4B8E4A5E6018461C811A603B6063
:107930002C8012F08FFD8B4B1B7833B1FEF778FE55
:10794000894B1B78002B40F0E480002388F800303E
:10795000224615E0814B824A5C6041F2BF341846F2
:107960001A601C813B602C8012F074FD7D4B1B78EB
:10797000002B40F0D980002388F8003041F2BF325C
:1079800073497A4C8D687A4B7A497B48002D08BF41
:10799000234616F095FD05B0BDE8F08F774B0293B6
:1079A000DFF8E8A1764EDAF8000001234FF0000B73
:1079B0008DF80D308DF80CB00DF1080898E8060030
:1079C00001930BF025FF32882988019B914200F03A
:1079D000918072882B889A427CD0B2882B889A42F8
:1079E00068D0F2882B889A4254D032892B889A42E8
:1079F00040D072892B889A422CD0B2892B889A4227
:107A000018D0F2892B889A4204D0DAF800000BF0E3
:107A100063FF75E75B4B1878000200F201701023DA
:107A2000414680B201228DF8083015F0E9F80023B4
:107A3000F381EAE7534B1878000200F2016010234B
:107A400080B2012241468DF8083015F0D9F80023A4
:107A5000B381D6E74B4B1878000200F20150102397
:107A600080B2012241468DF8083015F0C9F8002394
:107A70007381C2E7434B1878000200F201401023E3
:107A800080B2012241468DF8083015F0B9F8002384
:107A90003381AEE73B4B1878000200F2013010232F
:107AA00080B2012241468DF8083015F0A9F8002374
:107AB000F3809AE7334B1878000200F2012010237C
:107AC00080B2012241468DF8083015F099F8002364
:107AD000B38086E72B4B1878000200F201101023C8
:107AE00080B2012241468DF8083015F089F8002354
:107AF000738072E7234A1078000201301A4680B280
:107B0000102341468DF8083015F07AF8A6F800B039
:107B10005FE712F053F9A0F10100B0FA80F04009DC
:107B200088F8000022462BE7FEF782FD0E4B1B78FB
:107B3000002B3FF420AF12F041F9431E5842584148
:107B400088F8000022461BE7A08400204E83002016
:107B50005C830020588300208883002068830020F5
:107B6000D4BE0500418300204083002038870500F3
:107B7000947E0500A07E0500A4640020809FD500AF
:107B800008A4002070A400204D8300201062002073
:107B90002DE9F04FA74C236891B0002B56D0A64B8F
:107BA0001B78002B55D1A54B1B7C072B05D9A44B6B
:107BB0001B6813B9A34B1B780BB1FEF77DFDA24DDB
:107BC0002B78002B40D0A14E3388002B3CD0A04B0B
:107BD000A04C0B934FF001094FF000080BAB8DF850
:107BE00031908DF830809C4F206893E806000BF0B0
:107BF0000FFE3B8832889A4200F056817A8833889B
:107C00009A4200F0C081BA8833889A4200F0AB8172
:107C10003288FB889A4200F096813A8933889A42EA
:107C200000F081817A8933889A4200F06C81BA89A8
:107C300033889A4200F057813388FA899A4200F0DB
:107C4000428120680BF048FE00232B7011B0BDE884
:107C5000F08FFEF7EDFC814B1B78002BA3D012F0C8
:107C6000ADF8012806469ED1774D2B7843B92068A0
:107C700003681B6998477A497A482E7016F008FC09
:107C80006E4D2B7C072B45D96D4F3B68002B49D19E
:107C90006C4B1B78002B45D121680BA813F0A6F87C
:107CA0009DF83C30072B40D92B7C072BCED86E4853
:107CB000FEF75CFB0028C9D0614F624EDFF8A88157
:107CC000DFF8E0A14FF480793B6810ACB3B93378AA
:107CD000A3B904F8143D17F05FFC22460146404664
:107CE000FEF77EFB012800F08D810238C0B201282A
:107CF00040F263813B68002B00F0F7812B7C072B5F
:107D000005D85948FEF732FB002840F05981FEF7AC
:107D1000D3FC9BE75448FEF729FB0028C4D12B7CF9
:107D2000072BB1D8FEF7C8FCB6E70BA907A812F0DD
:107D3000DDF99DF820200A2A3DD0AC2A9DF821309B
:107D400000F03181C02A00F03481A92A31D1FE2B04
:107D500031D09DF823009DF82210CDE90010434951
:107D6000404816F0ADFB9DF83C40072C3FF66EAF47
:107D7000374B09930126374D8DF8296000238DF884
:107D8000283009AB93E8060028680BF041FD384B1A
:107D90001A78200210A900EB02201023304401F8C9
:107DA000263D324680B214F02BFF28680BF094FD7C
:107DB0004CE77F2ACDD1DDE90C040E9A9DF83C10EA
:107DC000BDF83E306860C5E90242274829746B82DD
:107DD000284C1B4FFEF72EFA274B21689E68274838
:107DE000274B9DF82020002E08BF18460131CDE911
:107DF00002102160234C2449244E9DF8213000209C
:107E000020600860224C0F4920600870214C2249F4
:107E100020700870214C9DF822103070386000915D
:107E20009DF82310019120601D490E4816F048FB73
:107E30003AE700BFA0840020418300207483002023
:107E4000B0850020B88500204D8300204E8300209F
:107E5000809FD5001062002008A4002040830020ED
:107E6000007E0500A4640020946100202C7E0500A3
:107E700070A40020548300205C830020947E0500C1
:107E800038870500B48500205083002088830020B7
:107E9000488300204C830020588300204483002026
:107EA0005C7E0500716A0300BA4B187810A90002C5
:107EB0001023484401F8273D4A4680B214F0A0FE42
:107EC000A7F800809AE6B34B187810A90002102397
:107ED00000F2017001F8273D80B2012214F090FEFB
:107EE0000023FB81ADE6AB4B187810A900021023EC
:107EF00000F2016001F8273D80B2012214F080FEFB
:107F00000023BB8198E6A34B187810A90002102328
:107F100000F2015001F8273D80B2012214F070FEFA
:107F200000237B8183E69B4B187810A90002102365
:107F300000F2014001F8273D80B2012214F060FEFA
:107F400000233B816EE6934B187810A900021023A2
:107F500000F2013001F8273D80B2012214F050FEFA
:107F60000023FB8059E68B4B187810A900021023E0
:107F700000F2012001F8273D80B2012214F040FEFA
:107F80000023BB8044E6834B187810A9000210231D
:107F900000F2011001F8273D80B2012214F030FEFA
:107FA00000237B802FE6A3F110010F297FF603AF9A
:107FB000CFE6A82B7FF4CDAEFDE6FEF77DFB99E67C
:107FC000DFF8F8A117F0E8FADAF8003041F287326A
:107FD000C31A93423FF69BAE2D7C072D3FF697AE1A
:107FE00010AC002604F8266D17F0D6FA224601469A
:107FF0006948FEF731F998B99DF81A30002B3FF423
:1080000025AE84E602469DF82C10CDF800A0634B07
:108010006348F4F7F9FFB9F101097FF455AE69E659
:10802000604B614C1B7820684FEA0529002B61D01A
:108030005E4B0B9301258DF830608DF831500BAEFF
:10804000DFF8508196E806000BF0E2FB98F800009C
:1080500009EB002003302A4680B2314614F0A6FE18
:108060009DF82C30172B01D01C2B7FD14D4A98F84E
:108070000030127809EB0323012A9BB27AD0023335
:1080800098B20122314614F091FE9DF82C3013F085
:10809000080540F0F780DB0677D598F80000414EE0
:1080A00010A909EB00201023023001F81C3D012229
:1080B00080B214F0A5FD20683D4C0BF00DFC3D4A4C
:1080C000206813683968357003448B42136025605B
:1080D0007FF4BCAD384B3D6019781560CAF800508C
:1080E0001D7000293FF4B2AD11E63378002B3FF448
:1080F000ADAD03E6DFF8BCA02C4A8DF830304FF070
:10810000010BDAF800308DF831B00BAE3F680B92FE
:10811000DFF8808096E80600FF1A0BF079FB98F8EC
:10812000000009EB002003305A46314680B214F0BB
:108130003DFE98F800009DF82CB009EB002020309F
:10814000022280B2314614F031FEB7F5807F9DF8EF
:108150002C209DF82D3028BF4FF48077BBF1170FEE
:1081600043EA02232CD0BBF11C0F29D020680BF06E
:10817000B3FBCCE5013398B2314614F017FE9DF8FD
:108180002C3013B9074A0223137020680BF0A4FBAC
:108190005CE500BF70A4002094610020256D030001
:1081A00088830020B885002010620020809FD500C1
:1081B00050830020B48500204C8300204883002099
:1081C0009F42E2D898F8000009EB002024300222F8
:1081D000314680B214F0EAFD484A9DF82C109DF813
:1081E0002D30127843EA0123332A0593C3F30A039F
:1081F0005BD0DAF80010DFF810B105F1100003EBE6
:10820000C020372A8B4480B203D0DA19B2F5006F50
:1082100056D85946BAB214F0F3FC98F80000059B02
:1082200009EB00203B449BB224301D123146022250
:1082300080B28DF82D308DF82C5014F0E1FC98F8B8
:10824000000010A909EB00201823023001F8253D99
:10825000012280B214F0D4FC98F8000010A909EBB8
:1082600000202023013001F8243D012280B214F0C7
:10827000C7FC20680BF030FB214A1760214A01231C
:108280001370E3E498F8000009EB002002300823A3
:108290003146012280B28DF82C3014F0B1FC2068F8
:1082A0000BF01AFBFEF708FAD0E4DAF800201649C2
:1082B00005F1080003EBC02001EB020B80B2A4E73C
:1082C000C3F5006A1FFA8AFA5246594614F098FC20
:1082D0000A4B1B78332B0BD005F11000C00280B283
:1082E000A7EB0A020BEB0A0192B214F089FC94E7A7
:1082F00005F10800C00280B2F2E700BF71A40020BF
:1083000050830020B8850020A4840020284B1B78CF
:108310000BB90020704730B589B011F04FFD01282E
:1083200038D1244B1B781BB1234B1B78002B31D049
:1083300004A811F0A5FD002106A816F037F8059A4B
:10834000079B9A4226D09DF817109DF816009DF8BD
:1083500015201A4C02910121CDE900209DF814301E
:108360002170174A174810211CF076FC2378DBB1E6
:1083700011F024FD012817D1134B1B7C072B13D8B8
:108380001248FDF7F3FF78B1114B9B686BB1114BAD
:1083900018780AE00B4B094D0F49002418461022AB
:1083A0002C701CF0C6FCC473002009B030BD00BFA7
:1083B0004183002042830020358300204083002039
:1083C000F47D050084610020748300209461002006
:1083D0005C83002058830020C870050070B5354BC1
:1083E0001B788AB0044633B93349204616F0F2FFB1
:1083F00020460AB070BD11F0E1FC01284FD12F4B8F
:108400001B781BB12E4B1B78002B48D004A811F011
:1084100037FD06A8002115F0C9FF059A079B9A426F
:108420003DD09DF817109DF816009DF81520254D9C
:1084300002910121CDE900209DF814302970224AD3
:10844000224810211CF008FC2B78002BCCD011F016
:10845000B5FC0128C8D11E4D2B7C072BC4D81D4864
:10846000FDF784FF0028BFD0294604A811F03EFE86
:108470009DF817009DF816109DF815209DF81430F2
:108480000092CDE90110104A102106A81CF0E4FB6F
:1084900006A9204616F09EFF20460AB070BD0B4B81
:1084A000084E0D4900251846102235701CF041FC7D
:1084B000C57399E741830020807305004283002043
:1084C0003583002040830020F47D05008461002076
:1084D0007483002094610020C8700500344B1B7821
:1084E00003B97047F0B589B00D46044611F066FC3B
:1084F00001284AD12F4B1B781BB12F4B1B78002B27
:1085000043D004A811F0BCFC002106A815F04EFFD2
:10851000059A079B9A4238D09DF817109DF81600CF
:108520009DF81520254E02910121CDE900209DF8EE
:1085300014303170224A234810211CF08DFB33780F
:108540006BB311F03BFC012829D11F4B1B7C072B7F
:1085500025D81E48FDF70AFF08B314B36B1EB3F508
:10856000857F1ED81A4E3368DBB91A4B1F78C7B9FE
:1085700021462A4618481BF062FC184B35601F60E4
:1085800017F00AF8164B186009E00E4B0B4D154911
:108590000024184610222C701CF0CBFBC47309B0C9
:1085A000F0BD1149114815F073FFFEF785F8F6E7A5
:1085B0004183002042830020358300204083002037
:1085C000F47D050084610020748300209461002004
:1085D000B0850020B8850020A4840020B485002048
:1085E00048830020C8700500C47E0500A4640020F4
:1085F00030B583B000242346224621460094144817
:10860000144D15F0BFFE1E2300931D2203231249B3
:1086100012480BF07FF8124B124A1A6008204FF4F0
:108620007A725C6018749A600F495A82284616F074
:10863000D1FE28460D4A0E491AF0A0FC0D4B1C70C5
:108640005C70C3F80240A3F8164103B030BD00BF10
:10865000188300205C83002000F00240208300206B
:108660007483002078BE0500807305000060002040
:1086700071F404008883002010B50346044653F8C3
:10868000080B984201D019F077FA204610BD00BFC0
:1086900038B50546F9F762FE044620B12946DE22C8
:1086A00002481BF0CCFB204638BD00BF2C870020C1
:1086B0002DE9F041244D2C7C072C82B021D90024D7
:1086C0004FF47A73C5E901430822EC601F486B82BE
:1086D0002A74FDF7B7FD1E4B1E481A685C601E49E0
:1086E00014701E4B1E4A1F4E1F4D04701F483470DD
:1086F0002C600C6014601C60F4F748FC02B0BDE80C
:10870000F0811B4B00934FF001081A4F8DF8058044
:1087100000238DF804306E4696E8060038680BF0AA
:1087200077F8154B1B78200200EB03204044102300
:108730004246314680B28DF8003014F061FA386854
:108740000BF0CAF8BBE700BF28880020A461002016
:10875000CC85002040A300201C8800202088002019
:1087600024880020C8850020C485002014880020AB
:10877000809FD5001062002070A4002070B50D46C7
:1087800088B00446002104A815F010FE6A68059B15
:108790009A4204F108061CD0E879A9792B796A7904
:1087A0000092CDE901101021164A0DEB01001CF0DA
:1087B00053FA266004A81CF0A2FA0F2805460FD829
:1087C00001281AD090B9002320466560735508B07F
:1087D00070BD00232046C4E90063237208B070BD59
:1087E000013019F0C5F9A56006462060304604A99D
:1087F0002A461BF024FB2668E5E79DF8103023721B
:10880000E1E700BFF47D050000297BD0012838B5E1
:108810000C46054642D002283ED1424920461CF073
:108820005CFA002838D0404920461CF056FA00284F
:1088300066D03E4920461CF050FA002860D03C49E2
:1088400020461CF04AFA00285AD03A4920461CF02B
:1088500044FA002854D0384920461CF03EFA00283B
:108860004ED0364920461CF038FA002848D034490A
:1088700020461CF032FA002842D0324920461CF033
:108880002CFA00283CD020462F491CF026FA00285C
:1088900014BF0A20092038BD0A2038BD2B492046C4
:1088A0001CF01BFA0028F6D0294920461CF015FAC6
:1088B00050B3284920461CF010FA48B326492046F8
:1088C0001CF00BFA10B3254920461CF006FA08B339
:1088D000234920461CF001FAF0B1224920461CF041
:1088E000FCF9D8B1104920461CF0F7F9C0B1204678
:1088F0001D491CF0F2F9002814BF0A20082038BDD9
:10890000092038BD0A207047284638BD032038BDED
:10891000022038BD042038BD052038BD062038BDF2
:10892000072038BDD4820500DC79050054780500A5
:1089300058780500A0780500B0820500AC780500E5
:10894000B4780500CC820500C0770500848205005C
:10895000C08205008882050094820500A08205007F
:10896000AC820500BC820500C88205002DE9F043F9
:10897000624D83B0FFF79CFE2B78C3B9604C002397
:108980002370F9F7E7FCDE2201465E481BF057FA38
:108990005D4811F05FFD01232B70FEF769FE5B4916
:1089A00020705B4815F074FD03B0BDE8F083594BAF
:1089B000594F00934FF001094FF000088DF80590D2
:1089C0008DF804806E46554C386896E806000AF02B
:1089D0001FFF2388502B0DD1514B187800024844BB
:1089E00010234A4680B231468DF8003014F008F961
:1089F000A4F800806388502B0ED1494B18780002F0
:108A000000F20110102380B2012231468DF80030AF
:108A100014F0F6F800236380A388502B0ED1404B4E
:108A20001878000200F20120102380B201223146A2
:108A30008DF8003014F0E4F80023A380E388502B75
:108A40000ED1374B1878000200F20130102380B2AB
:108A5000012231468DF8003014F0D2F80023E38073
:108A60002389502B0ED12E4B1878000200F20140C2
:108A7000102380B2012231468DF8003014F0C0F886
:108A8000002323816389502B0ED1254B18780002D7
:108A900000F20150102380B2012231468DF80030DF
:108AA00014F0AEF800236381A389502B0ED11C4B28
:108AB0001878000200F20160102380B201223146D2
:108AC0008DF8003014F09CF80023A381E389502B2B
:108AD0000ED1134B1878000200F2017010233146BA
:108AE00080B201228DF8003014F08AF80023E3816F
:108AF00038680AF0F1FE00232B703FE7E485002080
:108B0000C98500202C87002034A30020E0830500C5
:108B1000A4640020809FD5001062002008A40020DB
:108B200070A400202DE9F0437A4D2C7C072C85B0F1
:108B300040F2CF8000244FF47A730822C5E9014344
:108B40007548EC606B822A74FDF77CFB734B744EA6
:108B50001A6874485C6074491470744B744A3470B9
:108B6000744D754E046075481C602C700C60146068
:108B7000F4F70CFA33782BB9714B00221A7005B058
:108B8000BDE8F0836F4BDFF8C88102934FF0010915
:108B90008DF80C408DF80D9002AF6B4DD8F80000A9
:108BA00097E806000AF034FE2B88502B0CD1674B57
:108BB00018780002484410234A4680B239468DF89E
:108BC000083014F01DF82C806B88502B0ED15F4BB1
:108BD0001878000200F20110102380B201223946F9
:108BE0008DF8083014F00CF800236B80AB88502B04
:108BF0000ED1564B1878000200F20120102380B2EB
:108C0000012239468DF8083013F0FAFF0023AB80BB
:108C1000EB88502B0ED14D4B1878000200F201303A
:108C2000102380B2012239468DF8083013F0E8FF96
:108C30000023EB802B89502B0ED1444B1878000277
:108C400000F20140102380B2012239468DF808302D
:108C500013F0D6FF00232B816B89502B0ED13B4B99
:108C60001878000200F20150102380B20122394628
:108C70008DF8083013F0C4FF00236B81AB89502BB3
:108C80000ED1324B1878000200F20160102380B23E
:108C9000012239468DF8083013F0B2FF0023AB8172
:108CA000EB89502B0ED1294B1878000200F201708D
:108CB0001023394680B201228DF8083013F0A0FF4E
:108CC0000023EB81D8F800000AF006FE0023337081
:108CD00052E71C4B029301271D4E8DF80D700023A7
:108CE0008DF80C3004AB13E9060030680AF090FDF3
:108CF000164B1A78200204A900EB022010233844F6
:108D000001F8093D3A4680B213F07AFF30680AF064
:108D1000E3FD0FE728880020A4610020CC85002017
:108D2000C8850020C48500201C88002020880020E1
:108D30002488002040A30020E4850020148800201F
:108D4000C9850020809FD50008A4002070A40020C1
:108D5000106200202DE9F84307460446084688467D
:108D60001BF0CDFF57F8086BBE42054622D0A36822
:108D7000984222D8B0450CD22DB1012D40D198F89F
:108D80000030337026686560002373552046BDE8C7
:108D9000F8836268B3189845EED8002DF3D0954259
:108DA0003AD8012DEBD0304641462A461BF052F806
:108DB0002668E8E70F28DDD90F234FEA43094D4520
:108DC0001BD2B9F1000F3DDB09F1010018F0D0FE14
:108DD000064625B1012D30D198F800303370206857
:108DE000874201D018F0C8FE00232660C4F808901E
:108DF000656073552046BDE8F883681CA946E5E721
:108E0000414630462A461BF01AF826686560002362
:108E100073552046BDE8F88308EB05018B42C0D2AC
:108E2000984514D3AA1A012D08EB02012CD0304624
:108E30002A461BF004F82668A5E741462A461AF0A0
:108E4000FEFFCCE74FF000406FF00049BEE7A3EB18
:108E50000807012F0AD00FBB012D06EB050119D021
:108E60002A4630461AF0EBFF26688CE798F8003067
:108E70003370EA1B012A06EB070306EB050108D055
:108E8000002AF1D01E46ECE718F80230337026684D
:108E900079E71E460B783370266874E741463A46F8
:108EA00030461AF0D7FFE4E72DE9F04F8046D0E9CD
:108EB0000030AC4DC01AC01005FB00F083B00C466A
:108EC0009246CB1A0D46002800F092804600B04230
:108ED00040F239816FF00F063046019318F048FEDA
:108EE000019B0746DAE9001B07EB030909F10800BB
:108EF000F850002900F02081BBF10F0F00F209812A
:108F0000BBF1010F79D0BBF1000F40F00F810022BF
:108F1000C9F804B000F80B20DAF82410D8F80030B3
:108F20009AF81800C9F82410BAF81A1089F818002D
:108F30009AF81CC0A9F81A10BAF81E009AF8201066
:108F400089F81CC0A342A9F81E0089F8201000F07F
:108F500003812833E01A84490194C00801FB00F121
:108F600021F0604A0AEB8A0C07EBCC0C10460CF19E
:108F7000300C07F10802A94625E042F8085C53F8D6
:108F8000205C156053F8245C13F810EC42F8045C84
:108F900043E90A1003F8200C82F810E013F80C1CC7
:108FA00033F90E5C5582117513F8085C53F8041CF4
:108FB00033F90AECA2F816E01576D1612832624541
:108FC00003F128031DD042F8082C53F8285CA3F1C4
:108FD00020018D42D1D10D68D1F804E08C68D1F820
:108FE0000CB0C2F80CB01560C2F804E09460C9E798
:108FF000012606EB8606F6006EE70B7889F8083046
:1090000085E70AF1010303EB8303019C4D4607EB5F
:10901000C303D8F80420A24203F1280952D028340F
:10902000121B5149D20801FB02F222F0604C0CEBFA
:109030008C0E03EBCE0E0EF1580E3033002528E0D7
:1090400054F8200C43F8081C186054F8241C54F8F9
:1090500004AC14F8100CC3F81CA043F8041C1874DA
:1090600034F80EBC14F80CAC34F80A0C14F8081CD4
:10907000A3F812B083F814A0D88219762833734568
:1090800044F8282C04F8205C44F8245C04F12804FB
:1090900010D054F8281C43F8083CA4F12002914257
:1090A000CED110685168186059609068D168986096
:1090B000D960CAE70CF1010C0CEB8C0CD8F8045009
:1090C00009EBCC09D8F800A0AA450FD00AF1080492
:1090D00054F8080CA0420AF1280A13D018F04CFDED
:1090E000AA4504F12804F3D1D8F8005015B1284658
:1090F00018F042FD3E44C8F80860C8E9007903B0A2
:10910000BDE8F08FAA4504F12804E1D1D8F8005059
:10911000ECE7BBF1000F21DB0BF10100019118F02E
:1091200027FD0199C9F80000C9F808B05A461AF09D
:1091300086FED9F80000EAE6BBF1000F3FF4E7AE87
:109140000A4819F020FF0A4A96423FF6C3AE002EA5
:109150007FF44FAF3746C5E63B465AE7054819F05E
:1091600015FF00BFCDCCCCCCCDCCCC0CC47B050046
:1091700066666606AC7B05002DE9F04F85B00446B7
:10918000164640680E9D02F10042013A121A9542BD
:1091900000F21C81A146421A59F808AB9B46921B6B
:1091A000AB1BD145884600EB030701924ED0A26865
:1091B00097424ED8D3450AEB080918D2019B63B1F8
:1091C000AE420AD0012B09EB050009EB060140F085
:1091D000958019F8063009F805306DB3012D76D168
:1091E0009BF800300AF80830D4F800A026E050447C
:1091F0008345E3D8E5B1AE4280F09A80019A002A17
:1092000070D14E440BEB05029642C0F0A580012DB3
:10921000E6D02A46594648461AF01CFED4F800A06B
:109220000CE02A465946484602931AF013FE029B68
:10923000019A0AB1AE4255D1D4F800A0676000236C
:1092400020460AF8073005B0BDE8F08F0F2FB1D9DE
:109250000F22002FC0F2BD8053009F4202933ED2E6
:10926000002BB7BF6FF00043581C4FF00040029333
:1092700018F07EFC23688246B8F1000F04D0B8F1E4
:10928000010F47D11A780270BBF1000F08D03DB131
:10929000012D0AEB080044D19BF800200AF80820B1
:1092A000019A52B145444644012A0AEB050003EBFA
:1092B00006012AD19A5D0AF80520994502D0184680
:1092C00018F05AFC029BC4F800A0A360B6E72A4637
:1092D000594648461AF0B3FDD4F800A0AEE7781C12
:1092E0000297C5E7019A012A09EB050009EB06017F
:1092F0002DD119F8062009F8052024E01A461AF0A5
:10930000A9FD002D7FF46AAF96E703931AF097FD4D
:10931000039BD2E71946424603931AF090FD039B44
:10932000B2E759462A4603931AF089FD039BB7E733
:10933000012D7FF476AF9BF800200AF80820019AEF
:10934000002A7FF477AFAE42FFF45BAF74E702937D
:109350001AF080FD029BF6E75E450AD8012D0BEB63
:1093600003011FD02A4648461AF069FDD4F800A030
:1093700064E7A6EB0B06012E0FD00EBBAA1B012A39
:1093800009EB060009EB050113D0002A3FF454AFA6
:109390001AF055FDD4F800A050E79BF800300AF809
:1093A0000830EBE71BF803300AF80830D4F800A0C7
:1093B00044E719F8053009F80630D4F800A03DE775
:1093C0005946324648461AF045FDD7E7024819F09B
:1093D000DDFD024819F0DAFD087C0500AC7B0500D4
:1093E000884236D02DE9F84380464E6858F8087B0D
:1093F000B84514BF83680F23B3420C4605460BD310
:109400002EB1012E216825D10B783B702F686E603C
:109410000023BB55BDE8F883002E28DB4FEA430943
:109420004E4521D2B9F1000FAEBF09F101004FF056
:1094300000406FF0004918F09BFB07462868804504
:1094400001D018F099FB2F60C5F80890002EDED0EF
:10945000D7E77047384632461AF0F1FC2F686E6045
:109460000023BB55BDE8F883701CB146E3E7014813
:1094700019F08CFDAC7B05002DE9F04F2DED028B32
:10948000ADF2DC4D0446F8F765FF06463EA8FEF750
:1094900091F95BAD29A8F4F7CBFF2846F3F766FFF7
:1094A00004F5D67EE84BCDF830E004F1C80ECDF8D7
:1094B00040E004F1E00E1868B3F804A093F80690B9
:1094C000CDF844E004F5B07304F1F80E04F168023D
:1094D0001693CDF848E004F1080304F5887E0A935A
:1094E000CDF84CE0226604F5987E04F54972C4F884
:1094F000940004F1500C04F12000CDF824E01892FF
:1095000004F5A47E0A9A1590002304F1940B0746F3
:10951000CDF820C004F1380004F1B00CCDF850E0D3
:1095200004F5CA7EC4E900230790CDF83CC0CDF80D
:109530002CE02372E36184F82030636384F83830D0
:10954000E36484F850306366C4F88CB084F8683003
:10955000A761079F2763169A089FA3674FF0070C20
:1095600084F87C30C4F87D30C4F88130C4F885308C
:1095700084F8893084F88A30A764ABF804A08BF8AB
:10958000069004F5E27A04F5EE790F9FC4F85821AD
:1095900004F5FA72C4F890C0CDF834A0CDF8389034
:1095A00084F89B3084F8A430C4F8A8701992C4F8E9
:1095B000AC3084F8B030C4F8C43084F8C830C4F893
:1095C000DC3084F8E030C4F8F43084F8F830C4F8C3
:1095D0000C31109FC4F8C070119FC4F8D870129F4E
:1095E000C4F8F070139FC4F80871099FC4F828717B
:1095F000149F9649C4F840719FED917B0B9FDFED5E
:10960000946AC4F88C7104F5BC780C9F84F810310E
:1096100004F5047041F2BF3E84F82031C4F82431CF
:10962000C4F82C3184F83031C4F8443184F848311E
:10963000C4F85C3184F86031C4F8743184F878314E
:1096400084F88831C4F8903184F89431C4F870817A
:10965000C4F8A471C4F8A83184F8AC31C4F8080285
:109660000868C4F8C03184F8C431C4F8D83184F82B
:10967000DC31C4F8F03184F8F43184F80632C4F8EF
:109680000C3284F81032C4F82032A4F8243284F862
:10969000283284F82932A4F82A3284F82C3284F84B
:1096A0002D32C4F83832A4F83C3284F83E32C4F883
:1096B0004032C4F84432C4F84832A4F804E2C4F892
:1096C000BCA1C4F8D491C4F8EC21C4ED8C6A84ED3B
:1096D000947B84ED967B84F8603284F87032C4F811
:1096E00024031898B1F804E0897984F8803204F5ED
:1096F000327204F538781792C4F8C022024604F595
:109700002C77C4F8D88204F526794FF0FF3804F599
:109710005A7A84ED9A7B84ED9E7B84EDA27BC4F81B
:10972000943284F89832C4F8AC3284F8B032C4F879
:10973000C43284F8C832C4F8DC3284F8E032C4F8A9
:10974000F032C4F8F432C4F8F832C4F8FC32C4F889
:10975000043384F80C33C4F8103384F81833C4F895
:109760001C03C4F800831697C4F89092C4F8A8723A
:10977000C4F80883A0F804E091711F20C4F820C346
:1097800084F82B3384F8343384F83533C4F8383311
:10979000C4F83C33C4F84033A4F84433C4F8483325
:1097A000C4F84C33C4F85033A4F85433C4EDD66A2B
:1097B000C4EDD76AC4F8643384F86833C4F860A38E
:1097C00018F0D6F9DFF88CC0D4F800E08046BCE889
:1097D0000F00C8F80C3004F54773C8F80000C8F84B
:1097E00004101893BCE803000A9BC8F808207345CE
:1097F000C8F81000C8F8141002D0704618F0BCF970
:109800001E221823DDF8CC90C4F80080C4E9013290
:10981000002388F8183048461BF071FAD4F81880F5
:10982000159B4345074600F09285236ABB42C0F072
:109830009285C84540F214850EE000BFAFF300806A
:109840000000000000000000E87F0500447C0500E7
:10985000000000001470050047B1012F40F05E8742
:1098600099F8003088F80030D4F81880E7610023B8
:1098700008F80730F8F7EAFD81461BF040FAD4F803
:109880003080079B4345074600F0AD85A36BBB4284
:10989000C0F0AD85C84540F2FB8447B1012F40F0D0
:1098A000348799F8003088F80030D4F83080676346
:1098B000002308F80730F8F7D5FD014604F16000F1
:1098C000FFF748FA1FA8FEF789FDDDF87C904846AF
:1098D0001BF015FAD4F84880089B4345074600F072
:1098E0005C85236DBB42C0F05C85C84540F2A08416
:1098F00047B1012F40F01B8799F8003088F80030FD
:10990000D4F84880E764002308F807301FA815F052
:10991000AFFD0127299A9DF8BA30A26784F87C3000
:1099200084F87E7084F88470F3F71EFDD4F86033F9
:10993000214A84F883009A4584F88A70C4F8852007
:1099400000F04C86D4F86873B72F40F2FE871B49AD
:109950008B4240F2B5841846B82218491AF06FFAC3
:10996000D4F860830023B822C4F8642388F8B830A0
:10997000D4F88C309B4525D0D4F89420072A21D8E0
:109980004FEA4208B8F1080F38BF4FF0080808F155
:10999000010018F0EDF80A4BD4F88C20074603CBF1
:1099A00093453860796002D0104618F0E5F8C4F8A5
:1099B0008C70C4F894800FE001000001F07F050076
:1099C00024700500BF498B4240F28B84BD4A03CA14
:1099D00018605960D4F88C709DF8F9300022082185
:1099E000C4F890101FA83A723FA984F8A430FEF77B
:1099F000C5FE1F9AD4F8A83021AFBA4200F05C87A8
:109A0000DDE9200C0F998B42C4E92A2000F0FB8588
:109A1000D4F8B020C4F8B0C0002B00F0F6851F9336
:109A20002192002220921A701F98B84201D018F09B
:109A3000A3F841A91FA8FEF7A1FE1F9AD4F8C030D1
:109A4000BA4200F04187DDE9200C10999942C4E93F
:109A5000302000F0DF85D4F8C820C4F8C8C0002B3F
:109A600000F0DA851F932192002220921A701F982D
:109A7000B84201D018F080F843A91FA8FEF77EFE77
:109A80001F9AD4F8D830BA4200F02687DDE9200CBE
:109A900011999942C4E9362000F0D185D4F8E0202C
:109AA000C4F8E0C0002B00F0CC851F932192002267
:109AB00020921A701F98B84201D018F05DF845A99D
:109AC0001FA8FEF75BFE1F9AD4F8F030BA4200F0F0
:109AD0000B87DDE9200C12999942C4E93C2000F083
:109AE000A785D4F8F820C4F8F8C0002B00F0A285B0
:109AF0001F932192002220921A701F98B84201D021
:109B000018F03AF847A91FA8FEF738FE1F9AD4F8B4
:109B10000831BA4200F0C886DDE9200C1399C4F878
:109B200008219942C4F80C0100F07B85D4F810217B
:109B3000C4F810C1002B00F076851F9321920022FB
:109B400020921A701F98B84201D018F015F89DF8AD
:109B5000FB80D4F82891B8F1010F00F06A84B8F1C5
:109B6000020F00F0CF83099B4B4500F0E786564972
:109B70004FF00708D4F83031984500F2DC844945AD
:109B800080F06184B8F1010F40F0DA830B7889F836
:109B90000030D4F82891C4F82C81002309F808304B
:109BA0009DF86AE19DF869C19DF868019DF867110B
:109BB0009DF866219DF865310092CDE90110CDE94F
:109BC00003CE424A12211AA81BF046F81AA81F9782
:109BD0001BF095F80F28804600F2A084012800F0C1
:109BE000F6843A46002841F0BC800023CDF88080FE
:109BF00002F808301F9AD4F84031BA4200F0948637
:109C0000DDE9200C1499C4F840219942C4F84401BC
:109C100000F03885D4F84821C4F848C1002B00F082
:109C200033851F932192002220921A701F98B84208
:109C300001D017F0A1FF264A264BE16C04F5AC7069
:109C4000002914BF11461946FFF784F8B11C04F52A
:109C5000B870FFF77FF896F8433084F8883196F8AB
:109C6000470096F8463096F8452096F84410009044
:109C70001AA814F087FB1AA91FA8FEF77FFD1F9AE8
:109C8000D4F88C31BA4200F04786DDE9200C0B99FC
:109C9000C4F88C219942C4F8900100F0EC84D4F807
:109CA0009421C4F894C1002B00F0E7841F93219203
:109CB000002220921A701F98B8420FD017F05CFF54
:109CC0000CE000BF24700500447C05002C760500E4
:109CD000CC7F0500C07F05000000000096F84B0017
:109CE00096F84A3096F8492096F8481000901AA83D
:109CF00014F048FB1AA91FA8FEF740FD1F9AD4F8DC
:109D0000A431BA4200F00086DDE9200C0C99C4F8B9
:109D1000A4219942C4F8A80100F0A684D4F8AC218B
:109D2000C4F8ACC1002B00F0A1841F932192002243
:109D300020921A701F98B84201D017F01DFF96F8B4
:109D40004F0096F84E3096F84D2096F84C10009043
:109D50001AA814F017FB1AA91FA8FEF70FFD1F9AE7
:109D6000D4F8BC31BA4200F09785DDE9200C0D999A
:109D7000C4F8BC219942C4F8C00100F06E84D4F844
:109D8000C421C4F8C4C1002B00F069841F93219240
:109D9000002220921A701F98B84201D017F0ECFEF2
:109DA00096F8530096F8523096F8512096F85010D5
:109DB00000901AA814F0E6FA1AA91FA8FEF7DEFC14
:109DC0001F9AD4F8D431BA4200F05E85DDE9200C48
:109DD0000E99C4F8D4219942C4F8D80100F0368411
:109DE000D4F8DC21C4F8DCC1002B00F031841F93CF
:109DF0002192002220921A701F98B84201D017F0C9
:109E0000BBFE96F8570096F8563096F8552096F80F
:109E1000541000901AA814F0B5FA1AA91FA8FEF75A
:109E2000ADFC1F9AD4F8EC31BA4200F06585DDE94B
:109E3000200C1999C4F8EC219942C4F8F00100F003
:109E40002884D4F8F421C4F8F4C1002B00F0238452
:109E50001F932192002220921A701F98B84201D0BD
:109E600017F08AFEB6F85830A4F8043296F85A2053
:109E7000BDF8BC3094F884C029682879003218BF36
:109E8000012284F806224FF6FF72934296F8DC20F6
:109E900084F821220ABF002301220022A4F82A32DA
:109EA00084F82922AB796A7984F828C284F83D22A3
:109EB00084F83E3284F83C02C4F83812D5F808031E
:109EC00019F058FAC4E99401D5F80C0319F052FAC4
:109ED00095F8143384F86032C4E99601D5F810037C
:109EE00019F048FA95F81C3384F87032C4E99A01E5
:109EF000D5F8180319F03EFA95F8243384F8803227
:109F0000C4E99E01D5F8200319F034FAC4E9A2018E
:109F1000D5F8281304F52470FEF71CFFD5F834A3F8
:109F200050461AF0ECFED4F8A882169B434506462C
:109F300000F0CE82D4F8B032984200F2CD82C24511
:109F400006D3D4F8AC2208EB02039A4540F2B98359
:109F500046B1012E40F0FC839AF8003088F80030BA
:109F6000D4F8A882C4F8AC62002308F80630D5F80B
:109F7000409348461AF0C3FED4F8C082179B43456D
:109F8000064600F0FE82D4F8C832B342C0F0FD822B
:109F9000C84506D8D4F8C42208EB02034B4580F02C
:109FA0007F8346B1012E40F0CB8399F8003088F8CA
:109FB0000030D4F8C082C4F8C462002308F8063028
:109FC00004F53670D5F84C13FEF7C4FED5F85803E7
:109FD000D5F85C33D5F86423C4F8F032002814BFF8
:109FE00001210021D5F8603384F80C13C4F8F43251
:109FF000D5F86813C4F8F8224FF0FF334FF4165227
:10A00000C4F8FC12C4F80033C4F80833C4F80423BD
:10A0100040F0B182EB79C4F81003002B00F0898086
:10A0200000261FEDD38AB14604F5107B4FF0180AC5
:10A030000AFB06531F97D3F80880CDF8809040465E
:10A040008DF884908DF89490ADF896908DF8989056
:10A05000ADF89A908DF89C908DED288A1AF04FFEFD
:10A0600000224346114600901FA8FFF785F806EB33
:10A07000460305EBC3030136B3F91420ADF896206F
:10A08000D243B3F91630D4F84482ADF89A30D20FE7
:10A0900006EB460105EBC1018DF89420D4F8482267
:10A0A000086809792890DB43DB0F90458DF89830DC
:10A0B0008DF89C1000F0DA8108F10800C8F8000063
:10A0C000DDE91F13002900F0FB810F2B00F2D48182
:10A0D000012B00F0E781002B40F0DC81C8F8043050
:10A0E00000F80390D4F844329DF89420BDF996000E
:10A0F000289988F818209DF89820A8F81A00283385
:10A10000BDF99A0088F81C209DF89C2088F8202032
:10A11000A8F81E00C8F82410C4F844321F98B842AA
:10A1200000F09E8117F028FDEB79F6B2B3423FF6BE
:10A130007FAF9DF8D8309DF8BB00012284F818232A
:10A14000002B40F0C381904200F0F683D749D84BF2
:10A15000022808BF19461898FEF7FCFDBDF9B63075
:10A16000DFEDD46A9DF8D9109DF8C6009DF8CB505C
:10A1700007EE103ABDF9B83007EE903AB8EEC77A5C
:10A18000F8EEE77A9DF8D83084F8343327EE267A53
:10A1900067EEA67ADDF8BE20DDF8C230C4F83C33A5
:10A1A00084EDD67AC4EDD77A84F83513C4F8382311
:10A1B000BDF8C9309DF8C7109DF8C82084F8400349
:10A1C00084F841132A982B9984F8422384F8433366
:10A1D0002C9ABDF8B430C4F84C13C4F85023A4F83A
:10A1E0005433A4F84453C4F848030DF5976015F0B0
:10A1F0003FF90DF2AC4015F03BF90DF5946015F008
:10A2000037F90DF2944015F033F90DF25C4557AE75
:10A210002846183D15F02CF9B542F9D133A815F0B0
:10A2200027F920460DF2DC4DBDEC028BBDE8F08F26
:10A23000E36C08EB03014945FFF45AAB002F3FF4F0
:10A2400061AB9F4200F2F482012F3FF455AB4046D0
:10A2500049463A4619F0FEFDD4F84880FFF752BB54
:10A26000E36908EB03014945FFF4F6AA002F3FF428
:10A27000FDAA9F4200F28782012F3FF4F1AA4046D7
:10A2800049463A4619F0E6FDD4F81880FFF7EEBAD1
:10A29000636B08EB03014945FFF4FFAA002F3FF46D
:10A2A00006AB9F4200F28582012F3FF4FAAA404696
:10A2B00049463A4619F0CEFDD4F83080FFF7F7BA98
:10A2C000D4F864239F188F42FFF445ABB72A40F2BD
:10A2D00086821846B82219F0B2FDD4F86083FFF7E1
:10A2E00041BBD4F890209F188F42FFF46FAB072A30
:10A2F00040F236820A4603CA18605960D4F88C705E
:10A30000FFF76ABB099B6C494B457FF433AC894529
:10A3100016D8D4F82C3109EB030A8A4510D3012B47
:10A320000ED88A1C92450BD25145C0F07083A8EB21
:10A330000303B8F1010F01EB030200F05E84114644
:10A340004846424619F07BFDD4F8289123E40F28B3
:10A350007FF66FAA0F235B00BB4240F2C381002B44
:10A36000C0F23183581C0A9317F002FC0A9B804606
:10A3700037B1012F40F00A8399F8002088F80020B7
:10A38000A069159A824203D00A9317F0F5FB0A9B45
:10A39000C4F818802362FFF769BA0F287FF6A5AAD0
:10A3A0000F235B00BB4240F2A081002BC0F206836A
:10A3B000581C079317F0DCFB079B804637B1012F31
:10A3C00040F0EB8299F8002088F80020A06C089AF1
:10A3D000824203D0079317F0CFFB079BC4F8488055
:10A3E0002365FFF78FBA0F287FF654AA0F235B006F
:10A3F000BB4240F27D81002BC0F2DB82581C0A93E5
:10A4000017F0B6FB0A9B804637B1012F40F0B282AD
:10A4100099F8002088F80020206B079A824203D028
:10A42000079317F0A9FB079BC4F83080A363FFF7DD
:10A430003EBA099B21494B454FF004087FF49AAB83
:10A4400089453FF67DAFD4F82C3109EB030A51451D
:10A4500040F28182B8F1000F3FF49DABFFF792BB51
:10A46000EB79F6B2B3423FF6E3AD62E641461FAA8E
:10A470005846FEF719FD51E6002B0891C0F26E8494
:10A48000581C079317F074FB079B0899C8F8000045
:10A49000C8F808301A46079319F0D1FCD8F8000024
:10A4A000079B1BE60A7888F8082017E6E07F05007E
:10A4B00070810500CDCCCC3D547C05004C7C050062
:10A4C000002B3FF40BAED74818F05DFDD64942E6AD
:10A4D0000F287FF634AD0F234FEA43094E4580F035
:10A4E0001181B9F1000FC0F2738209F1010017F078
:10A4F0003FFB804636B1012E40F043829AF800308F
:10A5000088F80030D4F8A802169B834201D017F0D7
:10A5100033FBC4F8A882C4F8B09223E5013017F0E9
:10A5200027FBCDF884801F9042461AA919F087FCBA
:10A530001F9AFFF75ABB4FEA430AD04580F0DE80EE
:10A54000BAF1000FC0F230820AF10100079117F052
:10A550000FFB42460799814619F071FCD4F8280197
:10A56000099B834201D017F007FBC4F82891C4F877
:10A5700030A1FFF710BB15F00FF8D5F85833C01A0B
:10A5800048E50F287FF604AD0F234FEA430AB24592
:10A5900040F2B180BAF1000FC0F21F820AF101004F
:10A5A00017F0E6FA804636B1012E40F0DE8199F8C8
:10A5B000003088F80030D4F8C002179B834201D0E5
:10A5C00017F0DAFAC4F8C082C4F8C8A2F3E49DF820
:10A5D00068308DF884303A46FFF707BBB827B920BA
:10A5E00017F0C6FAB8229149804619F028FCD4F831
:10A5F0006003824501D017F0BFFAC4F86083C4F845
:10A600006873FFF7AFB9C4F8B0C01F9721AF3B46DE
:10A61000FFF707BAC4F8C8C01F9721AF3B46FFF742
:10A6200023BAC4F810C11F9721AF3B46FFF787BA82
:10A63000C4F8F8C01F9721AF3B46FFF75BBAC4F8D8
:10A64000E0C01F9721AF3B46FFF731BAC4F8DCC129
:10A650001F9721AF3B46FFF7CCBBC4F8C4C11F977F
:10A6600021AF3B46FFF794BBC4F8ACC11F9721AFA5
:10A670003B46FFF75CBBC4F894C11F9721AF3B4634
:10A68000FFF716BBC4F848C11F9721AF3B46FFF741
:10A69000CABAC4F8F4C11F9721AF3B46FFF7DABB33
:10A6A000002E3FF488ACB242C0F0A580012E3FF4EA
:10A6B0007CAC40464946324619F0CCFBD4F8C08207
:10A6C00079E4002E3FF44EACB242C0F0C780012EB8
:10A6D0003FF442AC40465146324619F0BBFBD4F839
:10A6E000A8823FE4781C3B463DE6781C3B4660E68A
:10A6F000781C3B4683E6701CB24651E708F1010026
:10A70000C24623E7701CB146F1E6404649463A4648
:10A7100019F095FBD4F83080FFF7C9B84046494698
:10A720003A4619F08CFBD4F81880FFF79FB84046E2
:10A7300049463A4619F083FBD4F84880FFF7E2B85F
:10A7400040464946324619F07AFBD4F8C08232E4DA
:10A7500040465146324619F072FBD4F8A88201E413
:10A7600001F108008742BFF4C5AD8F4200F2C081FD
:10A77000C2F10802114408684A6818605A60D4F8A7
:10A780008C70FFF729B909EB07029142BFF474AD51
:10A79000494500F22781FB1A012F09EB030100F064
:10A7A0006B8240463A4619F04AFBD4F81880FFF70E
:10A7B0005DB809EB07029142BFF476AD494500F25E
:10A7C0005781FB1A012F09EB030100F02582404657
:10A7D0003A4619F034FBD4F83080FFF768B801F13D
:10A7E000B8008742BFF475AD8F4200F29681C2F186
:10A7F000B80211446DE509EB06018B42BFF456AF78
:10A800004B4500F21E81B21A012E09EB020100F045
:10A8100023824046324619F012FBD4F8C082FFF77B
:10A82000CABB00BFC47B0500D87F0500F07F0500D0
:10A8300009EB07029142BFF407AD494500F22D81B3
:10A84000FB1A012F09EB030100F0268240463A462D
:10A8500019F0F5FAD4F84880FFF754B80AEB06016E
:10A860008B42BFF434AF9A45C0F02B81B21A012E4F
:10A870000AEB020100F0E0814046324619F0DFFAAF
:10A88000D4F8A882FFF76EBB1FA904F5EA70FEF7A3
:10A89000A7FD1F9BFFF7ADBA1FA904F5DE70FEF7F9
:10A8A0009FFD1F9BFFF774BA1FA904F58470FEF784
:10A8B00097FD1F9BFFF743B91FA904F1A800FEF7FE
:10A8C0008FFD1F9BFFF7ADB81FA904F1C000FEF775
:10A8D00087FD1F9BFFF7C8B81FA904F1D800FEF73A
:10A8E0007FFD1F9BFFF7E3B81FA904F1F000FEF7FF
:10A8F00077FD1F9BFFF7FEB81FA904F5F670FEF762
:10A900006FFD1F9BFFF7A6BA1FA904F5D270FEF7D3
:10A9100067FD1F9BFFF70BBA1FA904F5C670FEF772
:10A920005FFD1F9BFFF7C4B91FA904F5A070FEF7D8
:10A9300057FD1F9BFFF777B9DB490CE4DB498945DD
:10A940004FF007087FF67FADFAE47F00B82F38BFDD
:10A95000B827781C44E698457FF614A901EB080255
:10A960009245FFF4E1ACFFF70DB94946324619F0C4
:10A9700066FA20E649463A460A9319F060FA0A9BBD
:10A980004AE55146324619F05AFABBE549463A467D
:10A990000A9319F054FA0A9BF2E449463A4607939F
:10A9A00019F04DFA079B11E54FF000406FF0004A97
:10A9B000CCE54FF000406FF0004320E54FF0004041
:10A9C0006FF00043F5E44FF000406FF00043CAE43D
:10A9D0004FF000406FF0004989E54FF000406FF004
:10A9E000004ADDE5A1EB0903012B00F0D280002B2A
:10A9F00040F08B81012F08EB070100F006813A46F9
:10AA0000404619F01CFAD4F81880FEF72FBFAAEBC5
:10AA1000010ABAF1010F00F0B880BAF1000F40F05E
:10AA20004F81A8EB0A02012A09EB0A0009EB080191
:10AA300000F02A810AB119F002FAD4F82891FFF740
:10AA4000AAB8A3EB090ABAF1010F00F08A80BAF1A3
:10AA5000000F40F06A81012E08EB060100F0E5804E
:10AA60003246404619F0EBF9D4F8C082FFF7A3BA9A
:10AA7000A1EB0903012B00F09C80002B40F0258105
:10AA8000012F08EB070100F014813A46404619F007
:10AA9000D6F9D4F83080FEF70ABFA1EB0903012BE9
:10AAA00050D0002B40F03981012F08EB070100F056
:10AAB000CC803A46404619F0C2F9D4F84880FEF7F7
:10AAC00021BFA3EB0A09B9F1010F00F08280B9F1AF
:10AAD000000F40F00281012E08EB060100F0C58056
:10AAE0003246404619F0ABF9D4F8A882FFF73ABADB
:10AAF0007F1A012F03EB070AC7F1080803F10809C1
:10AB000078D0002F40F0EF8042464946504619F079
:10AB100096F9D4F88C70FEF75FBF7F1A012F03EB14
:10AB2000070AC7F1B80803F1B8092BD0002F40F08D
:10AB3000028142464946504619F081F9D4F86083B3
:10AB4000FEF710BF99F8002088F80020FA1A012AB1
:10AB500008EB030908EB070176D0002AADD0C84600
:10AB6000A8E799F8003088F80030A6EB0A02012A1D
:10AB700008EB0A0308EB060156D0002A3FF474AF35
:10AB800098466EE753221A70D3E70B7889F80030A5
:10AB900047E799F8002088F80020FA1A012A08EB04
:10ABA000030908EB07012FD0002A3FF42CAFC84659
:10ABB00026E799F8002088F80020FA1A012A08EB05
:10ABC000030908EB070173D0002A3FF462AFC846BF
:10ABD0005CE79AF8003088F80030A6EB0902012AF9
:10ABE00008EB090308EB06013ED0002A3FF47CAFD6
:10ABF000984676E745221A7086E7CB5C89F80030E4
:10AC0000D4F82891FEF7C7BFC8460B7888F8003003
:10AC1000D4F81880FEF72ABE19F8033088F80030FF
:10AC2000D4F83080FEF743BE98460B7888F80030A1
:10AC3000D4F8C082FFF7BFB91AF8023088F80030A4
:10AC4000D4F8A882FFF78EB9C8460B7888F8003090
:10AC5000D4F84880FEF756BE19F8023088F8003064
:10AC6000D4F8C082FFF7A7B998460B7888F800306F
:10AC7000D4F8A882FFF776B919F8033088F80030C5
:10AC8000D4F81880FEF7F2BD19F8083009F80A3038
:10AC9000D4F82891FEF77FBF19F8033088F8003008
:10ACA000D4F84880FEF72EBE00710500447C0500F4
:10ACB000C8460B7888F80030D4F83080FEF7F7BD2E
:10ACC0005246484619F0BBF8ABE61A46494640469C
:10ACD000079319F0BFF8079B6FE751464A46404675
:10ACE00019F0B8F879E73A46184619F0A8F8B8F11B
:10ACF000010F04D0B8F1000F3FF40BAF04E7027A64
:10AD0000C255D4F88C70FEF767BE1A4649464046D5
:10AD10000A9319F09FF80A9B3FE71A4649464046B6
:10AD2000079319F097F8079B10E7494652464046AB
:10AD300019F090F819E73A46184619F080F8B8F17A
:10AD4000010F04D0B8F1000F3FF4F8AEF1E690F82F
:10AD5000B820C255D4F86083FEF704BE024818F04C
:10AD600015F93846FFF7E0BBAC7B05002DE9F04351
:10AD700090461446526858F8087BB2F5804F87B069
:10AD800067D8624D4745064689462A6800F08480A8
:10AD9000D4E901C005F108018A42C5E9007C00F050
:10ADA0008380A968A860002A7FD02260A1605849EA
:10ADB000584F002083420CBF0B463B4640F2951192
:10ADC0008E426060107000F09F80B6F5CB7F11DB83
:10ADD00040F29F12964200F09580B6F5D07F68DA77
:10ADE000B6F5CC7F76D040F29D12964240F0888036
:10ADF00049490EE040F2911296427FD0B6F5C97FE4
:10AE00006FDB40F29312964262D0B6F5CA7F77D1DB
:10AE100042496A684248CDE90223CDE90019334628
:10AE2000404A4FF4A07119F017FFB0F5A07F53D23C
:10AE30003D4B3E493E4A186000230B60136014F0FE
:10AE4000ABFB3C4A3C4B106003221A7007B0BDE8D4
:10AE5000F08347454AD0A3681D2B47D9374DAF42F1
:10AE600030D9364D0FCD38607960BA6007CD2D8866
:10AE7000FB60BD8338617961BA612268234DDFF8D8
:10AE8000E4901E2100236160937727682A68474574
:10AE90004FF4FA767FF47CAF214628460593FEF7FF
:10AEA0009FFA2268059B82E7A860C4F800804246AA
:10AEB0007DE7B6F5FA7F09D040F2F71296421FD12E
:10AEC0001F49A6E73A44AA42CCD2CAE71D49A0E7E7
:10AED0001D499EE71D499CE707B0BDE8F043FDF71B
:10AEE000E7BBB6F5C87F0BD1194992E71E23009343
:10AEF0000021124B2046F8F799F8BEE7154988E77C
:10AF0000154986E7154984E7154982E7CC85002075
:10AF100080730500AC8005003481050004810500C4
:10AF2000E8850020B0810500208800201C880020D2
:10AF30002488002010880020C8850020908105000A
:10AF40007881050060810500F880050024810500F6
:10AF5000DC800500E88005008C8105004881050043
:10AF600010810500007B05002DE9F047A54C0F4638
:10AF70000646914694E8070090B006AC254603C506
:10AF80004FF00A082A8038464FF0000A0494CDF8A2
:10AF900014808DF822A019F0B2FE9B4B984200F26B
:10AFA0002E8100F10A050F2D00F2AD8038B1012885
:10AFB00040F0E8803B788DF82230224600E02246BF
:10AFC00000230595535505996FF000435B1A012B3B
:10AFD00040F21581049BA34218BF069A01F10205B5
:10AFE00008BF0F22954200F29780884A12885A5271
:10AFF000049B059500275F55049D0DF13008A5427F
:10B00000CDF8288000F0D080DDE905C3BCF5804F85
:10B010000A950494CDF82CC005970C938DF8187000
:10B0200000F282807A4F45453B6800F0CC8007F102
:10B0300008018B420C9AC7E9005C00F09380B96864
:10B04000BA60002B00F08F800A930C917148724A0D
:10B050000021894508BF024640F2951086420B91B7
:10B06000197000F0C680B6F5CB7F3BDB40F29F1332
:10B070009E4200F0BC80B6F5D07F7ADAB6F5CC7F80
:10B0800000F0908040F29D139E4240F0B4806348EF
:10B090007B6863490090CDE9023201913346614AF1
:10B0A00061484FF4A07119F0D7FD604B6049614AC7
:10B0B000186000230B60136014F06EFA5E490A9B5F
:10B0C0005E4A086043454FF00301117002D01846F4
:10B0D00016F052FD0498A04201D016F04DFD10B0BC
:10B0E000BDE8F08740F291139E4200F08680B6F5ED
:10B0F000C97F6EDB40F293139E424FD0B6F5CA7FF4
:10B1000079D14F48C4E7009052463B46414604A8D7
:10B11000F7F78CFF049A53E70223009304A83B4BF4
:10B120000022F7F783FF63E7454557D01D2B55D91C
:10B13000444EB5422ED9434E0FCE28606960AA60B6
:10B1400007CE3688EB60AE8328616961AA610A9DEB
:10B150001E234FF0000985F81E900B939C464FF478
:10B16000FA765FE7BA60CDF828800DF130084346E3
:10B170006CE7B6F5FA7F13D040F2F7139E423AD14E
:10B18000314885E7024639460DF1220018F057FE96
:10B19000224615E7AC44B445CED2CCE72B4877E73E
:10B1A0002B4875E72B4873E794E80F00DDF814C0CF
:10B1B0008DF81870BCF5804F88E80F00CDF82CC0D2
:10B1C00005970BD8124F12480AA9FEF709F90A9BF6
:10B1D0003CE7B6F5C87F0ED11F4859E71E23009300
:10B1E0006246184B00210AA8F7F720FFAFE71B487B
:10B1F0004EE71B484CE71B484AE71B4848E71B48FB
:10B2000017F0C4FE207B0500F5FFFF7FAC81050031
:10B21000CC85002080730500AC80050034810500DA
:10B22000007B0500B0810500E88500202088002013
:10B230001C8800202488002010880020C885002059
:10B24000048105009081050078810500F8800500E3
:10B250006081050024810500DC800500488105002F
:10B26000108105008C810500E8800500F07B050059
:10B270002DE9F0415B4E5C4D5C4C5D493246ADF5CD
:10B28000727D12F89B3F2046002B18BF1546F2F73F
:10B2900091FD2A465749F2F7BDFED0B1671D3946E8
:10B2A0002079FDF7B1FA0A28054678D009281AD086
:10B2B00014A8FEF7E1F8082D00F2BB81DFE815F0D5
:10B2C0007901810189018E01930198019D01A201FB
:10B2D000AC000122484940F29110FFF745FE0DF500
:10B2E000727DBDE8F081F422002115A818F0CBFD95
:10B2F000424914972046F2F75DFDD4F8083A1590BC
:10B3000004F207223E49179320461692F2F752FDA7
:10B310003C4918902046F2F74DFD3146DE22199047
:10B320001AA818F08CFDF2F71FF814A98DF8460141
:10B33000002306A8344AF9F7E1FF0D9E0E9C02ADEA
:10B34000DDE906780095002E46D00F2C31D8012C6F
:10B350003DD0002C40F079812A46002301943846E4
:10B36000135541466A46FFF701FD0098A84201D0F7
:10B3700016F002FC254B1978032900F04F810D9837
:10B380000FAB984201D016F0F7FB079809AB984233
:10B39000A5D016F0F1FB0DF5727DBDE8F08100221D
:10B3A0001B494FF4CA70FFF7DFFD0DF5727DBDE854
:10B3B000F081002CC0F24B81601C16F0D9FB029486
:10B3C00000902246314618F03AFD009AC5E73378DE
:10B3D0008DF808302A46C0E7002CBDD00D4817F084
:10B3E000D2FD00BF2C8700209C7905003C880020FE
:10B3F0001882050028820500308205004882050079
:10B40000588205006082050091860300C8850020EF
:10B410008C770500C47B050006A814A903F074FB13
:10B420008C4906AA0023C820FFF7A0FC069808ABA9
:10B43000984201D016F0A0FBEC98EEAB984201D0F8
:10B4400016F09AFBDB98DDAB984201D016F094FB26
:10B45000CA98CCAB984201D016F08EFBC498C6AB0C
:10B46000984201D016F088FBBE98C0AB984201D03C
:10B4700016F082FBB898BAAB984201D016F07CFB6C
:10B48000A49DA59EB5420FD005F1080454F8080C00
:10B49000844205F1280500F0BA8016F06DFBAE423B
:10B4A00004F12804F2D1A49E16B1304616F064FBD4
:10B4B000969898AB984201D016F05EFB8F9891ABAE
:10B4C000984201D016F058FB89988BAB984201D076
:10B4D00016F052FB839885AB984201D016F04CFBD6
:10B4E0007D987FAB984201D016F046FB779879ABF8
:10B4F000984201D016F040FB709872AB984201D090
:10B5000016F03AFB6A986CAB984201D016F034FB07
:10B51000649866AB984201D016F02EFB5E9860AB43
:10B52000984201D016F028FB569858AB984201D0AB
:10B5300016F022FB509852AB984201D016F01CFB3B
:10B540004A984CAB984201D016F016FB449846AB93
:10B55000984201D016F010FB3E9840AB984201D0C3
:10B5600016F00AFB379839AB984201D016F004FB6D
:10B570002C982EAB984201D016F0FEFA269828ABF4
:10B58000984201D016F0F8FA209822AB984201D0E8
:10B5900016F0F2FA1A981CAB984201D016F0ECFAA9
:10B5A000149816AB98427FF4F4AE0DF5727DBDE8A9
:10B5B000F08114A906A802F02FF906AA0023264953
:10B5C00031E714A906A801F02BF906AA00232249A5
:10B5D00029E706A814A906F0D7FC21E706A814A9B4
:10B5E00004F08EFB1CE706A814A905F0B9FF17E7C5
:10B5F00006A814A907F03EF812E706A814A907F058
:10B60000BBFD0DE706A814A904F0BEFF08E7AE4293
:10B6100004F128047FF43AAFA49E45E79DF84C302E
:10B62000022B0DD0012B7FF4AAAE0C48F1F79EFC43
:10B63000A5E600220A494FF4CA70FFF795FCFBE625
:10B6400019460648F1F792FC99E62846B9E60548FE
:10B6500017F09CFC007B0500688205001488002020
:10B660008C770500AC7B05002DE9F04F8BB013F013
:10B6700093FFAD4CAD4A014600232046F1F78CFC08
:10B68000237823B1637813B10BB0BDE8F08FA84BDA
:10B690001B78002BF8D0FBF7EBFF00283FD0A54C20
:10B6A0002378002B48D0A44E3378032B00F004817C
:10B6B000022B00F02581012B00F0EE809F4905A8A8
:10B6C0000FF094FB9DF824100729DDD8DDE9063042
:10B6D0009B4C089A6360A060BDF826309948E260F0
:10B6E00063822174FAF7A6FD214603A80EF0FEFC42
:10B6F0009DF810300A2B00F08081AC2B9DF81120B2
:10B7000000F08B81C02B40F08C81A82A00F075815D
:10B7100000228D4940F29310FFF726FCB4E7884BD6
:10B720001B7C072B40F2B580824E337873B900231F
:10B7300033700BB0BDE8F08F80480EF08BFE012314
:10B7400082498348237012F0A3FEACE7814B824C00
:10B7500005934FF00108002705AB8DF819808DF88F
:10B7600018707E4D206893E8060008F051F82B8889
:10B77000502B0CD17A4B18780AA9000210234044B0
:10B7800001F8203D424680B211F03AFA2F806B88D2
:10B79000502B0ED1724B18780AA90002102300F228
:10B7A000011001F8203D80B2012211F029FA002396
:10B7B0006B80AB88502B0ED1694B18780AA9000218
:10B7C000102300F2012001F8203D80B2012211F087
:10B7D00017FA0023AB80EB88502B0ED1604B187802
:10B7E0000AA90002102300F2013001F8203D80B2C6
:10B7F000012211F005FA0023EB802B89502B0ED18A
:10B80000574B18780AA90002102300F2014001F8F2
:10B81000203D80B2012211F0F3F900232B816B89C6
:10B82000502B0ED14E4B18780AA90002102300F2BB
:10B83000015001F8203D80B2012211F0E1F900230E
:10B840006B81AB89502B0ED1454B18780AA90002A9
:10B85000102300F2016001F8203D80B2012211F0B6
:10B86000CFF90023AB81EB89502B0ED13C4B1878DC
:10B870000AA90002102300F2017001F8203D80B2F5
:10B88000012211F0BDF90023EB81206808F024F8B3
:10B890004DE7FCF70DFF47E713F07EFE314B1B68C9
:10B8A00041F28732C01A904262D900222E494FF4E9
:10B8B000CC70FFF759FBE7E613F06EFE2B4B1B68CD
:10B8C00041F28732C01A904217D8DFF8748098F896
:10B8D0001050072D11D800271A488DF80870FAF774
:10B8E00045FD002840F0AA809DF808302BB9154886
:10B8F000FAF73CFD00287FF4C7AEFCF7D9FEC3E69B
:10B900000AAC002304F8143D13F046FE224601461B
:10B910000C48FAF7A1FC00287CD19DF81430002BCC
:10B920003FF4B2AEE9E700BF14880020C9CF02009F
:10B93000E4850020C9850020C885002034A30020AC
:10B9400028880020A4610020D0830500DC82050047
:10B95000A4640020809FD5001062002008A400206D
:10B9600070A400200C88002054830500108800205B
:10B970000AAC002704F8147D13F00EFE224601469F
:10B98000BD48FAF72DFD0128054600F0B6800228D3
:10B9900000F0CC8003284AD013F0FEFD0146B748E2
:10B9A000F2F7E4F9013804283FF66EAEDFE800F064
:10B9B0001F18110A03000022B1494FF4CC70FFF7A1
:10B9C000D3FA61E60022AF4940F29D10FFF7CCFAAE
:10B9D0005AE60022AC4940F29510FFF7C5FA53E64B
:10B9E0000022AA494FF4C870FFF7BEFA4CE60223C2
:10B9F000337049E67F2B7FF48BAE13F0CDFDA44B63
:10BA0000014640F6B8329D481960F1F735FF012331
:10BA1000337039E6FFF72CFC36E6103A0F2AECD9E2
:10BA200076E6A92BE6D1FE2A7FF472AEE5E73A4628
:10BA3000984940F2F710FFF797FA25E613F0ACFDAE
:10BA400002AA01468C48FAF707FC814600283FF419
:10BA50004BAF914B1B78002B79D1904A904B1668D5
:10BA60001B68904AB34234BF01210021117063D298
:10BA70008D4AF61A02EB03098C4B05934FF001082F
:10BA800000238B4C8DF818308DF8198005AFDFF846
:10BA900030B22068B6F5807F97E8060028BF4FF4E3
:10BAA000807607F0B5FE9BF800004FEA052A0AEB06
:10BAB000002003304246394680B211F077F99BF8F6
:10BAC00000009DF814800AEB00202030022280B292
:10BAD000394611F06BF99DF814209DF81530B8F136
:10BAE000170F43EA022300F0FE80B8F11C0F00F0AC
:10BAF000FA80206807F0F0FEFFE613F04DFD2A46BD
:10BB0000034621465D48F1F7D3FF013804283FF68C
:10BB1000BBAD01A353F820F0EFB90300E1B9030076
:10BB2000D3B90300C5B90300B7B903005348F2F70E
:10BB300035F9FCF7BDFDA7E55E4A5F4BD2E900167B
:10BB40001B68F61A01EB03093FF4D7AE94E7574B95
:10BB5000574C05934FF0010A8DF818708DF819A015
:10BB600005AFDFF85CB1206897E8060007F050FEEB
:10BB70009BF800002D0205EB00200330524680B2F6
:10BB8000394611F013F99DF81430172B01D01C2BF6
:10BB9000AFD1414A9BF80030127805EB0323012A0C
:10BBA0009BB200F09180023398B20122394611F025
:10BBB000FDF89DF814301A0700F1F180DB0640F122
:10BBC0008E809BF800000AA905EB002010230230AC
:10BBD00001F81D3D012280B211F012F8206807F033
:10BBE0007BFE304B1B78002B00F036812C4DDFF8AC
:10BBF000D4A02B68DAF8002013442B60274B296867
:10BC00001A682548002391420370CAF800307FF477
:10BC10003BAD284A5168284A126891427FF434ADFE
:10BC200098F810200092072A40F2F18099460024EB
:10BC30004FF47A73C8E90143A8F81230C8F80C40F1
:10BC400008230D4888F81030FAF7FCFA194A3470C6
:10BC500013685460104ACAF800401470164A2C60E9
:10BC600014600E4A1C701460B9F1000F40F0B080EF
:10BC70001248F1F78BF907E5A46100203C88002009
:10BC8000A4830500908305007C8305007083050074
:10BC90000C880020B483050040A3002020880020E9
:10BCA0002488002028870020E8850020809FD50078
:10BCB00010620020CC8500201C8800201488002001
:10BCC00070A40020C4850020013398B2394611F0D9
:10BCD0006DF89DF8143013B9674A02231370206879
:10BCE00007F0FAFDD0E49E42F9D89BF800000AEB79
:10BCF00000202430022280B2394611F057F85F4A02
:10BD00009DF814309DF81580127848EA0328332AEC
:10BD1000C8F30A0356D005F1100003EBC020372A00
:10BD200080B203D09A19B2F5006F58D84946B2B222
:10BD300010F066FF9BF8000008EB06030AEB0020FA
:10BD40009BB224301D123946022280B28DF8153084
:10BD50008DF8145010F054FF9BF800000AA90AEB6C
:10BD600000201823023001F81F3D012280B210F09C
:10BD700047FF9BF800000AA90AEB002020230130AE
:10BD800001F81E3D012280B210F03AFF206807F052
:10BD9000A3FD3B4A1660384A0123137074E49BF8F4
:10BDA00000000AA905EB00200823023001F81C3D21
:10BDB000012280B210F024FF206807F08DFDFCF70F
:10BDC00077FC61E405F1080003EBC02080B2A9E72D
:10BDD00013F0E2FB01462B48F1F7D0F854E4C3F529
:10BDE00000639BB21A464946009310F009FF234BAB
:10BDF0001A78009B332A39D005F11000C00280B2B6
:10BE0000F21A09EB030192B210F0FAFE92E78DF8F4
:10BE100018301D4A059201238DF8193097E8060065
:10BE20002068019307F0F4FC009B9BF800201802A7
:10BE300000EB0220019B01301A463946102380B2E4
:10BE40008DF8143010F0DCFE206807F045FD0F4936
:10BE50000F4812F01DFBEAE60E4ADFF824A0136833
:10BE6000DAF800100C4D0B441360C7E605F108002A
:10BE7000C00280B2C4E700BF40A3002071A400202C
:10BE8000C485002014880020809FD5001083050001
:10BE9000A46400201C8800202488002030B583B0D2
:10BEA000002423462246214600941248124D12F0E7
:10BEB00069FA124A1249134B1348C2E9001450217F
:10BEC00011814FF47A72C3E9005408219A60197401
:10BED0005A82F1F78BFC0D4B0D4A0E495C6003F161
:10BEE000080518461C721D6003B0BDE8304017F00D
:10BEF00045B800BFBC85002078BE050034A30020F3
:10BF0000D4BE0500288800203C880020CC85002075
:10BF1000006000207986030070B50546E9B1541A27
:10BF20000F2C0E4609D8012C00681DD10B78037028
:10BF300028686C600023035570BD002C1ADB601C60
:10BF400015F016FEAC6028603146224617F077FFE8
:10BF500028686C600023035570BD42B91446006820
:10BF60006C600023035570BD002CE2D0ECE7034861
:10BF700017F009F8024817F009F800BFC47B050064
:10BF8000AC7B050038B5044600F1080559B153688B
:10BF9000ABB92560D2E90032204619461A44FFF7B2
:10BFA000BBFF204638BD59680029F2D00560D3E9AF
:10BFB000002311461A44FFF7AFFF204638BD056045
:10BFC000D2E9003219461A44FFF7A6FF204638BDD1
:10BFD00038B500F10803044603600D4649B1084630
:10BFE00018F08DFE29462A182046FFF795FF2046B7
:10BFF00038BD20464FF0FF322946FFF78DFF20461F
:10C0000038BD00BF70B588B08BB20029054608A8BE
:10C01000B8BF5B424FF00002B8BF9BB200F8012DE1
:10C02000184E00E02046A6FB0342D20802EB820431
:10C03000A3EB440303F1300493B200F8014C441E17
:10C04000002BEFD1002905F108020BDB2A60204606
:10C0500018F055FE214622182846FFF75DFF2846B6
:10C0600008B070BD2D2104F8011C841E2A60EED199
:10C070001C4628464FF0FF322146FFF74DFF284669
:10C0800008B070BDCDCCCCCC2DE9F041054642685E
:10C0900055F8087B8A42164638BF0E46BD4214BF8B
:10C0A00083680F23B34216D0044616D30F2E2CD923
:10C0B000002E42DB701C15F05BFDD4E90073804656
:10C0C0005A1CFBB162BBBD4202D0384615F054FD8C
:10C0D000C4F80080A660BDE8F081002E2DDB5B0077
:10C0E000B342E7D9002BABBF581C4FF000401E46AF
:10C0F0006FF0004615F03CFDD4E9007380465A1CF1
:10C10000002BDFD13B780370DDE7BD42E3D0531C49
:10C1100052B163B9384615F02FFD2560BDE8F081B6
:10C12000394617F08CFECEE73B780372F2E71A46E9
:10C130003946284617F083FEECE7014816F026FF43
:10C14000AC7B0500F0B50446476850F8085B8542B3
:10C1500018BFA06802EB070608BF0F20864283B015
:10C160000DD832B1012A05EB070011D10B78EB5540
:10C170002568666000232046AB5503B0F0BD0092F1
:10C180000B46002239462046F6F750FF2568F0E7B7
:10C1900017F055FE2568ECE72DE9F04F002300F17C
:10C1A000080AC0E900A303720C46496883B008314D
:10C1B0000646FFF769FFD4E9005305EB0308A845DD
:10C1C00025D0DFF8FCB015F8017B7468A7F12203D5
:10C1D0001C2B4CD8DFE803F0404B4B4B352A4B4B24
:10C1E0004B4B4B4B4B4B4B4B4B4B4B4B4B4B4B4B9F
:10C1F0004B4B1F4B0F006FF000431C1B032C51D9FE
:10C2000004222A493046FFF79DFFA845DBD130467E
:10C2100003B0BDE8F08F6FF000431C1B032C41D925
:10C22000042223493046FFF78DFFEEE76FF000430D
:10C230001C1B042C36D9052259463046FFF782FFD5
:10C24000E3E76FF000431C1B042C2BD9052219498E
:10C250003046FFF777FFD8E76FF000431C1B052C33
:10C2600020D9062214493046FFF76CFFCDE733682A
:10C270009A4518BFB26804F1010908BF0F22914521
:10C2800008D900230122009221461A463046F6F7CB
:10C29000CDFE33681F553368C6F80490002203F8BA
:10C2A0000920B2E7054816F071FE00BF3084050092
:10C2B000288405002084050038840500F07B0500F3
:10C2C0004084050010B54B6804461BB1FFF764FFBE
:10C2D000204610BD044A00F108030360D11FFFF798
:10C2E0001BFE204610BD00BF4B7C05002DE9F04F22
:10C2F000002300F10808C0E9008303720C46496876
:10C3000085B008310546FFF7BFFED4E90067374422
:10C31000B74263D0DFF800B216F8014BD5F80490AD
:10C320000C2C79D05ED8092C00F0B7800A2C00F0D4
:10C33000A780082C00F097801F2C00F2BB806FF0C4
:10C340000043A3EB0909B9F1030F40F2CF800422A7
:10C3500068492846FFF7F6FED5E9003A22119845CC
:10C360001BF80220039218BFAA680AF1010908BF4E
:10C370000F22914508D900230122009251461A4606
:10C380002846F6F753FE2B689DF80C2003F80A2088
:10C390002B68C5F80490002203F80920D5E900397C
:10C3A00004F00F04984518BFAA681BF804A008BF42
:10C3B0000F2209F10104944208D9002301220092BE
:10C3C00049461A462846F6F731FE2B6803F809A0BD
:10C3D0002B686C600022B7421A559DD1284605B0E3
:10C3E000BDE8F08F222C24D05C2C2FD00D2CA3D1B3
:10C3F0006FF00043A3EB0909B9F1010F76D90222CE
:10C400003D492846FFF79EFEB742E7D016F8014B9C
:10C41000D5F804900C2C85D16FF00043A3EB0909EB
:10C42000B9F1010F62D9022234492846FFF78AFE8A
:10C43000EAE76FF00043A3EB0909B9F1010F55D901
:10C4400002222F492846FFF77DFEDDE76FF000430B
:10C45000A3EB0909B9F1010F48D90222294928465D
:10C46000FFF770FED0E76FF00043A3EB0909B9F1C5
:10C47000010F3BD9022224492846FFF763FEC3E798
:10C480006FF00043A3EB0909B9F1010F2ED9022285
:10C490001E492846FFF756FEB6E76FF00043A3EBB0
:10C4A0000909B9F1010F21D9022219492846FFF7DC
:10C4B00049FEA9E72B68984518BFAA6809F1010A47
:10C4C00008BF0F22924508D9002301220092494655
:10C4D0001A462846F6F7AAFD2B6803F809402B6890
:10C4E000C5F804A0002203F80A208DE7094816F0D9
:10C4F0004DFD00BF64840500548405006084050080
:10C50000488405004C8405005C84050050840500C7
:10C5100058840500F07B050010B805002DE9F047B0
:10C5200047686FF00043DB1B1F2B82B040F2EE80A8
:10C53000054607F1200A55F808EBAE4514BF83689D
:10C540000F239A4504468946904600F2AA80714E10
:10C550000FCE0EEB070C4EF80700CCF80410CCF809
:10C560000820CCF80C300FCECCF81000CCF814100A
:10C57000CCF81820CCF81C302368C4F804A00022A2
:10C5800003F80A20484618F0BAFB61686FF00043D0
:10C590005B1A8342C0F0BA8023689D4218BFA2682C
:10C5A00000EB010608BF0F22964200F2828040B1E4
:10C5B000012803EB010740F09D8099F800205A54B0
:10C5C0002368666000229A5566686FF000439B1BE3
:10C5D000162B40F29B80D4F800E0754518BFA36885
:10C5E00006F1170708BF0F239F4271D8DFF82CC14F
:10C5F000BCE80F000EEB06094EF80600BCF804E09C
:10C60000DCF800009CF80660C9F80410C9F808209E
:10C61000C9F80C30C9F81000A9F814E089F81660C0
:10C62000236867600022DA55D4E90061D8F8042055
:10C63000D8F80030AE4218BFA06802EB010708BF6F
:10C640000F2087423DD832B1012A06EB010058D1B4
:10C650001B787354266867600023F35563686FF096
:10C660000042D21A0C2A51D92768BD4218BFA268CD
:10C6700003F10D0608BF0F22964232D8264D07CD92
:10C6800007EB030C2D78F8508CF80C50CCF8041004
:10C69000CCF808202368666000229A5502B0BDE8F5
:10C6A000F0872023009339461A4B0022F6F7BEFC90
:10C6B00062E700904B4600222046F6F7B7FC23685D
:10C6C0007FE7009220460022F6F7B0FC2668C2E71A
:10C6D000172300933146114B00222046F6F7A6FCA3
:10C6E0009EE70D22194600920B4B00222046F6F7DA
:10C6F0009DFCCFE702464946384617F0A0FB236869
:10C700005FE7194617F09BFB2668A4E7044816F07C
:10C710003DFC00BF78840500B48405009C840500BE
:10C72000F07B05002DE9F043044683B00846174628
:10C73000894604F1080618F0E2FA0023C4E9006310
:10C7400023727968054629442046FFF79DFC6168FD
:10C750006FF00042521AAA424DD32268964218BF87
:10C76000A36805EB010808BF0F23984530D83DB1F9
:10C77000012D02EB010038D199F8003053542268A2
:10C78000C4F80480002302F80830D4E900517A6824
:10C790003B68AE4218BFA06802EB010708BF0F203C
:10C7A00087420ED832B1012A05EB010018D11B785F
:10C7B0006B542568676000232046EB5503B0BDE845
:10C7C000F083009220460022F6F730FC2568F1E75E
:10C7D000002200954B462046F6F728FC2268CFE75A
:10C7E000194617F02CFB2568E4E72A46494617F05E
:10C7F00026FB2268C4E7014816F0C8FBF07B050061
:10C8000030B5054683B008460C4618F078FA002289
:10C810000090234628461146FCF7AEFC03B030BD1D
:10C820002DE9F04F002300F10802A3B0C0E9002376
:10C8300003720C4641F658310546FFF725FCD4E952
:10C84000001204A80A440DF11809CDF81090FFF762
:10C8500063FBBB4904A8F6F76BFB04A90AA8FFF722
:10C860009BFC0AA8B749FFF7CBFF12AF844610978D
:10C870005CF8083B6345064600F0728710938368B6
:10C880001293736811930023C6E900C3337210A892
:10C89000AD49F6F74DFB18AE864616965EF8083B96
:10C8A0007345844600F06987169383681893DCF813
:10C8B000043017930023CCE900E38CF80830DDE95D
:10C8C00016122846FFF73EFC1698B04201D015F02C
:10C8D00053F91098B84201D015F04EF90A980DF1AD
:10C8E000300A504501D015F047F90498484501D069
:10C8F00015F042F916A804F11801FFF74DFC28467F
:10C9000016AA9249FFF70AFE1698B04201D015F018
:10C9100033F904F1300110A8FFF73EFC8C4B94F87A
:10C920007F108C4A10A8002914BF11461946F6F74B
:10C93000FFFA864616965EF8083B7345844600F07B
:10C940002987169383681893DCF804301793002323
:10C950002846CCE900E38CF8083016AA7E49FFF798
:10C96000DDFD1698B04201D015F006F91098B842D6
:10C9700001D015F001F9D4F8AC30002B00F03A8466
:10C9800004F1A80116A8FFF707FC284616AA734968
:10C99000FFF7C4FD1698B04201D015F0EDF8E36C36
:10C9A000002B40F063836E4916A8FFF711FB284661
:10C9B00016AA6C49FFF7B2FD1698B04201D015F0E7
:10C9C000DBF804F18C0116A8FFF7E6FB284616AA4F
:10C9D0006549FFF7A3FD1698B04201D015F0CCF8D9
:10C9E00094F82031002B40F0A7840DF1770894F8DB
:10C9F0007E30002B40F07084D4F878C05B485C49EE
:10CA00005C4BDFF890E1A0FB0CB0A1FB0CB2000C7A
:10CA10004FF4616BD20A03FB10C30BFB12C2A1FBE4
:10CA20000313AEFB0CB14909AEFB02E2C1EB0111ED
:10CA3000DB0A5209ACEB8101002840F0D183CDE93B
:10CA4000002116A84C4A282118F006F916A81097BC
:10CA500018F055F916A90A1810A8FFF75DFA28462C
:10CA600010AA4649FFF75AFD1098B84201D015F0B8
:10CA700083F894F8843083B394F82932002B00F0C3
:10CA8000A183B4F82A0216F063FC2BA3D3E9002398
:10CA900016F0C8FC03233A4ACDE90001302116A85C
:10CAA00018F0DAF816A910A8FFF792FA354910A87D
:10CAB000F6F73EFA014616A8F6F71CFA284616AA1B
:10CAC0003149FFF72BFD1698B04201D015F054F80C
:10CAD0001098B84201D015F04FF894F82C32002B82
:10CAE0005CD094F82D32002B00F02883D4F830026B
:10CAF00016F040FC0323224ACDE90001302116A89C
:10CB000018F0AAF816A910A8FFF762FA1F4910A892
:10CB1000F6F70EFA014616A8F6F7ECF9284616AA1B
:10CB20001B49FFF7FBFC1698B04201D015F024F822
:10CB30001098B84232D02FE0FCA9F1D24D62503F9C
:10CB400098AD0500A8AD050068B1050004B2050068
:10CB5000807305003CAD050010B205001CB2050055
:10CB600028B2050030B2050044B2050007452EC2C8
:10CB7000C5B3A29180510100A0B20500B4B2050076
:10CB8000BCB20500C4B20500C8B20500D0B20500B1
:10CB9000D8B205008988888814F0EEFF94F88330B5
:10CBA00023B194F83932002B40F066829D49284623
:10CBB000F6F7BEF994F8853023B194F81833002BBA
:10CBC00040F0188498492846F6F7B2F90022D4F8C4
:10CBD000483396488DF87720C146A0FB0321C90849
:10CBE00001EB8102A3EB4203303309F8013D0B4610
:10CBF0000029F2D14846109718F081F8494609EB10
:10CC0000000210A8FFF788F9284610AA8849FFF704
:10CC100085FC1098B84201D014F0AEFF0022D4F881
:10CC20004C3382488DF87720C146A0FB0321C90808
:10CC300001EB8102A3EB4203303309F8013D0B46BF
:10CC40000029F2D14846109718F059F8494609EBE7
:10CC5000000210A8FFF760F9284610AA7549FFF7EF
:10CC60005DFC1098B84201D014F086FF0022D4F881
:10CC700050336E488DF87720C146A0FB0321C908C8
:10CC800001EB8102A3EB4203303309F8013D0B466F
:10CC90000029F2D14846109718F031F8494609EBBF
:10CCA000000210A8FFF738F9284610AA6249FFF7DA
:10CCB00035FC1098B84201D014F05EFFB4F954135B
:10CCC00010A8FFF79FF95D4910A8F6F731F98646DD
:10CCD00016965EF8083B7345844600F06885169307
:10CCE00083681893DCF80430179300232846CCE9B6
:10CCF00000E38CF8083016AA5149FFF70FFC16988C
:10CD0000B04201D014F038FF1098B84201D014F0AE
:10CD100033FFD4F8580316F02DFB0123CDE90001B1
:10CD2000484A302116A817F097FF16A8109717F059
:10CD3000E6FF16A90A1810A8FFF7EEF8424910A856
:10CD4000F6F7F6F8864616965EF8083B7345844675
:10CD500000F03A85169383681893DCF80430179333
:10CD600000232846CCE900E38CF8083016AA37499E
:10CD7000FFF7D4FB1698B04201D014F0FDFE1098D6
:10CD8000B84201D014F0F8FED4F85C0316F0F2FAC1
:10CD90000123CDE900012B4A302116A817F05CFFD2
:10CDA00016A8109717F0ABFF16A90A1810A8FFF7DE
:10CDB000B3F8224910A8F6F7BBF8864616965EF837
:10CDC000083B7345844600F00C85169383681893DE
:10CDD000DCF80430179300232846CCE900E38CF8F4
:10CDE000083016AA1A49FFF799FB1698B04201D0ED
:10CDF00014F0C2FE1098B84201D014F0BDFE94F9B0
:10CE00007CC00A495FFA8CFEBCF1000FB8BFCEF1BE
:10CE100000024FF00003B8BF5FFA82FE8DF8773052
:10CE2000404618E008B30500CCB30500CDCCCCCC0F
:10CE3000F0B30500FCB3050008B4050050B20500CE
:10CE400014B40500BCB2050020B4050024B40500EC
:10CE500030B405004846A1FB0E23DB0803EB830238
:10CE6000AEEB4202303213F0FF0E00F8012C00F15D
:10CE7000FF39EFD1BCF1000FC0F2E08110974846B6
:10CE800017F03DFF09EB0002494610A8FFF744F8F0
:10CE9000B14910A8F6F74CF8014616A8F6F72AF89B
:10CEA000284616AAAD49FFF739FB1698B04201D0C3
:10CEB00014F062FE1098B84201D014F05DFEA8494B
:10CEC0002846F6F735F8A74BA74A94F888911696A6
:10CED000B9F1000F14BF91469946484617F00FFF6D
:10CEE000494609EB000216A8FFF716F8284616AACD
:10CEF0009E49FFF713FB1698B04201D014F03CFE98
:10CF00000022B4F804329A488DF87720C146A0FB7D
:10CF10000321C90801EB8102A3EB420303F13002B4
:10CF20008BB209F8012D002BF1D14846109717F06C
:10CF3000E6FE494609EB000210A8FEF7EDFF284681
:10CF400010AA8C49FFF7EAFA1098B84201D014F001
:10CF500013FE94F82031002B40F07C8194F881304E
:10CF6000A3B1854A854B94F8201216A8002914BF56
:10CF700011461946FFF72CF8284616AA8049FFF7F4
:10CF8000CDFA1698B04201D014F0F6FD94F8823034
:10CF9000A3B17C4A7C4B94F8221216A8002914BF36
:10CFA00011461946FFF714F8284616AA7749FFF7E5
:10CFB000B5FA1698B04201D014F0DEFDD4F8DC309A
:10CFC000002B00F0348104F1D80116A8FFF7E4F833
:10CFD000284616AA6E49FFF7A1FA1698B04201D06A
:10CFE00014F0CAFDD4F8C430002B00F0198104F10C
:10CFF000C00116A8FFF7D0F8284616AA6549FFF722
:10D000008DFA1698B04201D014F0B6FDD4F8F43081
:10D01000002B00F0FE8004F1F00116A8FFF7BCF829
:10D02000284616AA5C49FFF779FA1698B04201D053
:10D0300014F0A2FDD4F80C31002B00F0E38004F5CD
:10D04000847116A8FFF7A8F8284616AA5349FFF7D7
:10D0500065FA1698B04201D014F08EFD504928466A
:10D06000F5F766FF284623B0BDE8F08F04F14801CC
:10D0700016A8FFF791F89AE494F83B32002B40F0A1
:10D08000378394F83A224749474B002A08BF19468C
:10D0900016A8FEF79DFF284616AA4449FFF73EFA58
:10D0A0001698B04201D014F067FD94F83B32002B83
:10D0B0003FF47CADD4E9940106233D4ACDE900015B
:10D0C000302116A817F0C8FD16A904A8FEF780FFA6
:10D0D000384904A8F5F72CFF01460AA8F5F70AFF1E
:10D0E000D4E996010623CDE90001314A302116A882
:10D0F00017F0B2FD16A910A8FEF76AFF10AA0AA938
:10D1000016A8F6F701F8284616AA2B49FFF706FAE3
:10D110001698B04201D014F02FFD1098B84201D0FB
:10D1200014F02AFD0A98504501D014F025FD04980A
:10D1300048453FF43BAD14F01FFD37E51F4916A8E5
:10D14000FEF746FF284616AA1D49FFF7E7F916988D
:10D15000B0423FF423AD1FE53CB4050040B40500E8
:10D1600050B4050088AD050090AD0500F4B405008D
:10D17000CDCCCCCC7CB405005CAD050068AD050021
:10D1800090B4050074AD05007CAD0500A0B40500A9
:10D19000BCB40500C4B40500CCB40500D4B405008B
:10D1A000DCB405004CAD050044AD0500ECB2050053
:10D1B000BCB20500F4B20500F8B20500447C0500DD
:10D1C000D8B205007F4916A8FEF702FF284616AA26
:10D1D0007D49FFF7A3F91698B0423FF47EAC7AE49C
:10D1E000CDE901210093794A0346282116A817F0BA
:10D1F00033FD2BE4764A1696D11F16A8FEF78CFE57
:10D20000FFF7C3BB734A1696111F16A8FEF784FEDC
:10D210001AE7704A1696111F16A8FEF77DFEFFE664
:10D220006C4A1696111F16A8FEF776FEE4E6694AC8
:10D230001696111F16A8FEF76FFEC9E62D2309F8F2
:10D24000013CB0F1020910977FF419AEF1464FF09E
:10D25000FF3219E6D4F82411DFF890C1002381EAE7
:10D26000E170A0EBE1708DF8773000E0C846ACFBD0
:10D270000023DB0803EB8302A0EB4202303208F804
:10D28000012C184608F1FF39002BEFD10029C0F21C
:10D2900023821097484617F032FD09EB00024946F9
:10D2A00010A8FEF739FE4C4910A8F5F741FE0146DB
:10D2B00016A8F5F71FFE284616AA4849FFF72EF9CB
:10D2C0001698B04201D014F057FC1098B8423FF4C1
:10D2D00045AE14F051FC41E604F5947116A8FEF732
:10D2E000F1FF284616AA3E49FFF718F91698B042F2
:10D2F00001D014F041FC04F5A07116A8FEF7E2FF7E
:10D30000284616AA3749FFF709F91698B04201D006
:10D3100014F032FC04F5AC7116A8FEF7D3FF2846D2
:10D3200016AA3149FFF7FAF81698B0423FF464ABF9
:10D3300014F022FCFFF760BB0DF18808D4F824C17B
:10D340002A49002308F8113D8CEAEC7E4046AEEBFA
:10D35000EC7E00E05846A1FB0E23DB0803EB8302C2
:10D36000AEEB4202303200F8012C9E4600F1FF3B4A
:10D37000002BEFD1BCF1000FC0F2A28110975846EC
:10D3800017F0BDFC0BEB0002594610A8FEF7C4FDD8
:10D39000114910A8F5F7CCFD014616A8F5F7AAFD2E
:10D3A000284616AA1249FFF7B9F81698B04201D0DC
:10D3B00014F0E2FB1098B8423FF419AB14F0DCFB18
:10D3C000FFF715BB447C0500C8B2050088B2050014
:10D3D0004B7C05002CB2050050B2050084B405005A
:10D3E00068B2050078B205007CB20500CDCCCCCC8B
:10D3F00058B20500C4492846F5F79AFD04F547716F
:10D4000016A8FEF7C9FE284616AAC049FFF786F8F7
:10D410001698B04201D014F0AFFBD4F8380315F0E1
:10D4200087FFB5A3D3E9002315F0FCFF0323B84A17
:10D43000CDE90001302116A817F00EFC16A910A89E
:10D44000FEF7C6FDB34910A8F5F772FD014616A810
:10D45000F5F750FD284616AAAF49FFF75FF8169872
:10D46000B04201D014F088FB1098B84201D014F0FB
:10D4700083FBD4F83C0315F05BFFA1A3D3E90023A1
:10D4800015F0D0FF0123A24ACDE90001302116A8F2
:10D4900017F0E2FB16A910A8FEF79AFD9F4910A805
:10D4A000F5F746FD014616A8F5F724FD284616AA0D
:10D4B0009B49FFF733F81698B04201D014F05CFB9B
:10D4C0001098B84201D014F057FB002294F8403372
:10D4D000DFF860C28DF877204146ACFB0302D2082A
:10D4E00002EB8200A3EB4003303301F8013D02F070
:10D4F000FF03002AF1D110A8FEF76AFD894910A8A0
:10D50000FFF77EF9014616A8F5F7F4FC284616AA9F
:10D510008549FFF703F81698B04201D014F02CFBB0
:10D520001098B84201D014F027FB002294F8413340
:10D53000DFF800C28DF877204146ACFB0302D20829
:10D5400002EB8200A3EB4003303301F8013D02F00F
:10D55000FF03002AF1D110A8FEF73AFD734910A885
:10D56000FFF74EF9014616A8F5F7C4FC284616AA9F
:10D570006F49FEF7D3FF1698B04201D014F0FCFAC1
:10D580001098B84201D014F0F7FA94F942C36949EF
:10D590005FFA8CFEBCF1000FB8BFCEF100024FF075
:10D5A0000003B8BF5FFA82FE8DF87730404600E096
:10D5B0004846A1FB0E23DB0803EB8302AEEB4202DD
:10D5C000303213F0FF0E00F8012C00F1FF39EFD1DB
:10D5D000BCF1000FC0F212811097484617F08FFB84
:10D5E00009EB0002494610A8FEF796FC524910A824
:10D5F000F5F79EFC014616A8F5F77CFC284616AA0E
:10D600004E49FEF78BFF1698B04201D014F0B4FAE1
:10D610001098B84201D014F0AFFA94F84333484A56
:10D62000082110A817F018FB10A916A8FEF7D0FCC7
:10D63000284616AA4349FEF771FF1698B04201D05A
:10D6400014F09AFA0022B4F84433DFF8E8C08DF8F9
:10D6500077204146ACFB0302D20802EB8200A3EB29
:10D66000400303F1300093B201F8010D002BF1D11A
:10D6700010A8FEF7ADFC284610AA3349FEF74EFF6E
:10D680001098B84201D014F077FA304A304B94F831
:10D69000351316A8002914BF11461946FEF798FC49
:10D6A000284616AA2B49FEF739FF1698B04201D03A
:10D6B00014F062FA28492846F5F73AFCFFF782BAD7
:10D6C0002D230BF8013CB0F1020B10977FF457AEFD
:10D6D000F3464FF0FF3257E62D23B8F102081097BA
:10D6E00009F8013C40F0968081464FF0FF32D6E5C4
:10D6F0001A49CDE4AFF300808DEDB5A0F7C6B03E7A
:10D70000FCA9F1D24D62503F18B305003CB30500AF
:10D71000BCB2050044B305004CB3050058B3050086
:10D7200060B305006CB3050070B3050084B3050059
:10D7300088B30500CDCCCCCC50B2050094B3050025
:10D74000A0B30500A8B30500B4B3050054AD0500AF
:10D7500058AD0500C0B3050000990500E87B050041
:10D76000DCF80000DCF80410DCF80820DCF80C30F1
:10D77000BE46AEE80F00FFF784B8DEF80000DEF822
:10D780000410DEF80820DEF80C30B046A8E80F00E0
:10D79000FFF78DB8DEF80000DEF80410DEF8082090
:10D7A000DEF80C30B046A8E80F00FFF7CDB8DEF881
:10D7B0000000DEF80410DEF80820DEF80C30B14678
:10D7C000A9E80F00FFF78EBADEF80000DEF80410BB
:10D7D000DEF80820DEF80C30B146A9E80F00FFF7AC
:10D7E000BCBADEF80000DEF80410DEF80820DEF82F
:10D7F0000C30B146A9E80F00FFF7EABA2D2309F86B
:10D80000013CB0F1020910977FF4E7AEF1464FF00A
:10D81000FF32E7E6C1463DE52DE9F04F0C460968C9
:10D820006268ADF5337D0A44A8AF0546A6A8A69761
:10D83000FEF772FBBC49A6A8F5F77AFB0AA8A6A9D1
:10D84000FEF7AAFCA698B84201D014F095F904F1AD
:10D85000A803194610A81E460493FEF733FD16A828
:10D8600004F13001FEF798FC334604F5C67294F8D3
:10D870008811A6A8FEF786FB1CA8A6A9FEF78CFCBB
:10D88000A698B84201D014F077F904F1C00304F56A
:10D89000D27294F888110593A6A8FEF773FB22A80C
:10D8A000A6A9FEF779FCA698B84201D014F064F955
:10D8B00004F1D80304F5DE7294F888110693A6A843
:10D8C000FEF760FB28A8A6A9FEF766FCA698B8425A
:10D8D00001D014F051F904F1F00304F5EA7294F860
:10D8E00088110793A6A8FEF74DFB2EA8A6A9FEF760
:10D8F00053FCA698B84201D014F03EF904F58473A5
:10D9000004F5F67294F888110893A6A8FEF73AFB7E
:10D9100034A8A6A9FEF740FCA698B84201D014F09E
:10D920002BF900223CA994F888318DF8F020CDE93C
:10D930003A1204F18C010391002B40F0588694F8C0
:10D94000A420002A40F0F58448230093774B114629
:10D950003AA8FBF711FC0DF51A78A0AE0DF5227967
:10D960000DF51C7A002305F10802C5E900232B728E
:10D9700042F228312846FEF787FB0AAA94A86C4990
:10D98000FEF7D0FE6B4994A8F5F7D2FA014640465F
:10D99000F5F7B0FADDE90A124046FEF7D3FB01467F
:10D9A0003046F5F7A7FA64493046F5F7C1FA014663
:10D9B000A6A8F5F79FFAA79AA6992846FEF7C2FBF4
:10D9C000A698B84201D014F0D7F8A098484501D0E5
:10D9D00014F0D2F89A98504501D014F0CDF89498EC
:10D9E0000DF5167B584501D014F0C6F894F87F3039
:10D9F00016AA002B00F0448550493046FEF792FEEF
:10DA00004F493046F5F794FA0146A6A8F5F772FAA1
:10DA1000A79AA6992846FEF795FBA698B84201D08A
:10DA200014F0AAF8A098484501D014F0A5F810AA5F
:10DA30007CA84449FEF776FE43497CA8F5F778FABE
:10DA4000014682A8F5F756FA88A80399FEF7A4FBC9
:10DA500088AA82A98EA8F5F757FB3C498EA8F5F74E
:10DA600067FA014694A8F5F745FAE36C002B40F0FD
:10DA7000008537494046FEF7ABFA424694A9304646
:10DA8000F5F742FB33493046F5F752FA0146A6A8AE
:10DA9000F5F730FAA79AA6992846FEF753FBA69801
:10DAA000B84201D014F068F8A098484501D014F0AD
:10DAB00063F89A98504501D014F05EF89498584550
:10DAC00001D014F059F88E9890AB984201D014F020
:10DAD00053F888988AAB984201D014F04DF8829898
:10DAE00084AB984201D014F047F87C987EAB984202
:10DAF00001D014F041F894F87E30002B40F07C8582
:10DB0000154A164B94F8061288A800290CBF114636
:10DB10001946FEF75DFA124988A8FEF771FE014624
:10DB20008EA8F5F7E7F91DE098AD05009888050087
:10DB3000E488050060890500648F0500808F05007A
:10DB40009C8F0500D08F0500E88F05000C90050024
:10DB500028B20500C88F0500308705001C87050026
:10DB600098900500B7498EA8F5F7E2F9014694A808
:10DB7000F5F7C0F9B44BB54A94F88811404600292E
:10DB80000CBF11461946FEF723FA424694A93046C7
:10DB9000F5F7BAFAAE493046F5F7CAF90146A6A834
:10DBA000F5F7A8F9A79AA6992846FEF7CBFAA69802
:10DBB000B84201D013F0E0FFA098484501D013F01F
:10DBC000DBFF9A98504501D013F0D6FF9498584542
:10DBD00001D013F0D1FF8E9890AB984201D013F092
:10DBE000CBFF88988AAB984201D013F0C5FF94F818
:10DBF000873023B194F88630002B40F01E86D4F88D
:10DC00006423002A40F0E984924994A8FEF7E0F9E1
:10DC100094A94046FEF7C0FA8F494046FEF7F0FD52
:10DC200001463046F5F766F98C493046F5F780F93C
:10DC30000146A6A8F5F75EF9A79AA6992846FEF729
:10DC400081FAA698B84201D013F096FFA0984845F3
:10DC500001D013F091FF9A98504501D013F08CFF3A
:10DC60009498584501D013F087FF94F88830002B22
:10DC700000F03A847A4A7B4B94F87F1076A800290A
:10DC800014BF11461946FEF7A3F9774976A8FEF7A7
:10DC9000B7FD01467CA8F5F72DF974497CA8F5F786
:10DCA00047F9014682A8F5F725F9714B714A94F8B6
:10DCB0007F1088A800290CBF11461946FEF788F985
:10DCC00088AA82A98EA8F5F71FFA6B498EA8F5F7E6
:10DCD0002FF9014694A8F5F70DF904F5B8714046FF
:10DCE000FEF75AFA424694A93046F5F70DFA634911
:10DCF0003046F5F71DF90146A6A8F5F7FBF8A79AF7
:10DD0000A6992846FEF71EFAA698B84201D013F04D
:10DD100033FFA098484501D013F02EFF9A98504544
:10DD200001D013F029FF9498584501D013F024FF37
:10DD30008E9890AB984201D013F01EFF88988AAB62
:10DD4000984201D013F018FF829884AB984201D01A
:10DD500013F012FF7C987EAB984201D013F00CFFB9
:10DD6000769878AB984201D013F006FF3AAA40A803
:10DD70004349FEF7D7FC434940A8F5F7D9F80146D7
:10DD800046A8F5F7B7F8404B404A94F888114CA8DC
:10DD900000290CBF11461946FEF71AF94CAA46A9EC
:10DDA00052A8F5F7B1F93A4952A8F5F7C1F801467A
:10DDB00058A8F5F79FF8DDE91C1258A8FEF7C2F93C
:10DDC00001465EA8F5F796F832495EA8F5F7B0F877
:10DDD000014664A8F5F78EF8DDE9221264A8FEF783
:10DDE000B1F901466AA8F5F785F82B496AA8F5F755
:10DDF0009FF8014670A8F5F77DF8DDE9281270A8B4
:10DE0000FEF7A0F9014676A8F5F774F8234976A83D
:10DE1000F5F78EF801467CA8F5F76CF8DDE92E12CF
:10DE20007CA8FEF78FF9014682A8F5F763F81C4934
:10DE300082A8F5F77DF8014688A8F5F75BF8DDE9DB
:10DE400034122FE0C0900500408705005887050078
:10DE5000DC900500EC92050020930500749305000A
:10DE600064870500A08705003C94050088940500A0
:10DE7000CC87050010B20500BC9405001495050080
:10DE8000C495050000960500E08705008073050035
:10DE90007C9605001097050078970500DC97050033
:10DEA0004098050088A8FEF74DF901468EA8F5F7C1
:10DEB00021F8B8498EA8F5F73BF8014694A8F5F784
:10DEC00019F803994046FEF767F9424694A930468F
:10DED000F5F71AF9B0493046F5F72AF80146A6A831
:10DEE000F5F708F8A79AA6992846FEF72BF9A69801
:10DEF000B84201D013F040FEA098484501D013F07D
:10DF00003BFE9A98504501D013F036FE9498584540
:10DF100001D013F031FE8E9890AB984201D013F0EF
:10DF20002BFE88988AAB984201D013F025FE829888
:10DF300084AB984201D013F01FFE7C987EAB9842D0
:10DF400001D013F019FE769878AB984201D013F007
:10DF500013FE709872AB984201D013F00DFE6A98D0
:10DF60006CAB984201D013F007FE649866AB984200
:10DF700001D013F001FE5E9860AB984201D013F01F
:10DF8000FBFD58985AAB984201D013F0F5FD52981A
:10DF900054AB984201D013F0EFFD4C984EAB984231
:10DFA00001D013F0E9FD469848AB984201D013F038
:10DFB000E3FD409842AB984201D013F0DDFD94F8A8
:10DFC0007E30002B40F0C68394F8813073B3734ADF
:10DFD000734B94F82012404600290CBF1146194695
:10DFE000FDF7F6FF6F494046FEF70AFC0146304652
:10DFF000F4F780FF6C493046F4F79AFF0146A6A873
:10E00000F4F778FFA79AA6992846FEF79BF8A698FA
:10E01000B84201D013F0B0FDA098484501D013F0EC
:10E02000ABFD9A98504501D013F0A6FDB2A900238C
:10E0300001F8113DDFF888C1B4F80432ACFB0320CD
:10E04000C00800EB8002A3EB4202303283B201F839
:10E05000012D002BF2D14046FDF7BAFF534940464F
:10E06000FEF7CEFB01463046F4F744FF50493046F8
:10E07000F4F75EFF0146A6A8F4F73CFFA79AA6991D
:10E080002846FEF75FF8A698B84201D013F074FD59
:10E09000A098484501D013F06FFD9A98504501D0E3
:10E0A00013F06AFD94F88230002B64D03C4B3B4A5D
:10E0B00094F8221288A800290CBF11461946FDF7D2
:10E0C00087FF3C4988A8FEF79BFB01468EA8F4F722
:10E0D00011FF39498EA8F4F72BFF014694A8F4F7F5
:10E0E00009FFB2A9002301F8113DDFF8D4C0B4F84C
:10E0F0002432ACFB0320C00800EB8002A3EB4202F9
:10E10000303283B201F8012D002BF2D14046FDF7E9
:10E110005FFF424694A93046F4F7F6FF27493046A0
:10E12000F4F706FF0146A6A8F4F7E4FEA79AA6991D
:10E130002846FEF707F8A698B84201D013F01CFD58
:10E14000A098484501D013F017FD9A98504501D08A
:10E1500013F012FD9498584501D013F00DFD8E98E0
:10E1600090AB984201D013F007FD88988AAB984293
:10E1700001D013F001FD94F88330002B4CD094F8BB
:10E180008830002B00F01981044A054B94F82112C5
:10E19000404617E0A0980500F4980500807305003C
:10E1A000E0870500C0990500209A0500649A0500E3
:10E1B000C09A0500509B0500B49C05007C9D05009D
:10E1C000CDCCCCCC00290CBF11461946FDF700FF81
:10E1D000B1494046FEF714FB01463046F4F78AFE8B
:10E1E000AE493046F4F7A4FE0146A6A8F4F782FE35
:10E1F000A79AA6992846FDF7A5FFA698B84201D090
:10E2000013F0BAFCA098484501D013F0B5FC9A98D9
:10E21000504501D013F0B0FC94F87E304BB194F827
:10E220008430002B40F0CE8094F88330002B40F0F7
:10E23000C98094F88830002B37D0994A994B94F8CC
:10E240000612404600290CBF11461946FDF7C0FED4
:10E2500095494046FEF7D4FA01463046F4F74AFEA7
:10E2600092493046F4F764FE0146A6A8F4F742FE50
:10E27000A79AA6992846FDF765FFA698B84201D04F
:10E2800013F07AFCA098484501D013F075FC9A98D9
:10E29000504501D013F070FC94F88030002B40F012
:10E2A000308283492846F4F743FE94F88A30002BE5
:10E2B00040F015827F492846F4F73AFE3A983CAB85
:10E2C000984201D013F058FC349836AB984201D0F4
:10E2D00013F052FC2E9830AB984201D013F04CFC56
:10E2E00028982AAB984201D013F046FC229824AB20
:10E2F000984201D013F040FC1C981EAB984201D00C
:10E3000013F03AFC169818AB984201D013F034FC85
:10E31000109812AB984201D013F02EFC0A980CAB67
:10E32000984201D013F028FC28460DF5337DBDE856
:10E33000F08F0DF51A784046FDF72EFF5E494046F6
:10E34000FEF75EFAA0AE01463046F4F7D3FD5B4916
:10E350003046F4F7EDFD0146A6A8F4F7CBFDA69AEA
:10E360003A9BBA4200F0E182A798A8990DF1F00C0F
:10E370006345CDE93A2000F0BF813C9A3C91002BE7
:10E3800000F0BB81A693A8920022A7921A70A698CB
:10E39000B84201D013F0F0FBA0980DF52279484562
:10E3A00001D013F0E9FB9A980DF51C7A50453FF423
:10E3B000D9AA13F0E1FBFFF7D5BA94F87E30002B11
:10E3C0003FF473AF3E492846F4F7B2FD94F8843029
:10E3D0007BB394F82932002B00F08B82B4F82A0228
:10E3E00014F0B6FF2AA3D3E9002315F01BF803238A
:10E3F000344ACDE900013021A6A816F02DFCA6A9CB
:10E400003046FDF7E5FD30493046F4F791FD014611
:10E41000A6A8F4F76FFD2846A6AA2C49FEF77EF8B9
:10E42000A698B84240F0CB82A098484501D013F09E
:10E43000A3FB94F88330BBB194F8393233B194F82C
:10E440003B32002B00F08B82214900E02149A6A835
:10E45000FDF7BEFD2846A6AA1F49FEF75FF8A6985D
:10E46000B84201D013F088FB1C492846F4F760FD40
:10E47000DFE604F148014046FDF78EFEFFF7FDBAE6
:10E4800017493046FEF74EF91649FFF7BABA00BFF2
:10E49000FCA9F1D24D62503FF09E05001CA0050082
:10E4A00004880500F887050028A1050040A30500A1
:10E4B000B8A70500A4AB05005C880500948805009A
:10E4C000D0A00500BCB20500C4B20500C8B205006A
:10E4D000E87B0500EC870500ECB2050024940500FC
:10E4E000A88F0500C88F050094F87E30002B3FF4FC
:10E4F000D9AD86492846F4F71BFD854A854B94F82B
:10E500008811A6A800290CBF11461946FDF760FD29
:10E510002846A6AA8049FEF701F8A698B84201D07D
:10E5200013F02AFB0499A6A8FDF7CCFE2846A6AA5C
:10E530007A49FDF7F3FFA698B84201D013F01CFB0F
:10E540000599A6A8FDF7BEFE2846A6AA7449FDF7C0
:10E55000E5FFA698B84201D013F00EFB0699A6A8D5
:10E56000FDF7B0FE2846A6AA6E49FDF7D7FFA6988C
:10E57000B84201D013F000FBD4F8F430002B00F0C7
:10E58000CD810799A6A8FDF707FE2846A6AA6649E9
:10E59000FDF7C4FFA698B84201D013F0EDFAD4F805
:10E5A0000C31002B00F0B3810899A6A8FDF7F4FD0B
:10E5B0002846A6AA5D49FDF7B1FFA698B84201D04A
:10E5C00013F0DAFA5A492846F4F7B2FC94F8883086
:10E5D000002B3FF467ADFFF74DBBD4F86013CDF8C7
:10E5E00050B20A4494A8FDF797FCFFF711BB4C23E7
:10E5F0000093504BFFF7ABB976A804F59471FDF783
:10E6000061FE4D4976A8FEF7FBF801467CA8F4F7B9
:10E6100071FC4A497CA8F4F78BFC014682A8F4F708
:10E6200069FC04F5A07188A8FDF74CFE88AA82A9B0
:10E630008EA8F4F769FD42498EA8F4F779FC0146EB
:10E6400094A8F4F757FC04F5AC714046FDF73AFE88
:10E65000424694A93046F4F757FD3A493046F4F75C
:10E6600067FC0146A6A8F4F745FCA79AA699284698
:10E67000FDF768FDA698B84201D013F07DFAA09886
:10E68000484501D013F078FA9A98504501D013F01C
:10E6900073FA9498584501D013F06EFA8E9890ABA7
:10E6A000984201D013F068FA88988AAB984201D05A
:10E6B00013F062FA829884AB984201D013F05CFAAE
:10E6C0007C987EAB984201D013F056FA769878ABDE
:10E6D00098423FF415AA13F04FFAFFF711BA1A49FE
:10E6E0002846F4F725FC636E002B40F0D7801749CD
:10E6F0002846F4F71DFCDDE53C91A697A8AF3B4604
:10E7000042E613492846F4F713FCCAE5CC9305000A
:10E7100088AD050090AD0500F4B4050024B20500F5
:10E72000C4B40500BCB40500CCB40500D4B40500E5
:10E73000249405000C8805003890050054900500CD
:10E7400074900500C88F050090A8050044AA050034
:10E75000D8A5050004F5947176A8FDF7B3FD9D4991
:10E7600076A8FEF74DF801467CA8F4F7C3FB9A495A
:10E770007CA8F4F7DDFB014682A8F4F7BBFB04F5A7
:10E78000A07188A8FDF79EFD88AA82A98EA8F4F73B
:10E79000BBFC92498EA8F4F7CBFB014694A8F4F792
:10E7A000A9FB04F5AC714046FDF78CFD424694A9E7
:10E7B0003046F4F7A9FC8A493046F4F7B9FB014624
:10E7C000A6A8F4F797FBA79AA6992846FDF7BAFCE6
:10E7D000A698B84201D013F0CFF9A098484501D0CF
:10E7E00013F0CAF99A98504501D013F0C5F99498DE
:10E7F000584501D013F0C0F98E9890AB984201D0E3
:10E8000013F0BAF988988AAB984201D013F0B4F9A2
:10E81000829884AB984201D013F0AEF97C987EAB1D
:10E82000984201D013F0A8F9769878AB98423FF45B
:10E83000CBAB13F0A1F9FFF7C7BB16AA6949404655
:10E84000FDF770FF684A694B94F87F104046002935
:10E850000CBF11461946F4F76BFB01463046F4F73E
:10E8600049FB63493046F4F763FB0146A6A8F4F779
:10E8700041FBA79AA6992846FDF764FCA698B842E2
:10E8800001D013F079F9A098484501D013F074F93C
:10E890009A9850457FF4E7A9FFF7E7B904F16001C2
:10E8A0004046FDF779FC53494046FDF7A9FF014674
:10E8B0003046F4F71FFB50493046F4F739FB014668
:10E8C000A6A8F4F717FBA79AA6992846FDF73AFCE5
:10E8D000A698B84201D013F04FF9A098484501D04E
:10E8E00013F04AF99A9850453FF401AF13F044F9F8
:10E8F000FDE64249A6A8FDF76BFB2846A6AA4049BB
:10E90000FDF70CFEA698B8427FF491AD91E53D4A23
:10E91000A697111FA6A8FDF7FFFA49E6394AA69760
:10E92000111FA6A8FDF7F8FA2FE63CAA9342DDF8DE
:10E930009CA214BF3C9A0F22924518D8BAF1000F3E
:10E9400006D0BAF1010FA69933D10A781A703A9B12
:10E95000CDF8ECA0002203F80A20A69B14E594F859
:10E960003A222949294B002A18BF19466FE5BAF106
:10E97000000F2BDB4FEA4209CA4523D2B9F1000F41
:10E98000AEBF09F101004FF000406FF0004913F0F5
:10E99000EFF803463A983CAA904203D0099313F04B
:10E9A000EBF8099B3A93CDF8F090BAF1000FCFD075
:10E9B000C7E71846524615F042FA3A9BC8E713F0EB
:10E9C000DBF831E50AF10100D146E0E7104814F028
:10E9D000DDFA00BF089905004899050080990500F7
:10E9E000F498050028910500807305003CAD0500F2
:10E9F000C8920500A8A90500E4A90500447C05000B
:10EA0000C8B205002CB2050044AD05004CAD0500B0
:10EA1000AC7B0500F0B58FB0054602A8FDF766FC9B
:10EA200001230022009302A82B4B1146FAF7A4FB06
:10EA30000AAF0646089756F8083BB342044639D059
:10EA4000826808930A92636809930023C4E900630B
:10EA5000099923726FF00043994239D0089BBB4259
:10EA600018BF0A9A01F1010408BF0F22944219D875
:10EA700022225A54089B099400221A55089B05F13A
:10EA80000804BB422C601DD00A9A2B60AA60099B27
:10EA900002986B6004AB984201D013F06DF82846E1
:10EAA0000FB0F0BD0123009300220B4B08A8F4F730
:10EAB000BDFADFE730687168B268F368BC46ACE85D
:10EAC0000F00C0E70FCFA860E9602A616B61DEE745
:10EAD000024814F05BFA00BF74840500F07B050067
:10EAE00010B54B6804461BB1FFF794FF204610BDDC
:10EAF000044A00F108030360111FFDF70DFA2046D8
:10EB000010BD00BF708405002DE9F04F0F46C44CC6
:10EB1000C44D91F83912ADF2C44D00290CBF2946FD
:10EB2000214682467CA8FDF753FABF497CA8FDF731
:10EB300067FE014682A8F4F7DDF9BC4982A8F4F724
:10EB4000F7F9014688A8F4F7D5F997F838128EA896
:10EB500000290CBF29462146FDF73AFA8EAA88A95A
:10EB600094A8F4F7D1FAB24994A8F4F7E1F9014670
:10EB70009AA8F4F7BFF997F83A12A0A800290CBF99
:10EB800029462146FDF724FAA0AA9AA9A6A8F4F7D7
:10EB9000BBFAA849A6A8F4F7CBF90146ACA8F4F74C
:10EBA000A9F997F83B12B2A800290CBF29462146C3
:10EBB000FDF70EFAB2AAACA9B8A8F4F7A5FA9E49D7
:10EBC000B8A8F4F7B5F90DF598640146BEA8F4F7B6
:10EBD00091F9002304F8113D97F83C320494214642
:10EBE000964CA4FB0302D20802EB8200A3EB400385
:10EBF000303301F8013D02F0FF03002AF1D1C4A82F
:10EC0000FDF7E6F9C4AACAA8BEA9F4F77DFA8C49B3
:10EC1000CAA8F4F78DF90146D0A8F4F76BF997F874
:10EC20003B32002B01F02B80D7E994230DF592693C
:10EC3000CDE9002330210623824AD6AC484606940B
:10EC400016F00AF849462046FDF7C2F9D8AB0793FB
:10EC5000069ADCA8D0A9F4F757FA7B49DCA8F4F7A8
:10EC600067F90146E2A8F4F745F997F83B32002B23
:10EC700000F0FA87D7E996010623CDE90001714A31
:10EC800030214846E8AE15F0E7FF30464946FDF72B
:10EC90009FF9EAAB02933246EEA8E2A9F4F734FA00
:10ECA0006A49EEA8F4F744F90146F4A8F4F722F90A
:10ECB00097F86032002B00F0CB87D7E99A01012347
:10ECC000CDE900015F4A3021FAAC4846059415F0C1
:10ECD000C3FF20464946FDF77BF9FCAB0393059A39
:10ECE0000DF58060F4A9F4F70FFA59490DF580602D
:10ECF000F4F71EF901460DF58360F4F7FBF80023E5
:10ED000097F83D424D4A04998DF8AF34A2FB0403B5
:10ED1000DB0803EB8300A4EB4004303401F8014D21
:10ED200003F0FF04002BF1D10DF58660FDF750F9DB
:10ED30000DF586620DF589600DF58361F4F7E4F950
:10ED400044490DF58960F4F7F3F801460DF58C6040
:10ED5000F4F7D0F897F83E32384804998DF8AF446C
:10ED6000A0FB0342D20802EB8204A3EB440330333E
:10ED700001F8013D02F0FF03002AF1D10DF58F608B
:10ED8000FDF726F90DF58F620DF58C614846F4F715
:10ED9000BBF931494846F4F7CBF801465046F4F741
:10EDA000A9F8DDF890040DF59363984201D012F0B4
:10EDB000E3FEDDF878040DF59063984201D012F07F
:10EDC000DBFEDDF860040DF58D63984201D012F092
:10EDD000D3FEDDF848040DF58A63984201D012F0A5
:10EDE000CBFEDDF830040DF58763984201D012F0B8
:10EDF000C3FEDDF818040DF58463984201D012F0CB
:10EE0000BBFEDDF800040DF58163984201D012F0DD
:10EE1000B3FEFA98039B984220D012F0ADFE1DE09D
:10EE2000BC7A0500C47A0500C4840500D0840500BE
:10EE3000E0840500EC84050000850500CDCCCCCC39
:10EE40000C850500BCB20500288505003885050045
:10EE500048850500688505007C850500F498F6ABBB
:10EE6000984201D012F088FEEE98F0AB984201D0A3
:10EE700012F082FE3068029B984201D012F07CFEB4
:10EE8000E298E4AB984201D012F076FEDC98DEAB5B
:10EE9000984201D012F070FE069B1868079B9842BA
:10EEA00001D012F069FED098D2AB984201D012F096
:10EEB00063FECA98CCAB984201D012F05DFEC498B4
:10EEC000C6AB984201D012F057FEBE98C0AB984234
:10EED00001D012F051FEB898BAAB984201D012F0AE
:10EEE0004BFEB298B4AB984201D012F045FEAC98FC
:10EEF000AEAB984201D012F03FFEA698A8AB984264
:10EF000001D012F039FEA098A2AB984201D012F0C5
:10EF100033FE9A989CAB984201D012F02DFE949843
:10EF200096AB984201D012F027FE8E9890AB984293
:10EF300001D012F021FE88988AAB984201D012F0DD
:10EF40001BFE829884AB984201D012F015FE7C988B
:10EF50007EAB984201D012F00FFED7F84012D7F8DE
:10EF60004432994200F0E0824FF00008444608EB3A
:10EF7000880501EBC5052946E2A8FFF74BFD0723ED
:10EF8000002200931146694BE2A8FAF7F5F8029BBC
:10EF90003360864684465EF8083B734500F012866F
:10EFA00033608368B360DCF804307360CCE900E45C
:10EFB0008CF8084072686FF000439B1A142B40F2E3
:10EFC000968615225A493046FDF7BCF8F0AB8646C6
:10EFD000EE935EF8083B7345844600F0E585EE93BA
:10EFE0008368F093DCF80430EF938CF808402B7EB4
:10EFF000CCE900E4002B00F03682B5F91AC0049980
:10F000008DF8AF441FFA8CF3BCF1000FBCBF5B421C
:10F010009BB2484800E05946A0FB032E4FEADE0EA3
:10F020000EEB8E02A3EB420230321FFA8EF301F890
:10F03000012C01F1FF3B002BEDD1BCF1000FC0F220
:10F040003082F6ABF493584615F059FE0BEB0002F4
:10F050005946F4A8FCF760FFEE9BDDF8BCC3F59AB7
:10F06000F0A98B4218BFDDF8C0E3F4990CEB020065
:10F0700008BF4FF00F0E70450AD90DF5767E714529
:10F0800014BFDDF8D8E34FF00F0E704540F2388220
:10F09000EEA8FDF757F88446E646039BFA935EF820
:10F0A000083B734500F07285FA93DCF80830FC9356
:10F0B000DCF80430FB93CCE900E48CF80840FB9AC0
:10F0C0006FF000439B1A122B40F2118613221A494B
:10F0D0000598FDF737F80DF581638646CDF80034C5
:10F0E0005EF8083B7345844600F03D85CDF800345A
:10F0F0008368CDF80834DCF80430CDF804348CF89B
:10F1000008402B7FCCE900E4002B00F0BF81B5F96B
:10F110001EC004998DF8AF441FFA8CF3BCF1000FA8
:10F12000BCBF5B429BB2034809E000BFE08505001D
:10F13000E8850500CDCCCCCC008605005946A0FB67
:10F14000032E4FEADE0E0EEB8E02A3EB42023032AC
:10F150001FFA8EF301F8012C01F1FF3B002BEDD1DA
:10F16000BCF1000FC0F2AA810DF58463CDF818340C
:10F17000584615F0C4FD0BEB000259460DF58360AF
:10F18000FCF7CAFEDDF80034DDF804C4DDF81C2409
:10F190000DF581618B4218BFDDF808E4DDF8181425
:10F1A0000CEB020008BF4FF00F0E70450AD90DF5A9
:10F1B000846E714514BFDDF820E44FF00F0E7045EA
:10F1C00040F28B810DF58060FCF7BCFF8446E6467B
:10F1D0000DF58763CDF830345EF8083B734500F0D9
:10F1E000FF84CDF83034DCF80830CDF83834DCF862
:10F1F0000430CDF83434CCE900E48CF80840DDF874
:10F2000034246FF000439B1A092B40F270850A22C8
:10F21000C0490DF58660FCF795FF0DF58A638646BB
:10F22000CDF848345EF8083B7345844600F0E68428
:10F23000CDF848348368CDF85034DCF80430CDF88C
:10F240004C348CF8084095F82030CCE900E4002BD1
:10F2500000F01181686A14F08DF8AF4ACDE9000121
:10F2600001233021484615F0F7FC0DF58D63484623
:10F27000CDF8603415F043FD494609EB00020DF569
:10F280008C60FCF749FEDDF84834DDF84C54DDF8BD
:10F2900064240DF58A618B4218BFDDF850C4DDF897
:10F2A000601405EB020008BF4FF00F0C60450AD94F
:10F2B0000DF58D6C614514BFDDF868C44FF00F0C7F
:10F2C000604540F214810DF58960FCF73BFF05466F
:10F2D000AC460DF59063CDF878345CF8083B634597
:10F2E00000F0A884CDF87834AB68CDF880346B6832
:10F2F000CDF87C34C5E900C42C72DDF87C246FF0B5
:10F3000000439A4200F0F384012284490DF58F6096
:10F31000FCF718FF0DF593638446CDF890345CF844
:10F32000083B6345054600F07784CDF89034836848
:10F33000CDF898346B68CDF89434C5E900C42C72CC
:10F34000DDF89424DDF890145046FCF7FBFEDDF860
:10F3500090040DF59363984201D012F00DFCDDF896
:10F3600078040DF59063984201D012F005FCDDF8A9
:10F3700060040DF58D63984201D012F0FDFBDDF8BD
:10F3800048040DF58A63984201D012F0F5FBDDF8D0
:10F3900030040DF58763984201D012F0EDFBDDF8E3
:10F3A00018040DF58463984201D012F0E5FBDDF8F6
:10F3B00000040DF58163984201D012F0DDFBFA984C
:10F3C000039B984201D012F0D7FBF498F6AB984219
:10F3D00001D012F0D1FBEE98F0AB984201D012F0C0
:10F3E000CBFB3068029B984201D012F0C5FBE2983B
:10F3F000E4AB984201D012F0BFFBD7F84012D7F827
:10F400004432474A5B1ADB1008F1010802FB03F3A0
:10F41000984580F08980B8F1000F3FF4A8AD5346BD
:10F42000DAF804B053F8082B9A4218BFDAF808301B
:10F430000BF1010508BF0F239D4209D901220023CA
:10F44000009259461A465046F3F7F0FDDAF80020CC
:10F450002C2302F80B30DAF80030CAF804505C555F
:10F46000D7F8401283E52F4AF6AB111FF4A8F493A6
:10F47000FCF752FDF0E52B4A0DF58D63111F0DF5DC
:10F480008C60CDF86034FCF747FDFCE6254A0DF5AD
:10F490008463111F0DF58360CDF81834FCF73CFD33
:10F4A00070E62D22F6A80BF8012CB1F1020BF490B6
:10F4B0007FF4C9AD9B464FF0FF32C9E52D220DF513
:10F4C00084600BF8012CB1F1020BCDF818047FF425
:10F4D0004FAE9B464FF0FF324FE60022CDF800C002
:10F4E00011460DF58360F9F747FE84466FE600226A
:10F4F000009511460DF58C60F9F73EFE0546E7E6EE
:10F500000022CDF800C01146F4A8F9F735FE844674
:10F51000C2E500BF14860500BCB2050020860500C8
:10F52000CDCCCCCC708405000AA807F52471FFF778
:10F53000D7FAC2490AA8FDF763F9014610A8F3F704
:10F54000D9FCBF4910A8F3F7F3FC014616A8F3F75E
:10F55000D1FC1CA807F52A71FFF7C2FA1CAA16A94C
:10F5600022A8F3F7D1FDB74922A8F3F7E1FC014641
:10F5700028A8F3F7BFFC2EA807F53071FFF7B0FA03
:10F580002EAA28A934A8F3F7BFFDAF4934A8F3F792
:10F59000CFFC01463AA8F3F7ADFC97F87032002B88
:10F5A00040F07B830DF5807BA84A42AB111F584683
:10F5B000CBF800300893FCF7AFFC5A4646A83AA9AE
:10F5C000F3F7A2FDA24946A8F3F7B2FC01464CA806
:10F5D000F3F790FC97F88032002B00F07183D7E9A5
:10F5E000A2010223CDE900019A4A302148460DF5D7
:10F5F000A47815F031FB40464946FCF7E9FC54ABD2
:10F600000993424658A84CA9F3F77EFD924958A8A1
:10F61000F3F78EFC01465EA8F3F76CFC64A807F5CF
:10F620003671FFF75DFA64AA5EA96AA8F3F76CFD6C
:10F630008A496AA8F3F77CFC014670A8F3F75AFCE4
:10F640000023D7F8F052864A04998DF8AF34A2FB14
:10F650000503DB0803EB8300A5EB4005303501F81B
:10F66000015D1D46002BF2D176A8FCF7B1FC76AA0D
:10F6700070A97CA8F3F748FD7A497CA8F3F758FCF9
:10F68000014682A8F3F736FCD7F8F442744A04998D
:10F690008DF8AF54A2FB0403DB0803EB8300A4EB5B
:10F6A0004004303401F8014D1C46002BF2D188A8EB
:10F6B000FCF78EFC88AA82A98EA8F3F725FD6A497B
:10F6C0008EA8F3F735FC014694A8F3F713FCD7F89E
:10F6D000F852634A04998DF8AF44A2FB0503DB0896
:10F6E00003EB8300A5EB4005303501F8015D1D46B5
:10F6F000002BF2D19AA8FCF76BFC9AAA94A9A0A8B7
:10F70000F3F702FD5949A0A8F3F712FC0146A6A899
:10F71000F3F7F0FBD7F8FC42514A04998DF8AF5447
:10F72000A2FB0403DB0803EB8300A4EB40043034AA
:10F7300001F8014D1C46002BF2D1ACA8FCF748FCA7
:10F74000ACAAA6A9B2A8F3F7DFFC4949B2A8F3F71F
:10F75000EFFB0146B8A8F3F7CDFBB7F90013BEA83D
:10F76000FCF750FCBEAAB8A9C4A8F3F7CDFC4149E8
:10F77000C4A8F3F7DDFB0146CAA8F3F7BBFBB7F952
:10F780000213D0A8FCF73EFC069DD0AA2846CAA9C1
:10F79000F3F7BAFC38492846F3F7CAFB0146DCA860
:10F7A000F3F7A8FBD7F804532D4A04998DF8AF441A
:10F7B000A2FB0503DB0803EB8300A5EB4005303516
:10F7C00001F8015D1D46002BF2D1E2A8FCF700FC18
:10F7D000E2AADCA93046F3F797FC28493046F3F754
:10F7E000A7FB0146EEA8F3F785FBB7F90813F4A8C9
:10F7F000FCF708FC059CF4AAEEA92046F3F784FC6C
:10F800001F492046F3F794FB01460DF58060F3F79E
:10F8100071FBB7F90A130DF58360FCF7F3FB0DF5E7
:10F8200083620DF580610DF58660F3F76DFC154977
:10F830000DF58660F3F77CFB26E000BF8C850500A4
:10F84000A4850500B0850500C48505007084050009
:10F8500024860500BCB205003886050058860500E0
:10F86000CDCCCCCC7486050090860500A48605001E
:10F87000C0860500D0860500E0860500F0860500FC
:10F88000008705001087050001460DF58960F3F734
:10F8900031FB97F80C33002B00F01E82D7F81033A1
:10F8A000B84804998DF8AF54A0FB0342D20802EB8C
:10F8B0008204A3EB4403303301F8013D1346002AD0
:10F8C000F2D10DF58C60FCF783FB0DF58C620DF524
:10F8D00089610DF58F60F3F717FCAB490DF58F606B
:10F8E000F3F726FB01464846F3F704FBDDF89424C2
:10F8F000DDF890145046FCF725FCDDF890040DF57A
:10F900009363984201D012F037F9DDF878040DF5D1
:10F910009063984201D012F02FF9DDF860040DF5E4
:10F920008D63984201D012F027F9DDF848040DF5F7
:10F930008A63984201D012F01FF9DDF830040DF50A
:10F940008763984201D012F017F9DDF818040DF51D
:10F950008463984201D012F00FF9DDF800040DF530
:10F960008163984201D012F007F9FA98039B9842FC
:10F9700001D012F001F9F498F6AB984201D012F0E0
:10F98000FBF8EE98F0AB984201D012F0F5F8306831
:10F99000029B984201D012F0EFF8E298E4AB984253
:10F9A00001D012F0E9F8DC98DEAB984201D012F0F9
:10F9B000E3F8069B1868079B984201D012F0DCF828
:10F9C000D098D2AB984201D012F0D6F8CA98CCABFE
:10F9D000984201D012F0D0F8C498C6AB984201D03A
:10F9E00012F0CAF8BE98C0AB984201D012F0C4F829
:10F9F000B898BAAB984201D012F0BEF8B298B4AB46
:10FA0000984201D012F0B8F8AC98AEAB984201D051
:10FA100012F0B2F8A698A8AB984201D012F0ACF858
:10FA2000A098A2AB984201D012F0A6F89A989CAB8D
:10FA3000984201D012F0A0F8949896AB984201D069
:10FA400012F09AF88E9890AB984201D012F094F888
:10FA500088988AAB984201D012F08EF8829884ABD5
:10FA6000984201D012F088F87C987EAB984201D081
:10FA700012F082F8769878AB984201D012F07CF8B8
:10FA8000709872AB984201D012F076F86A986CAB1D
:10FA9000984201D012F070F8649866AB984201D099
:10FAA00012F06AF85E9860AB984201D012F064F8E8
:10FAB00058985AAB984201D012F05EF8D8F800007E
:10FAC000099B984201D012F057F84C984EAB9842DF
:10FAD00001D012F051F8469848AB984201D012F08C
:10FAE0004BF8DBF80000089B984201D012F044F874
:10FAF0003A983CAB984201D012F03EF8349836ABBD
:10FB0000984201D012F038F82E9830AB984201D0CC
:10FB100012F032F828982AAB984201D012F02CF853
:10FB2000229824AB984201D012F026F81C981EAB04
:10FB3000984201D012F020F8169818AB984201D0E4
:10FB400012F01AF8109812AB984201D012F014F883
:10FB50000A980CAB984201D012F00EF850460DF204
:10FB6000C44DBDE8F08FDEF80000DEF80410DEF8CA
:10FB70000820DEF80C300DF5816BABE80F00FFF7C5
:10FB8000BABA00BFCDCCCCCC7C7A0500DEF8000040
:10FB9000DEF80410DEF80820DEF80C30DDF80CB0DA
:10FBA000ABE80F00FFF784BADEF80000DEF80410BF
:10FBB000DEF80820DEF80C300DF5707BABE80F00A6
:10FBC000FFF710BADEF80000DEF80410DEF80820B7
:10FBD000DEF80C30DDF808B0ABE80F00FFF7E3B952
:10FBE000DEF80000DEF80410DEF80820DEF80C3045
:10FBF0000DF5876BABE80F00FFF7F9BADEF80000F0
:10FC0000DEF80410DEF80820DEF80C300DF58A6B03
:10FC1000ABE80F00FFF711BBDCF80000DCF80410C4
:10FC2000DCF80820DCF80C300DF5936EAEE80F0020
:10FC3000FFF780BBDCF80000DCF80410DCF80820DB
:10FC4000DCF80C300DF5906EAEE80F00FFF74FBBFF
:10FC5000284AFAAB05931846111FFCAB0393FA939D
:10FC6000FCF75AF9FFF73BB8224AE8AEEAAB111F9E
:10FC7000304602933360FCF74FF9FFF70CB81D4A8A
:10FC8000D6ABD8AC111F184606930794D6940DF541
:10FC90009269FCF741F9FEF7DBBFD7E99E01022329
:10FCA000CDE90001144A302148460DF5807B14F05F
:10FCB000D3FF58464946FCF78BF942AB08937CE4E6
:10FCC0000DF5A4780B4A54AB111F4046C8F800301C
:10FCD0000993FCF721F994E4064A0DF58D63111F91
:10FCE0000DF58C60CDF86034FCF716F9EDE50348AE
:10FCF00013F04CF970840500BCB20500F07B0500E0
:10FD00002DE9F04FADF5237D804672A80D46FEF734
:10FD100081FE09230022009372A8B74B1146F9F720
:10FD20002BFA0DF5F47B0646CDF8E0B156F8083B0A
:10FD3000B342044600F01C84789383687A93636826
:10FD400079930023C4E90063237278A8AB49F3F7E1
:10FD5000EFF880AB06467E9356F8083BB342044664
:10FD600000F0F7837E938368809363687F9300231A
:10FD7000C4E90063237284A805F11801FEF74AFE66
:10FD800084AA8AA87EA9F3F7BFF98AA89C49F3F749
:10FD9000CFF892AE0746909657F8083BBB42044610
:10FDA00000F0DE83909383689293636891930023BD
:10FDB000C4E90073237296A805F13001FEF72AFE0C
:10FDC00006A896AA90A9F3F79FF996980DF51879C9
:10FDD000484501D011F0D0FE9098B04201D011F00A
:10FDE000CBFE8A980DF50C7A504501D011F0C4FE77
:10FDF000849886AB984201D011F0BEFE7E9880AB0D
:10FE0000984201D011F0B8FE7898584501D011F011
:10FE1000B3FE729874AB984201D011F0ADFE95F824
:10FE20007F70002F00F0EA82D5E90C128AA80A44FC
:10FE3000CDF828A2FCF770F872498AA8F3F778F891
:10FE40008AA990A8FEF7E6FD082300220093114638
:10FE50006D4B90A8F9F790F98446CDF858925CF86C
:10FE6000083B6345044600F0148396938368989397
:10FE7000636897930023C4E900C32372979A969905
:10FE800006A8FCF75FF99698484501D011F074FE7A
:10FE90009098B04201D011F06FFE27B18A9850457A
:10FEA00001D011F069FE0CA805F18C01FEF7B2FD3E
:10FEB0000D23002200930CA8544B1146F9F75CF96E
:10FEC00014AB0746129357F8083BBB42044600F0B8
:10FED000EC82826812931492636813930023C4E93E
:10FEE000007323724A4912A8F3F722F81AAB0746A7
:10FEF000189357F8083BBB42044600F0DF82826843
:10FF000018931A92636819930023C4E9007323724B
:10FF10001EA805F1A801FEF77DFD1EAA24A818A9B8
:10FF2000F3F7F2F824A83B49F3F702F82CAB0746A5
:10FF30002A9357F8083BBB42044600F0C882826807
:10FF40002A932C9263682B930023C4E900732372D5
:10FF500030A805F14801FEF7C3FD30AA36A82AA94A
:10FF6000F3F7D2F836A82C49F2F7E2FF3EAB84460D
:10FF70003C935CF8083B6345074600F0B182826819
:10FF80003C933E927B683D93A2AC0023C7E900C33B
:10FF90003B7204F8113D2149AB6F2746A1FB0302D8
:10FFA000D20802EB8200A3EB4003303307F8013D97
:10FFB0001346002AF2D144AB3846429314F09FFE18
:10FFC00039463A1842A8FBF7A7FF42AA48A83CA91D
:10FFD000F3F79AF848A81249F2F7AAFF50AB844603
:10FFE0004E935CF8083B6345074600F084828268C4
:10FFF0004E93509216E000BF28B6050034B60500B7
:020000024000BC
:1000000044B605003CAD050054B6050060B60500D9
:1000100070B6050080B6050098B60500CDCCCCCCF6
:10002000A8B6050000233B72A96FDFF8ECE0786802
:100030004F90334A7B60AEFB0103DB0AC7F800C078
:100040004FF4616707FB1313A2FB01022D4F120C43
:1000500007FB1217AEFB070E2B48A0FB01072A482F
:100060007F09A0FB0330C7EB07174FEADE234009E7
:10007000A1EB8707002A40F0ED81CDE90007234A74
:10008000282196A814F0E8FD56AB96A8549314F0D6
:1000900036FE96AB1A18194654A8FBF73DFF54A933
:1000A0005AA8FEF7B7FC5AAA60A84EA9F3F72CF895
:1000B00060A81749F2F73CFF68AB844666935CF88A
:1000C000083B6345074600F0378282686693689272
:1000D0007B6867930023C7E900C33B7295F97CC036
:1000E0000C485FFA8CF3BCF1000FB8BF5B424FF0D5
:1000F0000002B8BFDBB28DF8772221460FE000BFC7
:1001000007452EC28051010089888888A0B2050069
:10011000B4B60500CDCCCCCCC5B3A2913946A0FB7A
:100120000372D20802EB8207A3EB4703303301F8D6
:10013000013C12F0FF0301F1FF37EFD1BCF1000FDA
:10014000C0F292816EAB05936C93384614F0D7FDE4
:100150003A1839466CA8FBF7DFFE6CAA66A972A8AC
:10016000F2F7D2FF72A8B449F2F7E2FE8446CDF866
:10017000E0B15CF8083B6345074600F0D181789315
:1001800083687A937B68799300223A7295F82932D2
:10019000C7E900C2002B00F07481B5F82A32A748E5
:1001A0008DF87722A0FB0312D20802EB8201A3EBA9
:1001B000410303F1300193B204F8011D002BF1D18A
:1001C00080AB20467E9314F09AFD214622187EA82B
:1001D000FBF7A2FE7EAA78A984A8F2F795FF84A86F
:1001E0009749F2F7A5FE0746CDF828A257F8083B35
:1001F000BB42044600F08C818A9383688C936368C9
:100200008B930023237295F82922C4E90073002AF6
:1002100000F0ED80B5F82A0213F09AF884A3D3E930
:10022000002313F0FFF8874ACDE9000103233021B2
:1002300096A814F011FD96A8909614F060FD96A96A
:100240000A1890A8FBF768FE8AA990AA96A8F2F768
:100250005BFF979A969906A8FBF774FF9698484516
:1002600001D011F089FC9098B04201D011F084FCCB
:100270008A98504501D011F07FFC849886AB984253
:1002800001D011F079FC7E9880AB984201D011F03A
:1002900073FC7898584501D011F06EFC729874ABDD
:1002A000984201D011F068FC6C98059B984201D0EF
:1002B00011F062FC669868AB984201D011F05CFCCA
:1002C000609862AB984201D011F056FC5A985CAB32
:1002D000984201D011F050FC549856AB984201D08E
:1002E00011F04AFC4E9850AB984201D011F044FCFA
:1002F00048984AAB984201D011F03EFC429844AB7A
:10030000984201D011F038FC3C983EAB984201D0A5
:1003100011F032FC369838AB984201D011F02CFC29
:10032000309832AB984201D011F026FC2A982CABC1
:10033000984201D011F020FC249826AB984201D0BD
:1003400011F01AFC1E9820AB984201D011F014FC59
:1003500018981AAB984201D011F00EFC129814AB09
:10036000984201D011F008FC0C980EAB984201D0D5
:1003700011F002FC95F82C3203B395F82D32002BC6
:1003800043D1314A9096111F90A8FBF7C5FD2F4924
:1003900090A8FCF735FA014696A8F2F7ABFD979ABC
:1003A000969906A8FBF7CEFE9698484501D011F025
:1003B000E3FB9098B04201D011F0DEFBDDE90612BC
:1003C00008F108030A44C8F800304046FBF7A4FDD2
:1003D0001F494046F2F7ACFD069808AB984201D0A1
:1003E00011F0CAFB40460DF5237DBDE8F08F164A9B
:1003F0009096111F90A8FBF78FFD25E7124A909663
:10040000111F90A8FBF788FD1EE5D5F8300212F009
:10041000B1FF0323CDE900010A4A302196A814F068
:100420001BFC96A990A8FBF7D3FDB0E7AFF30080C3
:10043000FCA9F1D24D62503FCCB60500CDCCCCCC5E
:10044000E4B60500BCB2050070840500FCB60500EA
:1004500020860500CDE9010700932821134696A8C0
:10046000474A14F0F9FB0FE62D226EA807F8012C7D
:100470008F1E05906C907FF468AE1F464FF0FF32E0
:1004800067E6404A80AB111F7EA87E93FBF744FDD0
:10049000A0E6DCF80000DCF80410DCF80820DCF84A
:1004A0000C30CE46AEE80F00E2E438687968BA68EE
:1004B000FB680DF1500CACE80F000DE53868796869
:1004C000BA68FB680DF1680CACE80F001AE53868F3
:1004D0007968BA68FB680DF1B00CACE80F0031E543
:1004E000DCF80000DCF80410DCF80820DCF80C3044
:1004F0003EAC0FC446E5DCF80000DCF80410DCF884
:100500000820DCF80C300DF5A07EAEE80F0089E580
:1005100038687968BA68FB68D446ACE80F006EE6C4
:10052000DCF80000DCF80410DCF80820DCF80C3003
:10053000DE46AEE80F0025E6DCF80000DCF804102B
:10054000DCF80820DCF80C300DF5D07EAEE80F00AA
:10055000BEE530687168B268F36880AF0FC704E425
:1005600038687968BA68FB68B446ACE80F001CE4E8
:1005700030687168B268F3685F460FC7FFF7DFBB8A
:1005800088B20500708405002DE9F04FFFB00C46DD
:10059000804601F5B87164A8FEF73CFA0C230022EE
:1005A000009364A8B94B1146F8F7E6FD6CAF064618
:1005B0006A9756F8083BB342054600F0C6836A9333
:1005C00083686C936B686B930023C5E900632B729F
:1005D0006AA8AF49F2F7ACFC72AE844670965CF83C
:1005E000083B6345054600F07F83709383687293F0
:1005F0006B6871930023C5E900C32B7276A804F1E0
:100600003001FEF707FA404676AA70A9F2F77CFDA2
:10061000769878ADA84201D011F0AEFA7098B04249
:1006200001D011F0A9FA6A98B84201D011F0A4FAE9
:10063000649866AB984201D011F09EFA94F8893024
:10064000002B40F04383934B934A94F806927096A4
:10065000B9F1000F14BF91469946484614F04FFB7C
:10066000494609EB000270A8FBF756FC8B4970A8BD
:10067000FCF7C6F8864676955EF8083B73458446D7
:1006800000F0C483769383687893DCF80430779322
:100690000023CCE900E38CF80830779A769940463D
:1006A000FBF750FD7698A84201D011F065FA7098DA
:1006B000B04201D011F060FA0DF5FC7B00230BF87D
:1006C000013DB4F804927649DA464B46A1FB030299
:1006D000D20802EB8200A3EB400303F1300093B297
:1006E0000AF8010D002BF1D19946504606AB049350
:1006F00014F005FB51460AEB000204A8FBF70CFCC2
:100700000C23009304A8674B4A464946F8F734FD8A
:100710000CAB86460A935EF8083B7345844600F0AE
:100720001C8382680A930C92DCF804300B9300233C
:10073000CCE900E38CF808305B490AA8F2F7F8FB33
:1007400012AB864610935EF8083B7345844600F072
:10075000298382681093129200238CF8083094F851
:1007600088014D49DFF82C91DCF804201192984261
:1007700018BF8946CCE900E3484618AB169314F03D
:10078000BEFA494609EB000216A8FBF7C5FB16AAFC
:100790001CA810A9F2F7B8FC1CA84449F2F7C8FB42
:1007A00024AB864622935EF8083B7345844600F0EE
:1007B0000683826822932492DCF80430239300237A
:1007C000CCE900E38CF8083028A804F5C671FEF7E0
:1007D00087F928AA2EA822A9F2F796FC2EA8344958
:1007E000F2F7A6FB36AB864634935EF8083B7345BA
:1007F000844600F0F182826834933692DCF804304B
:1008000035930023CCE900E38CF808303AA804F5CE
:10081000D271FEF765F93AAA40A834A9F2F774FC40
:1008200040A82449F2F784FB48AB864646935EF81D
:10083000083B7345844600F0DC8282684693489208
:10084000DCF8043047930023CCE900E38CF808304F
:100850004CA804F5DE71FEF743F94CAA52A846A94C
:10086000F2F752FC52A81449F2F762FB0DF5B47985
:100870008646CDF860915EF8083B7345844600F0EB
:100880007982589383685A9318E000BFFCB405003E
:100890000CB50500C47A0500BC7A0500587A05003D
:1008A000CDCCCCCC34B5050044B5050018B6050058
:1008B00058B5050064B5050070B50500DCF80430D6
:1008C00059930023CCE900E38CF808305EA804F5C6
:1008D000EA71FEF705F95EAA58A964A8F2F714FCBC
:1008E000B54964A8F2F724FB86466A975EF8083B90
:1008F0007345844600F04A826A9383686C93DCF8FF
:1009000004306B930023CCE900E38CF8083004F545
:10091000F67170A8FEF7E4F870AA6AA976A8F2F753
:10092000F3FB779A76994046FBF70CFC7698A84241
:1009300001D011F021F97098B04201D011F01CF9EA
:100940006A98B84201D011F017F9649866AB9842E2
:1009500001D011F011F95E980DF5C07A504501D023
:1009600011F00AF95898484501D011F005F952984C
:1009700054AB984201D011F0FFF84C984EAB98421E
:1009800001D011F0F9F8469848AB984201D011F027
:10099000F3F8409842AB984201D011F0EDF83A9844
:1009A0003CAB984201D011F0E7F8349836AB98424E
:1009B00001D011F0E1F82E9830AB984201D011F03F
:1009C000DBF828982AAB984201D011F0D5F822988C
:1009D00024AB984201D011F0CFF81C981EAB98427E
:1009E00001D011F0C9F8169818AB984201D011F057
:1009F000C3F8109812AB984201D011F0BDF80A98D4
:100A00000CAB984201D011F0B7F8049806AB9842AD
:100A100001D011F0B1F894F881300BB3674A684BFC
:100A200094F8201270A8002914BF11461946FBF74C
:100A3000CFFA644970A8FBF7E3FE014676A8F2F707
:100A400059FA779A76994046FBF77CFB7698A8424C
:100A500001D011F091F87098B04201D011F08CF8EB
:100A600094F88230002B00F08380544A544B94F861
:100A700022124CA8002914BF11461946CDE90223C1
:100A8000FBF7A6FA50494CA8FBF7BAFE014652A85C
:100A9000F2F730FA4D4952A8F2F74AFA014658A83F
:100AA000F2F728FADDE9022394F823125EA8002960
:100AB00014BF11461946FBF78BFA5EAA58A964A821
:100AC000F2F722FB424964A8F2F732FA01466AA81B
:100AD000F2F710FA0022B4F82432DFF8FCC08DF8E7
:100AE000F7215946ACFB0302D20802EB8200A3EBCC
:100AF000400303F1300093B201F8010D002BF1D156
:100B000070A8FBF765FA70AA6AA976A8F2F7FCFA52
:100B1000779A76994046FBF715FB7698A84201D064
:100B200011F02AF87098B04201D011F025F86A98B7
:100B3000B84201D011F020F8649866AB984201D019
:100B400011F01AF85E98504501D011F015F8589838
:100B5000484501D011F010F8529854AB984201D09A
:100B600011F00AF84C984EAB984201D011F004F8FD
:100B7000134B124A94F821B2CDF86091BBF1000FEB
:100B800014BF93469B46584614F0B9F859460BEBF0
:100B9000000258A8FBF7C0F90F230022009358A8C1
:100BA0000C4B1146F8F7E8FA8646CDF878A15EF8C6
:100BB000083B7345844611E07CB50500BC7A05000E
:100BC000C47A050088B50500A4B50500C8B50500C0
:100BD000E8B505006C7A0500CDCCCCCC00F0908057
:100BE0005E9383686093DCF804305F930023CCE964
:100BF00000E38CF808305EA88A49F2F799F966ABF1
:100C0000864664935EF8083B7345844600F0848012
:100C1000649383686693DCF80430659300238CF852
:100C2000083094F88310804A804CCCF80430994204
:100C300008BF1446CCF800E020466A9714F05FF82D
:100C4000214622186AA8FBF767F96AAA64A970A866
:100C5000F2F75AFA70A87649F2F76AF9844676955F
:100C60005CF8083B6345044663D0769383687893C9
:100C7000636877930023C4E900C32372779A769957
:100C80004046FBF75FFA7698A84201D010F074FF57
:100C90007098B04201D010F06FFF6A98B84201D04E
:100CA00010F06AFF649866AB984201D010F064FFC0
:100CB0005E98504501D010F05FFF5898484501D02C
:100CC00010F05AFF40467FB0BDE8F08F04F5027186
:100CD00070A8FDF79FFE574970A8FBF791FD0146EC
:100CE00076A8F2F707F9D8E4DCF80000DCF8041085
:100CF000DCF80820DCF80C30B646AEE80F0077E4EC
:100D0000DEF80000DEF80410DEF80820DEF80C3013
:100D1000D346ABE80F0066E7DEF80000DEF804100B
:100D2000DEF80820DEF80C300DF5CC7BABE80F00C8
:100D300071E7DCF80000DCF80410DCF80820DCF8CF
:100D40000C30AE46AEE80F0092E730687168B268CA
:100D5000F368BC46ACE80F0034E4DEF80000DEF8CF
:100D60000410DEF80820DEF80C300DF13009A9E897
:100D70000F00D9E4DEF80000DEF80410DEF80820E9
:100D8000DEF80C30CA46AAE80F0097E5DEF800004E
:100D9000DEF80410DEF80820DEF80C30BA46AAE8C7
:100DA0000F00ACE5DEF80000DEF80410DEF80820E5
:100DB000DEF80C300DF14809A9E80F00CCE4DEF8AC
:100DC0000000DEF80410DEF80820DEF80C300DF12B
:100DD0009009A9E80F00EFE4DEF80000DEF8041047
:100DE000DEF80820DEF80C300DF1D809A9E80F0074
:100DF00004E5DEF80000DEF80410DEF80820DEF876
:100E00000C300DF59079A9E80F0019E5DEF8000027
:100E1000DEF80410DEF80820DEF80C30A946A9E858
:100E20000F0032E404B60500C47A0500BC7A050060
:100E30002086050024B505002DE9F04FF1B070AD16
:100E4000002305F8113D8846D1F8486397490446C8
:100E50002F46A1FB0623DB0803EB8302A6EB420629
:100E6000303607F8016D1E46002BF2D106AB38462E
:100E7000049313F044FF39463A1804A8FBF74CF8E2
:100E80000E23009332468A4B314604A8F8F774F9D2
:100E90000CAB07460A9357F8083BBB42064600F0E6
:100EA000E48282680A930C9273680B930022C6E96D
:100EB00000720B9932726FF000435B1A0D2B40F2F7
:100EC00047830E227B490AA8FBF73CF90DF148093C
:100ED0000746CDF8409057F8083BBB42064600F065
:100EE000CD828268109312920022736832726F482A
:100EF0001193D8F84C33376072608DF8AF212E46CD
:100F0000A0FB0312D20802EB8201A3EB41033033B2
:100F100006F8013D1346002AF2D118AB304616936D
:100F200013F0EDFE3146321816A8FAF7F5FFDDE9A9
:100F30001036179A16994B4518BF129F06EB020000
:100F400008BF0F27B84207D918AFB94214BF189F7E
:100F50000F27B84240F25F8210A8FBF7F3F806466D
:100F600037461EAB1C9357F8083BBB4200F08E82FD
:100F7000B2681C931E9273681D930022C6E900722A
:100F80001D9932726FF000435B1A0D2B40F2E08224
:100F90000E2249491CA8FBF7D5F80DF1900B074626
:100FA000CDF888B057F8083BBB42064600F08F8268
:100FB0008268229324920021736831723B4A239302
:100FC000D8F85033376071608DF8AF112E46A2FB10
:100FD0000301C90801EB8100A3EB4003303306F89D
:100FE000013D0B460029F2D12AAB3046289313F07D
:100FF00086FE3146321828A8FAF78EFFDDE9223640
:10100000299A28995B4518BF249F06EB020008BF68
:101010000F27B84207D92AAFB94214BF2A9F0F271A
:10102000B84240F2008222A8FBF78CF80646374609
:1010300030AB2E9357F8083BBB4200F03082B268C9
:101040002E93309273682F930022C6E900722F9975
:1010500032726FF000435B1A102B40F2798211223A
:1010600016492EA8FBF76EF80DF1D80A0746CDF801
:10107000D0A057F8083BBB42064600F03082826899
:101080003493369200233372B8F954137268359250
:101090000029C6E900738BB2B8BF5B424FF0000273
:1010A000B8BF9BB28DF8AF2100480AE0CDCCCCCCC4
:1010B000A8B70500B8B70500C8B70500D8B7050040
:1010C0003546A0FB0362D20802EB8206A3EB46037F
:1010D00003F1300693B205F8016C6E1E002BEFD1C0
:1010E0000029C0F283813CAB03933A93304613F05E
:1010F00006FE321831463AA8FAF70EFF349B359DAA
:101100003B9A3A99534518BF369E05EB020008BF3B
:101110000F26B04207D9039EB14214BF3C9E0F2652
:10112000B04240F2708134A8FBF70CF805462E4619
:1011300042AB409356F8083BB34200F0B981AA682D
:10114000409342926B6841930022C5E90062419945
:101150002A726FF000435B1A0E2B40F2F9810F22C6
:10116000B94940A8FAF7EEFF48AD0746469557F84B
:10117000083BBB42064600F0A28182684693489233
:10118000002372683372D8F858034792C6E9007397
:1011900012F0F0F8AD4ACDE900010123302164A836
:1011A00013F05AFD4EAB64A84C9313F0A8FD64AB4A
:1011B0001A1819464CA8FAF7AFFE469B479E4D9A5F
:1011C0004C99AB4218BFDDF820C106EB020008BF06
:1011D0004FF00F0C604509D94EAFB94214BFDDF88E
:1011E00038C14FF00F0C604540F2258146A8FAF750
:1011F000A9FF0646B44654AB52935CF8083B6345DE
:1012000000F09981B268529354927368539300220C
:10121000C6E900C2539932726FF000435B1A122B79
:1012200040F2968113228A4952A8FAF78BFF5AAEF0
:10123000864658965EF8083B7345844600F07081F8
:10124000826858935A920023DCF804208CF8083006
:10125000D8F85C035992CCE900E312F08BF8012333
:10126000CDE90001794A302164A813F0F5FC0DF5B1
:10127000C07864A8CDF8788113F041FD64AB1A18EA
:1012800019465EA8FAF748FE589BDDF864C15F9ADC
:101290005E99B34218BFDDF868E10CEB020008BFAD
:1012A0004FF00F0E704508D9414514BFDDF880E1BD
:1012B0004FF00F0E704540F2CF8058A8FAF742FF6A
:1012C0008446E64666AB64935EF8083B734500F0DF
:1012D0000E816493DCF808306693DCF80430659383
:1012E0000023CCE900E38CF80830659A6FF00043E6
:1012F0009A4200F02D810122564964A8FAF722FF94
:1013000004F108020346226053F8081B994200F0DA
:10131000F98021608268A260426862600022C0E9B0
:1013200000320272649866AB984201D010F024FC3F
:101330005E98404501D010F01FFC5898B04201D093
:1013400010F01AFC529854AB984201D010F014FCE3
:101350004C984EAB984201D010F00EFC4698A84233
:1013600001D010F009FC409842AB984201D010F037
:1013700003FC3A98039B984201D010F0FDFB34988F
:10138000504501D010F0F8FB2E9830AB984201D0B8
:1013900010F0F2FB28982AAB984201D010F0ECFB39
:1013A0002298584501D010F0E7FB1C981EAB9842DC
:1013B00001D010F0E1FB169818AB984201D010F064
:1013C000DBFB1098484501D010F0D6FB0A980CAB17
:1013D000984201D010F0D0FB049806AB984201D09F
:1013E00010F0CAFB204671B0BDE8F08F2D223CA959
:1013F00006F8012CAE1E03913A917FF477AE1E469B
:101400004FF0FF3276E6002200953AA81146F7F732
:10141000B3FE05468BE600220096114616A8F7F7A4
:10142000ABFE06469CE500220096114628A8F7F779
:10143000A3FE0646FBE5002200964CA81146F7F7EE
:101440009BFE0646D6E600BFECB70500BCB2050021
:10145000FCB70500208605000022CDF800C05EA87C
:101460001146F7F789FE84462BE738687968BA6831
:10147000FB680DF1300CACE80F0015E538687968B1
:10148000BA68FB68CC46ACE80F002DE5386879688F
:10149000BA68FB680DF1780CACE80F006BE53868B2
:1014A0007968BA68FB680DF1C00CACE80F00C9E5BB
:1014B00030687168B268F36842AF0FC742E63868B7
:1014C0007968BA68FB68AC46ACE80F0058E6386843
:1014D0007968BA68FB68DC46ACE80F006BE53868F1
:1014E0007968BA68FB68D446ACE80F00CAE5DEF854
:1014F0000000DEF80410DEF80820DEF80C3066AFDD
:101500000FC7EAE61968D3F804E0D3F808C00F461D
:10151000D9686161A760C4F80CE0C4F810C0FBE6AC
:10152000DEF80000DEF80410DEF80820DEF80C30EB
:1015300037460FC787E6DCF80000DCF80410DCF85B
:101540000820DCF80C300DF5A87EAEE80F005CE654
:10155000014811F01BFD00BFF07B050000000000FA
:101560002DE9F04FADF57B7D0D46824601F54771C3
:101570000AA8FDF74FFA0923002200930AA8B44BEA
:101580001146F7F7F9FD12AB0646109356F8083BE3
:10159000B342044600F07984826810931292636823
:1015A00011930023C4E900632372AA4910A8F1F73C
:1015B000BFFC18AB0746169357F8083BBB420446DE
:1015C00000F06B848268169318920023237295F8BA
:1015D0003403A149A14E62681792984208BF0E4693
:1015E000C4E9007330461EAB1C9313F088FB3146F0
:1015F00032181CA8FAF790FC1CAA22A816A9F1F729
:1016000083FD22A89649F1F793FC2AAB074628935D
:1016100057F8083BBB42044600F047848268289391
:101620002A920023237295F835038B498B4E62680A
:101630002992984208BF0E46C4E90073304630AB89
:101640002E9313F05CFB314632182EA8FAF764FC97
:101650002EAA34A828A9F1F757FD34A88149F1F73B
:1016600067FC3CAB07463A9357F8083BBB4206463B
:1016700000F0238482683A933C9273683B93FAACFF
:101680000023C6E90073337204F8113D7649D5F89A
:1016900038332646A1FB0302D20802EB8200A3EBFB
:1016A0004003303306F8013D1346002AF2D142AB25
:1016B0003046409313F023FB3146321840A8FAF726
:1016C0002BFC40AA46A83AA9F1F71EFD46A8674997
:1016D000F1F72EFC4EAB07464C9357F8083BBB4244
:1016E000064600F0F28382684C934E9200237268A3
:1016F0003372D5F838034D92C6E9007311F018FE25
:101700004FA3D3E9002311F08DFE594ACDE9000122
:1017100003233021EEA813F09FFA54ABEEA85293A6
:1017200013F0EDFAEEAB1A18194652A8FAF7F4FBCB
:1017300052AA58A84CA9F1F7E7FC58A84D49F1F76F
:10174000F7FB60AB07465E9357F8083BBB42064683
:1017500000F0C48382685E936092002173683172E6
:10176000414A5F93D5F83C33376071608DF8D713E9
:101770002646A2FB0301C90801EB8100A3EB40034D
:10178000303306F8013D0B460029F2D166AB3046F6
:10179000649313F0B4FA3146321864A8FAF7BCFB2C
:1017A00064AA6AA85EA9F1F7AFFC6AA83249F1F70A
:1017B000BFFB72AB0746709357F8083BBB42064627
:1017C00000F095838268709372920023726833727E
:1017D000D5F83C037192C6E9007311F0A9FD1AA374
:1017E000D3E9002311F01EFE214ACDE900010123B7
:1017F0003021EEA813F030FA78ABEEA8769313F010
:101800007EFAEEAB1A18194676A8FAF785FB76AA87
:101810007CA870A9F1F778FC7CA81849F1F788FB3F
:1018200084AB0746829357F8083BBB42064600F05C
:10183000678382688293849222E000BFAFF30080C6
:101840008DEDB5A0F7C6B03EFCA9F1D24D62503F78
:10185000CCAB0500D8AB0500C47A0500BC7A050006
:1018600094AC0500ACAC0500CDCCCCCCE4AB050011
:10187000BCB20500F8AB05000CAC050020AC0500BF
:10188000736883930022C6E90072327295F8403380
:101890003F498DF8D7232646A1FB0302D20802EB6D
:1018A0008200A3EB4003303306F8013D02F0FF0352
:1018B000002AF1D18AAB3046889313F020FA3146E2
:1018C000321888A8FAF728FB88AA8EA882A9F1F70F
:1018D0001BFC8EA82F49F1F72BFB96AB0746949380
:1018E00057F8083BBB42064600F013838268949386
:1018F0009692736895930022C6E90072327295F849
:10190000413323498DF8D7232646A1FB0302D20891
:1019100002EB8200A3EB4003303306F8013D02F0F6
:10192000FF03002AF1D19CAB30469A9313F0E7F9FC
:10193000314632189AA8FAF7EFFA9AAAA0A894A901
:10194000F1F7E2FBA0A81449F1F7F2FAA8AB0746B9
:10195000A69357F8083BBB42064600F0E382826834
:10196000A693A8927368A7930023C6E90073337205
:1019700095F942630648F3B2002EB8BF5B424FF0C0
:101980000002B8BFDBB28DF8D723214607E000BFC5
:10199000CDCCCCCC38AC050048AC05003946A0FB1A
:1019A0000372D20802EB8207A3EB4703303301F83E
:1019B000013C12F0FF0301F1FF37EFD1002EACAE76
:1019C000C0F24982AEAB03933360384613F097F907
:1019D0003A1839463046FAF79FFAB2A83246A6A915
:1019E000F1F792FBB2A8B549F1F7A2FA0DF53A79F1
:1019F0008446CDF8E0925CF8083B6345074600F06A
:101A000038828268B893BA927B68B9930023C7E999
:101A100000C33B72AA4A95F843330821EEA813F09D
:101A20001BF9C0ABEEA8BE9313F069F9EEAB1A1820
:101A30001946BEA8FAF770FABEA9C4A8FCF7EAFFD7
:101A4000C4AACAA8B8A9F1F75FFBCAA89D49F1F7D3
:101A50006FFAD2AB8446D0935CF8083B63450746E7
:101A600000F06982D0938368D2937B68D19300227F
:101A7000C7E900C23A7295F8433393498DF8D723EA
:101A80002746A1FB0302D20802EB8200A3EB40032E
:101A9000303307F8013D02F0FF03002AF1D1D8AB43
:101AA0003846D69313F02BF939463A18D6A8FAF7E8
:101AB00033FAD6AADCA8D0A9F1F726FBDCA8834923
:101AC000F1F736FAE4AF8646E2975EF8083B7345D5
:101AD000844600F03D82E2938368E493DCF80430AE
:101AE000E39300228CF808207749B5F84433CCF80A
:101AF00000E0CCF80420A3468DF8D723A1FB030215
:101B0000D20802EB8200A3EB400303F1300093B252
:101B10000BF8010D002BF1D10DF56A785846CDF880
:101B2000A08313F0ECF859460BEB0002E8A8FAF793
:101B3000F3F904A8E8AAE2A9F1F7E6FAE898404523
:101B400001D010F019F8E298B84201D010F014F862
:101B5000DC98DEAB984201D010F00EF8D698D8ABE6
:101B6000984201D010F008F8D098D2AB984201D03A
:101B700010F002F8CA980DF54C7B584501D00FF0D3
:101B8000FBFFC498C6AB984201D00FF0F5FFBE989A
:101B9000C0AB984201D00FF0EFFFB898484501D094
:101BA0000FF0EAFFB298B4AB984201D00FF0E4FF17
:101BB0003068039B984201D00FF0DEFFA698A8ABD7
:101BC000984201D00FF0D8FFA098A2AB984201D064
:101BD0000FF0D2FF9A989CAB984201D00FF0CCFF47
:101BE000949896AB984201D00FF0C6FF8E9890ABB8
:101BF000984201D00FF0C0FF88988AAB984201D07C
:101C00000FF0BAFF829884AB984201D00FF0B4FF76
:101C10007C987EAB984201D00FF0AEFF769878ABFF
:101C2000984201D00FF0A8FF709872AB984201D093
:101C30000FF0A2FF6A986CAB984201D00FF09CFFA6
:101C4000649866AB984201D00FF096FF5E9860AB47
:101C5000984201D00FF090FF58985AAB984201D0AB
:101C60000FF08AFF529854AB984201D00FF084FFD6
:101C70004C984EAB984201D00FF07EFF469848AB8F
:101C8000984201D00FF078FF409842AB984201D0C3
:101C90000FF072FF3A983CAB984201D00FF06CFF06
:101CA000349836AB984201D00FF066FF2E9830ABD7
:101CB00098420DD00FF060FF0AE000BF5CAC050059
:101CC000A0B305006CAC0500CDCCCCCC80AC05003D
:101CD00028982AAB984201D00FF04EFF229824ABEF
:101CE000984201D00FF048FF1C981EAB984201D0DB
:101CF0000FF042FF169818AB984201D00FF03CFF4E
:101D0000109812AB984201D00FF036FF0A980CAB36
:101D1000984201D00FF030FF95F88230002B00F090
:101D2000818095F82212DFF858928F4EC4A80029BE
:101D300014BF49463146FAF74BF98C49C4A8FAF763
:101D40005FFD0146CAA8F1F7D5F88949CAA8F1F79D
:101D5000EFF80146D0A8F1F7CDF895F82312D6A8F0
:101D6000002914BF49463146FAF732F9D6AAD0A95C
:101D7000DCA8F1F7C9F97F49DCA8F1F7D9F80146E9
:101D8000E2A8F1F7B7F8B5F824327B4D00222146DE
:101D90008DF8D723A5FB0302D20802EB8200A3EB48
:101DA000400303F1300093B201F8010D002BF1D193
:101DB000E8A8FAF70DF9E8AAE2A9EEA8F1F7A4F964
:101DC000EF9AEE9904A8FAF7BDF9EE98F0AB9842B5
:101DD00001D00FF0D1FEE898404501D00FF0CCFEC5
:101DE000E298B84201D00FF0C7FEDC98DEAB984213
:101DF00001D00FF0C1FED698D8AB984201D00FF0B9
:101E0000BBFED098D2AB984201D00FF0B5FECA9875
:101E1000584501D00FF0B0FEC498C6AB984201D02F
:101E20000FF0AAFEDDE904120AF108030A44CAF819
:101E300000305046FAF770F850495046F1F778F8FC
:101E4000049806AB984201D00FF096FE50460DF56F
:101E50007B7DBDE8F08FAEAA104603922D2207F8D5
:101E6000012C8F1E30607FF4B0AD1F464FF0FF3263
:101E7000AFE5DCF80000DCF80410DCF80820DCF842
:101E80000C30CE46AEE80F00BEE530687168B2682F
:101E9000F36812AF0FC7FFF782BB38687968BA687A
:101EA000FB6818AE0FC6FFF790BB38687968BA6850
:101EB000FB682AAE0FC6FFF7B4BB38687968BA680A
:101EC000FB683CAC0FC4FFF7D8BB38687968BA68C8
:101ED000FB680DF59C7CACE80F0007E43868796876
:101EE000BA68FB680DF5C07CACE80F0035E43868D3
:101EF0007968BA68FB680DF5E47CACE80F0064E42F
:101F000038687968BA68FB680DF5047CACE80F00A6
:101F1000B6E438687968BA68FB680DF5167CACE8F9
:101F20000F00E6E438687968BA68FB680DF5287C2C
:101F3000ACE80F0016E5DCF80000DCF80410DCF873
:101F40000820DCF80C300DF5527EAEE80F008CE571
:101F5000DEF80000DEF80410DEF80820DEF80C30B1
:101F6000B846A8E80F00B9E5C47A0500A4B5050095
:101F7000C8B50500E8B50500CDCCCCCC2086050061
:101F8000BC7A0500000000002DE9F04FD3B091F9B4
:101F90007CE0DFF824C052AD00225FFA8EF3BEF180
:101FA000000F05F8112DB8BF5B4206460C46B8BFBE
:101FB000DBB2284603E000BFCDCCCCCC3846ACFB2E
:101FC0000312D20802EB8201A3EB4103303300F885
:101FD000013C12F0FF0300F1FF37EFD1BEF1000F1B
:101FE0000DF12809C0F283820CAB0393C9F80030CD
:101FF000384612F084FE3A1839464846F9F78CFF05
:102000001523002200931146C34B4846F7F7B4F856
:1020100012AB844610935CF8083B6345074600F01A
:10202000AA828268109312927B6811930022C7E9FA
:1020300000C211993A726FF000435B1A152B40F2FF
:102040000B831622B54910A8FAF77CF80DF1600B46
:102050008446CDF858B05CF8083B6345074600F06D
:10206000978282681693189200223A7294F8293265
:1020700079681791C7E900C2002B00F04882B4F8D4
:102080002A32A7488DF83721A0FB0312D20802EBB1
:102090008201A3EB410303F1300193B205F8011D66
:1020A000002BF1D11EAB284602931C9312F027FEA1
:1020B0001CAF2A1829463846F9F72EFFDDF858E0FC
:1020C000179D1D9A1C99DE4518BFDDF860C005EB11
:1020D000020008BF4FF00F0C604509D9029B9942DE
:1020E00014BFDDF878C04FF00F0C604540F2298234
:1020F00016A8FAF727F805462F4624AB229357F87F
:10210000083BBB4200F02E82AA68229324926B689F
:1021100023930022C5E9007223992A726FF00043CD
:102120005B1A142B40F2988215227E4922A8FAF7F6
:1021300009F83CAD84463A955CF8083B6345074690
:1021400000F057823A9383683C937B683B9300236B
:102150003B7294F82922C7E900C3002A00F0BB8132
:10216000B4F82A0211F0F4F869A3D3E9002311F0BE
:1021700059F90323CDE900016B4A302146A812F03A
:102180006BFD0DF5847846A8CDF8008112F0B7FDFF
:102190000DF5807A46AB1A1819465046F9F7BCFE81
:1021A0003A9B3B9F419A4099AB4218BFDDF8F0C083
:1021B00007EB020008BF4FF00F0C604508D94145FE
:1021C00014BFDDF808C14FF00F0C604540F2A98143
:1021D0003AA8F9F7B7FF0746BC4606AB04935CF88C
:1021E000083B634500F01182BA68049306927B684D
:1021F00005930023C7E900C33B724098404501D0D6
:102200000FF0BAFC3A98A84201D00FF0B5FC229822
:1022100024AB984201D00FF0AFFC1C98029B98426F
:1022200001D00FF0A9FC1698584501D00FF0A4FC7E
:10223000109812AB984201D00FF09EFCD9F8000024
:10224000039B984201D00FF097FC94F82C32002B9E
:1022500036D094F82D32002B40F02681334ACDF849
:102260000081111F5046F9F757FE242300220093E6
:1022700011462F4B5046F6F77FFF48AF86464697EC
:102280005EF8083B7345844600F0DA814693836824
:102290004893DCF8043047930023CCE900E38CF842
:1022A0000830479A469904A8F9F74CFF4698B84277
:1022B00001D00FF061FC4098404501D00FF05CFC6C
:1022C000DDE9041228A80A440DF1A809CDF8A09070
:1022D000F9F722FE299A6FF000439B1A0B2B40F26C
:1022E000BB810C22134928A8F9F72CFF2EA804F172
:1022F0001801FCF78FFB289B299F2F9A2E994B459D
:1023000018BFDDF8A8C007EB020015E0AFF30080AE
:10231000FCA9F1D24D62503FB4AB0500CCB605002C
:10232000CDCCCCCCE4B60500BCB205007084050071
:10233000FCB6050034B6050008BF4FF00F0C604531
:102340000AD90DF1C00C614514BFDDF8C0C04FF0D3
:102350000F0C604540F2ED8028A8F9F7F3FE074620
:10236000BC460DF1D80BCDF8D0B05CF8083B634506
:1023700000F01A81BA68349336927B683593002254
:10238000C7E900C235993A726FF000435B1A0B2B14
:1023900040F262810C22B24934A8F9F7D3FE844698
:1023A0003A955CF8083B6345074600F016813A937E
:1023B00083683C937B683B930023C7E900C33B726F
:1023C00004F130015046FCF725FB3A9B3B9C419AB7
:1023D0004099AB4218BF3C9F04EB020008BF0F2797
:1023E000B84206D9414514BF429F0F27B84240F278
:1023F000B1803AA8F9F7A6FE0446A44648AF46972E
:102400005CF8083B634500F00D814693A368489350
:10241000636847930023C4E900C32372479A6FF0AF
:1024200000439A4200F0188101228E4946A8F9F72C
:1024300089FE06F108010346316053F8082B9A42E1
:1024400000F0BE8032608268B26042687260002232
:10245000C0E9003202724698B84201D00FF08CFBFE
:102460004098404501D00FF087FB3A98A84201D030
:102470000FF082FB3498584501D00FF07DFB2E9869
:1024800030AB984201D00FF077FB2898484501D037
:102490000FF072FB049806AB984201D00FF06CFB72
:1024A000304653B0BDE8F08FD4F8300210F062FF30
:1024B0000323CDE900016C4A302146A812F0CCFB81
:1024C00046A8CDF8008112F01AFC46A90A18504619
:1024D000F9F722FDC9E6654A0DF5807A0DF5847895
:1024E000111F5046CDF80081F9F716FD58E60CAAE9
:1024F0001146039202384FF02D02C9F8001007F878
:10250000012C40F09B801F464FF0FF3274E5574A84
:102510001CAF1EAB111F384602931C93F9F7FCFC4D
:10252000CCE50022009711465046F6F725FE0746F7
:1025300052E6002200972EA81146F6F71DFE074628
:102540000EE700220095734638461146F6F714FE52
:102550000546D1E50022009450461146F6F70CFEE0
:1025600004464AE738687968BA68FB680DF1900C50
:10257000ACE80F00CBE5DCF80000DCF80410DCF878
:102580000820DCF80C300DF1480EAEE80F004BE5EA
:10259000DCF80000DCF80410DCF80820DCF80C3073
:1025A000DE46AEE80F005FE5DCF80000DCF8041062
:1025B000DCF80820DCF80C30DE46AEE80F00DCE684
:1025C000D3F800E0D3F804C09C68DA687261C6F8FA
:1025D00008E0C6F80CC0346137E7DCF80000DCF82E
:1025E0000410DCF80820DCF80C30AE46AEE80F0032
:1025F000E0E6DCF80000DCF80410DCF80820DCF889
:102600000C30AE46AEE80F009FE5DCF80000DCF8C9
:102610000410DCF80820DCF80C300DF1180EAEE8E0
:102620000F00E4E5DCF80000DCF80410DCF808201A
:10263000DCF80C30BE46AEE80F00E9E60746D7E40A
:10264000DEF80000DEF80410DEF80820DEF80C30BA
:10265000B946A9E80F001CE6054810F097FC00BF3A
:1026600044B6050020860500BCB205007084050054
:10267000F07B05002DE9F04F91F88831B54D0C46FF
:10268000B549ADF5217D002B08BF0D46074604ABCB
:102690002846029312F033FB29462A1802A8F9F7BC
:1026A0003BFC02A908A8FCF7B5F908230022009317
:1026B00008A8AA4B1146F6F75FFD0DF14008064643
:1026C000CDF8388056F8083BB342054600F07A84CE
:1026D00082680E9310926B680F930023C5E9006324
:1026E0002B729F490EA8F0F723FC0DF15809844680
:1026F000CDF850905CF8083B6345054600F06B84CC
:1027000082681493169200232B7294F888019549DD
:10271000954E6A681592984208BF0E46C5E900C3F7
:1027200030461CAB1A9312F0EAFA314632181AA856
:10273000F9F7F2FB1AAA20A814A9F0F7E5FC20A8E3
:102740008A49F0F7F5FB28AE844626965CF8083BEC
:102750006345054600F04B842693836828936B6895
:1027600027930023C5E900C32B722CA804F18C0128
:10277000FCF750F92CAA32A826A9F0F7C5FC32A81C
:102780007B49F0F7D5FB3AAB844638935CF8083BBD
:102790006345054600F03884389383683A936B6844
:1027A000399300232B7294F8A4006F496D4AC5F841
:1027B00000C0984214BF8A4692466B6050460DF5A1
:1027C000807BCDF8F8B012F09AFA51460AEB00027D
:1027D0003EA8F9F7A1FB3EAA44A838A9F0F794FC5B
:1027E00044A86449F0F7A4FB4CAB84464A935CF8D8
:1027F000083B6345054600F015844A9383684C9373
:102800006B684B930023C5E900C32B7250A804F1F9
:10281000A801FCF7FFF850AA56A84AA9F0F774FCE3
:1028200056A85549F0F784FB5EAB84465C935CF890
:10283000083B6345054600F003845C9383685E9320
:102840006B685D930023C5E900C32B7262A804F195
:10285000C001FCF745F962AA68A85CA9F0F754FC2E
:1028600068A84649F0F764FB70AB84466E935CF849
:10287000083B6345054600F0F1836E9383687093CF
:102880006B686F930023C5E900C32B7274A804F131
:10289000D801FCF725F974AA7AA86EA9F0F734FCE0
:1028A0007AA83749F0F744FB82AB844680935CF802
:1028B000083B6345054600F02B8480938368829330
:1028C0006B6881930023C5E900C32B7286A804F1CD
:1028D000F001FCF705F986AA8CA880A9F0F714FC92
:1028E0008CA82849F0F724FB0DF5147A8446CDF81E
:1028F00048A25CF8083B6345054600F017849293B4
:10290000836894936B6893930023C5E900C32B728B
:1029100098A804F58471FCF7E3F8384698AA92A9C0
:10292000F0F7F2FB98989AADA84201D00FF024F985
:102930009298504501D00FF01FF98C988EAB9842B9
:1029400001D00FF019F9869888AB98421CD00FF08F
:1029500013F919E00079050024B7050084B70500D4
:1029600044B50500C47A0500BC7A050060B60500D0
:102970002CB7050070B6050058B5050064B5050014
:1029800070B505007CB50500809882AB984201D0F7
:102990000FF0F2F87A987CAB984201D00FF0ECF887
:1029A000749876AB984201D00FF0E6F86E9870AB51
:1029B000984201D00FF0E0F868986AAB984201D0D5
:1029C0000FF0DAF8629864AB984201D00FF0D4F8B7
:1029D0005C985EAB984201D00FF0CEF8569858AB99
:1029E000984201D00FF0C8F8509852AB984201D0ED
:1029F0000FF0C2F84A984CAB984201D00FF0BCF8E7
:102A0000449846AB984201D00FF0B6F83E9858452E
:102A100001D00FF0B1F838983AAB984201D00FF0DE
:102A2000ABF8329834AB984201D00FF0A5F82C984F
:102A30002EAB984201D00FF09FF82698B04201D0FB
:102A40000FF09AF8209822AB984201D00FF094F83A
:102A50001A981CAB984201D00FF08EF81498484594
:102A600001D00FF089F80E98404501D00FF084F89E
:102A700008980AAB984201D00FF07EF8029804AB98
:102A8000984201D00FF078F894F82031002B40F0F4
:102A9000D0810DF27F2994F87E30002B40F0138214
:102AA000B4F80482B84900238DF87F324346A1FB75
:102AB0000302D20802EB8200A3EB400303F13000D3
:102AC00093B209F8010D002BF1D19846484622AB8C
:102AD000209312F014F9494609EB000220A8F9F7F7
:102AE0001BFA0C2300934246A84B414620A8F6F758
:102AF00043FB864626965EF8083B7345844600F005
:102B00002283269383682893DCF8043027930023DC
:102B1000CCE900E38CF808309D4926A8F0F708FAC4
:102B20002EAB86462C935EF8083B7345844600F036
:102B3000D6822C9383682E93DCF804302D930023E7
:102B40008CF8083094F80682924A9349CCF800E059
:102B5000984514BF90468846CCF80430404634ABC4
:102B6000329312F0CCF8414608EB000232A8F9F794
:102B7000D3F932AA2CA938A8F0F7C6FA874938A8A1
:102B8000F0F7D6F98646CDF8F8B05EF8083B734505
:102B9000844600F0B1823E9383684093DCF80430B1
:102BA0003F930023CCE900E38CF8083004F5C671AC
:102BB00044A8FBF795FF44AA3EA94AA8F0F7A4FA57
:102BC00077494AA8F0F7B4F952AB864650935EF8BD
:102BD000083B7345844600F04E82509383685293BD
:102BE000DCF8043051930023CCE900E38CF8083082
:102BF00004F5D27156A8FBF773FF56AA50A95CA83A
:102C0000F0F782FA67495CA8F0F792F964AB864660
:102C100062935EF8083B7345844600F03982629304
:102C200083686493DCF8043063930023CCE900E309
:102C30008CF8083004F5DE7168A8FBF751FF68AA2C
:102C400062A96EA8F0F760FA6EA85749F0F770F91C
:102C500076AB864674935EF8083B7345844600F075
:102C60002482749383687693DCF804307593002390
:102C7000CCE900E38CF8083004F5EA717AA8FBF798
:102C80002FFF7AAA74A980A8F0F73EFA80A84749D6
:102C9000F0F74EF988AB864686935EF8083B73459D
:102CA000844600F00F82869383688893DCF80430B2
:102CB00087930023CCE900E38CF8083004F5F67123
:102CC0008CA8FBF70DFF8CAA86A992A8F0F71CFA36
:102CD00092A83749F0F72CF9844698955CF8083BA0
:102CE0006345044600F06281989383689A93636811
:102CF00099930023C4E900C32372999A989938469E
:102D0000F9F720FA9898A84201D00EF035FF929872
:102D1000504501D00EF030FF8C988EAB984201D018
:102D20000EF02AFF869888AB984201D00EF024FF5F
:102D3000809882AB984201D00EF01EFF7A987CAB4F
:102D4000984201D00EF018FF749876AB984201D0EB
:102D50000EF012FF6E9870AB984201D00EF00CFF8F
:102D600068986AAB984201D00EF006FF629864AB97
:102D7000984201D00EF000FF5C985EAB984219D0EB
:102D80000EF0FAFE16E000BFCDCCCCCC34B5050079
:102D900070B70500BC7A0500C47A050090B705003D
:102DA00058B5050064B5050070B505007CB5050093
:102DB0007C7A0500569858AB984201D00EF0DCFEA4
:102DC000509852AB984201D00EF0D6FE4A984CABC8
:102DD000984201D00EF0D0FE449846AB984201D004
:102DE0000EF0CAFE3E98584501D00EF0C5FE389848
:102DF0003AAB984201D00EF0BFFE329834AB984205
:102E000001D00EF0B9FE2C982EAB984201D00EF0F6
:102E1000B3FE2698B04201D00EF0AEFE209822AB51
:102E2000984201D00EF0A8FE38460DF5217DBDE890
:102E3000F08F0DF520790023D4F8240109F8013D25
:102E400080EAE073C6494A46A3EBE07300E04246DD
:102E5000A1FB03EC4FEADC0C0CEB8C0EA3EB4E0356
:102E6000303302F8013C634602F1FF38002BEED10B
:102E70000028C0F28E80CDF848A2404611F03FFFF6
:102E800008EB0002414692A8F9F746F8B54992A826
:102E9000F9F7B6FC014698A8F0F72CF8999A98999A
:102EA0003846F9F74FF99898A84201D00EF064FE21
:102EB000929850453FF4EFAD0EF05EFE94F87E30F0
:102EC000002B3FF4EDAD04F594716EA8FBF708FEFE
:102ED000A5496EA8F9F794FC014674A8F0F70AF822
:102EE000A24974A8F0F724F801467AA8F0F702F88E
:102EF00004F5A07180A8FBF7F3FD80AA7AA986A843
:102F0000F0F702F99A4986A8F0F712F801468CA862
:102F1000EFF7F0FF04F5AC7192A8FBF7E1FD92AA80
:102F20008CA998A8F0F7F0F8999A98993846F9F78B
:102F300009F99898A84201D00EF01EFE92985045CB
:102F400001D00EF019FE8C988EAB984201D00EF095
:102F500013FE869888AB984201D00EF00DFE809843
:102F600082AB984201D00EF007FE7A987CAB984273
:102F700001D00EF001FE749876AB984201D00EF0AD
:102F8000FBFD6E9870AB98423FF48AAD0EF0F4FDF5
:102F900086E52D2108F8011CB2F10208CDF848A2FF
:102FA0007FF46BAFE0464FF0FF326BE7DCF80000D8
:102FB000DCF80410DCF80820DCF80C30AE46AEE893
:102FC0000F0094E630687168B268F368C446ACE8F4
:102FD0000F00FFF780BBDCF80000DCF80410DCF821
:102FE0000820DCF80C304E460FC6FFF78CBBDCF82F
:102FF0000000DCF80410DCF80820DCF80C30B646E1
:10300000AEE80F00FFF7ABBBDCF80000DCF8041003
:10301000DCF80820DCF80C300DF1E80EAEE80F000B
:10302000FFF7BDBBDCF80000DCF80410DCF808207A
:10303000DCF80C300DF5987EAEE80F00FFF7E0BB32
:10304000DCF80000DCF80410DCF80820DCF80C30B8
:103050000DF5BC7EAEE80F00FFF7F2BBDCF8000018
:10306000DCF80410DCF80820DCF80C300DF5E07E0C
:10307000AEE80F0004E4DEF80000DEF80410DEF82D
:103080000820DEF80C300DF5A478A8E80F00A7E5BD
:10309000DEF80000DEF80410DEF80820DEF80C3060
:1030A0000DF5C878A8E80F00BCE5DEF80000DEF8F2
:1030B0000410DEF80820DEF80C300DF5EC78A8E8F6
:1030C0000F00D1E5DEF80000DEF80410DEF808207D
:1030D000DEF80C300DF50878A8E80F00E6E5DEF81C
:1030E0000000DEF80410DEF80820DEF80C300DF1E8
:1030F000B808A8E80F001FE5DEF80000DEF80410AD
:10310000DEF80820DEF80C30D846A8E80F0045E5C8
:10311000DCF80000DCF80410DCF80820DCF80C30E7
:103120000DF5027EAEE80F00FFF7CABBDCF8000029
:10313000DCF80410DCF80820DCF80C30D646AEE8E9
:103140000F00FFF7DFBBDEF80000DEF80410DEF84A
:103150000820DEF80C30B046A8E80F00D4E400BF29
:10316000CDCCCCCC38B705004CB7050058B705001E
:1031700060B70500000000002DE9F04F91F82932FA
:10318000EFB00C468046002B00F049826EAD002364
:1031900005F8113DC24AB1F82A32A2FB0301C90861
:1031A00001EB8100A3EB400303F130008BB205F883
:1031B000010D002BF1D10DF1080A0DF1100B28467D
:1031C000CAF800B011F09BFD29462A185046F8F7BE
:1031D000A3FE1623002200931146B24B5046F5F78A
:1031E000CBFF0AAD0746089557F8083BBB42064699
:1031F00000F02182826808930A9273680993002282
:10320000C6E90072099932726FF000435B1A142B01
:1032100040F274821522A44908A8F8F793FF0DF52F
:10322000B0790746CDF8589157F8083BBB4206469F
:1032300000F048825693836858937368579300232D
:10324000337294F82922C6E90073002A00F0C8817D
:10325000B4F82A0210F07CF88FA3D3E9002310F011
:10326000E1F80323CDE90001904A302162A811F072
:10327000F3FC5EAF62A85C9711F041FD5CAE62ABFF
:103280001A1819463046F8F747FE404656A9324606
:10329000EFF73AFF5C98B84201D00EF06DFC5698FB
:1032A000484501D00EF068FC0898A84201D00EF005
:1032B00063FCDAF80000584501D00EF05DFC94F88C
:1032C0002C32002B35D094F82D32002B40F0918118
:1032D000774A5C97111F3046F8F71EFE262300221E
:1032E00000931146734B3046F5F746FF64AD8646B2
:1032F00062955EF8083B7345844600F0F381629363
:1033000083686493DCF8043063930023CCE900E322
:103310008CF80830639A62994046F8F713FF629878
:10332000A84201D00EF028FC5C98B84201D00EF003
:1033300023FC0EA82146FCF7E3FC0A23002200939D
:103340000EA85D4B1146F5F717FF16AB8446149394
:103350005CF8083B6345054600F07581826814936C
:1033600016926B6815930022C5E900C215992A725E
:103370006FF000435B1A082B40F2C08109224F49CD
:1033800014A8F8F7DFFE1CAB84461A935CF8083BE0
:103390006345054600F0648182681A931C926B684D
:1033A0001B930023C5E900C32B7220A82146FEF71A
:1033B000D7F820AA26A81AA9EFF7A6FE279A6FF039
:1033C00000439B1A0B2B40F299810C223C4926A802
:1033D000F8F7B8FE2EAB84462C935CF8083B6345A7
:1033E000054600F04A8182682C932E926B682D93DB
:1033F0000023C5E900C32B7232A82146FDF71CFD4E
:1034000032AA38A82CA9EFF77FFE399A6FF0004353
:103410009B1A0A2B40F2728138A80B222949F8F72F
:1034200091FE0DF5807A8446CDF8F8A05CF8083B53
:103430006345054600F02E8182683E9340926B689A
:103440003F930023C5E900C32B7244A82146FFF730
:1034500011F944AA4AA83EA9EFF756FE4B9A6FF01D
:1034600000439B1A062B40F249814AA807221649BD
:10347000F8F768FE0DF5A47B8446CDF840B15CF802
:10348000083B6345054600F01181826850935292D3
:103490001CE000BFAFF30080FCA9F1D24D62503FA9
:1034A000CDCCCCCCC0AC0500E4B60500BCB2050068
:1034B00070840500D8AC050000AD05000CAD05001A
:1034C00018AD050028AD050034AD05006B685193BB
:1034D0000023C5E900C32B72214656A8FBF714FB55
:1034E00056AA50A93046EFF70FFE5D9A6FF00043E1
:1034F0009A4200F00381304601228249F8F722FE09
:1035000064AD0646629556F8083BB342044600F0A7
:10351000E180629383686493636863930023C4E9E2
:1035200000632372639A62994046F8F70BFE629833
:10353000A84201D00EF020FB5C98B84201D00EF0FA
:103540001BFB5698484501D00EF016FB5098584585
:1035500001D00EF011FB4A984CAB984201D00EF00E
:103560000BFB449846AB984201D00EF005FB3E9809
:10357000504501D00EF000FB38983AAB984201D08C
:103580000EF0FAFA329834AB984201D00EF0F4FA09
:103590002C982EAB984201D00EF0EEFA269828AB6C
:1035A000984201D00EF0E8FA209822AB984201D060
:1035B0000EF0E2FA1A981CAB984201D00EF0DCFA39
:1035C000149816AB984201D00EF0D6FA0E9810ABB4
:1035D000984201D00EF0D0FA40466FB0BDE8F08FAF
:1035E000494A5CAE5EAF111F30465C97F8F794FC19
:1035F0004BE6D4F830020FF0BDFE0323CDE9000105
:10360000424A302162A811F027FB62A85C9711F0B2
:1036100076FB62A90A183046F8F77EFC5EE60DF1EB
:10362000080A394A0DF1100B111F5046CAF800B0B4
:10363000F8F772FCCDE538687968BA68FB68AC4683
:10364000ACE80F00D9E5DCF80000DCF80410DCF889
:103650000820DCF80C300DF1580EAEE80F0080E6C3
:10366000DCF80000DCF80410DCF80820DCF80C3092
:103670000DF1700EAEE80F0091E6DCF80000DCF80A
:103680000410DCF80820DCF80C300DF1B80EAEE8C0
:103690000F00ABE6DCF80000DCF80410DCF80820D2
:1036A000DCF80C30D646AEE80F00C8E6DCF80000C7
:1036B000DCF80410DCF80820DCF80C30DE46AEE85C
:1036C0000F0003E738687968BA68FB68CC46ACE855
:1036D0000F00B2E530687168B268F368AC46ACE8D8
:1036E0000F0019E7DEF80000DEF80410DEF808200D
:1036F000DEF80C30AA46AAE80F0003E604480FF0F3
:1037000045FC00BF2086050070840500BCB20500A2
:10371000F07B050070B5002444749DF81050C9B1C9
:103720000F4E0160B142846012D00E4CA14204BF22
:10373000012101710C4951F82220027351F8233004
:10374000837351F8253043730023C373037470BD32
:103750000471EFE7054B064A0648242110F04CFAA5
:103760000030024000F0024074BF050024B805009C
:1037700090B8050034B80500437C03B1704730B5FC
:10378000012285B042740321FF22019304468DF883
:1037900003208DF806208DF80510827B417B8DF883
:1037A00000204FF080451A4602958DF80110057BE8
:1037B000C3736946037403938DF802500EF0B4FA94
:1037C000A37B1F2B86BF03F01F030C4A4FF0A042C0
:1037D00003F5E07340F2013142F82310637B1F2BA5
:1037E00086BF03F01F0305494FF0A04103F5E073C6
:1037F00040F2033241F8232005B030BD00030050F1
:1038000010B504460EF0D8FB0023637410BD00BF52
:1038100010B483B002AB03E906009DF805309DF8B3
:103820000410026813F1FF3318BF0123002402299A
:10383000C2F800451C460374C17332D003292DD051
:10384000012925D0224B0099B3FBF1F3B3F5007F9A
:10385000C2F854451FD2FF2B0FD87F2B24D83F2B03
:1038600025D81F2B26D80F2B27D8072B02D819496C
:103870008A4225D04FF0004101E04FF080610723DC
:10388000C2F82415C2F8003503B05DF8044B704748
:1038900043F00204D6E74FF00071F0E743F006046E
:1038A000D0E743F00404CDE74FF00061E7E74FF0C5
:1038B0008051E4E74FF00051E1E74FF08041DEE74F
:1038C000042B34BF4FF0A0514FF02061D7E700BF69
:1038D0000090D00300F0024003680022C3F80025E6
:1038E000704700BF002B3AD02DE9F047814684B0E5
:1038F0000D4617461E464FF6FF784FF0000A464524
:10390000344628BF4446002D14BF234600230095AB
:103910000297361B01938FB10022694648460394F3
:103920000EF0ACFB05B125442744002EE7D104B0CE
:10393000BDE8F087CDE900550295361B00226946A7
:103940004846CDF80CA00EF099FB4DB946453446DB
:1039500028BF4446002EEDD104B0BDE8F087704783
:103960002544002ECBD1E2E78AB32DE9F04107468A
:1039700084B00D4614464FF6FF784445264628BFCE
:1039800046460022694638460095A41B55B1CDE94C
:103990000165039635440EF071FB002CEDD104B0A7
:1039A000BDE8F0814FF6FF7604E0B442009594BF85
:1039B000241BA41B002269463846CDE90155039516
:1039C0000EF05CFB002CF0D104B0BDE8F081704734
:1039D00010B586B006AB012403F8111D002202A920
:1039E0000293CDE9034305940EF048FB9DF80700D0
:1039F00006B010BD30B4094A094B546FD068916FBE
:103A00001C7300220124074D1C7198735973DA73DB
:103A10001A741D605A749A6030BC704774BF0500F8
:103A200044A3002000F002402DE9F0471A4DAC46B7
:103A300007468A4691469846BCE80F003C464FF040
:103A4000000E44F804EB0FC49CE807001C3584E822
:103A500007000FCD82B007F130040A9EC7F8288016
:103A6000C7E908A9FE620FC42B6823600CABC7F836
:103A700044E093E803006C4684E8030030200EF035
:103A800077F894E80C000B99054601F0C7F8384622
:103A90003D6002B0BDE8F087D0B8050010B504461F
:103AA000006803685B6C98472068216A0368826835
:103AB0009B6898472068216A03680269DB68984719
:103AC000004B10BDB4610020006803689B6C184770
:103AD0002DE9F04F057C83B00446407C0D9F0C9E81
:103AE0000196ED0805EBD0053D44284689469046F1
:103AF0009B460EF03FF8064628460EF03BF88246FD
:103B0000207C08285FFA89F35FFA88F132D843EA0B
:103B10000102638932704B4506F1010034D03A4608
:103B2000A18910F0B0F9206803685B6B98472068A2
:103B3000216A0368C268DB689847206803682A46E0
:103B400031469D6B5346A8472068216A0368026985
:103B5000DB68984720680368DB6B984723894B45EF
:103B600017D030460EF00AF8504603B0BDE8F04FCB
:103B70000EF004B843EA182263897170D2B24B4543
:103B800006F102003270CAD159463A4610F057F990
:103B9000C9E7217C01983A460AEBD10110F04FF9B0
:103BA000DFE700BF2DE9F04790F804C084B0044679
:103BB0000F4616461D46BCF1000F00F0B480427C53
:103BC00053B2002BB8BF0733DB10013B5BB2002BB5
:103BD0000DF10808C0F2BB80B0F80AE04146D800F9
:103BE000013B5BB24EFA00FCB3F1FF3F01F801CBA1
:103BF000A0F10800F4D194F810C04FEADC0C0CF1ED
:103C0000FF335BB2581C09D00139D800013B27FAB9
:103C100000F05BB201F8010F581CF6D10CEBD20793
:103C200007EB050A50460DF0A5FF814647B1013F5D
:103C3000FFB2013741463A4610F001F909EB07009F
:103C400031462A4610F0FBF8E36A20680133036826
:103C500065D05B6A984706460BE0206803685B6D99
:103C60009847206803685B6A9847E369801B98421D
:103C700063D22068E16A03681B6998470028ECD189
:103C800050460DF077FF0646206803685B6B984747
:103C90002068216A0368C268DB6898472068036867
:103CA00052469F6B49463346B8472068216A0368ED
:103CB0000269DB68984720680368DB6B9847E36A12
:103CC0002068013303683ED01B6A012198472068B1
:103CD00003685B6A984707460BE0206803685B6DE2
:103CE0009847206803685B6A9847E369C01B98425D
:103CF0000CD22068E16A03681B6998470028ECD160
:103D000063691BB115B1E27CB05C984748460DF081
:103D100035FF304604B0BDE8F0470DF02FBFDB693A
:103D200032219847ACE74189CDE900C313463A46B2
:103D3000FFF7CEFE04B0BDE8F087484604B0BDE80A
:103D4000F0470DF01BBFDB6901219847D8E74146DA
:103D500051E700BF2DE9F04F83B004460C9F807CF3
:103D60009DF838500195D51905EBD00528469DF8EA
:103D700034A0009116469B460DF0FCFE80465EB1D5
:103D800006F1FF395FFA89F909F1010900994A46FC
:103D900010F055F808EB0900A27CA18907EBD202CC
:103DA00010F071F8BAF1000F1DD0E26A20680132FC
:103DB00003687CD05B6A984781460DE02068036801
:103DC0005B6D9847206803685B6A9847E369A0EBDE
:103DD0000900984280F085802068E16A03681B69C9
:103DE00098470028EAD128460DF0C4FE8146206895
:103DF00003685B6B98472068216A0368C268DB68C8
:103E00009847206803682A4641469D6B4B46A84761
:103E10002068216A03680269DB68984720680368A4
:103E2000DB6B9847BAF1000F20D0E26A20680132BC
:103E300003685FD01B6A01219847206803685B6AAA
:103E4000984705460BE0206803685B6D984720683B
:103E500003685B6A9847E369401B984251D2206827
:103E6000E16A03681B6998470028ECD1636913B3C2
:103E70000FB3E27C19F802009847A17C06EBD10150
:103E800005463A46494458460FF0D9FF40460DF0E2
:103E900075FE48460DF072FEFDB9019BE3B1A569C0
:103EA000DDB120462B4603B0BDE8F04F1847DB6973
:103EB0003221984797E7A17C06EBD1013A46494465
:103EC00058460FF0BCFF40460DF058FE48460DF036
:103ED00055FE019B002BE2D11D46284603B0BDE8EC
:103EE000F08F40460DF04AFE6FF43075284603B05F
:103EF000BDE8F08FDB69012198476369002BB7D1DA
:103F0000D9E7A17C06EBD10149443A4658460FF067
:103F100096FF40460DF032FE48460DF02FFE6FF43E
:103F20003075284603B0BDE8F08F00BF90F811C08F
:103F30002DE9F04F04464FFA8CF00028B8BF073047
:103F40001D46C310013B83B05BB2002B9DF830606F
:103F50009DF8347090460CDBDA0001A8013B5BB29F
:103F600041FA02FEB3F1FF3F00F801EBA2F10802B3
:103F7000F4D14FEADC0B0BEB050A50460DF0FAFDCD
:103F80008146BBF1000F09D001AA12F8013B00F8ED
:103F9000013BA0EB0903DBB29B45F6D841462A461C
:103FA0000FF04DFFE6B1E26A20680132036871D07C
:103FB0005B6A984780460CE0206803685B6D984711
:103FC000206803685B6A9847E369A0EB08009842A1
:103FD00071D22068E16A03681B6998470028EBD119
:103FE00050460DF0C7FD8046206803685B6B98471C
:103FF0002068216A0368C268DB6898472068036804
:1040000052464946D3F838A04346D0472068216A33
:1040100003680269DB68984720680368DB6B984790
:1040200006B3E26A2068013203684DD01B6A0121A1
:104030009847206803685B6A984706460BE020684B
:1040400003685B6D9847206803685B6A9847E3697B
:10405000801B98423FD22068E16A03681B69984739
:104060000028ECD16369CBB1C5B1E27C18F802003D
:104070009847054648460DF081FD40460DF07EFD0F
:10408000ADB99FB1A56995B120462B4603B0BDE8F7
:10409000F04F1847DB6932219847A1E748460DF0F9
:1040A0006DFD40460DF06AFD002FEBD13D462846E0
:1040B00003B0BDE8F08F48460DF060FD6FF4307539
:1040C000284603B0BDE8F08FDB690121984763699A
:1040D000002BC9D1E2E748460DF050FD40460DF0F7
:1040E0004DFD6FF43075284603B0BDE8F08F00BF7A
:1040F0002DE9F04F83B00446DDF830809DF8349010
:104100009DF838B0019102EB0807384615469A46EB
:104110000DF030FD06463DB1013DEDB2013501998E
:104120002A460FF08CFE7019514642460FF087FE6A
:10413000B9F1000F1BD0E26A20680132036874D025
:104140005B6A984705460BE0206803685B6D9847FB
:10415000206803685B6A9847E369401B984276D2FF
:104160002068E16A03681B6998470028ECD138464B
:104170000DF000FD0546206803685B6B98472068DA
:10418000216A0368C268DB689847206803683A467A
:1041900031469F6B2B46B8472068216A0368026945
:1041A000DB68984720680368DB6B9847B9F1000F1C
:1041B00020D0E26A20680132036851D01B6A0121D5
:1041C0009847206803685B6A984707460BE02068B9
:1041D00003685B6D9847206803685B6A9847E369EA
:1041E000C01B984243D22068E16A03681B69984764
:1041F0000028ECD16369E3B1B8F1000F19D0E27C7B
:10420000A85C9847074630460DF0B8FC28460DF0EC
:10421000B5FCC7B9BBF1000F14D0A7699FB1204608
:104220003B4603B0BDE8F04F1847DB6932219847A1
:104230009DE730460DF0A2FC28460DF09FFCBBF137
:10424000000FEAD15F46384603B0BDE8F08F304634
:104250000DF094FC6FF43077384603B0BDE8F08F72
:10426000DB69012198476369002BC5D1E1E730463E
:104270000DF084FC28460DF081FC6FF43077384651
:1042800003B0BDE8F08F00BF2DE9F041457C6BB273
:10429000002BB8BF0733DB10013B5BB2002B82B0B1
:1042A00004460CDBC689DA0001A9013B46FA02F09C
:1042B0005BB201F8010B581CA2F10802F5D1A77CF2
:1042C000ED0805EBD707013738460DF053FC0646DD
:1042D00045B101AA12F8013B00F8013B831BDBB298
:1042E0009D42F7D8A27CA189D20801320FF0CBFD04
:1042F000E36A20680133036800F085805B6A9847B1
:1043000080460CE0206803685B6D9847206803686E
:104310005B6A9847E369A0EB0800984277D220686F
:10432000E16A03681B6998470028EBD138460DF015
:1043300021FC8046206803685B6B98472068216AEF
:104340000368C268DB689847206803683A463146CC
:104350009F6B4346B8472068216A03680269DB689F
:10436000984720680368DB6B9847E36A206801334D
:10437000036837D01B6A01219847206803685B6A8D
:10438000984707460BE0206803685B6D98472068F4
:1043900003685B6A9847E369C01B984240D2206873
:1043A000E16A03681B6998470028ECD16369FBB197
:1043B000E27C18F802009847A37C08EBD303074679
:1043C00030465D5D0DF0DAFB40460DF0D7FB2FB9AE
:1043D00067691FB12846B8470027E080384602B019
:1043E000BDE8F081DB69012198476369002BDFD1CB
:1043F000A37C08EBD30330465D5D0DF0BFFB404668
:104400000DF0BCFBE4E7DB69322198478EE73046CC
:104410000DF0B4FB6FF43077384602B0BDE8F081A0
:1044200030460DF0ABFB40460DF0A8FB6FF4307743
:10443000384602B0BDE8F0812DE9F04F85B0154651
:10444000109A9DF8444001948A460446AF1802939E
:10445000002B40F0FB80837C07EBD30738460DF040
:1044600089FB0646002D00F0C98046EA0A035A0778
:1044700040F00B810B2D40F20881002D14BF2B461C
:10448000012303934FEAD30B721CAAF1080C3146A7
:104490000023FCE9028901335FFA83FE1046F345ED
:1044A000E1E8028900F1070002F10802F1D803995E
:1044B00001F0F8038B4206EB03023BD003F1010C41
:1044C0005FFA8CFC1AF80310F154654502F1010003
:1044D00030D9991CC9B21AF80C0050708D4202F103
:1044E000020027D9D81C1AF801109170C1B28D4270
:1044F00002F103001ED9181D1AF80110D170C1B2C3
:104500008D4202F1040015D9581D1AF801101171DD
:10451000C1B28D4202F105000CD90633DBB21AF8A4
:10452000011051719D4202F1060003D91AF80330BF
:104530009371D01D029B002B60D0109A0E990FF042
:104540007EFC019B002B63D138460DF013FB8046A7
:10455000206803685B6B98472068216A0368C2681B
:10456000DB689847206803683A4631469F6B4346AC
:10457000B8472068216A03680269DB6898472068A9
:104580000368DB6B9847019B0BB3E26A206801323A
:10459000036800F086801B6A012198472068036841
:1045A0005B6A984707460BE0206803685B6D984795
:1045B000206803685B6A9847E369C01B984277D21A
:1045C0002068E16A03681B6998470028ECD1676995
:1045D0003FB1109B002B6ED0E37C18F80300B84766
:1045E0000746029B002B3ED030460DF0C7FA4046EE
:1045F0000DF0C4FA384605B0BDE8F08F109BA27CE0
:10460000A18903EBD2020FF03EFC019B002B9BD053
:10461000E26A20680132036821D05B6A98478046CD
:104620000CE0206803685B6D9847206803685B6A4C
:104630009847E369A0EB080098421DD22068E16A20
:1046400003681B6998470028EBD17DE738460DF0D9
:1046500091FA0646002D7FF408AF30466DE7DB691E
:104660003221984770E7A17C05EBD1014144DDE997
:104670000F020FF0E4FBB7E730460DF07FFA6FF45E
:104680003077384605B0BDE8F08F0AF1FF3A304682
:104690001AF8013F00F8013B831BDBB29D42F7D8BB
:1046A00048E7DB69012198476769002F91D198E7B6
:1046B0006FF4307795E71F4693E700BF2DE9F0418F
:1046C000067986B005460C46002E3FD0477C78B26E
:1046D0000028B8BF0730C010013840B2002804A934
:1046E0003EDBB5F808800E464FEAC00C013840B2F8
:1046F00048FA0CFEB0F1FF3F06F801EBACF1080CF4
:10470000F4D195F810E04FEADE0E0EF1FF3040B222
:10471000B0F1FF3F0BD0013E4FEAC00C013840B270
:1047200024FA0CFCB0F1FF3F06F801CFF4D10024CD
:104730000126029201930EEBD702284603960094BD
:104740002346FFF779FE06B0BDE8F0810189CDE987
:10475000003233462246FFF7BBF906B0BDE8F081D0
:104760000E46CEE790F811C02DE9F04305464FFA0A
:104770008CF00028B8BF0730C010013887B040B2B5
:1047800000289DF838E09DF83C600DF114090CDB21
:104790004F46C400013840B241FA04F8B0F1FF3F7F
:1047A00007F8018BA4F10804F4D10020CDE9023E02
:1047B0000192009003464FEADC0249462846FFF783
:1047C0003BFE20B91EB1AB690BB12846984707B034
:1047D000BDE8F0832DE9F04F8BB0072B9DF85850C2
:1047E0009DF850809DF8547005959DF85CB000F2DE
:1047F0002F81B8F1070F00F22B814345C0F02881CB
:104800001E4603799146002204460D468DF81F206E
:10481000002B00F00681427C53B2002BB8BF073357
:10482000DB10013B5BB2002B08A9C0F20F81B0F88E
:1048300008A08E46D800013B5BB24AFA00FCB3F1F7
:10484000FF3F0EF801CBA0F10800F4D194F810C09E
:104850004FEADC0C0CF1FF335BB2581C0AD00EF1AE
:10486000FF3ED800013B25FA00F05BB20EF8010FC5
:10487000581CF6D101200DF11F0A0023CDE90200DA
:104880000CEBD202CDE9003A2046FFF7D5FDFF221E
:10489000731CC8F1080802FA03F342FA08F843EA65
:1048A00008039DF81F60DB43DBB289EA060213426E
:1048B00003D1BBF1000F00F0A18026EA030603EA52
:1048C0000909237946EA09068DF81E60002B00F0DD
:1048D000B280627C53B2002BB8BF0733DB10013BC0
:1048E0005BB2002B08A9C0F2B680B4F80A80084673
:1048F0004FEAC30C013B5BB248FA0CFEB3F1FF3F39
:1049000000F801EBACF1080CF4D194F810C04FEAB8
:10491000DC0C0CF1FF335BB2B3F1FF3F0BD001387D
:104920004FEAC30E013B5BB225FA0EFEB3F1FF3F27
:1049300000F801EFF4D1002001230CEBD2020DF1BD
:104940001E0CCDE900C0CDE902332046FFF774FD0F
:10495000206803689B6A98474FF47A7909FB07F946
:1049600083464FF000080127206803689B6A984738
:10497000A0EB0B0048454FD223798DF81F80002B08
:1049800040D0617C4BB2002BB8BF0733DB10013B3A
:104990005BB2002B3EDBB4F808C0DA0008A8013B8C
:1049A0005BB24CFA02FEB3F1FF3F00F801EBA2F15B
:1049B0000802F4D1227CD208531E5BB2B3F1FF3F50
:1049C0000BD001384FEAC30C013B5BB225FA0CFC5B
:1049D000B3F1FF3F00F801CFF4D102EBD102CDE9F2
:1049E0000277CDE9008A002308A92046FFF724FDBD
:1049F0009DF81F30059A73401A42B5D100200BB0C4
:104A0000BDE8F08F21892A46CDE900A72046FFF7AF
:104A10005FF8EDE708A8CDE76FF00F000BB0BDE839
:104A2000F08F01220DF11F0A0189CDE900A22A466B
:104A3000FFF74EF82BE761890093012301932A4683
:104A40000DF11E032046FFF743F881E78E46FDE691
:104A50006FF00A00D3E7084657E700BFF8B5446C8B
:104A600024B906E0914205D0183402D02278002AF9
:104A7000F8D1F8BD0646043400F1300500F14407D2
:104A800055F8041B002904DB306822680368DB68E2
:104A90009847AF4204F10404F2D1F8BD21B1034BB1
:104AA000880143F001031847704700BF70B9050043
:104AB00008467047704700BF006AFEF75DBE00BF42
:104AC000006AFEF79DBE00BF72B1F8B54C1E0746E6
:104AD000A6185D1E14F8011F386AFEF779FFB4426C
:104AE00005F8010FF6D1F8BD704700BF0DF054BDB9
:104AF0004B1C02D0C8B209F055BD7047084611469C
:104B0000421C03D01A46C0B209F012BE704700BF63
:104B1000006AFEF7E1BE00BF00F1240393E806003F
:104B2000006AFEF775BE00BF08461146421C02D05F
:104B30001A460DF0D3BC0020704700BF08B50A4BE1
:104B4000DB68D90103D5094B1A68D20708D40BF0EA
:104B50009DFF074BA0FB0323900A40EA835008BD4A
:104B60005868800908BD00BFF0ED00E0001000E0CB
:104B700040420F000AF010BD08460AF019BD00BF00
:104B80004B1C02D008460AF07BBB70470846114612
:104B9000421C02D01A460AF069BA70474B1C02D078
:104BA00008460EF08FB80020704700BF4B1C084627
:104BB00002D011460EF06AB8704700BF4B1C084681
:104BC00002D011460DF0DEBF704700BF10B5302196
:104BD00004460CF0D5FF204610BD00BF90F82C20F5
:104BE00002B9704702680449126C8A4202D1006A15
:104BF000FEF706BE104700BFC14A040090F82C2003
:104C000002B9704702680449126B8A4202D1006AF5
:104C1000FEF7B2BD104700BFB94A0400F0B587B037
:104C200004AD85E80C0003270122002304240E466E
:104C3000CDE9014700921946044604F0A5FF95E826
:104C4000030004F12403054D26620022256083E859
:104C50000300204684F82C2007B0F0BD08B90500F9
:104C60004AB116290B466FF00800A8BF16238342ED
:104C7000B8BF034613700931C9B21F298CBF6FF04A
:104C80000C000020704700BF704700BF10B54FF404
:104C9000E47104460CF074FF204610BD9FED167AB7
:104CA000B4EEC70AF1EE10FA23D49FED147AB4EEF5
:104CB000C70AF1EE10FA1CDC38B5D0ED587A70EE68
:104CC000677AB3EE047AF0EEE77AF4EEC77AF1EEA3
:104CD00010FA054610EE104A06DA00EE104A284691
:104CE000BDE8384004F084BC02F01CFA0028F4D07F
:104CF00038BD6FF00B007047000016430000704491
:104D000030B50368124A9B6D934283B005460C464A
:104D100014D10931CBB21F2B17D80E4B03EB410036
:104D200013F8112090F9011000241309284602F00D
:104D30000F02009404F028FC03B030BD0022984715
:104D40000028F9D104F10901E7E76FF00C00F3E75F
:104D5000614C0400A8B90500F0B52DED028B85B0BB
:104D600005689DF8346080F85461C0ED540AD5F8A8
:104D70000851474E9DF930708DF80C10B5428DEDFD
:104D8000020A8DF80D208DF80E308DF80F7056D177
:104D9000044602F0D3FC18B105B0BDEC028BF0BDA7
:104DA00023683C4ADB6B9DED028A934255D1DFEDCF
:104DB0003A7AB4EEE78AF1EE10FA59D4DFED377A99
:104DC000B4EEE78AF1EE10FA52DCD4ED587A78EEC0
:104DD000677AB3EE047AF0EEE77AF4EEC77AF1EE92
:104DE00010FA32DAB0EE480A204604F001FC00283E
:104DF000D2D10121204602F007FA0028CCD1236845
:104E000027495A6D9DF90F508A422DD19B6D254A35
:104E1000934230D105F10903DAB21F2A34D8224A6D
:104E200002EB430112F8132091F901100025130938
:104E3000204602F00F02009504F0A6FBACE702A9A1
:104E4000A84705B0BDEC028BF0BDB0EE480A204685
:104E500002F068F90028C5D09EE7B0EE480A204667
:104E60009847002898D1C4E729462046904793E701
:104E70006FF00B0090E7024629462046984700282D
:104E80008AD105F10903CAE76FF00C0084E700BF7F
:104E9000CD4F04009D4C04000000164300007044F8
:104EA000014D0400614C0400A8B9050030B52DED9A
:104EB000028B91ED010A83B00D46044602F020FCFE
:104EC00018B103B0BDEC028B30BD2368394ADB6BEF
:104ED00095ED008A93424FD1DFED377AB4EEE78A41
:104EE000F1EE10FA58D4DFED357AB4EEE78AF1EE40
:104EF00010FA51DCD4ED587A78EE677AB3EE047A82
:104F0000F0EEE77AF4EEC77AF1EE10FA2CDAB0EEB2
:104F1000480A204604F06CFB0028D2D1012120462B
:104F200002F072F90028CCD1236825495A6D95F911
:104F300008508A4233D19B6D224A934223D105F116
:104F40000903DAB21F2A32D81F4A02EB430112F8D2
:104F5000132091F9011000251309204602F00F02D9
:104F6000009504F011FBACE7B0EE480A204602F0D1
:104F7000D9F80028CBD0A4E7B0EE480A20469847DD
:104F800000289ED1CAE702462946204698470028B5
:104F900097D105F10903D7E76FF00B0091E7294698
:104FA000204603B0BDEC028BBDE8304010476FF0E7
:104FB0000C0086E79D4C040000001643000070447E
:104FC000014D0400614C0400A8B9050030B52DED79
:104FD000028B0C4683B08B794A790979054602F039
:104FE000ADFB18B103B0BDEC028B30BD2B683A4A63
:104FF000DB6B94ED008A93424FD1DFED387AB4EE4B
:10500000E78AF1EE10FA58D4DFED357AB4EEE78A8C
:10501000F1EE10FA51DCD5ED587A78EE677AB3EEFE
:10502000047AF0EEE77AF4EEC77AF1EE10FA2CDAB1
:10503000B0EE480A284604F0DBFA0028D2D101215C
:10504000284602F0E1F80028CCD12B6825495A6D9A
:1050500094F907408A4233D19B6D234A934223D16E
:1050600004F10903DAB21F2A32D8204A02EB4301C5
:1050700012F8132091F9011000241309284602F0B8
:105080000F02009404F080FAACE7B0EE480A28461C
:1050900002F048F80028CBD0A4E7B0EE480A284632
:1050A000984700289ED1CAE70246214628469847DD
:1050B000002897D104F10903D7E76FF00B0091E7BF
:1050C0002146284603B0BDEC028BBDE830401047B6
:1050D0006FF00C0086E700BF9D4C040000001643F3
:1050E00000007044014D0400614C0400A8B90500A3
:1050F000F0B52DED028B04464D4B056880ED541A3A
:1051000016460F4684F8546193E80700D5F800511D
:10511000484E87B003ABB54283E807008DF81470A2
:10512000CDED040A8DED030A58D1B0EE600A204699
:1051300002F0E6FA18B107B0BDEC028BF0BD2368AF
:105140003D4ADB6B9DED038A934256D1DFED3B7AFE
:10515000B4EEE78AF1EE10FA5AD4DFED397AB4EE04
:10516000E78AF1EE10FA53DCD4ED587A78EE677ADC
:10517000B3EE047AF0EEE77AF4EEC77AF1EE10FAC5
:1051800033DAB0EE480A204604F032FA0028D2D1D1
:105190000121204602F038F80028CCD123682949A3
:1051A0005A6D9DF914508A422ED19B6D264A934226
:1051B00031D105F10903DAB21F2A35D8234A02EBAF
:1051C000430112F8132091F901100025130920461C
:1051D00002F00F02009504F0D7F9ACE7194620461B
:1051E000A84707B0BDEC028BF0BDB0EE480A2046E0
:1051F00001F098FF0028C4D09DE7B0EE480A204691
:105200009847002897D1C3E729462046904792E760
:105210006FF00B008FE7024629462046984700288A
:1052200089D105F10903C9E76FF00C0083E700BFDE
:1052300078B90500AD4E04009D4C040000001643F3
:1052400000007044014D0400614C0400A8B9050041
:1052500030B52DED028B0C4683B091ED031AD4EDE1
:10526000020A498A94ED010A054602F0C3F918B111
:1052700003B0BDEC028B30BD2B683A4ADB6B94ED7A
:10528000008A93424FD1DFED387AB4EEE78AF1EE2F
:1052900010FA58D4DFED357AB4EEE78AF1EE10FA61
:1052A00051DCD5ED587A78EE677AB3EE047AF0EEF9
:1052B000E77AF4EEC77AF1EE10FA2CDAB0EE480A8B
:1052C000284604F095F90028D2D10121284601F0A2
:1052D0009BFF0028CCD12B6825495A6D94F91040CA
:1052E0008A4233D19B6D234A934223D104F10903AF
:1052F000DAB21F2A32D8204A02EB430112F81320F7
:1053000091F9011000241309284602F00F020094BD
:1053100004F03AF9ACE7B0EE480A284601F002FF83
:105320000028CBD0A4E7B0EE480A284698470028CA
:105330009ED1CAE70246214628469847002897D1C1
:1053400004F10903D7E76FF00B0091E721462846E7
:1053500003B0BDEC028BBDE8304010476FF00C008D
:1053600086E700BF9D4C0400000016430000704417
:10537000014D0400614C0400A8B905002DE9F0417D
:10538000574DDFF878C12DED028B06468E46174645
:1053900098460FCD88B003AC0FC4336886ED542A0D
:1053A00086F85481D3F8F8302A6822606345F0EE1D
:1053B000607ACDED040A8DF81CE08DED051ACDED77
:1053C000061AADF81E708DED030A5ED1F0EE410AAB
:1053D0003946B0EE611AB0EE670A304602F00AF9BB
:1053E00020B108B0BDEC028BBDE8F08133683D4AC6
:1053F000DB6B9DED038A934257D1DFED3B7AB4EE30
:10540000E78AF1EE10FA5BD4DFED387AB4EEE78A82
:10541000F1EE10FA54DCD6ED587A78EE677AB3EEF6
:10542000047AF0EEE77AF4EEC77AF1EE10FA34DAA5
:10543000B0EE480A304604F0DBF80028D1D1012153
:10544000304601F0E1FE0028CBD1336828495A6D7F
:105450009DF91C408A422FD19B6D264A934232D13E
:1054600004F10903DAB21F2A36D8234A02EB4301BA
:1054700012F8132091F9011000241309304602F0AC
:105480000F02009404F080F8ABE703A93046984778
:1054900008B0BDEC028BBDE8F081B0EE480A3046A2
:1054A00001F040FE0028C3D09BE7B0EE480A30462A
:1054B0009847002895D1C2E721463046904790E7AB
:1054C0006FF00B008DE702462146304698470028D2
:1054D00087D104F10903C8E76FF00C0081E700BF32
:1054E00084B905009D4C0400000016430000704480
:1054F000014D0400614C0400A8B90500515204009C
:105500002DE9F0412DED028B5F4DDFF898C186B09B
:1055100004468E4616461F4695E80F009DF84080CB
:10552000256884ED541A84F85481D5F8F08002ADD2
:1055300085E80F00E0459DF93820BDF83C308DF836
:1055400010E08DF811608DF812708DED020ACDED2E
:10555000030A8DF81320ADF814306BD13A4631466A
:10556000204601F0EBFF20B106B0BDEC028BBDE898
:10557000F08123689DF81010D3F8E8302046984752
:105580000028F1D123689DED030AD3F8E4302046CA
:1055900098470028E8D123683C4ADB6B9DED028ADE
:1055A000934257D1DFED3A7AB4EEE78AF1EE10FA82
:1055B00059D4DFED387AB4EEE78AF1EE10FA52DC16
:1055C000D4ED587A78EE677AB3EE047AF0EEE77AA3
:1055D000F4EEC77AF1EE10FA34DAB0EE480A20465B
:1055E00004F006F80028BFD10121204601F00CFE8E
:1055F0000028B9D1236828495A6D9DF913508A4271
:105600002DD19B6D254A934230D105F10903DAB2C1
:105610001F2A35D8224A02EB430112F8132091F9D0
:10562000011000251309204602F00F02009503F037
:10563000ABFF99E729462046C04706B0BDEC028B78
:10564000BDE8F081B0EE480A204601F06BFD00286D
:10565000C3D089E7B0EE480A20469847C2E72946FA
:105660002046904780E76FF00B007DE70246294611
:105670002046984700287FF477AF05F10903C9E772
:105680006FF00C0070E700BF98B905009D4C040056
:105690000000164300007044014D0400614C0400FA
:1056A000A8B90500A956040030B52DED028B0C46B3
:1056B00083B08B898A7A497A054601F03FFF18B199
:1056C00003B0BDEC028B30BD2B68217AD3F8E830F3
:1056D000284698470028F3D12B6894ED010AD3F8A7
:1056E000E430284698470028EAD12B683A4ADB6B19
:1056F00094ED008A93424FD1DFED387AB4EEE78A19
:10570000F1EE10FA57D4DFED367AB4EEE78AF1EE17
:1057100010FA50DCD5ED587A78EE677AB3EE047A59
:10572000F0EEE77AF4EEC77AF1EE10FA2CDAB0EE8A
:10573000480A284603F05CFF0028C1D10121284611
:1057400001F062FD0028BBD12B6826495A6D94F9FF
:105750000B408A4227D19B6D234A93422ED104F1FC
:105760000903DAB21F2A33D8204A02EB430112F8A8
:10577000132091F9011000241309284602F00F02AA
:10578000009403F001FF9BE7B0EE480A284601F0C1
:10579000C9FC0028CBD093E7B0EE480A28469847CA
:1057A00000288DD1CAE72146284603B0BDEC028B04
:1057B000BDE8304010476FF00B0081E702462146FC
:1057C0002846984700287FF47BAF04F10903CBE714
:1057D0006FF00C0074E700BF9D4C040000001643FE
:1057E00000007044014D0400614C0400A8B905009C
:1057F000F0B52DED028B01298BB0044600F0E98055
:10580000C0F08180022978D10368AE4AD3F80C51E8
:10581000954240F00881AC49AC4AC0F8501105925D
:105820000A2100224FF483758DF81B10ADF8185033
:1058300080F85421D3F80821A54901238A428DF824
:105840001A3040F00C811A46062101F077FF00283B
:1058500055D123689F4ADB6B9DED058A934240F04A
:105860001B81DFED9D7AB4EEE78AF1EE10FA00F1CC
:105870001881DFED9A7AB4EEE78AF1EE10FA00F3C0
:105880001081D4ED587A78EE677AB3EE047AF0EEB0
:10589000E77AF4EEC77AF1EE10FA80F2EF80B0EE1C
:1058A000480A204603F0A4FE48BB0121204601F02F
:1058B000ABFC20BB23688A495A6D9DF91B508A4274
:1058C00040F083809B6D874A934240F0ED8005F164
:1058D0000903DAB21F2A00F2F180834A02EB430186
:1058E00012F8132091F9011000251309204602F047
:1058F0000F02009503F048FE01E06FF013000BB0BB
:10590000BDEC028BF0BD0768784BD7F8FC509D4288
:1059100040F09680764EDFF8B0C1C4F850C10FCE8B
:1059200005AD0FC5002384F85431D7F8F830714A1B
:105930009FED711A3168296093428DED081A40F08D
:1059400091801021F1EE040A9FED6C0A204601F0CF
:1059500051FE0028D3D123685E4ADB6B9DED058A9A
:10596000934240F09480DFED5C7AB4EEE78AF1EE8A
:1059700010FA00F19680DFED597AB4EEE78AF1EE85
:1059800010FA00F38E80D4ED587A78EE677AB3EE91
:10599000047AF0EEE77AF4EEC77AF1EE10FA65DAFF
:1059A000B0EE480A204603F023FE0028A7D10121CB
:1059B000204601F029FC0028A1D1236848495A6DEE
:1059C0009DF924508A423FF47DAF294620469047F6
:1059D00095E706684A4BD6F8F4509D4213D1494BDF
:1059E000394FC4F850710FCB002705AD84F85471BE
:1059F00085E80F00D6F8F0302946204698470BB0CE
:105A0000BDEC028BF0BD0A21082200238DE80E00B8
:105A10009FED3D1ADFED3D0A9FED3D0A122307225F
:105A20000921A8476BE700210A220123CDE90021C3
:105A3000DFED350A9FED360A1A460621A8475EE7D4
:105A400000239FED312ADFED2C1ADFED2C0A9FEDAC
:105A5000300A10220A21B1EE041AA8474FE705A91F
:105A600090474CE705A92046984748E7B0EE480A1A
:105A7000204601F057FB002892D040E7B0EE480ADC
:105A8000204601F04FFB00283FF409AF37E7B0EEA6
:105A9000480A2046984788E7B0EE480A20469847CB
:105AA00002E76FF00B002AE7024629462046984796
:105AB00000287FF424AF05F109030EE76FF00C0016
:105AC0001DE700BF594D0400CDCCCC3F0000D943A9
:105AD000CD4F04009D4C04000000164300007044AC
:105AE000014D0400614C0400A8B905007D53040079
:105AF00084B905005152040033331C439A999940EC
:105B00000155040098B90500CDCCCC3F0000FA4205
:105B10000000D94310B5044601F0EAF9034A044BEA
:105B20002260C4F85831204610BD00BFF8B9050006
:105B3000E8B9050070B5074B05460FCB84B02E6859
:105B40006C4684E80F00D6F8A030214628469847D6
:105B500004B070BD08BB050010B582B00368002218
:105B60000092DC6940F2722202236FF07F41A0476D
:105B700002B010BD82B0F0B4012904A880E80C0086
:105B80009DF81E209DF81F303AD00FD3022904D073
:105B90006FF01300F0BC02B070479DF81130032B7A
:105BA00000F2BF80DFE803F0B2ACA876BDF81C10AD
:105BB0009DED046ADFED5C5A07EE902ADB0006EEED
:105BC000901AB8EEE77A07EE903A099BF8EEE66A8B
:105BD000DB0076EE876AF8EEE77A07EE103A76EEAB
:105BE000A77AB8EE477A66EE256A37EE877AF0BC78
:105BF000C7EE267A02B0FCEEE77A17EE900A7047FD
:105C00009DF81010DDED056A9DF8204042F21070FD
:105C1000884007EE100AF2EE047AB8EE477A66EE94
:105C2000A76A481FC7EE267AC0B2022835BF1925D9
:105C3000112500260826FCEEE77A17EE900A24BB11
:105C40008C00E4B2099F07EB4303C1EB4301002A38
:105C500006EB81030CBF142100211944BDF81C2060
:105C60009DF81860631E09B20029A8BF5B180832AE
:105C700093FBF4F39BB206FB032305EB8303F0BC19
:105C800000FB03F0800802B0704701F13E04A4005D
:105C9000E4B2D7E7099B03EB43039BB22349A1FB83
:105CA0000321490901EB810201EB410102EB820270
:105CB000A3EB011352009BB292B213B1023313440F
:105CC0009AB29DF81C101A4B9FED1A7AC1EBC100D5
:105CD00001EBC00102EB410292B203FB02F307EEBB
:105CE000903AF8EE677AF0BC67EE877A02B0FCEE85
:105CF000E77A17EE900A7047099B5B009BB2CDE7ED
:105D0000099B03EB4303C3F34F03C7E7099B0A4A0D
:105D100003EB43035B000433A2FB0323C3F38F03B2
:105D2000BCE76FF0090035E76F12833AABAAAAAA65
:105D300000127A00AD37063BCDCCCCCC07EE901AE2
:105D40009FED057AF8EE677A67EE877AFCEEE77AE0
:105D500017EE900A704700BF6F12833D036889B247
:105D6000D3F8EC30184700BF0368D3F8DC3018478D
:105D7000D0F86801704700BF00F00E03062B0BD06F
:105D8000082B0CD00A2B0CD00138C0B2FD288CBFD8
:105D90006FF00100002070476FF4307070470248C8
:105DA00070470248704700BF3EFDFFFF3DFDFFFF0B
:105DB000704700BFA9B110B50C4602F0E5FA012802
:105DC0000CD005D3032806D102232370002010BD78
:105DD0000020207010BD6FF0130010BD2070002057
:105DE00010BD6FF00200704708B50221D0F86801BD
:105DF000FEF734FE4FF0FF3008BD00BF30B504465B
:105E00000D4683B0D0F8680194F86411FEF726FEC1
:105E100025B12946204602F08DFA48B90122002317
:105E2000D4F86801D121CDE900221A46FEF77EF8A8
:105E300003B030BD00B583B08AB200231146009391
:105E400002F03CFA03B05DF804FB00BF00B585B07A
:105E500004AA002322F8043D0123D0F8680112218E
:105E6000CDE900330223FEF77DFCBDF80C0040BAFB
:105E700080B205B05DF804FB2DE9F04186B0002446
:105E80000646FF270225D0F868010394CDE90157A3
:105E90002346224640F6E2010094FEF79BFCD6F82A
:105EA000680123462246CDE90274CDE9004540F65B
:105EB000E501FEF78FFC6FF07F41304602F034F9C8
:105EC000D6F86831186803680A21DB6998472546C7
:105ED000274601230DF1170240F6190130468DF8CF
:105EE000177002F0B3F99DF8170000F00100A04010
:105EF00001342843082CC5B2EBD133684FF0FF08BA
:105F0000022430461B699847D6F86801039700972A
:105F1000CDE901480023012240F6E201FEF75AFCD8
:105F2000D6F868010397CDE90148009700230122C4
:105F300040F6E501FEF74EFC284606B0BDE8F081CC
:105F400038B590F838100229044626D0032903D02A
:105F50006FF01805284638BD90F86411D0F8680134
:105F6000FEF77CFD0021204602F0C8F8054630B15E
:105F7000F0E7D4F86831186803685B6D9847D4F887
:105F800068311868D96A03681B6998470028F0D1FE
:105F9000002384F83830284638BDD0F86801FEF771
:105FA0005DFDD4F8A411204602F0BEF8002305469A
:105FB00084F83830EFE700BF10B5D0F868310446F8
:105FC000186803681B699847C1B22046BDE81040B5
:105FD00003F08ABC10B54FF4E47104460BF0D0FD19
:105FE000204610BD10B5036844F2FF31D3F8EC3001
:105FF0000446984700B110BD236820461B69BDE8E0
:1060000010401847F0B583B00E46054602F0BCF9C3
:10601000012836D12B6828461B699847044610B1E1
:10602000204603B0F0BD0221D5F86801FEF716FD49
:10603000B168284603F042FCF1680746284603F0A1
:106040003DFC009482B22346B9B2284602F036F9EC
:1060500004460028E4D12B6844F2FF31D3F8EC3039
:106060002846984704460028DAD17068F478B37857
:106070007278317801900094284602F06DF8044659
:10608000CEE76FF01304CBE710B5044602F07CF9BD
:10609000012802D0BBEE040A10BD204602F0BCFA73
:1060A000000A030654BFC0B260F0FF000DF050F9C3
:1060B0000022044B0DF0B6F90DF0C6FB00EE100AFD
:1060C00010BD00BF0000D03F08B502F0A5FAC0B275
:1060D0000DF03EF90022044B0DF0A4F90DF0B4FBD5
:1060E00000EE100A08BD00BF0000E0BF10B584B08C
:1060F000044602F049F9012803D194F87031012BCC
:1061000010D004AA002322F8043D0123D4F868012A
:106110001321CDE900330223FEF724FB9DF80C0088
:1061200004B010BDD4F89C0104B010BDF0B52B4BE9
:106130002B4F04460FCB2568D5F8946087B002AD8D
:10614000BE4285E80F003FD1204602F01DF901282C
:1061500041D1236820461B699847054610B128465F
:1061600007B0F0BD0221D4F86801FEF777FC04996E
:10617000204603F0A3FB05990646204603F09EFB4C
:10618000009582B22B46B1B2204602F097F8054640
:106190000028E4D1236844F2FF31D3F8EC302046E4
:1061A000984705460028DAD103989DF80B500190D6
:1061B00000959DF80A309DF809209DF808102046AA
:1061C00001F0CAFF0546CAE729462046B047054602
:1061D000284607B0F0BD6FF01305C0E708BB050007
:1061E00005600400F0B5036883B01B690546984755
:1061F000044610B1204603B0F0BD95F87031012B74
:106200000AD02B682846D3F8EC3044F2FF31984787
:106210000446204603B0F0BD284602F0B5F8012838
:106220000646EED102AA034602F8024D40F60211DC
:10623000284602F003F804460028DBD102AF3346BB
:1062400007F8010D40F644113A46284601F0FEFFDA
:1062500004460028CED19DF80740334644F002049E
:106260003A4640F6441128468DF8074001F0E6FF13
:1062700004460028BED1C4E72DE9F041044684B0AD
:10628000D0F8680116460F46FDF7FEFF2368324A34
:10629000D3F88430934205465AD104AA002322F849
:1062A000043D0123D4F868011221CDE90033022313
:1062B000FEF758FABDF80C0040BA80B26FF43073A4
:1062C0009D423CD0A5BB430636D400F030002028C8
:1062D0000CBF6FF006084FF00008204602F054F89B
:1062E00004AA002322F8043D0123D4F868011321F5
:1062F000CDE900330223FEF735FA9DF80D309DF805
:106300000C2016B1B24228BF3246D2B239462046DE
:1063100001F0C0FF054658B923682046D3F8EC3099
:1063200044F2FF319847B8F1000F14BF45460546C7
:10633000284604B0BDE8F0816FF00608CDE710F400
:10634000007F18BF6FF00505284604B0BDE8F08156
:1063500020469847B2E700BF4D5E040010B584B0F8
:10636000044602F011F8012803D06FF0130004B0C6
:1063700010BD22681349D2F884208A421ED104AA93
:106380000346002122F8041DD4F868011221CDE94A
:1063900000330223FEF7E6F9BDF80C0040BA80B2E4
:1063A000C30508D410F0800F0CBF4FF0FF306FF022
:1063B0000E0004B010BD044804B010BD2046904744
:1063C000EEE700BF4D5E040042FDFFFF2DE9F04106
:1063D0000F46016884B00969044616461D46884781
:1063E00028BB6DB92368454DDB6F002E14BF3146C5
:1063F000FF212046984700EB8000A5FB0035AD0942
:1064000007EE905A9FED3E7A2368F8EE677A0022F5
:1064100067EE877A0092FCEEE77AD3F81C8017EEDD
:10642000901A022340F272222046C04710B104B0F5
:10643000BDE8F081D4F86831186803685B6A984752
:1064400080460FE0D4F86831186803685B6D9847A0
:10645000D4F86831186803685B6A9847A0EB0800B5
:10646000854232D3D4F868311868596A03681B69C9
:1064700098470028E6D0236820461B6998470346C2
:10648000002836D123681F4AD3F8843093422DD197
:1064900004AA002322F8043D0123D4F86801122144
:1064A000CDE900330223FEF75DF9BDF80C0040BAD8
:1064B00080B2626B2368104212D11B6B32463946A0
:1064C0002046984704B0BDE8F081236820461B6948
:1064D0009847034618B16FF430729342A7D12368EE
:1064E000DB6A204698476FF00500A0E720469847F2
:1064F000DFE76FF43072934299D1C3E7D34D621056
:10650000000080424D5E0400F0B50368484AD3F8AD
:106510009430934285B004465CD10E4601F034FFBE
:10652000012852D1236820461B699847054610B1BF
:10653000284605B0F0BD0221D4F86801FEF78EFAB6
:10654000B168204603F0BAF9F1680746204603F027
:10655000B5F9009582B22B46B9B2204601F0AEFEE5
:1065600005460028E4D1236844F2FF31D3F8EC302B
:106570002046984705460028DAD17568F078B37848
:1065800072783178CDE90005204601F0E5FD054639
:1065900035B1CDE7D4F86831186803685B6D98476A
:1065A000D4F868311868596A03681B69984700284D
:1065B000F0D023681F4AD3F89830934220462CD15C
:1065C00001F0E2FE0128034607D06FF013052846CC
:1065D00005B0F0BD98470546DAE722681649D2F8BB
:1065E00084208A4220D104AA002122F8041DD4F874
:1065F00068011221CDE900330223FEF7B3F8BDF89C
:106600000C0040BA80B2C3050CD410F0800F0CBF50
:106610004FF0FF356FF00E058AE79847054628468C
:1066200005B0F0BD054D83E720469047EBE700BF7E
:10663000056004005D6304004D5E040042FDFFFF41
:106640002DE9F0470F46016884B0096904461646F3
:10665000984688470546D8B994F86D31042B06D979
:10666000072E40F2C48094F86F31012B50D0FF2EDA
:1066700050D823683146DB6F204698478246206811
:106680004346456A324639462046A847054618B172
:10669000284604B0BDE8F087204601F075FED4F826
:1066A0006831564EDFF85C818146186803685B6A82
:1066B00098470AEB8A0AA6FB0A36B609074605364A
:1066C00007E0D4F868311868596A03681B6998476D
:1066D00018BBD4F86831186803685B6D9847D4F824
:1066E0006831186803685B6A9847C01B8642E8D225
:1066F000236843499A6A8A4258D1D3F8EC3044F26D
:10670000FF3120469847002849D06FF00405BFE7C5
:10671000FD2EACD96FF00305BAE7B9F1030F22687B
:1067200051D1D2F88430434545D10123D4F86801D2
:10673000ADF80C50CDE9003303AA02231221FEF775
:1067400011F8BDF80C0040BA80B210F001032268C5
:1067500039D1D2F88420424530D1ADF80C30012334
:10676000D4F8680103AACDE9003312210223FDF712
:10677000F9FFBDF80C305BBA5A04AAD5D4F8C4119D
:10678000204601F00F0101F0B1FB0028A1D12368E0
:1067900044F2FF31D3F8EC302046984799E723685C
:1067A00020461B6998476FF0040571E72046904723
:1067B0006FF004056CE720469847C6E720469047EF
:1067C000430486D5DAE7936A0D498B4212D1D2F899
:1067D000EC3044F2FF3120469847054600287FF40C
:1067E00057AF236820461B699847054650E76FF06E
:1067F0001D054DE720469847054649E7D34D6210F1
:10680000E55F04004D5E04002DE9F04F8FB00F46A8
:10681000054601F0B9FD08AE0DF1100C0024012869
:1068200074600894B4600494ACF8044056D00346F5
:10683000A0B1032800F02181022840F0DD8095ED11
:106840005F7A9FEDC96ADFEDC97AB8EE477A2346D1
:10685000C6EE076AA346CDED086A1AE0D5ED5F7A69
:106860009FEDC16A95F88721B8EE677AD5ED607A19
:10687000C6EE076A12F0FB02F8EE677ACDED086A01
:1068800040F0B6800123B5F88C2195F888B1ADF8B9
:1068900010202968B64AD1F8788090454FF000045E
:1068A00000F0AF80A64622468DF813308DF812B066
:1068B0008DF814409CE803008DF828E00A9B0190B5
:1068C000ADF80810CDED097A0397009311462846DC
:1068D00096E80C00C0470FB0BDE8F08F95F86DE169
:1068E000BEF1040F7FD9BEF1070F08BF4FF0080EAD
:1068F0002A6895F86F3195F8709195F86EA1D2F8E5
:1069000078809B4A95F86C118DF82010003318BFE1
:106910000123A9F1010B1AF10004B5F87211ADF8C9
:106920001010BBFA8BFB18BF012490454FEA5B1B8C
:10693000D5ED5D7A40F09F80CDED097A8DF828E0A5
:1069400096E807000EAD05E907009DF82C508DF87C
:1069500012B042F21072AA4006EE902AB2EE047A09
:10696000F8EE666A27EE877A8DF81330C6EE877ADE
:106970008DF814409CE803006A1FD2B2022A0690E8
:1069800035BF1921112100220822FCEEE77A17EE0B
:10699000900ABAF1000F00F0968005F13E04A400C1
:1069A000E4B207EB4303B9F1010FC5EB430302EB7C
:1069B000830314BF142200221344BDF818501AB2E6
:1069C000631E002AA8BF9B1805F1080293FBF4F38D
:1069D0009BB20EFB032E01EB8E0E00FB0EF0800827
:1069E0000FB0BDE8F08F0EF1040E5FFA8EFE7FE768
:1069F000022A08BF022346E76FF013000FB0BDE87C
:106A0000F08FCDED097A8DF8284096E807008DF8D3
:106A100013308DF814408DF812B00EAC04E9070065
:106A20009CE8030080B207EE900AFF00F8EEE76AE8
:106A300007EE907A07EE10BAF8EE677AB8EEC77AEA
:106A400076EEA77A1BB2DB0077EE877A07EE103A74
:106A5000DDED0B6A9FED476AB8EEC77A66EE866A8F
:106A600037EE877AC7EE267AFCEEE77A17EE900AC1
:106A70000FB0BDE8F08F012216E729683C4BD1F832
:106A8000788095F8A9118DF8201095F8A8118DF847
:106A9000211095F8AF118DF82210984595F8AA119C
:106AA0008DF8101058D196E807000EAB03E90700E7
:106AB0009CE803009DF82D300690032B49D8DFE8B1
:106AC00003F03E393605AC00E4B26AE707EB47074E
:106AD000BFB2294AA2FB0732520902EB820302EB42
:106AE0004202A7EB021703EB83035A00BFB292B234
:106AF00017B102373A4492B29DF818101F4B9FED20
:106B0000207AC1EBC10001EBC00102EB410292B25D
:106B100003FB02F307EE903AF8EE677A67EE877AA6
:106B2000FCEEE77A17EE900A0FB0BDE8F08F7F0019
:106B3000BFB2CEE707EB4707C7F34F07C9E707EB3D
:106B400047077F000F4B0437A3FB0737C7F38F07B7
:106B5000BFE76FF0090043E72346A346A646DFEDF3
:106B6000037A0222A0E600BF00007A49000000007C
:106B7000755B04006F12833AABAAAAAA00127A00CE
:106B8000AD37063BCDCCCCCC2DE9F0410229C8B0C5
:106B90000E46174604465DD0032956D15368FF2B95
:106BA00000F2748101F0F0FB0128054600F0E0805E
:106BB000002800F0B280022800F0E980032840F0AD
:106BC0006881002344F2010200931146204601F03F
:106BD00075FB00283BD102460146204601F0F8FC37
:106BE000A8BB032D00F0EA8003463A7939682046B5
:106BF00001F03CFB58BB236844F2FF31D3F8EC3082
:106C000020469847054610BB08AA012340F6890193
:106C100020468DF8205001F019FBC0B9204601F044
:106C2000B3FB012800F04B819DF8200040F00400E8
:106C30008DF8200008AA012340F68901204601F0C2
:106C4000FDFA20B984F8386001E06FF0180048B010
:106C5000BDE8F08190F87031012B00F0828023684C
:106C600020461B6998470028F1D13A686FF07F43AE
:106C70009A4203D0BB6843F40073BB607968204636
:106C800002F01CFEB9680546204602F017FE0023FC
:106C900082B2A9B20093204601F010FB0028D6D1A1
:106CA00002460146204601F093FC0028CFD123681C
:106CB00044F2FF31D3F8EC30204698470028C6D183
:106CC000204601F061FB012800F0E980002840F037
:106CD000E08094F88A01B4F88C1194F8842194F837
:106CE000873194F888C194F889E1002840F0D48075
:106CF00094F89C81CDF808E00025CDE90308CDE9A2
:106D000000C5204601F00AFC3B685A1C04BF6FF026
:106D10007F433B60C4F8A43194E797F804C094F82B
:106D20008A0194F8873194F88421B4F88C11019584
:106D3000CDF810C094F889C1039094F888010090B0
:106D4000CDF808C0204601F0E9FB00287FF47FAFB2
:106D500000900346012240F20121204601F0AEFAE4
:106D600037E7D368002B3FF47AAFC0F89C3176E761
:106D700094F8700194F8A0C13B7994F86F21B4F8AD
:106D80007211CDE9000C204601F09EFBDDE7796829
:106D9000D4F87C31C800642B80B241F6705E43F2B7
:106DA0000F7C40F2E143009040F62F12C9B204BFBD
:106DB00073466246204601F0DDFBC6E7204600F040
:106DC000C3FF00287FF443AF94F8AA31C3F1040352
:106DD000002B0ADD0546204601F062F894F8AA313E
:106DE0000135C3F10403AB42F5DC0025FF2200218D
:106DF00008A80DF048F8C4F8BC51C4F8C051C4F854
:106E0000C451D7E9001204F5E07004F5DE7307AF52
:106E1000CDE90130009708AB2046079500F0DEFC75
:106E200000287FF414AF034608A93A78204601F001
:106E30001DFA00287FF40BAF3B68D4F8C0018DF831
:106E4000193001218DF818108DF81A0006AA0323B5
:106E500040F28531204601F0F1F900287FF4F7AEC9
:106E600094F8C031102B1F4628BF1027002B3FF489
:106E7000C2AE054602E0BD423FF4BDAEE9B22046D7
:106E800001F034F801350028F5D0E0E66FF003009A
:106E9000DDE64FF0FF30DAE64FF0FF082AE794F81E
:106EA000700194F8A05194F89C3194F86F21B4F8D3
:106EB0007211CDE90005204601F006FB24E7D4ED70
:106EC0005D7ADFED096A9FED097A9DF8200077EE83
:106ED000E67AF0EEE77AF4EEC77AF1EE10FA3FF6D2
:106EE000A3AE00F0FB00A3E60000FA436F12833A62
:106EF000F8B504460F4602F0BBFC3848384B006931
:106F0000C4F85031002240F20163A4F8A831C4F85B
:106F1000AB0100230320C4F86021C4F87421C4F835
:106F2000902130492160012284F84D3184F8543198
:106F3000C4F8583184F85C31C4F86C3184F870318D
:106F4000A4F87231C4F87C31C4F88031C4F88431BB
:106F5000A4F8883184F88A31A4F88C31C4F89431CB
:106F600084F8983184F8993184F89A31C4F89C31C6
:106F700084F8A031C4F8A43184F8AF3184F86401F6
:106F800084F8AA0184F87821FF25C4F8B0310220E2
:106F9000042122610822A560606120254020A161B2
:106FA000E26180214FF48072C4F8B431A4F8B831A2
:106FB000C4F8BC31C4F8C031C4F8C431C4E90950C4
:106FC0001023C4E90B12084E23624FF40073C4F877
:106FD0006871666063632046F8BD00BF08BB0500AA
:106FE000CDCCCC3F28BB05000024743F10B4032A4D
:106FF000BDF8044013D8092980F8A82112D85A1ED8
:10700000032A80F8A91110D8B4F5007F80F8AA31BE
:107010000ED2A0F8B84100205DF8044B70476FF025
:107020000900F9E76FF00700F6E76FF00A00F3E7F1
:107030006FF06900F0E700BF70B5D0F86831044622
:1070400018680D46996A036882689B689847D4F867
:1070500068311868996A0368C268DB689847D4F891
:107060006831186803680121DB699847D4F86831F2
:107070001868996A03680269DB68984715B90025A2
:10708000284670BDD4F86831186803685B6A984771
:10709000064611E0D4F86831186803685B6A9847BF
:1070A000801BB0F57A7F4FF00A01E9D2D4F868313D
:1070B00018680368DB699847236820461B6998476E
:1070C00005460028E6D1DAE700B585B0B9B904AACB
:1070D000012302F8011DD0F868011521CDE9003324
:1070E000FDF740FB9DF80F3000EE103AB8EE400A75
:1070F000FEEE007A20EE270A05B05DF804FB01F0F1
:107100008BFAC0B20CF024F90022054B0CF08AF97E
:107110000CF09AFB00EE100A05B05DF804FB00BF0E
:107120000000E0BF30B5FDEEC07A2DED048B17EE08
:10713000903A85B0A3F2863200211A2A0546ADF8AE
:1071400008100BD84EF6E113ADF80830284602A916
:1071500001F00AF905B0BDEC048B30BDA3F25F323B
:10716000072A04D84DF6D733ADF80830EEE7A3F27E
:107170000B32082A08D9A3F5EB72282A09D848F25D
:107180007513ADF80830E1E74CF2C153ADF80830A3
:10719000DCE7A3F5D7730A2B31D9B1EE049AB0EE30
:1071A000408A30EE490AF5EE008A20EE280A0BF0FC
:1071B00037FF38EE098AFCEEC07A28EE280ACDEDBA
:1071C000017A0BF0E7FE9DF80440FCEEC07AE2077E
:1071D000CDED017A9DF8043001D4013CE4B2D90729
:1071E0005CBF0133DBB2284603A98DF80C408DF853
:1071F0000D3001F0B9F805B0BDEC048B30BD46F69A
:107200006B73ADF80830A1E7F0B583B002AC002392
:1072100004F8013D0F462246012340F6D8010646F8
:1072200001F014F878B99DF8075077B925F01E05DC
:1072300045F0080522463046012340F6D8018DF876
:10724000075000F0FBFF03B0F0BD45F01E05F1E76D
:10725000F0B583B002AC002304F8013D0F4622468E
:10726000012340F23671064600F0F0FF80B99DF828
:107270000750012F0CBF05F0FB0545F00405224621
:107280003046012340F236718DF8075000F0D6FFEA
:1072900003B0F0BDF0B585B0044601F075F8F0B963
:1072A000D4F87C31D4F86811B3F5966F46D0FF2638
:1072B0000225B3F5167F4FF00303039000930846B1
:1072C000CDE901564FF0040347D0082240F2D161C6
:1072D000FDF780FA024630B1104605B0F0BD00223D
:1072E000104605B0F0BDD4F868010423CDE9026270
:1072F000CDE9005540F69B01FDF76CFA02460028E7
:10730000EAD10427D4F868010392CDE9015610228E
:1073100000973B4640F6B801FDF75CFA02460028AC
:10732000DAD1D4F868010623CDE90262CDE900750F
:1073300040F2AC61FDF74EFA0246CDE70423FF258B
:10734000022402460390CDE901450846009340F629
:10735000B801FDF73FFA0246BEE7182240F2D161BC
:10736000FDF738FA02460028B6D10423D4F86801A4
:107370000392CDE901561A46009540F69B01FDF7B0
:1073800029FA02460028A7D10427D4F868010392FD
:10739000CDE9015600973B4640F6B801FDF71AFAD1
:1073A0000246002898D1D4F868010623CDE902628C
:1073B000CDE90075502240F2AC61FDF70BFA0246B0
:1073C0008AE700BF2DE9F041044684B0D0F8680197
:1073D0008846FCF763FBD4F868311868596AD0E92D
:1073E00000329B689847D4F868311868D96AD0E9A8
:1073F00000329B689847D4F868314D4A10211974BF
:10740000D4F8683108215974D4F868110123CB7479
:10741000D4F868111D200881D4F868110D20488126
:10742000D4F8681100258D81D4F86811C020C88176
:10743000D4F868110B71D4F868315A61D4F85871D6
:107440000A26237B002B46D16B4610224FF448714D
:10745000D4F86801CDE90055CDE90255FDF72EF9C4
:107460006946062238460DF052FC0A21F8B994ED1F
:10747000540AB5EEC00AF1EE10FA06DD41F2883189
:10748000204601F099FF054668B94146204602F0C2
:10749000BDF8054620BB94F85431002B40D120465E
:1074A00001F0FCFE0546284604B0BDE8F081D4F8A2
:1074B000683118680368DB699847731E13F0FF068C
:1074C000BFD1D4F86801FCF7FFFA6FF00105284638
:1074D00004B0BDE8F08101212046FFF7ADFDB3E720
:1074E000236820461B699847204601F0B3F8114BEA
:1074F0009D42D8D18306D6D59FED0F0A41F288313F
:1075000084ED540A204601F057FF05460028CAD1F1
:107510004146204602F07AF805460028C3D1BAE772
:10752000204601F0B7FE0546284604B0BDE8F081CC
:10753000795D04003DFDFFFF00000000F0B52A4D1D
:10754000C0F874511D460623284E80F85C310F4662
:107550000023FF2183B0C0F86C61C0F89C11A0F833
:107560007251C0F8943180F87031012104461646FA
:10757000FFF728FF08B103B0F0BD024639462046A8
:1075800001F0D8F90028F6D131464422204601F016
:1075900007FA0028EFD1236829461B6E204698473A
:1075A0000028E8D19FED120A204601F01DFA0028BC
:1075B000E1D10121204601F0D5FF0028DBD10123D4
:1075C000009341F60F5241F221030221204601F0BF
:1075D0009FFD0028CFD123681B6D0146204603B0D4
:1075E000BDE8F040184700BF0000FA43090300015E
:1075F0000000704270B545F255332DED048B4CF60A
:10760000CC42C0F87C311A233A4EC0F8802180F871
:1076100085310922062384B00D46A0F88C11C0F8EC
:10762000906180F8862180F8873100210446B0EE11
:10763000408AF0EE608AB0EE419AFFF7C3FE18B1BF
:1076400004B0BDEC048B70BD2368B0EE480A1B6C1F
:10765000204698470028F3D12368B0EE680A5B6C97
:10766000204698470028EBD1B0EE490A204601F0A9
:107670001DFC0028E4D19FED200A204601F0B4F95A
:107680000028DDD1236829461B6E20469847002834
:10769000D6D11A4A2368908ADB6D04A9022221F808
:1076A000040D204698470028CAD1236801469B6CE8
:1076B000204698470028C3D123680146DB6C20464A
:1076C00098470028BCD1FF21204601F09FFD0028EB
:1076D000B6D10125009541F2210341F60F52022156
:1076E000204601F015FD0028AAD12946204601F0C8
:1076F00039FFA5E733331C430000704208BB050087
:1077000010B502212DED028B0446B0EE408AFFF742
:1077100059FE10B1BDEC028B10BD2368B0EE480AD3
:107720001B6C204698470028F4D1BDEC028B204604
:107730000121BDE8104001F015BF00BF70B50D4636
:1077400086B080F8AF31032104461646FFF73AFEB3
:1077500008B106B070BD9FED1F0A204601F044F944
:107760000028F6D10121204601F0FCFE0028F0D1CE
:10777000CDE90300CDE90100009003460246014631
:10778000204600F0CBFE0028E3D10B22236884F8CA
:107790008501C4F8800184F886211B6C9FED0E0AD8
:1077A000204698470028D4D1032E0DD8092D84F8FF
:1077B000A8610CD803224FF4807384F8A95184F88F
:1077C000AA21A4F8B831C4E76FF00900C1E76FF04F
:1077D0000700BEE7000070420000FA3E2DE9F04FBE
:1077E000ADF52B7D1C4605900892D2B18D18013D58
:1077F0000139601EFF231A1111F8016F82EA53123A
:1078000082EAD3025E4002F0010282EAD312370913
:1078100042EA430347EA06168D42DBB200F8016FE5
:10782000E9D1DDF820C0CE4862464FF6FF7E002544
:10783000102747F25B562146C0E9016E0770961C7F
:107840006746C56002F098F8E319C0F30722E255D5
:10785000294658704FF41872F300A55512A81E4619
:1078600009930CF010FB0321BE480B9502F0D2F8EF
:107870000BAB0093B21D12AB2146BA4802F0CEF812
:107880002946FF2220460CF0FEFA059B93F8A8C17A
:10789000BCF1030F00F04C82B34BDDF82C800FCB12
:1078A0000EAF3E4607C626F8023BBCF1020F4FEA78
:1078B000134333709CBFAD4B13F80C50B8F1000F5D
:1078C00000F0398200218A4608464FF001096FEA2C
:1078D0000A0303F0070317F800C0CA4309FA03F3C9
:1078E0004FEAD10E4FEADA0602F007025BB2BCF1B2
:1078F000000F12D00DF1480C0AF1010A1CF80EC05D
:1079000014F906E04CFA02F212F0010F43EA0E02FB
:107910000ABF2EEA0303A255A3550130A84200F086
:10792000B38101318845D2D10AF10702D20821463C
:1079300012A8CDF82CA00CF082FA059B93F8AA317E
:10794000C3EBC30203EBC202520092B29446BAF1F7
:10795000000F00F087800022013292B202FB02F198
:107960005145F9D30FFA8AF14FEA420E00294FEA46
:10797000520204911FFA8EFE079273DD0020CDF8AB
:1079800008A0039007464FF00109E2464FEADA02E9
:107990006FEA0A03A15CCDF818A003F0070309FA07
:1079A00003F321EA03010AF10103A154DA10DB43D6
:1079B000A15C03F0070309FA03F321EA0303A354CC
:1079C000049B6FF00208302BA8EB0A08A8BF3023F5
:1079D0000AF1020BDDF81CA09C460026C0F3CF0282
:1079E00012A9A8EB06038D5C0BEB0601C910C2437C
:1079F00003F0070302F0070245FA02F209FA03F363
:107A000065565BB212F0010F25EA030208BF62540B
:107A10007044029A18BF2B4380B218BF635490423F
:107A20000AEB070309D39FB2039BBE4503F1010391
:107A30009DBF9FB2384603973846013633B263453F
:107A4000CCDB049BDDF818A0303B1BB20CF1020C20
:107A5000E244002B04931FFA8AFA97DC059B93F803
:107A6000AA31D446059A9DF8207092F8A851B2F830
:107A7000B80192F8AF6192F8A9118DF83070EA0060
:107A800042EA8602061146EA411642EAD1026FF046
:107A9000710101FB03C142F002028DF83260304EE9
:107AA0008DF831202F2702014FF0FF0C08200B9199
:107AB0000021D2B23070C6E9017CF160002B00F0E9
:107AC000ED80DFF8B09002910E4609F1280AA9F185
:107AD00027080EAF0125013B5B1A22F00C0242EA97
:107AE00083030CA904221E488DF8333001F044FFB3
:107AF0004FF0000B8DF8340002211A48A7F808B0A7
:107B0000C7E900BB01F086FF3B4628220CA9CDF84F
:107B100000B0144801F082FF3B4628220CA9CDF8A2
:107B200000B0104801F07AFFF208F343A15C10485E
:107B300003F0070305FA03F321EA0301731CA154C0
:107B4000DA10DB43A15C03F0070305FA03F321EA33
:107B5000030306F1020CA3546FEA0C0C0CE000BF07
:107B60005CA3002058A3002018BC05003CBC050005
:107B70003FBC050067BC05004378C21CD908A2EBD6
:107B80000802324417F801E0D208DB430CF0070189
:107B900003F007034EFA03F305FA01F114F902E0CA
:107BA00013F0010F49B24EEA010300F101000ABFD0
:107BB0002EEA0101A354A15448450CF1FF3CDBD14E
:107BC00006F14A0C5D486FEA0C0C437800F1230281
:107BD000D908A2EB0802324417F801E0D208DB43CF
:107BE0000CF0070103F007034EFA03F305FA01F165
:107BF00014F902E013F0010F49B24EEA010300F15B
:107C000001000ABF2EEA0101A354A15450450CF112
:107C1000FF3CDAD16FF02A0EDDF814C00396AEEB0C
:107C2000060E06F12A0B00200CEBD00200EB0B0134
:107C300092F8AB61C908AEEB0003C24303F007033F
:107C400002F0070246FA02F205FA03F3665612F052
:107C5000010F5BB246EA030200F101000ABF26EA07
:107C60000303625463542028DED1059B029A039ECD
:107C700093F8AA310132723693420292B6B20AD90F
:107C80009DF83320029926E7013141454FF000006D
:107C90007FF41DAE48E6059A92F8A851099A06327B
:107CA00092B2032D06D8DFE805F03934310202EB39
:107CB000420292B2224DA5FB0210400902F12F04AC
:107CC00000EB800100EB4000A2EB0012A5FB045486
:107CD00001EB8101B69803EB5413490092B20360A3
:107CE0008BB212B102321A4493B2059A92F8AA11D9
:107CF000722212FB0133B599DA1D0B60B49BD208D6
:107D000000201A600DF52B7DBDE8F08F520092B275
:107D1000D0E702EB4202C2F34F02CBE702EB420292
:107D2000520008490432A1FB0212C2F38F02C1E7DC
:107D3000DDF82CA002E6C2464246F8E567BC050025
:107D4000ABAAAAAACDCCCCCC70B4524D524B8BB0BE
:107D5000064603930FCD05AC0FC42A6896F8A931E7
:107D600096F8AF1122600AAA02EB430300294FF0F4
:107D7000060243F63611ADF810104848A6F8B221B5
:107D800014BF0821342149F28E5233F8143CB3FB5E
:107D9000F1F33C2B0290ADF80420A6F8B03109D0E5
:107DA0002ED9B92B68D01DD8562B48D0632B46D07E
:107DB0003E2B20D1B6F8B8310AAA02EB931203F099
:107DC0003F0112F81C2CA6F8B421B3F5C07F4FF088
:107DD0003802A6F8B611A6F8B2210CD200200BB0DA
:107DE00070BC7047B3F5C37F3AD040F29312934210
:107DF00036D0C62B40D06FF069000BB070BC704716
:107E00001C2B06D016D9232B03D02F2B01D01E2BD1
:107E1000F1D1B6F8B8310AAA02EB9311B3F5C07FDD
:107E200003F03F0211F81C1CA6F8B411A6F8B62105
:107E3000D4D3E0E70A2BECD0162BDCD1E9E7B6F877
:107E4000B8310AAA02EBD312002012F8202CA6F8AF
:107E5000B42103F07F03A6F8B6310BB070BC7047B5
:107E6000B6F8B831A6F8B6314FF484720020A6F8FF
:107E7000B4210BB070BC7047B6F8B8310AAA02EB57
:107E80001322DBB212F8242CA6F8B421A6F8B631DE
:107E9000A4E700BF28BC0500212D303341444748EA
:107EA00010B4B0F8B231B0F8B621B0F8B04103F078
:107EB00001015B0819B1B0F8B4114B409BB29A4272
:107EC00082EA030107D0A142F1D8A0F8B2315DF8EF
:107ED000044B08467047A34201D91346E7E7A0F8D0
:107EE000B231194608465DF8044B7047D0F8C031EE
:107EF000002B00F08680F0B5B0F8B231B0F8B64192
:107F0000B0F8B05183B003F001025B081AB1B0F8C9
:107F1000B42153409BB29C4284EA030269D0AA4236
:107F2000F1D8013A92B214B2B4EB550FA0F8B231C5
:107F300090F8AF31A8BF521B05F00105A8BF14B2DD
:107F40000135002B59D11A2303FB05F54FF4D0431B
:107F5000D0ED587A9FED357AD0F8C46190F8AA2117
:107F600067EE877A9642FCEEE77A17EE907A03FB8B
:107F70001473A3EB452504D2921BD30758BF05F514
:107F8000807501EB410604462A0E280C7600042376
:107F90000F464FEA152C8DF804208DF8050006F2E7
:107FA0008A310DEB030220468DF807508DF806C08C
:107FB00000F044F9D8B937BB7320054606F5627165
:107FC0008DF80100002602236A4620468DF80060E5
:107FD00000F034F958B904F5DE710EC94D1B013AB1
:107FE0000133C4F8BC51C4F8C021C4F8C43103B093
:107FF000F0BDAB4212D9234685E7AD004FF4805364
:10800000A6E71846704794F8AA31BB4208D8D4F8BE
:10801000BC01312807D885B2C0B2CFE71A4680E745
:1080200072200546CAE732200546C7E700008049AE
:10803000014801F0EBBC00BF58A3002030B501217E
:1080400085B00446D0F86801FCF708FD04AA0423B3
:1080500002F8013D0023D4F868018421CDE9003302
:108060000123FBF763FFD4F86831054618680368FD
:108070000121DB699847284605B030BD30B504467C
:1080800085B00121D0F8680194F84D51FCF7E6FC69
:108090000023D4F868011A46CDE900331946FBF7EE
:1080A00045FF04AA0123D4F8680102F8045D802189
:1080B000CDE90033FBF73AFF05B030BD30B50446DB
:1080C00085B00D46D0F868010121FCF7C7FC0023FC
:1080D000D4F868011A46CDE900331946FBF726FFAC
:1080E00004AA0123D4F8680102F8045D8021CDE9D7
:1080F0000033FBF71BFF05B030BD00BF30B585B0C6
:1081000001230D0C0C0A8DF80E10D0F868018DF8C3
:108110000C50CDE9003303AA032383218DF80D40D1
:10812000FBF704FF05B030BD30B585B00022012358
:10813000D0F868018DF80E100D0C01920C0A009316
:1081400003AA032382218DF80C508DF80D40FBF714
:10815000EDFE05B030BD00BFF0B585B0DDED0B7AAA
:108160009FED277A9DF82860F8EE677A054667EE5E
:10817000877A95F86C41FCEEE77AFF2917EE900AB2
:108180004FEA10478DF80C704FF002078DF80E0083
:1081900004F10D044FEA10208DF8087018BF8DF817
:1081A0000810FF2A8DF809408DF80D0018BF8DF8D2
:1081B00009200A20FF2B4FF00104ADF80A0002AAA3
:1081C00018BF8DF80A30D5F86801FF2E4FF007036D
:1081D000CDE900444FF0880118BF8DF80B60FBF724
:1081E000A5FE034640B9D5F868011A46CDE900441A
:1081F000C521FBF79BFE0346184605B0F0BD00BF46
:108200006F12833D10B5002484B061F3070463F35B
:108210000F249DF81830D0F8680162F3174404AABF
:1082200063F31F64012342F8044D9521CDE9003327
:108230000423FBF77BFE04B010BD00BF08B5D0F8E7
:108240006801FBF7AFFC002008BD00BF38B504464D
:108250001D46D0F8680113462A46FCF72FFAD4F8D9
:108260006801BDE83840FCF70FB800BF10B586B014
:108270000124D0F868018DF8153000920B46CDE945
:10828000014402220E2405A98DF81440FBF730FFAB
:1082900006B010BD10B586B00124D0F868018DF885
:1082A000153000920B46CDE9014402221E2405A997
:1082B0008DF81440FBF74EFD06B010BD70B51D469D
:1082C00084B00123D0F86801BDF820408DF8091072
:1082D000CDE900330823D9408DF8081022FA03F1C4
:1082E0008DF80F408DF80B2025FA03F68DF80A1053
:1082F000240A19460DEB03028DF80D508DF80C6021
:108300008DF80E40FBF712FE04B070BD30B50223AD
:1083100085B001220C460D0AD0F868018DF80D4099
:10832000CDE90022194603AA8DF80C50FBF7FEFD9B
:1083300005B030BD70B584B001230E0E0D0C0C0AD3
:108340008DF80F10D0F868018DF80C60CDE900337E
:1083500003AA042386218DF80D508DF80E40FBF7FB
:10836000E5FD04B070BD00BF00B5012383B00A462F
:10837000D0F868019821CDE900330223FBF7D6FD40
:1083800003B05DF804FB00BF00B585B004AAFF236D
:1083900002F8013D0123D0F868011121CDE9003335
:1083A000FCF7E0F99DF80F0005B05DF804FB00BF95
:1083B00030B585B001230D4604468DF80D20D0F868
:1083C00068018DF80C50CDE9003303AA02238E21F9
:1083D000FBF7ACFD08B984F8985105B030BD00BF7B
:1083E00030B585B090F878419DF820509CB190F858
:1083F0006C4190ED5D6A012505FA04F407EE904AA0
:10840000F8EE677AB3EE007AC7EE866AF4EEC76AD2
:10841000F1EE10FA18DB80F86E51002461F30704C6
:1084200062F30F2463F3174404AA65F31F64012366
:1084300042F8044DD0F868018B21CDE900330423C4
:10844000FBF774FD05B030BD002580F86E51E4E700
:1084500070B584B0D0F86801089C8DF80B208DF8B9
:108460000C3001220B0CCDE900228DF808300A0AED
:1084700008238DF80A108DF80920260C250A0DEB2B
:1084800003028B218DF80F408DF80D608DF80E5092
:10849000FBF74CFD04B070BD30B585B001238DF8FD
:1084A0000F200D0C0C0A8DF80E10D0F868018DF815
:1084B0000C50CDE9003303AA04238B218DF80D4025
:1084C000FBF734FD05B030BD2DE9F04385B00C4617
:1084D0009DF834509DF83080294616461F46814647
:1084E000FEF7B6FEB0B90123D9F868018DF809404E
:1084F000CDE90033240A062302AA8C218DF8084016
:108500008DF80A808DF80B708DF80C608DF80D5089
:10851000FBF70CFD05B0BDE8F08300BF70B586B079
:108520000C0A8DF80E2001228DF81330D0F8680166
:108530009DF828309DF830608DF80D10CDE90022AF
:108540009DF82C209DF834508DF80C408DF80F309C
:108550009DF838408DF81020092303AA8C218DF84E
:1085600014608DF811508DF81240FBF7DFFC06B057
:1085700070BD00BF70B584B00546BDF820408DF8D1
:1085800008108DF80A201946120A01238DF80920D7
:108590000A0AD0F868018DF80C10260A8DF80B2015
:1085A000CDE9003302AA8C218DF80E408DF80D60C4
:1085B000FBF7BCFC044638B9D5F8680106230DF179
:1085C0000902F021FBF7EEFA204604B070BD00BFAF
:1085D00000B585B001238DF80C108DF80D20D0F872
:1085E000680103AACDE900338F210223FBF79EFC2B
:1085F00005B05DF804FB00BF00B585B004AA0123F7
:1086000002F8041DD0F868019621CDE90033FBF78C
:108610008DFC05B05DF804FB10B5012384B0002487
:1086200003AAD0F86801ADF80C40CDE9003314215D
:1086300003238DF80E40FCF795F89DF80D309DF85A
:108640000C209DF80E001B0243EA0243184304B0BD
:1086500010BD00BF00B585B004AA002322F8043D78
:108660000123D0F868011721CDE900330223FCF77C
:1086700079F89DF80C009DF80D3043EA002005B014
:108680005DF804FB00B585B004AA002322F8043D80
:108690000123D0F868010721CDE900330223FBF75D
:1086A00045FC05B05DF804FB2DE9F041D0F86831D8
:1086B0001C680F46596A236805469A6D5E69204614
:1086C0009047D5F868311B6801463A462046B446C3
:1086D0005B69BDE8F041604770B5D0F868311C684F
:1086E000596A236820469A6D9D6990472B4601463A
:1086F0002046BDE87040184730B583B00D460446AB
:10870000FFF742FE012814D16B1F072B0ED894F8F7
:108710006E0194F86D3194F85C2184F86C5129460F
:1087200000902046FFF75CFE03B030BD6FF00800FC
:10873000FAE76FF01300F7E710B52DED028B82B06A
:10874000B0EE408A0446FFF71FFE80BBB5EEC08A3C
:10875000F1EE10FA25D4DFED177AB4EEE78AF1EEE8
:1087600010FA21D4DFED147AB4EEE78AF1EE10FAB4
:108770001ADC9FED120A28EE008AFCEEC87A17EE8A
:10878000900AC4F8800194F8853194F88621D4F8D1
:108790007C1100902046FFF75BFE02B0BDEC028B1F
:1087A00010BD40F27520ECE76FF06500F5E76FF063
:1087B0001300F2E79A99193F000048436F1283446F
:1087C0002DE9F04102680F4DD2F8DC40AC4215D1E2
:1087D000D0F868311D680E46596A2B6804469A6DB8
:1087E0005F6928469047D4F868311B6801463246D5
:1087F0002846BC465B69BDE8F04160472346BDE8BA
:10880000F0411847A986040002680B49D2F8E0201D
:108810008A420FD170B5D0F868311C68596A236854
:1088200020469A6D9D6990472B4601462046BDE83B
:1088300070401847104700BFD986040030B52DEDB1
:10884000028B85B0B0EE408A0446FFF79DFD0128FB
:1088500068D1B5EEC08AF1EE10FA49D4DFED337A73
:10886000B4EEE78AF1EE10FA42DCDFED317AB6EED3
:10887000007AE8EE077AFCEEE77ACDED037A9DF810
:108880000C300F2B3AD00AD93E2B43D022D97D2B66
:1088900038D0FA2B2CD1062084F85C0109E0052B96
:1088A00034D01FD9072BF7D00A2B21D1092084F807
:1088B0005C0194F86E5194F86D3194F86C1184ED6C
:1088C0005D8A024600952046FFF78AFD05B0BDECA3
:1088D000028B30BD142B21D01F2B09D1032084F82B
:1088E0005C01E6E7032B03D1002084F85C01E0E79C
:1088F0006FF0070005B0BDEC028B30BD022084F89C
:108900005C01D6E7052084F85C01D2E7082084F8F2
:108910005C01CEE7042084F85C01CAE70A2084F8F1
:108920005C01C6E76FF01300D0E700BF0000FF4313
:108930000AD7233C70B582B00D4616460446FFF7B1
:1089400023FD012828D1281FC3B2042B21D86EB9DA
:1089500084F86D3194F86E0194F85C2194F86C11F0
:1089600000902046FFF73CFD02B070BD042810D8EF
:10897000DFE800F00B07070F0300072384F86D31D1
:10898000E8E784F86D512B46E4E7002384F86D3165
:10899000E0E76FF00900E7E76FF01300E4E700BFDE
:1089A0002DE9F04182B00E4617468046FFF7ECFCF9
:1089B000012815D126F00F0507F00F0445EA171519
:1089C00044EA06144046022301AA4FF4E8618DF8F8
:1089D00004508DF80540FFF731FC02B0BDE8F0818E
:1089E0006FF01300F9E700BFB5EEC00AF1EE10FA20
:1089F0001BD4DFED0F7AB4EEE70AF1EE10FA14DCC7
:108A000000B5DFED0C7A20EE270A83B0FCEEC07AC9
:108A100002AA17EE901A012302F8011D40F6E701A1
:108A2000FFF70CFC03B05DF804FB6FF0100070471B
:108A300000000C43CDCCCC3E00B583B002AA00238D
:108A400002F8013D40F6E7010123FFF7FFFB9DF827
:108A5000073000EE103AB8EE400AF0EE047A20EE4D
:108A6000270A03B05DF804FBF0B587B00D46044655
:108A7000FFF78AFC012833D0002843D194F88801FD
:108A8000ABB28342A8BF0346A9B21F2BA4F88C1136
:108A900016DD072294F88A5184F8842194F88731EE
:108AA00094F88971ADB994F89CC100900026CDE985
:108AB000035C029720460196FFF730FD07B0F0BD3A
:108AC000172BDAB208DC0F2A08D8002A18BF0422B4
:108AD000E0E74FF0FF0CE8E70622DBE70522D9E7E5
:108AE00094F8A01194F8700194F89C3194F86F21D7
:108AF0000191A9B2A4F8721100902046FFF7E4FC9E
:108B000007B0F0BD4FF0FF30D8E700BF10B52DED36
:108B1000028B82B0B0EE408A0446FFF735FC90B37A
:108B2000032822D002284FD1DFED297AB4EEE78A5C
:108B3000F1EE10FA45D4DFED277AB4EEE78AF1EED4
:108B400010FA3EDC9FED247AC7EE087A1622204602
:108B5000FCEEE77A17EE901AC4ED5F7AFFF79CFC03
:108B600038B302B0BDEC028B10BDDFED1C7AB4EE61
:108B7000E78AF1EE10FA24D4DFED197AB4EEE78A31
:108B8000F1EE10FA1DDC9FED147AD4F8800194F810
:108B9000853194F88621C7EE087AFCEEE77AC4EDB9
:108BA0005F7A17EE901A00902046FFF751FC0028DC
:108BB000D7D1204602B0BDEC028BBDE81040FEF7D5
:108BC00069BB6FF06400CCE76FF01300C9E700BF2A
:108BD000CDCCCC3D9A99193F00007A4923DBF93E70
:108BE000355EFA3E70B52DED028B88B003AC84E89B
:108BF0000E0003689DED048AD3F8CC309DF83860F0
:108C00000DF11F0105469847044658B9032E9DF8FB
:108C10001F3015D0B34212D02B6828461B699847E5
:108C200028B10446204608B0BDEC028B70BD2B680D
:108C30003146D3F8C830284698470028F1D133464A
:108C4000002B5AD0012B14D0022BEBD14FF48073A0
:108C500000939DF80D209DF80C1003232846FEF785
:108C6000C5F904460028DDD19DF80E3085F8AF31F6
:108C7000D8E72B684B4AD3F8E8309DF80C40934274
:108C800079D12846FFF780FB01287FD1631F072B8E
:108C900000F2828095F86E0185F86C4195F86D318F
:108CA00095F85C21009021462846FFF799FB044681
:108CB000002CB7D12B68B0EE480AD3F8E430284630
:108CC000984704460028ADD128469DF81440FFF788
:108CD0005BFB01285AD1231FDBB2042B5FD895F828
:108CE0006E0195F85C2195F86C1185F86D31009056
:108CF0002846FFF775FB044694E72B689DED030AB1
:108D00001B6C28469847044600288BD12B68264ABE
:108D10005B6C934234D12846FFF736FBB0BBB5EE0F
:108D2000C08AF1EE10FA23D4DFED207AB4EEE78AA0
:108D3000F1EE10FA2DD4DFED1E7AB4EEE78AF1EEF3
:108D400010FA26DCDFED1B7A28EE278AFCEEC87AC3
:108D500017EE900AC5F8800195F8853195F88621BF
:108D6000D5F87C1100902846FFF772FB044659E7BE
:108D700040F27520EEE7214628469847044697E7DB
:108D8000B0EE480A2846984704464BE76FF01304B4
:108D900048E76FF0650445E76FF0080442E76FF0BD
:108DA00009043FE7F9860400398704009A99193FBE
:108DB000000048436F12834400B52DED028B85B04F
:108DC0000DF1100C0CE90E009DF820309DED028A8B
:108DD000032B2DD04FF0FF301BBBDDED017A9FED53
:108DE0002F7AF4EEC77AF1EE10FA4BD4DFED2C6A4D
:108DF000F4EEE67AF1EE10FA44DCB4EEC78AF1EE56
:108E000010FA42D4DFED277AB4EEE78AF1EE10FAD9
:108E1000CCBF6FF06500002005B0BDEC028B5DF8A3
:108E200004FB012B10D005B0BDEC028B5DF804FBF8
:108E3000036808A9D3F8CC3098470028F3D19DF8EF
:108E40002030002BEDD1C8E79DF80430053B072BFF
:108E500021D8B5EEC08AF1EE10FA19D4DFED127AFE
:108E6000B4EEE78AF1EE10FA12DC9DF80C30043B08
:108E7000042B94BF00206FF0090005B0BDEC028BFD
:108E80005DF804FB6FF06400CDE76FF06500CAE7A2
:108E90006FF00700C7E76FF00800C4E79A99193F21
:108EA00000009643000048430000FF43F0B52DED5D
:108EB000028B93B0B0EE408A0746FFF765FA0028B0
:108EC00048D1274C05460FCC02AE0FC694E80300EC
:108ED00046F8040B383C31700FCC08AE0FC60FCCEF
:108EE000B2EE040A28EE008A0FC6BCEEC88A94E8E7
:108EF000030018EE103A86E803009BB2284608AA41
:108F000032F8021B8B421ED301301428F8D107EE31
:108F1000903A9FED147AF8EEE77AF4EEC77AF1EE24
:108F200010FA1AD8092387F88531D7F8800197F805
:108F30008621D7F87C1100903846FFF789FA13B0E4
:108F4000BDEC028BF0BD12AB184410F8403C87F822
:108F50008531EAE76FF01300F1E76FF06700EEE7A5
:108F6000B8BC050000F0914530B583B0002902ABD4
:108F700014BF9625942503F8055D80F89A111546CF
:108F800040F6AC011A4601230446FFF757F900B931
:108F90000DB903B030BD084B1B6CADF80430204652
:108FA00001AA1C0C40F29F2103238DF80640FFF715
:108FB00045F903B030BD00BF90BC050030B583B0AB
:108FC0000C460546FFF7E0F908B1032826D1042C2A
:108FD00027D8DFE804F013171B1F03000B2485F8C4
:108FE0008641D5F8802195F88531D5F87C1100921D
:108FF00028462246FFF72CFA03B030BD002385F83F
:109000008631EEE7082485F88641EAE7092485F8E9
:109010008641E6E70A2485F88641E2E76FF013000F
:10902000EAE76FF06900E7E7F0B589B00E4614464D
:109030000546FFF7A9F970BB082C32D8E4B23246D6
:1090400023464FF4D8612846FFF7F8F858BBB5F827
:109050008C11E400E4B2A1420B46A8BF23461F2BAB
:1090600085F888413DDD072295F88A0185F884213D
:1090700095F8873195F88971002842D195F89CC1FF
:1090800002970026CDE9030C009428460196FFF7CD
:1090900045FA09B0F0BD012807D003282DD1042CD2
:1090A00028D06FF0680009B0F0BD012CF9D828462F
:1090B0003478FFF769F901281FD124F00F03240148
:1090C000284644F0040443F0040507AA02234FF4A1
:1090D000E8618DF81C508DF81D40FFF7AFF809B01E
:1090E000F0BD172BDAB20FDC0F2A0FD8002A18BFF9
:1090F0000422B9E73368C5F8AB316FF0130009B04B
:10910000F0BD4FF0FF0CBBE70622ADE70522ABE751
:109110002DE9F04188B00D4616461F4604469DF8DD
:109120003880FFF731F900283FD1012D59D062D3A3
:10913000022D51D1B8F1000F61D0062084F88701CB
:1091400094F88A31B4F88C1194F8842194F888C189
:1091500094F889E1002B4BD194F89C81CDF808E07C
:109160000025CDE90338CDF800C00346019520461F
:10917000FFF7D4F968BB350A07AA022340F2BC61A5
:1091800020468DF81D608DF81C50FFF757F800BB86
:1091900007AA204602233C0A40F2BE618DF81D70EA
:1091A0008DF81C40FFF74AF813E001282BD194F802
:1091B000A02194F8700194F89C31B4F872110192D6
:1091C0002A1C18BF012284F86F2100902046FFF767
:1091D0007BF908B0BDE8F0816FF42F7008B0BDE8EE
:1091E000F081B8F1000FA9D0042084F88701A7E727
:1091F0004FF0FF08B2E7012084F88701A0E784F868
:10920000875128469CE74FF0FF30E2E7F0B587B082
:109210000D460446FFF7B8F8C8B994F889C194F828
:10922000887194F8873194F88421B4F88C110190F6
:1092300001260495CDE902C600972046FFF76EF996
:1092400018B984F88A61C4F89C5107B0F0BD6FF07A
:109250001300FAE710B582B00446FFF795F801282D
:1092600014D194F8A03194F86F21B4F872110193DD
:10927000002300932046FF23FFF726F920B9FF23A0
:1092800084F87001C4F89C3102B010BD6FF0130077
:10929000FAE700BF0021FFF7AFB900BF0121FFF7D8
:1092A000ABB900BFF0B589B00D460446FFF76CF8C6
:1092B000002855D1DDB994F88A0184F88951B4F8B1
:1092C0008C1194F8842194F8873194F8886160B9FE
:1092D00094F89C7100960025CDE90307CDE901556E
:1092E0002046FFF71BF909B0F0BDFF27F2E7012385
:1092F00084F8893107AA4FF4D7612046FEF7A6FF0C
:109300000028F0D19DF81C5025F0010545F001051D
:10931000FF2607AA02234FF4D76120468DF81C5080
:109320008DF81D60FEF78AFF0028DCD194F88A01D1
:10933000B4F88C1194F8842194F8873194F88871EA
:1093400094F889C108B994F89C61CDF808C000254B
:10935000CDE90306009720460195FFF7DFF8C2E745
:109360006FF01300BFE700BF10B50446FFF70CF81D
:1093700001280ABF84F878016FF01300002010BDA7
:1093800030B583B00D460446FEF7FEFF012810D12C
:1093900094F8700194F89C3194F86F21B4F872112C
:1093A00084F8A051CDE900052046FFF78DF803B001
:1093B00030BD6FF01300FAE730B52DED028B036876
:1093C00085B01B690446B0EE408A0D46984720469A
:1093D000FFF740F9830654D49FED587AF0EEC87A2F
:1093E000F4EEC77AF1EE10FA4FD9DFED557A78EE48
:1093F000677AF0EEE77AF4EEC77AF1EE10FA26D843
:1094000000238DF80C3007EE905A9FED4E7AC4F889
:109410009451F8EE677A012367EE877AD4F86801F1
:10942000FCEEE77ACDE9003317EE901A04230D0C19
:109430000C0A8DF80F1003AA97218DF80D508DF8A6
:109440000E40FAF773FD05B0BDEC028B30BDDFEDC9
:109450003E7A78EE677AF0EEE77AF4EEC77AF1EECC
:1094600010FA1AD9DFED397A78EE677AF0EEE77AFA
:10947000F4EEC77AF1EE10FA13D802238DF80C300F
:10948000C1E72046FFF7FEF8A6E720460121FDF7D9
:10949000D3FD05B0BDEC028B30BD01238DF80C303F
:1094A000B1E7DFED2B7A78EE677AF0EEE77AF4EE4B
:1094B000C77AF1EE10FA0ED9DFED267A78EE677AE8
:1094C000F0EEE77AF4EEC77AF1EE10FA07D804234B
:1094D0008DF80C3097E703238DF80C3093E7DFED20
:1094E0001E7A78EE677AF0EEE77AF4EEC77AF1EE5C
:1094F00010FA03D805238DF80C3084E7F0EE087AD3
:1095000078EE677AF0EEE77AF4EEC77AF1EE10FAC9
:1095100003D806238DF80C3075E7DFED107A78EE6E
:10952000677AF0EEE77AF4EEC77AF1EE10FA03D834
:1095300007238DF80C3066E7094884E76F12833AF9
:10954000CDCCCC3F6F12833D9A99D93F6666E63FFA
:10955000CDCC0C409A991940CDCC2C40333353409C
:1095600041FDFFFF10B584B0D0F8684180F8991133
:1095700004AA012302F8011D2046CDE900339D21F4
:10958000FAF7D4FC04B010BD2DE9F04784B004AC68
:10959000002504F8015D89461646984622460123B7
:1095A00040F6E70105469DF83070FEF74FFE10B11A
:1095B00004B0BDE8F0874FF0010A43463A46314611
:1095C000CDF800A02846FEF71DFE0028F0D15FFA76
:1095D00089F104222846FEF7EBFE0028E8D1534625
:1095E0002246284640F6E701FEF728FEE0E700BFE6
:1095F000DFED057A80ED580A20EE270AFCEEC07AEE
:1096000017EE901AFEF796BE000080492DE9F04152
:10961000037B84B006460C4623B100221146FEF7B8
:10962000D7FF00BB04AFD6F8680107F8084D012446
:109630003A46CDE9004423468A21FAF777FC90B9EF
:1096400096F84D31D6F868010194002B14BF3025EF
:109650002025234600943A4693218DF80850FAF7C6
:1096600065FC034610B104B0BDE8F08196F86C21AA
:10967000D6F86801ADF80C300D3203218DF80E30AC
:109680008DF809208DF80810CDE900440A2507233C
:109690003A468821ADF80A50FAF748FC804600287F
:1096A000E1D1336844F2FF31D3F8EC3030469847CB
:1096B000CDF8008005464346424641463046FEF717
:1096C000FDFD284300B20028CDD1D6F8681123460D
:1096D000CDE900403A4608467F2489218DF80840AC
:1096E000FAF724FC0028BED1D6F868311868036860
:1096F0000521DB69984705E0D6F8683118680368EA
:109700005B6D9847D6F868311868D96A03681B6999
:1097100098470028F0D1D6F86801FAF7B5FDA2E71E
:109720006FF01800704700BF6FF01800704700BF5F
:109730006FF01800704700BF6FF01800704700BF4F
:109740006FF01800704700BF6FF01800704700BF3F
:109750006FF01800704700BF6FF01800704700BF2F
:109760006FF01800704700BF6FF01800704700BF1F
:1097700084B004A800E90E006FF0180004B0704730
:1097800000207047BBEE090A704700BF82B08DE829
:109790000C00002002B07047002070476FF01800E6
:1097A000704700BF6FF01800704700BF002070477F
:1097B000704700BF704700BF704700BF6FF01800D0
:1097C000704700BF0368044A5B69934202D16FF09F
:1097D00018007047002118473997040030B585B04C
:1097E000056801920022CDE90222D5F8D0500C4A3A
:1097F000009195428DF8083003D16FF0180005B044
:1098000030BD6A4603210446A8470028F7D12368E3
:10981000044AD3F8D4309342EFD020469847EEE77D
:10982000BD9704003197040070B505680E4ED5F859
:10983000D05084B0B5420192089A0091CDE902322D
:1098400003D16FF0180004B070BD6A4602210446CF
:10985000A8470028F7D12368044AD3F8D4309342AC
:10986000EFD020469847EEE7BD97040031970400FB
:1098700070B5114B03600446012600210D460673A6
:10988000282210300AF0FFFAA563294604F13C00B3
:109890004FF480720AF0F7FA4FF07E53C4F83C514F
:1098A000C4F8405184F84451C4F8485184F84C51EC
:1098B000A6606360204670BDDCBC0500002370B468
:1098C0001E46012505FA03F20A4200EB830403F168
:1098D000010303D022691F2A18BF1643202BF1D1A0
:1098E000304670BC704700BF38B590F84C316BB94A
:1098F000D0F83C51D0F84821D0F8404141EA450128
:109900000A40A242C0F83C112BD038BD90F83A5022
:1099100090F83930054401249C4095F93C2064B20C
:10992000D1B922EA0402D2B285F83C20591CC9B24E
:10993000082980F83910E8D10446104600F002F9F1
:1099400094F83A30E1180022013381F83C0084F8A1
:109950003A3084F8392038BD2243D2B285F83C2011
:10996000E4E7012280F83A3080F83B3080F8393063
:1099700080F84C2138BD00BF2DE9F8435FEAC209E9
:109980000646846820D0002588462F460FE03178AF
:109990004B1E24FA03F313F0010F18BF736805F18F
:1099A00001054FEA440418BF5C404D450DD06B07DC
:1099B000EDD1337C18F807000137B3B93178A1F144
:1099C000080398404440E3E70178F068737C604006
:1099D00013B100F0B7F831784FF0FF33C1F1200137
:1099E00023FA01F10840BDE8F883082100F0AAF845
:1099F000E4E700BF044B002208211970C3E90122EB
:109A0000DA601A745A7470475CA300200022027056
:109A1000427070470023417003707047002900F0C6
:109A20008A80002B00F087802DE9F04F83B0002A58
:109A30007FD04FF0000890F801A0C346C146CDE9A1
:109A400000120AE0072C057050D0019A08F10108B5
:109A5000D14490451FFA89F950D04FEAD805009AB1
:109A60000678575D3549364A6FEA080404F0070462
:109A70002741BAF1020F18BF964607F001074FEAD7
:109A8000960508BF8E46C7F1010C5EF825504FEAD7
:109A90008C0C6FEA060E5FFA8CFC0EF0030E0CEBDA
:109AA000CE0C25FA0CF54FF0020204FB0AFC05F07F
:109AB0000F0404FA0CF412FB06764BEA040B06F0D2
:109AC0003F0508F00704BDD106F00F06072C06700D
:109AD000BBD11C464FEA1B2504F8025B83F801B09A
:109AE00090F801A023464FF0000BAEE7BAF1030F48
:109AF000EFD14FEA1B441C700133EAE718F0070F5F
:109B00000BD0BAF1030F03D14FEA1B421A70013395
:109B10004FEA1B2283F801B01A700C9B2BB1002076
:109B2000C3F8009003B0BDE8F08F184603B0BDE85D
:109B3000F08F9146F1E74FF0FF307047B8BD050058
:109B4000C8BD050099B10022F0B405464F1E10466D
:109B5000012606FA02F32B40BC1AD3400132A3407F
:109B6000D4B2A14240EA0300F3D8F0BC70470846E3
:109B7000704700BF704700BF704700BF704700BF0D
:109B800008467047704700BFF0B4094C094F25687C
:109B9000049EC360C0E901120599069A076000237C
:109BA0000661C0E90512C36105B92060F0BC7047C9
:109BB00070A3002010BE05002DE9F04F4F4D504C12
:109BC0002B6813F0010385B006460F46904600F05F
:109BD00082804C4D2C6002F09DFF20B90646304635
:109BE00005B0BDE8F08F00240123DFF830A1DFF8D5
:109BF00030B18DF80D30CDF808B08DF80C400DF176
:109C0000080999E80600DAF80000F9F701FE314684
:109C10000622092002F0F4FF234622462146009442
:109C2000484604F0AFFB03A904220F2002F0E8FF2E
:109C3000DAF80000F9F750FE314643463A46286804
:109C400003F0D2FC01280646C9D1CDF808B08DF842
:109C50000D608DF80C4099E80600DAF80000F9F77D
:109C6000D7FD2968484603F083F9042203A90F2091
:109C700002F0C6FF2968484603F08AF9042203A9C6
:109C8000304602F0BDFF2968484603F079F9042206
:109C900003A9052002F0B4FFDAF80000F9F71CFE72
:109CA0002968484603F07CF9174B184ADB6803998A
:109CB0005160D90103D5164B1A68D2071BD406F0A0
:109CC000E5FE144BA0FB0334980A40EA845080B2AE
:109CD00001F000FC83E7104AE3644FF47A732365D4
:109CE000A26404F15C0004F045FB0822012384F81F
:109CF00068202B606DE758688009E8E774A30020AE
:109D00008CA3002088A30020F0ED00E080A30020B9
:109D1000001000E040420F00F4BE05001062002079
:109D2000809FD5002DE9F04383B007460E461446C8
:109D30001D4602F0EFFE68B3184B0093DFF8648015
:109D40004FF0010900238DF804308DF8059002AB27
:109D500013E90600D8F80000F9F75AFD3946062243
:109D6000092002F04DFF311D04220F2002F048FFB0
:109D7000291D0422484602F043FF0A9B0422991839
:109D8000052002F03DFFD8F80000F9F7A5FD044BCF
:109D900062685A6003B0BDE8F08300BF809FD500C1
:109DA00080A3002010620020024A034B117018604B
:109DB000704700BF146200201062002008B502F056
:109DC000B3FE012803D002280CBF0220002008BDEA
:109DD0002DE9F041264D286882B0002843D003F0D9
:109DE000A3FB0228044605D0042803D0204602B075
:109DF000BDE8F0811F4B00931F4F00234FF0010877
:109E00008DF804306E468DF8058096E806003868B7
:109E1000F9F7FEFC3046296803F0AAF801A90422EC
:109E20000F2002F0EDFE3046296803F0B1F801A9D9
:109E30000422404602F0E4FE3046296803F0A0F810
:109E400001A90422052002F0DBFE3868F9F744FD81
:109E50003046296803F0A4F8084B019A5A6020465E
:109E600002B0BDE8F0810446204602B0BDE8F081B2
:109E700088A30020809FD5001062002080A30020CE
:109E800030B583B0044604F075FA0D4B00930D4DC8
:109E9000012200238DF804308DF8052002AB13E970
:109EA00006002868F9F7B4FC211D04220F2002F0F7
:109EB0007DFF2868F9F710FD204603B030BD00BFD4
:109EC000809FD5001062002030B583B0044604F0B6
:109ED00051FA0D4B00930D4D012200238DF80430F3
:109EE0008DF8052002AB13E906002868F9F790FC0D
:109EF000211D0422052002F059FF2868F9F7ECFC27
:109F0000204603B030BD00BF809FD5001062002006
:109F100070B582B0044604F02DFA0D4B00930D4D40
:109F2000012600238DF804308DF8056002AB13E99B
:109F300006002868F9F76CFC211D0422304602F067
:109F400035FF2868F9F7C8FC204602B070BD00BF95
:109F5000809FD5001062002000B583B000230093DD
:109F60001A461946044804F00DFA044803B05DF897
:109F700004EB04F0FFB900BF78A3002080A3002009
:109F8000007C07288CBF00200120704781F0010071
:109F9000704700BF0846704741827047037C087CC9
:109FA000984201D00020704707288CBF0020012074
:109FB000704700BFF0B591B0044604A80E4617469E
:109FC00004F0D8F900214FF47A721B4B08910CA8C9
:109FD0000992079304F0CEF9082368468DF83C30C7
:109FE00004F0C8F9207C07281BD9144B144D5B687A
:109FF000039302A904A8029503F0B4FB6A46314614
:10A0000004A841F2883303F041FD40B12368019E6A
:10A01000DB6902953A4602A920460396984711B09B
:10A02000F0BD01F027FD10B908232374DDE7207C83
:10A0300001F0F4FDF8E700BFF4BE050080A30020A6
:10A040003CC00500007C072801D90020704708B5F6
:10A0500002F064F808BD00BF10B504460BE001F043
:10A0600009FD172801D01C2809D1207C02F056F8E0
:10A07000B0F5006F03D2237C072B1846EFD910BD33
:10A0800038B5037C072B01D9002038BD154604469E
:10A0900092B2184601F072FF10B90123636038BD17
:10A0A000284638BD007C072801D90020704708B534
:10A0B00001F0CEFE08BD00BF007C072801D90020BA
:10A0C000704712B201F0CCBD00B583B001220DF192
:10A0D0000701007C01F0C4FD0028CCBF9DF80700FB
:10A0E0004FF0FF3003B05DF804FB00BFF0B50B7C10
:10A0F000072B83B0054625D8154B0093154F002339
:10A1000001228DF804306C468DF805200E46386823
:10A1100094E80600F9F77CFB0F4A337C10780002C4
:10A120000C3000EB03202146042280B202F03EFEF8
:10A130003868F9F7D1FB2146284604F03DF9284656
:10A1400003B0F0BD002104F031F9284603B0F0BDA2
:10A15000809FD5001062002070A4002038B5037CD9
:10A16000072B00D938BD0446184601F057FD05F00D
:10A1700013FA054608E0012005F01AFA05F00CFA7A
:10A18000638A401B984207D2207C01F073FC0028B0
:10A19000F1D10823237438BD207C01F097FC0823FB
:10A1A0002374F8E770B50446007C072884B00D4698
:10A1B00016461AD90021684604F0F8F86A68019B2F
:10A1C0009A420FD04FF0FF3102A804F0EFF86A680E
:10A1D000039B9A4206D00021212001F085F907282F
:10A1E000207408D9002004B070BD01F043FCF8B918
:10A1F00008232374DEE7291D324601F0C9FC05F06F
:10A20000CBF905460DE01C2810D00028EAD005F057
:10A21000C3F9638A401B98424FF001000CD805F047
:10A22000C7F9207C01F026FC1728ECD10120DAE7E1
:10A23000207C01F0F3FCDBE7207C01F047FC0823E5
:10A240002374CFE770B5037C072B82B003D90024B9
:10A25000204602B070BD144B0093144E002301221F
:10A260008DF804308DF805206D4695E8060004460B
:10A270003068F9F7CDFA0E4A237C107800020430DA
:10A2800000EB03202946022280B202F08FFD9DF8E8
:10A2900000309DF80140306844EA0324F9F71CFBC4
:10A2A000204602B070BD00BF809FD5001062002024
:10A2B00070A4002070B5037C072B82B003D9002462
:10A2C000204602B070BD144B0093144E00230122AF
:10A2D0008DF804308DF805206D4695E8060004469B
:10A2E0003068F9F795FA0E4A237C10780002103096
:10A2F00000EB03202946022280B202F057FD9DF8B0
:10A3000000309DF80140306844EA0324F9F7E4FA8C
:10A31000204602B070BD00BF809FD50010620020B3
:10A3200070A40020026838B5D26B094CA2420AD151
:10A33000037C087C984201D0012038BD072894BFD7
:10A340000020012038BD904780F00100C0B238BD28
:10A350009D9F040010B50368104A5B6882B0934269
:10A360008DF8071010D10446007C072802D9002080
:10A3700002B010BD01220DF1070101F0FFFD48B947
:10A380000123636002B010BD01220DF1070198475F
:10A3900002B010BD012002B010BD00BF81A00400BA
:10A3A000027C072A13D803680A491B698B4210B53F
:10A3B000044607D1104601F04BFD28B1207C01F086
:10A3C000A3FD10BD9847F8E74FF0FF3010BD4FF0E8
:10A3D000FF307047A5A00400037C072B01D90020A3
:10A3E000704710B50446184601F044FB18280BD9F5
:10A3F0001C2810D123680D4A1B69934213D1207C7D
:10A4000007280AD9002010BD094B23FA00F0C043E9
:10A4100000F0010010BD012010BD01F019FD003059
:10A4200018BF012010BD20469847F8E7A5A00400FA
:10A430000100100100B583B0002300931A461946AD
:10A44000024803F09FFF03B05DF804FBF8A300206F
:10A45000704700BF38B505462120298901F044F82E
:10A46000072800D938BD044601F052FB20B1054B46
:10A470002A8923F8142038BD2046BDE8384001F071
:10A48000CDBB00BF08A4002070B53A4B1B78322B1F
:10A4900005462BD0384C332B22882B890CBF042641
:10A4A00008269A4229D062889A422FD0A2889A42DE
:10A4B00035D0E2889A423BD0042E15D022892B89D0
:10A4C0009A4250D0052E0FD062892B899A4236D0FD
:10A4D000062E09D0A2892B899A4236D0072E03D0A6
:10A4E000E2892B899A4238D0002070BD224C2B89FA
:10A4F00022889A424FF00406D5D1002001F0BAFA22
:10A5000014281AD02B8962889A42CFD1012001F0F9
:10A51000B1FA142811D02B89A2889A42C9D10220FD
:10A5200001F0A8FA142808D02B89E2889A42C3D1F6
:10A53000032001F09FFA1428BED1012070BD052030
:10A5400001F098FA1428C3D1F7E7062001F092FA37
:10A550001428F2D0072EC3D1C6E7072001F08AFAEB
:10A560001428C1D1E9E7042001F084FA1428A9D104
:10A57000E3E700BF71A4002008A40020F0B5036841
:10A58000B84A5B6883B093428DF8071066D1B64B2A
:10A590000446187800285FD0B44D23892A883238C1
:10A5A00001288CBF082604269A427BD000276A889F
:10A5B0009A4200F08E80AA889A4200F0A080EA8831
:10A5C0009A4200F0AB80042E19D02A8923899A423E
:10A5D00000F0FF80052E12D06A8923899A4200F08C
:10A5E0002381062E0BD0AA8923899A4200F042814A
:10A5F000072E04D0EA8923899A4200F0B380002F05
:10A6000032D023892A88934244D06A889A4258D00B
:10A61000AA8893426CD0EA889A4200F0C080042E47
:10A6200019D02A8923899A4200F0C680052E12D0BB
:10A630006A8923899A4200F0DD80062E0BD0AA8910
:10A6400023899A4200F0E380072E04D0EA89238907
:10A650009A4200F0F980012003B0F0BD01220DF113
:10A660000701984703B0F0BD2368814A1B699342F4
:10A6700040F010812189212000F036FF072807468D
:10A68000BFD801F045FA002800F03A81238925F867
:10A690001730B6E7002001F0EDF9172800F0FD8033
:10A6A0002389B2E7002001F0E5F9172800F0FC80CB
:10A6B0001C2844D0142800F0FC8000B9288023898D
:10A6C00074E7012001F0D6F9172800F000812389F2
:10A6D0009EE7012001F0CEF9172800F0FF801C282A
:10A6E00036D0142800F0FF8000B96880238962E723
:10A6F000022001F0BFF9172845D023898BE70220FB
:10A7000001F0B8F9172845D01C2800F0D58014288E
:10A7100000F0FA8000B9A880238950E7032001F0F7
:10A72000A9F9172800F0FD801C2800F0DF8014280C
:10A7300000F0FB8000287FF446AFE88043E700206C
:10A7400001F086FB0028BAD101F068FA23892DE7D1
:10A75000012001F07DFB0028C8D1012001F05EFA44
:10A76000238928E7072001F085F9172800F01B81CD
:10A770001C2800F0058114283FF443AF00287FF423
:10A780003EAFE8813BE701220DF10701022001F015
:10A79000F5FBB2E7022001F05BFB23890FE7032002
:10A7A00001F068F917287FF43AAF01220DF1070193
:10A7B000032001F0E3FB32E7042001F05BF91728E6
:10A7C0007FF434AF01220DF10701042001F0D6FB24
:10A7D0002CE7042001F04EF9172800F0B5801C2862
:10A7E00000F09580142800F0B38000287FF4F2AECA
:10A7F0002881EFE6052001F03DF917287FF41DAF11
:10A8000001220DF10701052001F0B8FB15E7062034
:10A8100001F030F917287FF417AF01220DF107017D
:10A82000062001F0ABFB0FE7052001F023F9172804
:10A8300000F09D801C287DD0142800F09C8000280A
:10A840007FF4CFAE6881CCE6072001F013F917281A
:10A850007FF401AF01220DF10701072001F08EFB0B
:10A86000F9E600BFB1A9040071A4002008A40020EB
:10A8700055A40400062001F0FDF8172800F08A8096
:10A880001C286AD0142800F0898000287FF4B0AE1C
:10A89000A881ADE620469847B3E601220DF10701F5
:10A8A000002001F06BFBFBE6002001F0D1FA2389C8
:10A8B0007CE6238901277AE6022001F0C9FA002804
:10A8C0007FF42AAF022001F0A9F9238977E601225B
:10A8D00010460DF1070101F051FBF8E6012001F0EF
:10A8E000B7FA238967E62389012764E6032001F08C
:10A8F000AFFA00287FF467AE032001F08FF962E61B
:10A90000384601F08BF97CE62389012757E60420BD
:10A9100001F09EFA00287FF45DAE042001F07EF97C
:10A9200058E6032001F094FA4DE6042E3FF469AE98
:10A9300001274AE6052001F08BFA00287FF451AE8A
:10A94000052001F06BF94CE6042001F081FA41E6A4
:10A95000052E3FF456AE01273EE6062001F078FAB8
:10A9600000287FF445AE062001F058F940E60520A6
:10A9700001F06EFA35E6062E3FF443AE012732E6CB
:10A98000072001F065FA00287FF439AE072001F0B6
:10A9900045F934E6062001F05BFA29E6072E3FF47C
:10A9A00030AE012726E6072001F052FA27E600BF65
:10A9B000BC4B1B78002B71D02DE9F047BA4C0689AF
:10A9C0001746323B2288012B8CBF4FF008084FF00E
:10A9D0000408B2420546894662D04FF0000A6388F7
:10A9E000B3426DD0A388B34200F0A980E388B3429C
:10A9F00000F0C080B8F1040F1CD022892B899A4244
:10AA000000F0D480B8F1050F14D062892B899A42E6
:10AA100000F02281B8F1060F0CD0A2892B899A424E
:10AA200000F04681B8F1070F04D0E2892B899A42E1
:10AA300000F0D780BAF1000F51D02E8923889E42B2
:10AA400063D06388B3426AD0A388B3426FD0E388EF
:10AA5000B34200F08380B8F1040F1CD022892B8907
:10AA60009A4200F09780B8F1050F14D062892B89C3
:10AA70009A4200F0D980B8F1060F0CD0A2892B8938
:10AA80009A4200F0DD80B8F1070F04D0E2892B89EB
:10AA90009A4200F0FB803846BDE8F08718467047C0
:10AAA000002000F0E7FF172800F01B811C2800F0B1
:10AAB000E380142800F0A68000B920802E898CE75E
:10AAC000012000F0D7FF172800F016811C287ED047
:10AAD000142800F0168100B960802E8982E72B6867
:10AAE000724A1B69934240F0F3802989212000F0CB
:10AAF000FBFC07280646A0D801F00AF8002800F061
:10AB000019812B8924F8163097E7002000F0B2FF56
:10AB1000172800F0E0802E896388B34294D1012089
:10AB200000F0A8FF172800F0E1802E898CE70220B2
:10AB300000F0A0FF172800F0E8802E8987E70220A8
:10AB400000F098FF172800F0F0801C285ED0142831
:10AB500000F0F48000B9A0802E8947E7032000F0C0
:10AB600089FF17287FF477AFBAB24946032001F076
:10AB700005FA70E7032000F07DFF172850D01C284D
:10AB800000F0C980142800F0E78000287FF432AF7D
:10AB9000E0802FE7042000F06DFF17287FF463AFFB
:10ABA000BAB24946042001F0E9F95CE7042000F05C
:10ABB00061FF172800F0E1801C2800F0C3801428F2
:10ABC00000F0DF8000287FF41DAF20811AE701200C
:10ABD00001F03EF9002880D1012001F01FF82E89F4
:10ABE00000E7072000F046FF172800F0FB801C2834
:10ABF00000F0E38014283FF420AF00287FF41AAF60
:10AC0000E08117E72E894FF0010AE8E6022001F003
:10AC10001FF90028A0D1022001F000F82E89E5E6F6
:10AC2000032001F015F9E5E6052000F023FF1728C1
:10AC30007FF421AFBAB24946052001F09FF91AE727
:10AC4000062000F017FF17287FF41DAFBAB249465F
:10AC5000062001F093F916E7052000F00BFF1728F6
:10AC600000F0A0801C287ED0142800F09F800028CF
:10AC70007FF4D0AE6081CDE6002001F0E9F8002835
:10AC80007FF41CAF00F0CAFF2E89A6E6072000F073
:10AC9000F1FE17287FF4FFAE4946BAB2072001F053
:10ACA0006DF9F8E671A4002008A4002055A4040062
:10ACB000062000F0DFFE172800F089801C2867D0EE
:10ACC000142800F0888000287FF4ACAEA081A9E6AB
:10ACD00028469847B1E6BAB24946002001F04EF93D
:10ACE00019E7002001F0B4F82E8976E6BAB2494699
:10ACF000012001F043F918E7012001F0A9F82E899D
:10AD000070E62E894FF0010A6CE6BAB2494602207D
:10AD100001F034F911E7032001F09AF800287FF4DC
:10AD200069AE032000F07AFF64E6022001F090F89B
:10AD30002E895BE6304600F071FF7EE62E894FF0EB
:10AD4000010A53E6042001F083F800287FF45AAE8C
:10AD5000042000F063FF55E6B8F1040F3FF46DAE38
:10AD60004FF0010A49E6052001F072F800287FF44F
:10AD700051AE052000F052FF4CE6042001F068F8C7
:10AD800040E6B8F1050F3FF458AE4FF0010A3CE63B
:10AD9000062001F05DF800287FF444AE062000F0A4
:10ADA0003DFF3FE6052001F053F833E6B8F1060F0A
:10ADB0003FF443AE4FF0010A2FE6072001F048F8B8
:10ADC00000287FF437AE072000F028FF32E6062087
:10ADD00001F03EF826E6B8F1070F3FF42EAE4FF033
:10ADE000010A22E6072001F033F823E62DE9F843B3
:10ADF000A64B1B780446002B47D0A54D0A890E466A
:10AE0000323B2988012B8CBF4FF008084FF0040813
:10AE10008A425AD008276B88934274D04FF00009B9
:10AE2000AB8893427CD0EB88934200F08480B8F1E9
:10AE3000040F1BD02A8933899A4258D0B8F1050FE4
:10AE400014D06A8933899A4200F08480B8F1060FE1
:10AE50000CD0AA8933899A4200F0C780B8F1070F55
:10AE600004D0EA8933899A4200F08280B9F1000F58
:10AE700017D04FF47A730021864A2774C4E901136E
:10AE8000638222602046BDE8F883436008234FF4C4
:10AE90007A72804903748260428201602046BDE874
:10AEA000F88333687C4A1B69934250D13189212051
:10AEB00000F01AFB07288046DBD800F029FE0028A6
:10AEC00070D0338925F81830D3E7002000F0D2FD88
:10AED000172800F086801C2800F08380142800F0DA
:10AEE000A080002842D128803289082793E70420D7
:10AEF00000F0C0FD082F61D0142800F0A2800028C7
:10AF00009CD128819AE7012000F0B4FD082F4FF072
:10AF100000097CD0142841D000B9688032897FE7CD
:10AF2000022000F0A7FD082F2FD014284ED000B922
:10AF3000A880328977E7032000F09CFD082F35D0E8
:10AF4000142847D000287FF472AFE8806FE73046BE
:10AF500098478EE7052000F08DFD082F69D0142852
:10AF60007ED000287FF472AF68816FE7328951E7A5
:10AF7000072000F07FFD082F79D014283FF479AF27
:10AF800000287FF473AFE88170E7172801D01C28F0
:10AF9000CBD10023AB803289022744E732894FF0BE
:10AFA00001093DE7404600F039FE62E7172801D06D
:10AFB0001C28C5D10023EB80032738E7172801D0D0
:10AFC0001C2899D100232B81042737E732894FF0C1
:10AFD000010928E7B8F1040F3FF44BAF4FF0010926
:10AFE00028E700272F80328915E7062000F042FD70
:10AFF000082F2DD0142842D000287FF42FAFA8812D
:10B000002CE7012000F036FD08274FF00109172832
:10B0100002D01C287FF47EAF00236B803289012789
:10B02000FEE66B8832899342EBD008274FF0010986
:10B03000F6E6172801D01C2891D100236B81052743
:10B0400004E7B8F1050F3FF414AF4FF00109F8E63B
:10B05000172801D01C28CDD10023AB810627FDE69F
:10B06000B8F1060F3FF405AF4FF00109F1E61728DC
:10B0700001D01C2881D10023EB810727F6E6B8F127
:10B08000070F3FF4F6AE4FF00109EAE671A4002085
:10B0900008A4002078BE050055A4040000B583B0C4
:10B0A000002300931A461946024803F06BF903B0D7
:10B0B0005DF804FB00A40020024A02608A69426035
:10B0C000704700BF3CC00500808B7047008A704706
:10B0D000408C7047704700BF90F82030072B00D994
:10B0E000704710B50446184600F0F0FC082384F8B9
:10B0F000203010BD38B5044690F8200007280D46D2
:10B100000ED92946022000F0EFF9072884F8200024
:10B1100004D8002325826384012038BD002038BD77
:10B1200000F0D4FCEDE700BF08B50023C383043171
:10B1300090F8200001F0AEF808BD00BF08B590F807
:10B14000200001F0F7F808BD10B5044693B290F85E
:10B1500020000A46E18B01F03FF8E38B0344E383D0
:10B1600010BD00BF438CABB110B582B004460122C4
:10B170000DF1070190F8200000F072FD002806DDB7
:10B18000638C9DF80700013B638402B010BD4FF053
:10B19000FF30FAE74FF0FF30704700BF438C93B1A8
:10B1A00010B5934294BF1AB212B2044690F8200030
:10B1B00000F056FD002803DD638C1B1A638410BD6C
:10B1C0004FF0FF3010BD4FF0FF30704708B590F8DA
:10B1D0002030072B05D8428C1AB1184600F094FE97
:10B1E00008BD4FF0FF3008BD70B5044690F8200050
:10B1F000072882B00E46154615D972680B4B01928E
:10B2000069462A468220009300F0B6FA072884F89F
:10B21000200005D8002301202582638402B070BD80
:10B22000002002B070BD00F051FCE6E73CC0050014
:10B230002DE9F04190B0074604A80E46904600253F
:10B2400003F098F84FF47A721C4B09920CA80793FC
:10B25000089503F08FF8082368468DF83C3003F01A
:10B2600089F8174B174C5B68039304A802A9029452
:10B2700002F078FA6A46314604A841F2883302F0B7
:10B2800005FC012802D010B0BDE8F0813B680E4AF1
:10B290005B6A019902949342039109D1FD8342466E
:10B2A00097F8200003A900F0F5FF10B0BDE8F08189
:10B2B000424602A938469847E5E700BFF4BE0500BC
:10B2C00080A300203CC0050029B1040010B503682C
:10B2D0000D4A5B6882B093428DF807100DD1044689
:10B2E000C18B90F8200001230DF1070200F074FFDC
:10B2F000E38B0344E38302B010BD01220DF107018B
:10B30000984702B010BD00BF49B1040070B5224E8D
:10B31000448C82B0054622B200218CB12B685B6B55
:10B32000B34215D195F8200000F09AFC00286C8CEF
:10B33000F1DD241AA4B26C8422B20021002CEDD1DC
:10B3400095F8200000F084FD40B9204602B070BDA1
:10B3500022460021284698476C8CDCE76946082283
:10B3600095F8200000F07CFC0028EFDD694605F12F
:10B37000140003F055F89DF806109DF807009DF89D
:10B3800004209DF8053000EB012080B203EB02237E
:10B390006884AB8302B070BD9DB1040070B50468D1
:10B3A0000D4E656BB54210D1458C95B1AA422CBFAC
:10B3B0002AB212B2044690F8200000F051FC002896
:10B3C00007DD638C1B1A638470BD2B46BDE870409B
:10B3D00018474FF0FF3070BD9DB1040000B583B039
:10B3E000002300931A461946024802F0CBFF03B02F
:10B3F0005DF804FB18A400202DE9F04F334FDFF86F
:10B40000D0803C780502064605EB042083B024304A
:10B410000C4680B201A992460222994601F0C6FC70
:10B420009DF804109DF8053098F8002043EA0123A8
:10B430001C44A4B2332AC4F30A0B22D006F1100034
:10B440000BEBC020372A80B204D00BEB0903B3F515
:10B45000006F20DC51464A4601F0D2FB38784C445C
:10B4600005EB0020A4B22430231201A9022280B2ED
:10B470008DF805408DF8043001F0C2FB03B0BDE843
:10B48000F08F06F108000BEB09030BEBC020B3F5BE
:10B49000006F80B2DEDDCBF5006B1FFA8BFB5A46E6
:10B4A000514601F0ADFB98F80030332B0CBF06F18C
:10B4B000080006F11000A9EB0B02C0020AEB0B0119
:10B4C00092B280B201F09CFBC8E700BF70A40020DC
:10B4D00071A40020034B1A88C0F30D00504018805F
:10B4E000704700BF0E6200202DE9F04F9A4B1B7889
:10B4F00087B0002B00F01681984A049200240122A4
:10B50000323BDFF870B28DF8152093428DF814406D
:10B5100006AB01908946DBF80000914F13E9060065
:10B5200094BF4FF004084FF008080DF10F0AF8F728
:10B530006FF92246A44614023878A4B204EB002026
:10B540000330154603A9012280B2664601F02EFCA5
:10B550009DF80C100AF8011F6A1C5FFA82FC002992
:10B5600065D0E045E7D89DF810301D2B06D84FF088
:10B570003456DE40F64316F0010652D09DF81120F5
:10B580001D2A05D84FF03453D340DE0700F1D48094
:10B590009DF812201D2A05D84FF03453D340DD0703
:10B5A00000F1CD809DF813201D2A05D84FF03453AB
:10B5B000D340DC0700F1C680B8F1040F25D09DF818
:10B5C00014201D2A40F2A580B8F1050F1DD09DF86A
:10B5D00015201D2A05D84FF03453D340D90700F168
:10B5E000B480B8F1060F10D09DF816201D2A05D89A
:10B5F0004FF03453D340DA0700F1AA80B8F1070FB7
:10B6000003D09DF817201D2A05D9DBF80000F8F7B4
:10B6100063F9082669E04FF03453D340DB07F4D5D3
:10B62000072635461021304601F074FC34024D4A9D
:10B630004D4B002122F8151043F001034FF47A50CE
:10B64000984738789DF8043006A904EB002001F8EB
:10B650000D3D012200F47F4001F0D2FA387806A9AE
:10B6600004EB0020FF23023001F80E3D80B20122DE
:10B6700001F0C6FAB9F1000F3BD13C4A13880133FF
:10B680009BB2B3F5404F52D313805FFA83F91A0A85
:10B6900038788DF80C2004EB0020043080B20222B0
:10B6A00003A98DF80D9001F0ABFA0121304601F0AD
:10B6B00031FC38782E4F04EB002028300024022281
:10B6C00027F8354080B203A901F070FB9DF80C20EB
:10B6D0009DF80D30DBF8000007EBC50543EA0223B7
:10B6E000AC71AC806B80F8F7F7F8304607B0BDE876
:10B6F000F08F38788DF80D9004EB002004304FEA7D
:10B700002929022203A980B28DF80C9001F078FA61
:10B71000CBE74FF03453D340D8077FF555AF04261D
:10B7200035467FE70826304607B0BDE8F08F4FF476
:10B7300040431380C022ABE70126354672E702265C
:10B7400035466FE7032635466CE70526354669E73B
:10B750000626354666E700BF71A40020809FD5000D
:10B7600070A4002008A4002040BF05000E62002045
:10B7700028A40020106200202DE9F04FB54B1B7863
:10B7800089B0002B00F04C819046B34A0692002409
:10B790000122323B0F46B1498DF81D2093428DF8AE
:10B7A0001C4008AB0190AE4E086813E9060094BF38
:10B7B0004FF0040A4FF0080A0DF1170BF8F728F8BC
:10B7C0002246A44614023078A4B204EB00200330D1
:10B7D000914680B2012204A9654601F0E7FA9DF87E
:10B7E00010300BF8013F09F101025FFA82FC002BD7
:10B7F00065D0E245E6D89DF818301D2B06D84FF0ED
:10B800003455DD40ED4315F0010552D09DF8192067
:10B810001D2A05D84FF03453D340DB0700F10A81CD
:10B820009DF81A201D2A05D84FF03453D340DD0768
:10B8300000F103819DF81B201D2A05D84FF03453D9
:10B84000D340DC0700F1FC80BAF1040F25D09DF84D
:10B850001C201D2A40F2DB80BAF1050F1DD09DF897
:10B860001D201D2A05D84FF03453D340D90700F1CD
:10B87000EA80BAF1060F10D09DF81E201D2A05D8C7
:10B880004FF03453D340DA0700F1E080BAF1070FEC
:10B8900003D09DF81F201D2A05D9704B1868F8F7B2
:10B8A0001BF80825A1E04FF03453D340DB07F4D553
:10B8B0000725A9461021284601F02CFB2C026949D6
:10B8C000694A002021F8190042F001024FF47A5031
:10B8D000904730789DF8043008A904EB002001F867
:10B8E000153D012200F47F4001F08AF9307808A963
:10B8F00004EB0020FF22023001F8162D80B2012255
:10B9000001F07EF94FEA182B5FFA88FAB8F1000FC0
:10B910006FD156490A88013292B2B2F5404FC0F059
:10B9200084800A805FFA82F8110A30788DF810104E
:10B9300004EB0020043080B2022204A98DF81180AB
:10B9400001F05EF930787A79B97997F807C08DF807
:10B95000141004EB002002F07F020C304FF05E0E5A
:10B96000391D4FF001088DF8132080B204228DF8A4
:10B9700012E08DF815C0ADF8108001F041F9307873
:10B980008DF80CB004EB0020103003A9022280B225
:10B990008DF80DA001F034F93078354F04EB00201C
:10B9A0000630062204A980B201F02AF94146284651
:10B9B00001F0B0FA307804EB00202830002403A90D
:10B9C000022280B227F8394001F0F0F9234B9DF8AC
:10B9D0000C109DF80D20186807EBC90342EA0122FC
:10B9E0009C719C805A80F7F777FF284609B0BDE824
:10B9F000F08F30788DF810B004EB00200430022274
:10BA000004A980B28DF811A001F0FAF89AE74FF07E
:10BA10003453D340D8077FF51FAF0425A94649E723
:10BA20000825284609B0BDE8F08F4FF440420A804F
:10BA3000C0217AE70125A9463CE70225A94639E756
:10BA40000325A94636E70525A94633E70625A94675
:10BA500030E700BF71A40020809FD5001062002055
:10BA600070A4002008A4002040BF05000E62002042
:10BA700028A40020F0B5124D124A2B6883B001268D
:10BA8000009200226C468DF805608DF8042094E841
:10BA9000060007461846F7F7BBFE0B4B1878000266
:10BAA000033000EB07202146324680B201F07EF9D8
:10BAB00028689DF80040F7F70FFF204603B0F0BD5F
:10BAC00010620020809FD50070A4002030B50E4C7D
:10BAD0000E4A236883B00121009200228DF80420D1
:10BAE0008DF8051002AA12E9060005461846F7F778
:10BAF0008FFE2846102101F00DFA206803B0BDE842
:10BB00003040F7F7E9BE00BF10620020809FD500EB
:10BB10002DE9F041DFF874801A4AD8F8003082B07D
:10BB20000126002400928DF805608DF804406D46D2
:10BB300095E8060007461846F7F76AFE124B1B7891
:10BB40001B02033303EB072398B22946324601F068
:10BB50002DF99DF80030132B07D0D8F80000F7F727
:10BB6000BBFE204602B0BDE8F0813846022101F05C
:10BB7000D1F9D8F80000F7F7AFFE304602B0BDE8C3
:10BB8000F08100BF809FD50070A4002010620020CB
:10BB90002DE9F047DFF87C801D4CD8F80030DFF845
:10BBA000789082B00125009400248DF805508DF81E
:10BBB00004406E4607468A461846154696E8060033
:10BBC000F7F726FE99F800003C0204EB00200C3049
:10BBD0005146042280B201F013F899F800008DF864
:10BBE000015004EB00201030022231462D1280B2A9
:10BBF0008DF8005001F004F83846042101F08AF96C
:10BC0000D8F80000F7F768FE02B0BDE8F08700BF83
:10BC1000809FD5001062002070A4002030B50E4C2B
:10BC20000E4A236883B00121009200228DF804207F
:10BC30008DF8051002AA12E9060005461846F7F726
:10BC4000E7FD2846082101F065F9206803B0BDE84A
:10BC50003040F7F741BE00BF10620020809FD50042
:10BC60002DE9F04FDFF8E4A1744C754EDAF800309E
:10BC700087B005460494002001248DF815408DF806
:10BC8000140036F83540019104AF9046184697E805
:10BC90000600F7F7BDFDA04544DC002C70D0EB009A
:10BCA000F2184445A8BF4446B2F80280019A1FFA30
:10BCB00084F9CAB1634A11783329C8F30A0200F043
:10BCC000B18005F1180002EBC020372980B205D001
:10BCD00012FA84F1B1F5006F00F3828001990293AA
:10BCE0004A4601F063F8029B36F83520F018C84444
:10BCF0008179494489B2A2EB09091FFA88F81FFA31
:10BD000089F2F929A0F8028026F835204FD8002AB8
:10BD10004DD08171DAF80000F7F7DEFD204607B05C
:10BD2000BDE8F08F484C20784FEA052909EB002048
:10BD30002630022280B2394601F038F89DF81020F2
:10BD40009DF8113043EA022B00E09B46207809EB76
:10BD500000202630022280B2394601F027F89DF8F3
:10BD600010209DF8113043EA02239B45EDD106EBEC
:10BD7000C5029479ABEB040426F83540002C8ED133
:10BD8000314B18780002033000EB0520394680B2B1
:10BD9000012201F00BF89DF81030142BBAD0002BC3
:10BDA000B8D0B3F11C0418BF4FF0FF34B2E7264AF5
:10BDB0008DF81180107800021E442830002300EB1B
:10BDC000052039464FEA28280222B37180B28DF847
:10BDD000108000F015FF2846402101F09BF899E7FC
:10BDE000DDF804B00393C2F5006293B21A465946D7
:10BDF000029300F0DBFF134A029B12785946194464
:10BE0000039B0193332A029B0CBF05F10C0005F143
:10BE10001800A9EB0302C00280B292B200F0C6FF84
:10BE2000019B61E705F10C0012FA84F102EBC020DE
:10BE3000B1F5006F80B27FF751AFD1E7809FD50099
:10BE400028A4002071A4002070A40020106200200B
:10BE50002DE9F047DFF8A49039F8304082B01CB1EA
:10BE6000204602B0BDE8F0870123234ADFF890A006
:10BE70008DF804408DF8053000926D46DFF884801F
:10BE800095E806000646DAF80000F7F7C1FC98F8D6
:10BE90000000370207EB0020263080B2294602223C
:10BEA00000F084FF9DF800009DF8014044EA002462
:10BEB00000E01C4698F8000007EB00202630022224
:10BEC00080B2294600F072FF9DF800209DF80130F5
:10BED00043EA02239C42ECD1DAF80000F7F7FCFCBD
:10BEE00009EBC6039879241AA4B2204629F83640F3
:10BEF00002B0BDE8F08700BF809FD50028A40020D5
:10BF00001062002070A4002070B5184E184A3368E3
:10BF100082B00121009200228DF805108DF80420D6
:10BF20006D46044695E806001846F7F771FC114B7C
:10BF3000114A03EBC40312785888332AC0F30A036A
:10BF400010D004F11800C00280B218442946012222
:10BF500080B200F02BFF3068F7F7BEFC9DF80000C0
:10BF600002B070BD0C34E402A0B2EEE71062002013
:10BF7000809FD50028A4002071A400202DE9F04F57
:10BF8000B2F5006F85B028BF4FF40062DFF88881FA
:10BF90005E4F00900191914606024FEAC00B02AD40
:10BFA0005B4A029200234FF001028DF80C308DF8AD
:10BFB0000D2095E80600D8F80000F7F729FC38783E
:10BFC00006EB0020203080B20222294600F0EEFE6F
:10BFD0009DF808309DF8094044EA032400E01C461F
:10BFE000387806EB00202030022280B2294600F08B
:10BFF000DDFE9DF808209DF8093043EA02239C42AB
:10C00000EDD13878434B06EB00205B44033001222E
:10C0100029469C8080B200F0C9FE9DF808A0D8F89F
:10C020000000F7F759FCBAF1170F02D0BAF11C0F54
:10C0300069D106F0B1FA4C45B2D34FF0000BDFF8EE
:10C04000D0A08DF80CB00124CDF808A08DF80D40DB
:10C0500095E80600D8F80000F7F7DAFB5946DDF856
:10C0600000B0019A58464B46FFF7C6F958462021C2
:10C0700000F050FF18E0033080B200F097FE9DF80A
:10C080000830ABB3D8F80000F7F726FC06F084FAC6
:10C09000CDF808A08DF80D408DF80CB0D8F8000050
:10C0A00095E80600F7F7B4FB387806EB002002307D
:10C0B0000122294680B200F079FE9DF808B0387858
:10C0C0001BF0100B29464FF0010206EB0020D2D0E6
:10C0D00002301023012280B28DF8083000F090FD6C
:10C0E000D8F80000F7F7F8FB484605B0BDE8F08F38
:10C0F000D8F800000093F7F7EFFB009B99464846FD
:10C1000005B0BDE8F08F4FF0000996E770A400205D
:10C11000809FD50028A40020106200202DE9F04364
:10C12000294F2A4A3B682A4E83B0012100920022FF
:10C130008DF805108DF804206D4695E806008046C0
:10C140001846F7F765FB30784FEA082404EB002027
:10C15000203080B22946022200F028FE9DF80030EF
:10C160009DF8019049EA032900E09946307804EBF4
:10C1700000202030022280B2294600F017FE9DF8F0
:10C1800000209DF8013043EA02239945EDD1114B7F
:10C19000307803EBC80804EB002003302946012265
:10C1A00080B2A8F8049000F001FE9DF800403868C5
:10C1B000F7F792FB172C03D01C2C18BF4FF0000987
:10C1C000484603B0BDE8F08310620020809FD50090
:10C1D00070A4002028A400202DE9F04FDFF8B090D3
:10C1E000284DD9F80040284F85B00126029500253A
:10C1F0008DF80D608DF80C5002AD80468A462046C1
:10C20000934695E806000193F7F702FB38784FEA6A
:10C21000082606EB0020203080B22946022200F0DA
:10C22000C5FD9DF808309DF8094044EA032400E06C
:10C230001C46387806EB00202030022280B22946C6
:10C2400000F0B4FD9DF808209DF8093043EA022370
:10C250009C42EDD1019B0D4EA34228BF234606EB25
:10C26000C8069DB25A4651462B464046B480FFF759
:10C27000C3F8D9F80000F7F72FFB284605B0BDE852
:10C28000F08F00BF809FD50070A4002028A400205C
:10C29000106200200B780BB94B7813B14AB91046E5
:10C2A00070478B78002BF9D1CB78002BF6D118464C
:10C2B00070472DE9F04782B01B4B0093DFF86C808C
:10C2C000DFF86CA0012700238DF804308DF805708D
:10C2D000E94614460E46054699E80600D8F80000DF
:10C2E000F7F796FA9AF800302D0205EB03200C3090
:10C2F0003146042280B200F083FC9AF800008DF8E9
:10C30000014005EB0020103049460222241280B281
:10C310008DF8004000F074FCD8F80000F7F7DCFA64
:10C32000384602B0BDE8F087809FD500106200203B
:10C3300070A400202DE9F04F344FDFF8D8903B680F
:10C34000334E85B000224FF00108CDF808908DF8EB
:10C350000D808DF80C2002AC054694E806001846C6
:10C36000F7F756FA2846202100F0D4FD2D0216E0FA
:10C3700000F01CFD9DF8083013F0080B32D138682E
:10C38000F7F7AAFA06F008F9CDF808908DF80D80B5
:10C390008DF80CB0386894E80600F7F739FA307871
:10C3A00005EB002002300122214680B200F0FEFCA5
:10C3B00030789DF808A005EB002002301AF0100A32
:10C3C00021464FF0010280B2D2D0102301228DF815
:10C3D000083000F015FC3868F7F77EFA012005B048
:10C3E000BDE8F08F307804A905EB00201823023057
:10C3F00001F8093D012280B200F002FC3868F7F72D
:10C400006BFA504605B0BDE8F08F00BF1062002007
:10C4100070A40020809FD50000B583B00023009356
:10C420001A461946024801F0ADFF03B05DF804FB5F
:10C4300020A40020F0B52B4B2B4D1A782B78A2F1BD
:10C440003201012983B006461DD9342A38D0274F3E
:10C450001846002106F01AFC00243868ADF80440A4
:10C46000032201A98DF80640F7F77EFA3470386888
:10C4700031460122F7F778FA2878012106F006FC08
:10C48000012003B0F0BD194C1846002106F0FEFB58
:10C4900020680F21F7F79CFA20680021F7F798FA37
:10C4A00020680021F7F794FA20680021F7F790FA46
:10C4B00030702878012106F0E9FB012003B0F0BDBF
:10C4C0001846002106F0E2FB084C02A94FF08073E9
:10C4D00041F8043D20680422F7F746FA0023337040
:10C4E0002068C5E771A400201462002010620020BB
:10C4F0002DE9F041484B494D1B782A780446A3F1B9
:10C500003200012882B00E46E7B223D9342B53D033
:10C510001046002106F0BAFBFF2C3ED800238DF810
:10C5200005708DF804308DF806303D4C03222068EC
:10C5300001A9F7F719FA0023337020683146012268
:10C54000F7F712FA2878012106F0A0FB012002B0CB
:10C55000BDE8F081DFF8C8801046002106F096FBA8
:10C56000D8F800000F21F7F733FA210AD8F80000B5
:10C57000F7F72EFA3946D8F80000F7F729FAD8F875
:10C5800000000021F7F724FA30702878012106F026
:10C590007DFB012002B0BDE8F081230427D4E31025
:10C5A00023F01F0343F0080300228DF806308DF8B6
:10C5B00005708DF80420B8E71046DFF8648000218C
:10C5C00006F064FB04224FF48073D8F80000ADF845
:10C5D000063024120DEB02018DF804408DF8057031
:10C5E000F7F7C2F900233370D8F80000A6E744F348
:10C5F000871323F01F03B4F5404F4FEA142234BFD2
:10C6000043F0100343F018038DF806308DF8042032
:10C610008DF8057089E700BF71A400201462002026
:10C62000106200202DE9F041434B444D1B782A78DD
:10C630000446A3F13200012882B00E46E7B242D987
:10C64000342B1ED01046002106F020FBFF2C50D8C2
:10C65000002204238DF801708DF800208DF802303F
:10C66000374A337810688DF8033004226946F7F7AB
:10C670007BF92878012106F009FB012002B0BDE812
:10C68000F081DFF8BC801046002106F0FFFA24128A
:10C690004FF4C073D8F800008DF8004004226946BA
:10C6A0008DF80170ADF80230F7F75EF93178D8F8FF
:10C6B0000000F7F78DF92878012106F0E7FA01204C
:10C6C00002B0BDE8F081DFF878801046002106F066
:10C6D000DDFAD8F80000F021F7F77AF9210AD8F846
:10C6E0000000F7F775F93946D8F80000F7F770F948
:10C6F000DCE723040CD4E31023F01F0343F00C0306
:10C7000000228DF802308DF801708DF80020A7E727
:10C7100044F3871323F01F03B4F5404F4FEA14226C
:10C7200034BF43F0140343F01C038DF802308DF83E
:10C7300000208DF8017093E771A40020146200209E
:10C740001062002010B582B002A9802301F8033DD9
:10C75000294B332200201A701424FFF763FF06E0F0
:10C76000032B0DD0013CA4B202F022FFBCB10DF1AD
:10C770000700FFF75FFE9DF807300120002BEFD187
:10C7800002A9102301F8053D0020FFF74BFF0DF132
:10C790000700FFF74FFE9DF80730132B02D0002053
:10C7A00002B010BD02A9182301F8043D0020FFF7D4
:10C7B00039FF0DF10700FFF73DFE9DF807301B2BF9
:10C7C000EDD102A9002001F8020DFFF72BFF0DF1BA
:10C7D0000700FFF72FFE9DF80730032BDFD10DF187
:10C7E00007018020FFF784FE9DF80700A0F15100AB
:10C7F000B0FA80F04009D3E771A4002010B582B0F0
:10C8000002A9802301F8033D244B332200201A7033
:10C810001424FFF707FF06E0032B0DD0013CA4B260
:10C8200002F0C6FEBCB10DF10700FFF703FE9DF854
:10C8300007300120002BEFD102A9102301F8053D9C
:10C840000020FFF7EFFE0DF10700FFF7F3FD9DF865
:10C850000730102B02D0002002B010BD02A9122315
:10C8600001F8043D0020FFF7DDFE0DF10700FFF7A2
:10C87000E1FD9DF80730122BEDD102A9002001F84F
:10C88000020DFFF7CFFE0DF10700FFF7D3FD9DF876
:10C890000700B0FA80F04009DEE700BF71A4002075
:10C8A00010B582B002A9802301F8033D294B342240
:10C8B00000201A701424FFF7B5FE06E0032B0DD0FC
:10C8C000013CA4B202F074FEBCB10DF10700FFF709
:10C8D000B1FD9DF807300120002BEFD102A90823FC
:10C8E00001F8053D0020FFF79DFE0DF10700FFF761
:10C8F000A1FD9DF80730082B02D0002002B010BD2A
:10C9000002A9102301F8043D0020FFF78BFE0DF172
:10C910000700FFF78FFD9DF80730102BEDD102A91E
:10C92000002001F8020DFFF77DFE0DF10700FFF773
:10C9300081FD9DF80730002BDFD10DF107011F208D
:10C94000FFF7D6FD9DF80700A0F10300B0FA80F0D4
:10C950004009D3E771A4002010B582B002A980235A
:10C9600001F8033D294B372200201A701424FFF7E9
:10C9700059FE06E0032B0DD0013CA4B202F018FED4
:10C98000BCB10DF10700FFF755FD9DF80730012000
:10C99000002BEFD102A9082301F8053D0020FFF785
:10C9A00041FE0DF10700FFF745FD9DF80730082B0C
:10C9B00002D0002002B010BD02A9102301F8043DEE
:10C9C0000020FFF72FFE0DF10700FFF733FD9DF864
:10C9D0000730102BEDD102A9002001F8020DFFF75E
:10C9E00021FE0DF10700FFF725FD9DF80730002B14
:10C9F000DFD10DF107013920FFF77AFD9DF807001F
:10CA0000A0F10400B0FA80F04009D3E771A400203F
:10CA10002DE9F041394F3A4C84B04FF40C7002F0DC
:10CA2000C7FD3868F6F7A8FE2078012106F0AAF8BD
:10CA30002078012106F02AF9324B029300240123C9
:10CA40008DF80D308DF80C4002AE386896E806007F
:10CA5000F6F7DEFEFFF724FF58B32B4D4020287079
:10CA60004FF0020800E028788DF8078004EB0020E2
:10CA70001E300DF1070180B2FFF7D4FD28788DF844
:10CA8000088004EB00201F3004F5807480B231462A
:10CA9000A4B2FFF7C7FDB4F5006FE4D13868F6F72C
:10CAA0001BFF1A4B012018700446204604B0BDE855
:10CAB000F081FFF751FF18B1134B10221A70EDE708
:10CAC000FFF79CFE18B9FFF73DFE044680B104A9AC
:10CAD00055240D4B01F80B4D04221B201A70FFF753
:10CAE000A1FD04A91A2001F80A4DFFF79BFDD5E727
:10CAF000074B38681C70F6F7EFFED6E7106200208F
:10CB000014620020809FD50070A4002072A4002031
:10CB100071A40020034B1B780BB101207047FFF775
:10CB200077BF00BF72A4002030B5314B1B7883B0B3
:10CB300033B3304B1B78323B052B56D8DFE803F07C
:10CB40000303265555432C4B0093012200232B4D04
:10CB50008DF805208DF804306C46286894E80600AE
:10CB6000F6F756FE21463C20FFF7C2FC9DF8004038
:10CB70002868F6F7B1FEE20722D5012003B030BDE8
:10CB8000FFF746FF0028D4D103B030BD1A4B009305
:10CB90001A4D002301228DF804306C468DF80520D3
:10CBA00094E806002868F6F733FE21463520FFF7A3
:10CBB0009FFC9DF800402868F6F78EFEA306DCD4A3
:10CBC000022003B030BD0C4B0093012200230B4D1B
:10CBD0008DF805208DF804306C46286894E806002E
:10CBE000F6F716FE21462E20BEE70020C6E700BF5E
:10CBF00072A4002071A40020809FD5001062002044
:10CC00002DE9F043664B1B78A3F13205012D83B06B
:10CC100004460F46164659D9624D342B5FFA80F907
:10CC20004FF0000128782BD006F030F8FF2C7CD88C
:10CC3000002204238DF801908DF800208DF8023039
:10CC4000DFF86481052ED8F8000000F283805EB121
:10CC500000231A4602A90A44591CFB5C02F8053C51
:10CC6000CBB2B3421A46F5DBF21C6946F6F77CFEFE
:10CC70002878012106F00AF8304603B0BDE8F083B9
:10CC8000DFF8248106F002F8330A241263F07F03F0
:10CC9000D8F800008DF80040042269468DF8019014
:10CCA0008DF803608DF80230F6F75EFE002EDFD0BF
:10CCB00006F1FF3917FA89F9013F17F8011FD8F873
:10CCC0000000F6F785FEB945F7D1D1E7002AD3D0A9
:10CCD00000EB0209334DDFF8D0804F1E1FFA89F9AF
:10CCE0000021287805F0D2FFF021D8F80000F6F7EF
:10CCF0006FFE210AD8F80000F6F76AFEE1B2D8F814
:10CD00000000F6F765FE013417F8011FD8F800009F
:10CD1000F6F75EFEA4B20121287805F0B7FF4C4576
:10CD2000DED1304603B0BDE8F083230424D4E31001
:10CD300023F01F03DFF870808DF8019043F00C039F
:10CD40000022052E8DF802308DF80020D8F8000062
:10CD50007FF67DAF03226946F6F706FE06F1FF393E
:10CD600017FA89F9013F17F8011FD8F80000F6F704
:10CD70002FFEB945F7D17BE744F3871323F01F0358
:10CD8000B4F5404F4FEA142234BF43F0140343F08C
:10CD90001C038DF802308DF800208DF801904FE7CC
:10CDA00071A4002014620020106200202DE9F043DD
:10CDB000554B1B78A3F13205012D83B004460E4676
:10CDC000904628D9514F342BC5B238785DD0002118
:10CDD00005F05CFFFF2C49D800238DF805508DF835
:10CDE00004308DF806304A4C0322206801A9F6F77A
:10CDF000BBFD42460021304607F045F83146206829
:10CE00004246F6F7B1FD3878012105F03FFF404674
:10CE100003B0BDE8F083002AF9D000EB02093B4FD4
:10CE20003B4D4E1E1FFA89F90021387805F02EFF80
:10CE30000F212868F6F7CCFD210A2868F6F7C8FD0F
:10CE4000E1B22868F6F7C4FD00212868F6F7C0FDB6
:10CE500006F8010F0134A4B20121387805F016FF5D
:10CE60004C45E1D1404603B0BDE8F083230436D4FD
:10CE7000E31023F01F0343F0080300228DF806306F
:10CE80008DF805508DF80420ADE7DFF8849000217F
:10CE900005F0FCFE0422C8F306230DEB0201D9F8CD
:10CEA00000008DF8063024128DF804408DF80550EE
:10CEB0008DF80780F6F758FD42460021304606F00F
:10CEC000E2FF42463146D9F80000F6F74DFD3878CA
:10CED000012105F0DBFE404603B0BDE8F08344F3DA
:10CEE000871323F01F03B4F5404F4FEA142234BFD9
:10CEF00043F0100343F018038DF806308DF804203A
:10CF00008DF805506FE700BF71A400201462002067
:10CF10001062002030B50E4D83B002AA2B7802F8C3
:10CF2000021D040204EB0320013080B21146FFF71A
:10CF300079FB287804EB0020013080B20DF1070165
:10CF4000FFF7D6FA9DF80730002BF2D103B030BDC1
:10CF500070A4002000B583B0002300931A46194640
:10CF6000024801F00FFA03B05DF804FB68A400204A
:10CF700010B51031044601F01FFA204610BD00BF65
:10CF800010B51431044601F017FA204610BD00BF59
:10CF900010B51831044601F00FFA204610BD00BF4D
:10CFA00010B52031044601F007FA204610BD00BF3D
:10CFB00000B583B0002300931A461946024801F0D9
:10CFC000E1F903B05DF804FB74A400202DE9F04101
:10CFD0008EB005460E4617460021202206A806F010
:10CFE00052FFFF231A461946009302A801F0CAF91E
:10CFF00005F14804704A039B04922046432204A989
:10D000000593FEF791F8013002D10EB0BDE8F08132
:10D010006B68DFF8B8E18DF82170A8464FF0800CFE
:10D020001BBA3F0A1C2206A92046CDF818E0ADF82D
:10D0300022C08DF820700793FEF786F858F8080F85
:10D0400006900027B8F80430ADF81C30102206A96D
:10D050002046CDF82270CDF81E70CDF82670CDF8A0
:10D060002A70CDF82E70CDF83270ADF83670FEF71C
:10D070006BF83946202206A806F005FF0627202275
:10D0800006A92046FEF760F8013FF8D14B4B4C490A
:10D0900018689B88ADF82E3040F235123D2306917A
:10D0A000ADF81C20072101228DF81F30D8F8003080
:10D0B000CDF82A008DF82010B8F804008DF8212052
:10D0C00040F60C413022CDF82230EB7AADF8281032
:10D0D0008DF81E60ADF826008DF830200DF131017D
:10D0E00003F00F02092A94BF303237321B0901F8CE
:10D0F0000129002BF4D130222B7B8DF832200DF149
:10D10000330103F00F02092A94BF303237321B0972
:10D1100001F80129002BF4D130226B7B8DF83420EB
:10D120000DF1350103F00F02092A94BF3032373276
:10D130001B0901F80129002BF4D11E2206A9204663
:10D14000FEF702F8032E11D01E4B069306A9FF230B
:10D1500009221D4D8DF8203020460795FDF7F4FF7C
:10D160002046FDF7EBFF0EB0BDE8F081297C6B7C1B
:10D170008DF81A1040F23242E97CADF81820AA7CF2
:10D18000A87F8DF81B308DF81C2040F236432A7F93
:10D190008DF81D10697FADF81E308DF82020EB7FD3
:10D1A0008DF821108DF822000C2206A920468DF85A
:10D1B0002330FDF7C9FFC7E73CC0050048BF0500A5
:10D1C0006382536337060103060F3A3B01010600F1
:10D1D0002DE9F04391B007460E46904600F1480411
:10D1E00002F0DAF9054608E002F0D6F9401BB04239
:10D1F0004FF032001BD802F0DBF92046FEF786F82C
:10D200000028F1DD242207A92046FDF7C7FF9DF87D
:10D210001C30022B03D1B7F86430432B0CD000250F
:10D220002046FDF757FF284611B0BDE8F083FF25E3
:10D23000284611B0BDE8F083089E36BAC8F80060F1
:10D24000062207F108010EA806F0EAFD05460028AF
:10D2500049D13B689E4246D37B689E4243D80B9B94
:10D260003B610146CC222046FDF798FF07F12406DA
:10D270002046FDF72DFF0028D2DD2046FDF772FF86
:10D2800033285DD034DD3A2867D04ADC352800F0F9
:10D290008F80362840F083802046FDF763FF07F13A
:10D2A0001C084146814601A801F086F8002103A828
:10D2B00001F07CF8029A049B9A4200F08580414676
:10D2C00005A801F079F83A6E069B9A427CD05FFA85
:10D2D00089F200212046FDF761FF2046FDF7F8FEA8
:10D2E0000028CADC9CE72046FDF7F4FE00259AE7FB
:10D2F000012847D050DD03283CD006284FD12046D6
:10D30000FDF730FF0422804607F120012046FDF79B
:10D3100045FF5FFA88F2043A00212046FDF73EFF00
:10D32000A6E73B284CD12046FDF71CFF042207F15D
:10D330002C012046FDF732FFFB6A1BBAFB6297E720
:10D340002046FDF70FFF042231462046FDF726FF59
:10D350007B6A1BBA7B623B638AE72046FDF702FFCC
:10D36000042207F128012046FDF718FFBB6A1BBA0B
:10D37000BB627DE72046FDF7F5FE0422804607F1FB
:10D380001801C3E72046FDF7EDFE042207F1140162
:10D390002046FDF703FF6BE700283FF469AF204606
:10D3A000FDF7E0FE0021C2B22046FDF7F7FE5FE781
:10D3B0002046FDF7D7FE2046FDF7D4FEC5B257E75D
:10D3C000FF283FF455AFEAE7414604222046FDF727
:10D3D000E5FE4DE72DE9F04F4FF4FA6183B00446C6
:10D3E000012001F0E9FF2646606046F8480B304610
:10D3F000FDF772FE30464421FDF77CFE20B905465C
:10D40000284603B0BDE8F08F02F0C6F8DFF81481BB
:10D4100007464FF000094FF4617A002594F8443034
:10D42000032B0ED0002B3AD0042B4AD0012B5AD01C
:10D43000022B13D08DBB02F0AFF8A36BC01B984238
:10D44000EBD93046FDF748FE63680133636002F0B4
:10D45000A3F82064284603B0BDE8F08F01AAE16B71
:10D460002046FFF7B5FE0528834602D0062842D1A4
:10D4700044E0616A032384F8443019B9C4F824A055
:10D480004FF46171A26A0AB94A08A262E36A13B949
:10D49000A1EBD103E362C4E90C230125BEE7636875
:10D4A0000133636002F078F8C21BA8FB0232C2F3BA
:10D4B0008F1201212046FFF789FD012384F84430B3
:10D4C000B8E763680133636002F066F8C21BA8FB2B
:10D4D0000232C2F38F1203212046FFF777FD0223A9
:10D4E00084F84430A6E701AAE16B2046FFF770FEFE
:10D4F0000228834605D0BBF1FF0F9BD184F84490EE
:10D5000098E7019B636002F047F8C21BA8FB023258
:10D51000C2F38F1203212046FFF758FD84F844B070
:10D5200088E700BFD34D621038B5044602F034F8E6
:10D53000236CC31AB3F57A7F06D2216B00293BD046
:10D540000020636B8BB338BD264A216BA2FB0352CC
:10D5500092094FF47A7505FB12335500C01AA9429F
:10D56000206419D2636B00219D42216322D961633B
:10D5700094F84430032B2DD00020002BE3D100235E
:10D5800084F84430236120466361A361E361236230
:10D59000FFF720FF033038BD606B891A8542216395
:10D5A00013D9002060630029E2D094F84430032BA3
:10D5B000E3D1E4E79A1A626394F84430032B09D06C
:10D5C000606B0028D9D0002038BD821A6263002920
:10D5D000B6D1F1E7042384F844302046FFF7FAFE81
:10D5E0000130AEE7D34D62102DE9F04F0025C0E9C0
:10D5F0000955826385608581C363C56205614561A4
:10D600008561C56105620B6883608B88838183B007
:10D6100004464FF4FA6180F84450012001F0CCFE3A
:10D620002746606047F8480B3846FDF755FD3846F9
:10D630004421FDF75FFD20B90646304603B0BDE842
:10D64000F08F01F0A9FFDFF8189180464FF4617A5E
:10D65000002694F84430032B0FD0002B3BD0042B32
:10D660004CD0012B5DD0022B14D096BB01F094FF5F
:10D67000A36BA0EB08009842EAD93846FDF72CFDD1
:10D6800063680133636001F087FF2064304603B0B4
:10D69000BDE8F08F01AAE16B2046FFF799FD052850
:10D6A000834602D0062844D146E0616A032384F809
:10D6B000443019B9C4F824A04FF46171A26A0AB9C0
:10D6C0004A08A262E36A13B9A1EBD103E362C4E999
:10D6D0000C230126BDE763680133636001F05CFF42
:10D6E000A0EB0802A9FB0232C2F38F1201212046EF
:10D6F000FFF76CFC012384F84430B6E7636801331C
:10D70000636001F049FFA0EB0802A9FB0232C2F3FB
:10D710008F1203212046FFF759FC022384F844307E
:10D72000A3E701AAE16B2046FFF752FD02288346DA
:10D7300005D0BBF1FF0F98D184F8445095E7019BC9
:10D74000636001F029FFA0EB0802A9FB0232C2F3DB
:10D750008F1203212046FFF739FC84F844B084E798
:10D76000D34D62104B68436000230381704700BFB4
:10D7700000B583B0002300931A461946024800F012
:10D7800001FE03B05DF804FB7CA400202DE9F04706
:10D7900082B004460E4601F0FFFE04F10C070DF1C5
:10D7A0000808208104F1080102223846FDF7CCFC6C
:10D7B000012328F8023D022241463846FDF7C4FC09
:10D7C0004FF48073414602223846ADF80630FDF72B
:10D7D000BBFC0023414602223846ADF80630FDF777
:10D7E000B3FC414602223846FDF7AEFC41463846BE
:10D7F0000222FDF7A9FC33780DF105091BB313B321
:10D800002E2B45D0334602E02E2A38D02B465A78AC
:10D810005D1C002AF8D1A5EB060ABAF1000F12DD53
:10D820009C1C0122494638468DF805A0FDF78CFC6A
:10D83000314652463846FDF787FC2B78264613B111
:10D840003378002BDCD100234946012238468DF87D
:10D8500005304FF48074FDF777FC414602223846CC
:10D86000ADF80640FDF770FC414638460222ADF89F
:10D870000640FDF769FC012002B0BDE8F087A5EB8A
:10D88000060ABAF1000F03F10204CADC2646D7E704
:10D890000136D5E72DE9F04786B007460E4690469B
:10D8A00000F10C0401F078FE054608E001F074FE7A
:10D8B000401BB0424FF0320012D801F079FE2046F2
:10D8C000FDF724FD0028F1DD7A6A7B689A4202D1D7
:10D8D0003B8D352B09D04FF6FE7006B0BDE8F087C2
:10D8E0004FF6FF7006B0BDE8F0872046FDF7F0FB6D
:10D8F0000B2840F3A5800C220DEB02012046FDF71A
:10D900004DFCBDF80E203889BDF80C10130A43EA0F
:10D9100002231BB29AB28842ADF8062071D1002BC7
:10D920006FDA40F20F252A4040F09980BDF812309E
:10D930001F0A47EA0327BFB2002F00F09680BDF808
:10D940001030002B00F0978015460DF10A060122D9
:10D9500031462046FDF722FC9DF80A20002A5ED1C0
:10D96000042200212046FDF719FCBDF810300135D6
:10D970005BBAADB29BB2AB42E9D84FF00009CA46E0
:10D9800001220DF105012046FDF708FC9DF8052058
:10D9900012F0C0013BD1002A4AD1022202A920463E
:10D9A000FDF7FCFB022231462046FDF7F7FB04227F
:10D9B00000212046FDF7F2FB02220DF10601204670
:10D9C000FDF7ECFBBDF80830B3F5807F05D1BDF85D
:10D9D0000A0040BA85B2012D35D0BDF8062009F104
:10D9E000010952BA002192B220461FFA89F9FDF7C7
:10D9F000D5FB4F45C4D12046FDF76CFB4FF6F670C2
:10DA00006BE72046FDF766FB4FF6FC7065E70122E9
:10DA100000212046FDF7C2FB8DF805A0BDE70021DF
:10DA20002046FDF7BBFB9DF80A30002B8FD197E70E
:10DA30002046FDF7B3FB9DF80530002BA0D1ACE7E5
:10DA40004FF6FD7049E7BDF8062052BA92B2042A9B
:10DA500014D02046FDF73EFB4FF6F7703DE7204619
:10DA6000FDF738FB4FF6FB7037E72046FDF732FB3A
:10DA70004FF6FA7031E70DF10A067EE708F104016E
:10DA80002046FDF78BFB284627E700BF2DE9F04332
:10DA90004FF0000C83B001F1FF3E66461EF8017F97
:10DAA00006EB8604A7F1300505EB440402EB0C09F4
:10DAB000EDB20CF1010857B3092D1DD8A6B2FF2E07
:10DAC000ECD92B4C45686468A5424DD01F46904662
:10DAD00006460C4601F060FD06F10C0500F00F0152
:10DAE00001F580612846FDF705FB012818D00024C8
:10DAF000204603B0BDE8F0832E2FE2D1BCF1030F26
:10DB0000DFD089F804605FFA88FC0026C6E7BCF124
:10DB1000030FD6D101242046D67103B0BDE8F083AF
:10DB2000144A736800926946352228460193FDF72E
:10DB3000FBFA38B900242846FDF7CEFA204603B098
:10DB4000BDE8F08321463046FFF720FE0028F1D0E3
:10DB50002846FDF7F3FA0028ECD042463946304615
:10DB6000FFF798FE0446E6E76FF00104C0E700BF48
:10DB70007CA400203CC00500704700BF203000F0AE
:10DB8000F1BC00BF203000F0DBBC00BF203000F053
:10DB9000F3BC00BF38B5437F0BB9002038BD00F59A
:10DBA0000A7420460D4600F0F1FC0028F5D120460D
:10DBB000294600F0ADFC012038BD00BF2DE9F0473B
:10DBC0005AB30646DFF8588033681B684D1E43453C
:10DBD00017464FF0000400F50A7915F801AF16D189
:10DBE000737F13B92046BDE8F087484600F0CEFCAD
:10DBF0000028F7D15146484600F08AFC0134A7427C
:10DC0000F0D0336815F801AF1B684345E8D05146A2
:10DC1000304698470028F1D1E4E71446E2E700BF18
:10DC200095DB04000AB910467047F8B5054600F1C7
:10DC30002007384614460E4600F07CFC2B69C3F8DA
:10DC400088652A69012313622A69C2F834752A6932
:10DC5000C2F838452A6913602B6902E0D3F8242101
:10DC60001AB9D3F84C21002AF8D00022C3F84C216D
:10DC70002B6902E0D3F824211AB9D3F85C21002AD9
:10DC8000F8D00022C3F85C212B6901225A612A696D
:10DC9000D2F80431002BFBD00021C2F804112B690B
:10DCA000D3F8242112B1C3F824112B69D3F83C0511
:10DCB000C5F82002C0B2F8BD10B5044600F50A70E0
:10DCC00084F8301400F036FC0123637710BD00BFE8
:10DCD000F8B50446026990F8300400236377C2F86F
:10DCE00088052269C2F80431236901271F6223696C
:10DCF00004F50A76C3F8446530460D4600F032FC60
:10DD00002369C3F8480523699F60236902E0D3F8BB
:10DD100024211AB9D3F85021002AF8D00022C3F8E0
:10DD20005021304600F01EFC236940BB0022C3F89E
:10DD30006021236915B9D3F824212AB301225A613D
:10DD40002269D2F80431002BFBD00023C2F8043141
:10DD50002369D3F8240168B10022C3F82421236980
:10DD6000D3F8C404C3F8C404022803D0042814BFA1
:10DD700004200320F8BDD3F82421002AD6D1D3F8FB
:10DD80006021002AF7D0D1E70122DA612269D2F8B6
:10DD90004831002BFBD00023C2F84831D8E700BF40
:10DDA00070B52A4C6369D3F86421002A3BD1D3F8BB
:10DDB0006821EAB9D3F804216AB1227F0021C3F8AF
:10DDC000041142B1D4F83824D3F83C05C4F8200239
:10DDD0000AB190476369D3F8242142B10022C3F805
:10DDE0002421D3F8D024C3F8D02401225A6170BD75
:10DDF0000022C3F86821164822770123637700F0D8
:10DE000099FBD4F8343403B1984763691048C3F8D8
:10DE100044050023637700F0A5FB63690122C3F882
:10DE200048055A63C6E7002204F12006C3F86421BE
:10DE300001253046257700F07DFB63694FF40072C1
:10DE4000C3F83465C3F838251D63B0E784A4002007
:10DE5000ACA6002070B52A4C6369D3F86421002A6F
:10DE60003BD1D3F86821EAB9D3F804216AB1227F03
:10DE70000021C3F8041142B1D4F83824D3F83C058A
:10DE8000C4F820020AB190476369D3F8242142B153
:10DE90000022C3F82421D3F8D024C3F8D0240122CF
:10DEA0005A6170BD0022C3F8682116482277012309
:10DEB000637700F03FFBD4F8343403B198476369CB
:10DEC0001048C3F844050023637700F04BFB6369F7
:10DED0000122C3F848055A63C6E7002204F1200670
:10DEE000C3F8642101253046257700F023FB6369E0
:10DEF0004FF40072C3F83465C3F838251D63B0E7EA
:10DF0000C0A80020E8AA00202DE9F8431A4DDFF848
:10DF100078901A4C1A4F284600264FF47A7840F829
:10DF2000209BC5E9016800F0E7FA05F50A7000F0EA
:10DF3000E3FA03232B767B6B6B76C4E901682046FA
:10DF4000104BBA6B40F8209BAA76C5E904336E7774
:10DF500000F0D2FA04F50A7000F0CEFAD7E91812F0
:10DF600004204FF04023667720766176A276C4E9DC
:10DF70000433BDE8F88300BF84A40020C0A80020BB
:10DF800074BF05000030004058BF050029DF70470E
:10DF900028DF704712DF704708B505F041FFB0FA7F
:10DFA00080F0400908BD00BF10B5144605F047FFDA
:10DFB000204610BDF0B5194E316883B0054629B32F
:10DFC000174F2D0B14242846FFF7E2FF034698B99C
:10DFD0000DF107008DF80730FFF7DCFF9DF80730E3
:10DFE00013B9012003B0F0BD4FF0FF31306802F0EB
:10DFF0001FF83B68022BF4D0012001F0D9FA631E10
:10E0000013F0FF04DFD1002003B0F0BD0322012094
:10E0100001F084FB30600028D2D1F4E7FCBC002082
:10E02000306200202DE9F04FDFF8C8A0DFF8C09083
:10E0300083B0904604460D465708D6084FF0140B9F
:10E04000324629462046FFF7A1FF034668BB0DF183
:10E0500007008DF80730FFF79DFF9DF80730D3B913
:10E060003D443C44DFF88CA0214F4FF01409324668
:10E0700029462046FFF78AFF034668BB0DF10700DB
:10E080008DF80730FFF786FF9DF80730DBB9404673
:10E0900003B0BDE8F08F4FF0FF31DAF8000001F077
:10E0A000C7FFD9F80030022BDAD0012001F080FA46
:10E0B0000BF1FF3313F0FF0BC2D14FF000084046C5
:10E0C00003B0BDE8F08F4FF0FF31DAF8000001F047
:10E0D000AFFF3B68022BDAD0012009F1FF3901F0D4
:10E0E00067FA19F0FF09C2D14FF00008E7E700BF57
:10E0F00030620020FCBC0020014800F0A5B800BF41
:10E100001862002010B4094CA0420AD3B0F5742F55
:10E1100007D213465DF8044B0A460146044800F056
:10E1200049B84FF0FF305DF8044B704700600200C3
:10E130001862002013460A460146014800F0A4B8C0
:10E1400018620020F0B5194E316883B0054629B336
:10E15000174F2D0B14242846FFF71AFF034698B9D2
:10E160000DF107008DF80730FFF714FF9DF8073019
:10E1700013B9012003B0F0BD4FF0FF31306801F05A
:10E1800057FF3B68022BF4D0012001F011FA631E07
:10E1900013F0FF04DFD1002003B0F0BD0322012003
:10E1A00001F0BCFA30600028D2D1F4E7FCBC0020BA
:10E1B000306200202DE9F04F83B00193002B3CD05A
:10E1C000DFF8809005460E4690461F46C6F30B0AC0
:10E1D000CAF580542B69BC4206EA090B28BF3C46AD
:10E1E0005B4520D0184601334FF4805213D0EB68C2
:10E1F00013B16969984770B9232004F085FD2B6835
:10E20000286998476B68D5E904014FF48052984714
:10E21000232004F08FFDC5F810B05946AB6868693B
:10E220004FF480529847686941462246504405F0B1
:10E2300006FE3F1B2644A044C8D1019803B0BDE8A8
:10E24000F08F00BF00F0FFFF38B503695A1C1AD0E9
:10E25000C56804462DB118464FF480526169A8473D
:10E2600070B9232004F050FD236820699847636843
:10E27000D4E904014FF480529847232004F05AFD5A
:10E280004FF0FF33236138BD2DE9F84304691D4683
:10E29000631C06468846174607D1B3683946404690
:10E2A0002A4698472846BDE8F883944224D92A4450
:10E2B00094428368F2D204F580529742EED2E41B76
:10E2C00022463946404698474FF4805908EB0400EF
:10E2D0002A1B00219145736928BF91464A4619447B
:10E2E0004C4405F0ACFDA542DCD9B368391908EB04
:10E2F00004002A1B9847D5E704F580539A42CCD2F4
:10E30000391BC1F580592A4640460024E2E700BF88
:10E3100008B50121232004F035FC232004F00AFD78
:10E320002420012104F02EFC2420BDE8084004F044
:10E3300001BD00BF2DE9F84380460F46051D00F1E1
:10E340000709002615F8011B0A22384600F070F86C
:10E350002E210446384600F067F84D452044064417
:10E36000F0D198F8071038460A2200F061F83044DE
:10E37000BDE8F883024A026000224260704700BF95
:10E380003CC0050010B4002461F3070462F30F24BD
:10E390009DF80410044A63F3174461F31F64C0E955
:10E3A00000245DF8044B70473CC00500014AC0E9F9
:10E3B000002170473CC00500024A02600A684260C2
:10E3C000704700BF3CC00500F0B400260139344658
:10E3D00011F8015F04EB8403A5F1300202EB430363
:10E3E00000EB060CD2B2771C85B1092A05D89CB285
:10E3F000FF2CEDD90020F0BC70472E2DFAD1032E52
:10E40000F8D08CF80440FEB20024E1E7032E02D0DD
:10E410002846F0BC7047C471F0BC0120704700BFB3
:10E420000B684360704700BF03681B68184700BF54
:10E43000F0B506688BB01AB9336898470BB0F0BDD9
:10E440000AAF0B46D2B20021022A07F8041D054686
:10E450002CBF14460A241846B0FBF4F204FB120148
:10E46000CBB2092903F130018ABF3733CBB2DBB21B
:10E47000104607F8013D002AEED1384606F03FFC71
:10E48000736802463946284698470BB0F0BD00BF76
:10E49000036870B505460C465E6849B1084606F04B
:10E4A0002EFC214602462846B0472B685E6804468B
:10E4B000284602220149B047204470BD40C00500F3
:10E4C0000EB430B5C2B045A9054651F8042B0191F0
:10E4D0000B4602A84FF4807106F086FC2B680446B8
:10E4E00002A95B68284622469847204642B0BDE80C
:10E4F000304003B0704700BF08B54FF400720021F0
:10E5000005F0C1FC0022C0F80022C0F8042208BDBA
:10E51000D0F8002210B4531CD0F80442C3F308030F
:10E520009C4218BF81545DF8044B18BFC0F80032FC
:10E53000704700BF0023C0F80032C0F804327047B3
:10E54000D0F80432D0F80022934207D05A1CC35CA2
:10E55000C2F30802C0F80422184670474FF0FF309B
:10E56000704700BFD0F80032D0F80402181A48BF34
:10E5700000F50070704700BFD0F80432D0F80022D8
:10E58000934214BFC05C4FF0FF307047D0F80032A8
:10E59000D0F804020133C3F30803181AB0FA80F06C
:10E5A00040097047114B124A1968BFF35B8F4968E5
:10E5B000BFF35B8F914200D070470E4AD2F800152E
:10E5C000C9070FD530B40C4C012500204FF0FF31A6
:10E5D0002560C2F8000530BCC2F86015186804490F
:10E5E00004F018BC1868024904F014BC00BD0020F7
:10E5F000546F6E6500200240042002402F2901D98B
:10E600000020704770B5434E3368BFF35B8F0C46F4
:10E610005B684149BFF35B8F8B4288B0054606D0EB
:10E62000306804F0B1FB10B9002008B070BD32684A
:10E63000394BBFF35B8F5268BFF35B8F9A4259D05F
:10E64000364A374B52F82420698AEC7DC3F860259E
:10E650004FF0FF32C3F864250120C3F86825C3F8E2
:10E660006C250722C3F80005C3F80C250022C3F867
:10E670000425C3F8081505F11401C3F81025C3F8E3
:10E680000042C3F80023C3F82015C3F84015C3F8AF
:10E690002405C3F84405A968C3F828152149EE6884
:10E6A0002C8AC3F84865C3F82C25C3F84C25C3F859
:10E6B00014450A600B680193019B4A6004311A4BB0
:10E6C0000968029102991A601968039103995A60C6
:10E6D0005968049104999A60996805910599DA60DE
:10E6E000D968069106991A6110331B680793079B36
:10E6F00008B070BD0A4BD3F80025D207A0D50B4A4D
:10E700000120106000214FF0FF32C3F80015C3F85C
:10E71000602595E700BD0020546F6E6574BF05004D
:10E7200000200240042102400C210240042002404B
:10E730002DE9F843A1F1140446F294139C4215D834
:10E74000144606460D469AB94FF000084FF00009EE
:10E75000634C64492368BFF35B8F5B68BFF35B8FD7
:10E760008B421CD0206804F00FFBC0B9BDE8F883D1
:10E77000B2F57A7F09D202FB01F3B3F57A7F04D2B6
:10E780004FF001084FF00009E2E74FF47A720023DE
:10E79000A4FB050105F0A8F880468946D8E7226861
:10E7A000504BBFF35B8F5268BFF35B8F9A42DDD152
:10E7B0004D4BD3F80025D20709D54C4A01201060F3
:10E7C00000214FF0FF32C3F80015C3F8602558EA66
:10E7D00009034749B1FBF5F189B230D1454F464BAA
:10E7E0007982C7E900896FF07F486FF07F4943EA7B
:10E7F0005103C7E902894FF6FF70BB820822042348
:10E800003882BA75FB7531463A48FFF7F7FE0028A3
:10E81000ACD023683349BFF35B8F5B68BFF35B8F7A
:10E820008B4204D0206804F0AFFA00289ED0BB7D54
:10E8300003F1804303F5083301221A6096E742464C
:10E840004B4600205B084FEA320252EA030500F112
:10E850000100F7D1252889DC2748264FB9F1000FA0
:10E8600040EA510008BFB8F1010FB882C7E900893A
:10E8700079822CD040464946002349084FEA3000AF
:10E8800050EA010203F10103F7D11C4A5B00A2FB2D
:10E8900003235B0801259D4018F1FF3049F1FF314A
:10E8A0002A46002305F020F872B96A084FF00C0CD4
:10E8B0006B1E9B1A0130013A1021FB603882BA604E
:10E8C00087F816C0F9759EE74FF0080CF0E7C7E926
:10E8D000022301210C2210233982BA75FB7592E7BD
:10E8E00000BD0020546F6E650020024004200240ED
:10E8F00048E8010008BD00200080FFFFABAAAAAADB
:10E90000024A034B92681A60704700BF40620020C1
:10E9100000BD002090F82304704700BF38B590F97F
:10E920001D34002B04460DDB5A09203201212348F7
:10E9300003F01F0301FA03F340F82230BFF34F8FB7
:10E94000BFF36F8F23694FF48872C3F808232269DD
:10E950000023C2F844312269C2F8583122690123E8
:10E9600053602269D36001E003F016FE2369D3F8F7
:10E970005821002AF8D0D3F84421002AF4D00025E9
:10E98000C3F8005522694FF0FF33C2F80C352269F5
:10E99000C2F814352269C2F80835226904F114005E
:10E9A000C2F81035FFF7C6FDD4F8240401F0F6FCD8
:10E9B000C4F8245484F8235438BD00BF00E100E0BB
:10E9C0001430FFF7CFBD00BF1430FFF7D5BD00BF37
:10E9D0001430FFF7B5BD00BF08B5D0F8240401F02E
:10E9E000D3FC002814BF4FF40070002008BD00BF06
:10E9F00090F8233403B9704710B54FF0FF31044647
:10EA0000D0F8240401F014FB0023D4F824041A469F
:10EA10001946BDE8104000F0C3BE00BF10B5036842
:10EA2000104A5B6882B093428DF8071013D10446F8
:10EA30004FF0FF31D0F8240401F0FAFA22699DF872
:10EA4000073084F81D320123C2F848352269184680
:10EA5000936002B010BD01220DF10701984702B08A
:10EA600010BD00BF69EA04002DE9F0472AB317463C
:10EA70008846064600F21D2A00254FF001097C1B3E
:10EA8000B4F5007F28BF4FF400744FF0FF31D6F883
:10EA9000240401F0CDFA08EB05012246504605F0AA
:10EAA000CEF93369C3F8484533692544AF42C3F80A
:10EAB0000890E4D82846BDE8F08715462846BDE80A
:10EAC000F08700BF70B504687D4A246A944240F024
:10EAD000B68090F823240346002A40F0AF800D460C
:10EAE000016990F81F04C1F80C05196993F81E0418
:10EAF000C1F8140593F82214012900F0AF801969B8
:10EB0000C1F86C25B5F5966F45D9B5F5166F40F28D
:10EB10009B80B5F5965F40F2AF80B5F5165F40F289
:10EB2000AD80B5F5615F40F2AB80B5F5964F40F230
:10EB3000A980B5F5E14F40F2A78047F61222954231
:10EB400040F2A480B5F5164F40F2A3804DF6C022E6
:10EB5000954240F2A180B5F5614F40F2A080B5F535
:10EB6000963F40F29F80B5F5E13F40F2A080B5F5B9
:10EB7000613F40F29980534A954240F29E80B5F53C
:10EB8000E12F40F29780B5F5612F8CBF4FF0805296
:10EB90004FF0706201E04FF49E221969C1F82425FC
:10EBA0001A690821C2F800151A6903F21D21C2F87A
:10EBB00044151A690021C2F820111A6903F507717A
:10EBC000C2F834151A690121C2F838151A691160A2
:10EBD0001A694FF48870C2F8040393F91D24002ABF
:10EBE00035DB5409603402F01F02374801FA02F2A3
:10EBF00040F8242093F91D24002A28DB02446021D8
:10EC000082F8001393F91D24002A07DB2E4802F036
:10EC10001F0401215209A14040F8221003220021C3
:10EC200001201C4600F07AFD00231A461946C4F85C
:10EC3000240400F0B5FD012384F8233470BD23467D
:10EC40000022BDE8704018474FF41D22A5E71F4978
:10EC500002F00F02114460220A76D3E71A6993F892
:10EC60002004C2F810051A6993F82104C2F80805B7
:10EC70001A69C2F86C1545E7154A8EE7154A8CE704
:10EC8000154A8AE7154A88E7154A86E74FF40002D5
:10EC900083E74FF41D0280E74FF465027DE74FF4F0
:10ECA0006B027AE70F4A78E74FF06C7275E74FF026
:10ECB000EB7272E74FF0E8626FE74FF080626CE74B
:10ECC000E9EC040090D0030000E100E0FCEC00E07F
:10ECD00000B013000050270000F03A0000A04E00E2
:10ECE00000C0750000903A0190F82334002B5BD1EE
:10ECF00010B5036990F81F44C3F80C45036990F8F8
:10ED00001E44C3F8144590F82234012B036900F027
:10ED1000A080C3F86C25B1F5966F46D9B1F5166F92
:10ED200040F2A680B1F5965F40F2AC80B1F5165F77
:10ED300040F2AA80B1F5615F40F2A880B1F5964F2C
:10ED400040F2A680B1F5E14F40F2A48047F61223CD
:10ED5000994240F2A180B1F5164F40F2A0804DF6E5
:10ED6000C023994240F29E80B1F5614F40F29D80F0
:10ED7000B1F5963F40F29C80B1F5E13F40F29A80B8
:10ED8000B1F5613F40F29980504B994240F29B802F
:10ED9000B1F5E12F40F29480B1F5612F8CBF4FF0B7
:10EDA00080534FF0706302E070474FF49E23026976
:10EDB000C2F8243503690822C3F80025036900F26C
:10EDC0001D22C3F8442503690022C3F820210369EA
:10EDD00000F50772C3F8342503690122C3F838250A
:10EDE00003691A6003694FF48871C3F8041390F93A
:10EDF0001D34002B3FDB5C09603403F01F033449F2
:10EE000002FA03F341F8243090F91D34002B32DB71
:10EE10000B44602283F8002390F91D34002B07DB9C
:10EE20002B4903F01F0401225B09A24041F8232073
:10EE3000044603220021012000F070FC00231A4642
:10EE40001946C4F8240400F0ABFC012384F82334F1
:10EE500010BD90F82044C3F81045036990F8214490
:10EE6000C3F80845036942F00102C3F86C2552E774
:10EE70004FF41D239BE7174A03F00F031A44602346
:10EE80001376C9E7144B92E7144B90E7144B8EE7C7
:10EE9000144B8CE7144B8AE74FF4000387E74FF4D9
:10EEA0001D0384E74FF4650381E74FF46B037EE7AE
:10EEB0000E4B7CE74FF0EB7379E74FF06C7376E71E
:10EEC0004FF0E86373E74FF0806370E790D0030082
:10EED00000E100E0FCEC00E000B01300005027006F
:10EEE00000F03A0000A04E0000C0750000903A010A
:10EEF00010B5114C2369D3F810213AB10022C3F8A0
:10EF00001021D3F83C2572B901221A60D3F82021D0
:10EF100002B910BD0021C3F82011D4F82404BDE8C3
:10EF2000104000F0C7BE94F81C1204F11400FFF763
:10EF3000EFFA2369E8E700BF20BD002010B5114CAF
:10EF40002369D3F810213AB10022C3F81021D3F875
:10EF50003C2572B901221A60D3F8202102B910BDF4
:10EF60000021C3F82011D4F82404BDE8104000F0BB
:10EF7000A1BE94F81C1204F11400FFF7C9FA23692A
:10EF8000E8E700BF48C100202DE9F8431C4D1D4CA7
:10EF9000DFF880901C4F284600264FF47A7840F81E
:10EFA000149BC5E90168FFF7A7FAC4E90168204688
:10EFB000164B2B610223FA6B85F81D3440F8149B25
:10EFC0003B6C85F81E2485F81F3485F82264C5F84B
:10EFD000246485F82364FFF78FFAD7E913230C48DC
:10EFE00084F822642821C4F8246484F8236420610E
:10EFF00084F81D1484F81E2484F81F34BDE8F883B7
:10F0000020BD002048C1002074BF05000020004042
:10F01000008002404CC0050008B50E4B1BB10E48E5
:10F02000D7F766F990B90D4B1BB10D48FFF79AFA67
:10F0300048B90C4B1BB10C48FFF794FA00B908BD56
:10F04000AFF3008008BDAFF30080F2E7AFF30080BC
:10F05000E9E700BF00000000A464002000000000F9
:10F0600034BD0020000000005CC100202DE9F04705
:10F070007C4F3D6806460C46904675B12F2E09D848
:10F0800028F48073032BC8F3002224D0042B59D01A
:10F09000022B3BD00020BDE8F08729462022724891
:10F0A00004F0F1FE714A7249724B0D604FF0FF306F
:10F0B000C2E9000040224D60C3F88020BFF34F8FAB
:10F0C000BFF36F8F6021C3F8802183F806131A60A5
:10F0D00001233B60D2E74FF40037674B634853F896
:10F0E000265090F900102B0203F47C5343F00103E7
:10F0F0008D4243EA07030CD090F90160B54224D059
:10F1000090F90270BD4222D1022603E04FF440374D
:10F11000E3E70026B10001F1804101F5C0418555CA
:10F12000D1F81005504F524D47F8264020F00310FB
:10F1300020F47C5003430120AA55C1F81035B0409B
:10F14000BDE8F0874FF48037C7E70126E2E790F982
:10F1500003C0654549D090F904E075455BD090F94E
:10F16000058045456DD090F906904D4577D090F9D2
:10F1700007A0AA4501D10726CCE7013123D13F4999
:10F18000D1F8101589071ED10026B10001F1804188
:10F1900001F5C0418555D1F81005334F344D47F87E
:10F1A000264020F0031020F47C500343C1F81035B2
:10F1B0000023C1F800310120304BAA55B040C3F8FC
:10F1C0000403BDE8F087013606D12C49D1F81415A7
:10F1D000890701D10126D8E7013708D12749D1F89D
:10F1E00018158F0703D10226CFE7032692E7BCF15B
:10F1F000FF3F06D12149D1F81C158E0701D1032606
:10F20000C3E7BEF1FF3F08D11C49D1F8201589079B
:10F2100003D10426B9E704267CE7B8F1FF3F06D105
:10F220001649D1F824158F0701D10526ADE7B9F1AC
:10F23000FF3F08D11149D1F828158E0703D10626C2
:10F24000A3E7052666E7BAF1FF3F7FF423AF0B493A
:10F25000D1F82C1589077FF41DAF072695E7062600
:10F2600058E700BFA0C5002078C5002098C5002041
:10F2700070C5002000E100E074BF050000600040A0
:10F280002F2825D8264A274B52F8202093F9001022
:10F290008A4238D093F901108A4236D093F902108D
:10F2A0008A4234D093F903108A4232D093F9041081
:10F2B0008A4230D093F905108A422ED093F9061075
:10F2C0008A4206D093F90710914208BF072101D066
:10F2D0007047062170B40120134E144C144D884021
:10F2E000C6F808038A00002002F1804244F8210099
:10F2F000FF2402F5C0425C546854C2F8100570BC8B
:10F30000C2F8000170470021E4E70121E2E7022191
:10F31000E0E70321DEE70421DCE70521DAE700BFAF
:10F3200074BF050098C500200060004078C500202B
:10F3300070C500202DE9F0431B4B1C4FD3F804632C
:10F34000DFF86C80DFF86C9085B000240123A20008
:10F35000A34002F18045334205F5C0450FD0D5F8F2
:10F36000003163B1E357013306D052F808201AB1D7
:10F3700014F809307BB990470023C5F800310134F7
:10F38000082CE3D1BFF34F8F00BF00BF00BF00BF09
:10F3900005B0BDE8F08304AB002143F8041D084626
:10F3A000009103F0D3F9E7E70060004098C5002022
:10F3B00078C5002070C5002088420ADA38B50D1AD9
:10F3C000044605F0B9FB90FBF5F101FB1500204464
:10F3D00038BD7047F8B500250446C0E90055856082
:10F3E00091B108460E4605F08AFC0746411C2846A6
:10F3F00000F028F950B1A368C4E9000703B903700D
:10F40000A760314605F073FC2046F8BD206808B1BE
:10F4100000F002F900232360C4E901332046F8BD5F
:10F4200070B504468C424FF00000C4E90000A060B3
:10F4300001D00D680DB9204670BD8E68711C00F0BA
:10F4400001F950B1A368C4E9000603B90370A660CE
:10F45000294605F04CFC204670BD206808B100F03C
:10F46000DBF800232360C4E90133204670BD00BFF0
:10F4700010B50446006800F0CFF8204610BD00BF6C
:10F48000884270B5044609D00D68006845B908B1D6
:10F4900000F0C2F80023C4E901332360204670BDA8
:10F4A0008E6810B163689E4209D9711C00F0CAF8D9
:10F4B00058B1A368C4E900060BB903702068A660C0
:10F4C000294605F014FC204670BD20680028DFD1D5
:10F4D000E0E700BFF8B50446056849B915B128460C
:10F4E00000F09AF800232360C4E901332046F8BDF8
:10F4F00008460E4605F003FC074615B163689842BE
:10F500000BD92846791C00F09DF8054660B1A36828
:10F51000C4E900070BB903702568A7603146284687
:10F5200005F0E5FB2046F8BD20680028DAD000F0A1
:10F5300073F8D7E770B5044631B108460D4605F0BB
:10F54000DEFB58B9204670BD206808B100F064F8B1
:10F5500000232360C4E90133204670BDA2682368FC
:10F56000861813B161688E420DD91846711C00F0DF
:10F5700069F803460028E7D0A268C4E9000612B97A
:10F5800002702368A2682946981805F0B0FBA660AF
:10F59000D8E700BFFEE700BF08B501F077FA4FF4E7
:10F5A0007A72A0FB0223900A40EA835008BD00BF94
:10F5B000014638B54FF47A7200238002890D04F0B9
:10F5C00093F9054601F062FA0446D6F781FE01F090
:10F5D0005DFA001B854200D838BD281ABDE83840C6
:10F5E00001F078BB10B5044601F0CEFD022804D02E
:10F5F0002046BDE8104004F09BBB01F03FFA2046D6
:10F6000004F096FB044601F0DFFA0CB1204610BD71
:10F6100002F0D4FFFAE700BF10B5044601F0B4FDD4
:10F6200002280AD144B101F029FA204604F088FBEF
:10F63000BDE8104001F0C8BA10BD2046BDE810403A
:10F6400004F07EBB38B504460D4601F09DFD02284E
:10F6500005D029462046BDE8384005F0A1BA01F0A2
:10F660000DFA2046294605F09BFA044601F0ACFA53
:10F670000CB1204638BD02F0A1FFFAE710B50446F0
:10F6800001F0FCF9204604F053FB044601F09CFA1B
:10F690000CB1204610BD02F091FF204610BD00BF06
:10F6A00050B110B5044601F0E9F9204604F048FBDA
:10F6B000BDE8104001F088BA704700BF38B51C465D
:10F6C0009DF8105043B3002908BF1A460123C4E92E
:10F6D0000F01226084F8463002F020F8D4E90F13BD
:10F6E0002268A26001FB03F1CB1A134400200A44F4
:10F6F000FF21A063E36084F84410626084F8451041
:10F7000004F1100003F0ECFB04F1240003F0E8FB2B
:10F7100002F00EF884F84C50204638BDF8B5074684
:10F7200015460E4669B100FB01F05030FFF7A6FF09
:10F73000044690B3002200F1500380F84620036095
:10F7400007E05020FFF79AFF044630B384F8466084
:10F750002460C4E90F7601F0E1FFD4E90F132268B9
:10F76000A26001FB03F1CB1A134400200A44FF21DD
:10F77000A063E36084F84410626084F8451004F1EB
:10F78000100003F0ADFB04F1240003F0A9FB01F02D
:10F79000CFFF84F84C502046F8BD00242046F8BD29
:10F7A0002DE9F04F044685B01D460192884601F0D0
:10F7B000B5FFA26BE36BA84F4FF000099A424E468B
:10F7C000C0F08B80022D00F006810198002800F027
:10F7D0003081B9F1000F00F0958001F0A9FF01F030
:10F7E0004DF901F09BFF94F84430FF2B08BF84F8DB
:10F7F000446094F84530FF2B08BF84F8456001F061
:10F8000097FF01A902A801F067FC002840F01881C9
:10F8100001F084FFA26BE36B9A4277D001F088FF7E
:10F8200001F07CFF94F845304FFA83FABAF1000FEB
:10F830001ADD636AC3B104F1240907E00AF1FF335A
:10F84000DBB24FFA83FA7BB1636A6BB1484601F0D1
:10F85000E9FB0028F2D001F077FC0AF1FF33DBB2BC
:10F860004FFA83FA002BEFD1FF2384F8453001F0E3
:10F870005FFF01F053FF94F844304FFA83FABAF176
:10F88000000F1ADD2369C3B104F1100907E00AF182
:10F89000FF33DBB24FFA83FA7BB123696BB1484681
:10F8A00001F0C0FB0028F2D001F04EFC0AF1FF335A
:10F8B000DBB24FFA83FA002BEFD1FF2384F84430F8
:10F8C00001F036FF01F080F901F028FFA26BE36B35
:10F8D0009A424FF00109BFF475AF226CA66B002A63
:10F8E00040F0FC8025680136002D00F01881A663E9
:10F8F000636A002B40F08C8001F01AFF012005B0F4
:10F90000BDE8F08F02A801F0DBFB66E704F1100907
:10F9100001F00EFF4846019901F008FB01F0FEFEE0
:10F9200094F845A04FFA8AFABAF1000F1CDD636A19
:10F93000D3B104F1240B08E00AF1FF3A5FFA8AF32D
:10F940004FFA83FA83B1636A73B1584601F06AFBD8
:10F950000028F1D00AF1FF3A01F0F6FB5FFA8AF3D2
:10F960004FFA83FA002BEED1FF2384F8453001F0E3
:10F97000DFFE01F0D3FE94F844304FFA83FABAF177
:10F98000000F06DC15E00AF1FF33DBB24FFA83FA11
:10F990007BB123696BB1484601F044FB0028F2D0EB
:10F9A00001F0D2FB0AF1FF33DBB24FFA83FA002BEE
:10F9B000EFD1FF2384F8443001F0BAFE01F004F9DE
:10F9C000002881D14FF080537B6040BFBFF34F8F41
:10F9D000BFF36F8F78E7226CA66B002A82D0414676
:10F9E000E06804F02CFA236CE26821685B421A4458
:10F9F0008A42E26080F0898062681344E360022DED
:10FA000000F083800136A663636A002B3FF474AF75
:10FA100004F1240001F006FB00283FF46DAF0E4B0B
:10FA20004FF080525A6040BFBFF34F8FBFF36F8FCC
:10FA300062E7009001F07CFE009805B0BDE8F08F11
:10FA400001F06CFE94F845506DB2002D18DD636A2C
:10FA5000B3B104F1240607E000ED00E0013DEBB294
:10FA60005DB26BB1636A5BB1304601F0DBFA00282E
:10FA7000F4D0013D01F068FBEBB25DB2002BF1D197
:10FA8000FF2384F8453001F053FE01F047FE94F85F
:10FA900044506DB2002D16DD2369A3B104F11006A8
:10FAA00005E0013DEBB25DB26BB123695BB130465D
:10FAB00001F0B8FA0028F4D0013D01F045FBEBB2AB
:10FAC0005DB2002BF1D1FF2384F8443001F030FE09
:10FAD00001F07AF8002005B0BDE8F08F41465DBB2B
:10FAE000A06804F0ACF9A368216C62680B449342EF
:10FAF00006F10106A360FFF4FAAEA663636A22680A
:10FB0000A260002B3FF4F8AE82E7002E7FF4EFAE48
:10FB10000123A363636A002B3FF4EEAE78E76068CD
:10FB200001F084FBA663636A6560002B7FF470AF0D
:10FB300000287FF474AFDFE6E06804F080F9236CFE
:10FB4000E26821685B421A448A42E260BFF457AF20
:10FB500052E700BFF8B50C4679B3002501232160B8
:10FB600081F84630C1E90F35064601F0D7FDD4E9EA
:10FB70000F322168A56303FB02F39A1A0A440B446F
:10FB8000FF27C4E90131E26084F8447004F11000F9
:10FB900084F8457003F0A4F904F1240003F0A0F9FF
:10FBA00001F0C6FDC4E90055E56084F84C602B46C1
:10FBB0002A4629462046FFF7F3FD2046F8BD00BF40
:10FBC0002DE9F0418C4682B004461746EFF31186CA
:10FBD000402282F31188806BE26B904221D3022B8A
:10FBE00005D0002086F3118802B0BDE8F08194F8BA
:10FBF0004550226CD4F838806DB252BB236808F1AE
:10FC00000108002B4FD06B1CC4F8388037D0013569
:10FC10006DB284F84550012086F3118802B0BDE82A
:10FC2000F08194F84550226CD4F838806DB2002AE7
:10FC3000E4D073B9A06804F002F9A368216C62688B
:10FC40000B44934208F10108A360DCD32368A3604E
:10FC5000D9E76146E068019304F0F1F8206CE268AE
:10FC60002168019B404202448A42E26002D26268FB
:10FC70001044E060022B10D008F10108C3E7636A6A
:10FC8000002BC8D004F1240001F0CCF90028C2D028
:10FC9000002FC0D001203860A4E7B8F1000F08BFE2
:10FCA0004FF00108AFE76068019301F0BFFA019BD4
:10FCB0006360A8E738B5EFF31184402383F311881C
:10FCC000826BC36B93420ED990F8453001325BB220
:10FCD00082635A1C0BD001335BB280F8453001209F
:10FCE00084F3118838BD002084F3118838BD436A3D
:10FCF000002BF4D024300D4601F094F90028EED00A
:10FD0000002DECD001202860EAE700BF2DE9F04784
:10FD1000044684B08846019201F000FDD4F8389082
:10FD2000B9F1000F40F09380019B002B00F00A8195
:10FD300002A801F0C5F9B34F4E4604F1240501F0C5
:10FD4000F7FC00F09BFE01F0E9FC94F84430FF2B37
:10FD500008BF84F8446094F84530FF2B08BF84F84E
:10FD6000456001F0E5FC01A902A801F0B5F9002801
:10FD700040F0878001F0D2FCA36B002B40F0E880BC
:10FD800001F0D6FC0199284601F0D0F801F0C6FC3C
:10FD900094F845304FFA83F9B9F1000F06DC15E00D
:10FDA00009F1FF33DBB24FFA83F97BB1636A6BB1C0
:10FDB000284601F037F90028F2D001F0C5F909F121
:10FDC000FF33DBB24FFA83F9002BEFD1FF2384F826
:10FDD000453001F0ADFC01F0A1FC94F844304FFA3D
:10FDE00083FABAF1000F1ADD2369C3B104F11009D7
:10FDF00007E00AF1FF33DBB24FFA83FA7BB12369E4
:10FE00006BB1484601F00EF90028F2D001F09CF9E0
:10FE10000AF1FF33DBB24FFA83FA002BEFD1FF2355
:10FE200084F8443001F084FC00F0CEFE00287ED13E
:10FE30004FF080537B6040BFBFF34F8FBFF36F8F96
:10FE400001F06CFCD4F83890B9F1000F76D0226C38
:10FE500052B1E168636811449942E16024BF2168AE
:10FE6000E160404603F0EBFF09F1FF33A363236930
:10FE7000002B40F0C98001F05BFC012004B0BDE81C
:10FE8000F08701F04BFC94F845304FFA83F9B9F153
:10FE9000000F06DC15E009F1FF33DBB24FFA83F9FE
:10FEA0007BB1636A6BB1284601F0BCF80028F2D040
:10FEB00001F04AF909F1FF33DBB24FFA83F9002B65
:10FEC000EFD1FF2384F8453001F032FC01F026FC2D
:10FED00094F844304FFA83FABAF1000F1ADD23691F
:10FEE000C3B104F1100907E00AF1FF33DBB24FFAA6
:10FEF00083FA7BB123696BB1484601F093F800287F
:10FF0000F2D001F021F90AF1FF33DBB24FFA83FAA4
:10FF1000002BEFD1FF2384F8443001F009FC00F0FE
:10FF200053FE01F0FBFBA36B63B101F001FC01F098
:10FF3000F5FBD4F83890B9F1000F88D1019B002B64
:10FF40007FF4FDAE01F0F4FB002004B0BDE8F087C3
:10FF500001F0EEFB01F0E2FB94F845304FFA83F933
:10FF6000B9F1000F06DC15E009F1FF33DBB24FFAFF
:10FF700083F97BB1636A6BB1284601F053F800281E
:10FF8000F2D001F0E1F809F1FF33DBB24FFA83F967
:10FF9000002BEFD1FF2384F8453001F0C9FB01F0BD
:10FFA000BDFB94F844304FFA83FABAF1000F1ADD22
:10FFB0002369C3B104F1100907E00AF1FF33DBB292
:10FFC0004FFA83FA7BB123696BB1484601F02AF8F6
:10FFD0000028F2D001F0B8F80AF1FF33DBB24FFA93
:10FFE00083FA002BEFD1FF2384F8443001F0A0FB0B
:10FFF00000F0EAFD01F092FBD4F83890B9F1000F5F
:020000025000AC
:100000009CD024E700ED00E004F1100001F00AF8B4
:1000100000283FF430AF054B4FF080525A6040BF8C
:10002000BFF34F8FBFF36F8F25E700BF00ED00E0F8
:100030002DE9F043044685B00026019101F06EFBE6
:10004000A36BB24FB0463546002B40F0F380019BC6
:10005000002B00F05D81B8F1000F00F0FC8001F092
:1000600067FB00F00BFD01F059FB94F84430FF2BC7
:1000700008BF84F8445094F84530FF2B08BF84F83B
:10008000455001F055FB01A902A801F025F8002810
:100090006CD101F043FBA36B002B40F0E08001F03A
:1000A00047FB2368002B00F03C8104F124094846FB
:1000B000019900F03BFF01F031FB94F845304FFA15
:1000C00083F8B8F1000F06DC15E008F1FF33DBB26E
:1000D0004FFA83F87BB1636A6BB1484600F0A2FF28
:1000E0000028F2D001F030F808F1FF33DBB24FFA0C
:1000F00083F8002BEFD1FF2384F8453001F018FB83
:1001000001F00CFB94F844304FFA83F8B8F1000F7B
:100110001ADD2369C3B104F1100907E008F1FF33C8
:10012000DBB24FFA83F87BB123696BB1484600F02C
:1001300079FF0028F2D001F007F808F1FF33DBB2B5
:100140004FFA83F8002BEFD1FF2384F8443001F0FD
:10015000EFFA00F039FD002864D14FF080537B6046
:1001600040BFBFF34F8FBFF36F8F5BE001F0D6FA54
:1001700094F845304FFA83F8B8F1000F1ADD636A3E
:10018000C3B104F1240907E008F1FF33DBB24FFAF1
:1001900083F87BB1636A6BB1484600F043FF0028E7
:1001A000F2D000F0D1FF08F1FF33DBB24FFA83F851
:1001B000002BEFD1FF2384F8453001F0B9FA01F0AC
:1001C000ADFA94F844304FFA83F8B8F1000F1ADD15
:1001D0002369C3B104F1100907E008F1FF33DBB272
:1001E0004FFA83F87BB123696BB1484600F01AFFE0
:1001F0000028F2D000F0A8FF08F1FF33DBB24FFA7D
:1002000083F8002BEFD1FF2384F8443001F090FAFB
:1002100000F0DAFC01F082FAA36B002B00F08A8078
:1002200001F086FA01F07AFAA36B4FF00108002B77
:100230003FF40DAF2268013BA363002A00F09E80CB
:100240002369002B40F0898001F072FA01263046C4
:1002500005B0BDE8F08302A800F032FFFFE601F030
:1002600067FA01F05BFA94F845304FFA83F8B8F179
:10027000000F1ADD636AC3B104F1240907E008F135
:10028000FF33DBB24FFA83F87BB1636A6BB1484648
:1002900000F0C8FE0028F2D000F056FF08F1FF334E
:1002A000DBB24FFA83F8002BEFD1FF2384F84530FF
:1002B00001F03EFA01F032FA94F844304FFA83F834
:1002C000B8F1000F1ADD2369C3B104F1100907E08A
:1002D00008F1FF33DBB24FFA83F87BB123696BB1CE
:1002E000484600F09FFE0028F2D000F02DFF08F1F4
:1002F000FF33DBB24FFA83F8002BEFD1FF2384F8F2
:10030000443001F015FA00F05FFC8BE700ED00E0EF
:10031000009301F00DFA009B1E46304605B0BDE883
:10032000F08301F0FBF9606800F03EFF064601F043
:10033000FFF9BAE601F0FCF9002E88D001F0EEF9E1
:10034000616A19B1236B1968C1F10501606800F099
:1003500099FF002601F0ECF979E704F1100000F0B4
:1003600061FE00283FF470AF064B4FF080525A6098
:1003700040BFBFF34F8FBFF36F8F65E700F0B8FF4B
:1003800060605DE700ED00E010B5044601F0C6F9DD
:10039000A46B01F0CDF9204610BD00BF104B5A6888
:1003A000904208D0DA68904208BF012204D090F849
:1003B000463093B170470022002110B403EBC20411
:1003C00043F8321090F84630616013B15DF8044B89
:1003D00070475DF8044BFFF763B9FFF761B900BFE1
:1003E00044D00020074B1A681AB19A6802B17047CE
:1003F000012210B403EBC20443F8321060605DF8D0
:10040000044B704744D0002070B505460C46164694
:1004100001F084F995F84430FF2B04BF002385F8E0
:10042000443095F84530FF2B04BF002385F8453054
:1004300001F07EF9AB6B2BB93246214605F1240061
:1004400000F0B0FD01F06AF995F8454064B2002C67
:1004500016DD6B6AA3B105F1240605E0013CE3B2A9
:100460005CB26BB16B6A5BB1304600F0DBFD00281B
:10047000F4D0013C00F068FEE3B25CB2002BF1D195
:10048000FF2385F8453001F053F901F047F995F85D
:10049000444064B2002C16DD2B69A3B105F11006AF
:1004A00005E0013CE3B25CB26BB12B695BB1304655
:1004B00000F0B8FD0028F4D0013C00F045FEE3B2A6
:1004C0005CB2002BF1D1FF2385F84430BDE87040C9
:1004D00001F02EB92DE9F041044601F01FF9344A2C
:1004E000344D1368013313602B68002B2FD0324E2C
:1004F000E36A32682AB33148314907680A689F4283
:1005000038BF03602F48013203EB83030A6000EB1E
:100510008300E263211D02F0F3FC01F009F9336866
:100520006BB12A68E36AD26A9A4208D2264B4FF02E
:1005300080525A6040BFBFF34F8FBFF36F8FBDE84B
:10054000F0812A68D26A9A4298BF2C60D3E72C6067
:100550001368012B02D0E36A174ECCE71948DFF885
:1005600094801A4F144E02F0BBFC194802F0B8FCFC
:10057000184802F0B5FC184802F0B2FC174802F027
:10058000AFFC404602F0ACFC384602F0A9FC14482F
:1005900002F0A6FC134802F0A3FC134802F0A0FCF2
:1005A000124B134AC2F800801F60E36AA3E700BF42
:1005B00014C60020A4C5002074C6002028C6002050
:1005C00024C60020B0C5002000ED00E040C6002099
:1005D000C4C50020D8C50020ECC5002000C60020FE
:1005E00060C600208CC6002078C60020ACC5002064
:1005F000A8C500202CC600202DE9F843DDE90964D8
:10060000002C60D016B93046BDE8F8830D4697003F
:10061000984602233A4684F8513081462663304694
:10062000A52103F030FC2A78236B84F83420043FA2
:100630002A781F4427F0070702B36B7884F8353017
:100640006B78DBB1AB7884F83630AB78B3B1EB784C
:1006500084F83730EB788BB12B7984F838302B79EC
:1006600063B16B7984F839306B793BB1AB7984F83D
:100670003A30AB7913B1EB7984F83B30089D042D07
:1006800028BF04250026E5626564201D84F83B60D0
:10069000A66402F031FCC5F1050504F1180002F072
:1006A0002BFCE66442464946A561246184F850600B
:1006B0006462384600F0F6FF20602046FFF70AFF2C
:1006C0002046BDE8F8832046BDE8F8832DE9F047D1
:1006D0009600804630460D469946099FFEF7CEFFAC
:1006E000002869D082465420FEF7C8FF044600283F
:1006F0005BD00023C0F830A03246504684F8513019
:10070000A52103F0C0FB2A78236B84F83420043E33
:100710002A781E4426F0070A02B36B7884F8353035
:100720006B78DBB1AB7884F83630AB78B3B1EB786B
:1007300084F83730EB788BB12B7984F838302B790B
:1007400063B16B7984F839306B793BB1AB7984F85C
:100750003A30AB7913B1EB7984F83B30089D042D26
:1007600028BF04250026E5626564201D84F83B60EF
:10077000A66402F0C1FBC5F1050504F1180002F002
:10078000BBFBE664A561246184F8506064624A465C
:100790004146504600F086FF206007B13C6020468D
:1007A000FFF798FE0120BDE8F0875046FEF778FF7E
:1007B0004FF0FF30BDE8F0874FF0FF30F3E700BFA8
:1007C00070B504464C4E00F0A9FF002C39D0251D11
:1007D000284602F0BFFBA36A1BB104F1180002F027
:1007E000B9FB29464548464D02F08AFB94F8503043
:1007F000012B04BF002384F8503000F099FF2B68D0
:1008000093B93368A34200D070BD2B68DBB93B4974
:100810003C4A09681268914226D03B4B1B682BB3B7
:100820003A4B01221A6070BD00F078FF384B1A680D
:10083000126892B9374B4FF0FF321A6000F078FF20
:10084000DFE73468C3E7344B4FF080525A6040BF53
:10085000BFF34F8FBFF36F8F70BD1A682D4BD268F7
:10086000D26852681A60E9E7336070BD274A1360A6
:100870003268336812681B6B9A4236D9274C284974
:1008800022689300981880000858E0B9551EAB0004
:1008900058198000085830BB951EAB0058198000CD
:1008A000085800BBD51EAB00581980000858D0B9B5
:1008B000151FAB00581980000858A0B9053A9300DD
:1008C00098188000085813449B00CD1808336868B6
:1008D000406868600B44984204BF40686860C36821
:1008E0003360226070BD2A46EDE7306831683431EC
:1008F00001F062FEC2E700BFA4C5002078C6002058
:1009000074C6002014C6002020C60020A4C6002003
:10091000A8C5002058C6002000ED00E028C6002031
:10092000B0C5002080B170B51B4D2B6883420AD042
:10093000044600F0F3FE194B62699A4205D0BDE807
:10094000704000F0F5BE70BD7047A36A144A934230
:10095000F5D0002BF3D1261D304602F0FBFA114AE8
:10096000E36A116810488B4288BF136003EB83036E
:1009700000EB8300314602F0C3FA2B68E26ADB6ABF
:100980009A42DCD3094B4FF080525A6040BFBFF30C
:100990004F8FBFF36F8FD2E7A4C5002078C6002029
:1009A00060C6002028C60020B0C5002000ED00E091
:1009B00070B584B0002503AA02A901A8CDE90155AC
:1009C00001F0FEFD019C002C46D00298002843D087
:1009D000039E20630223B600A521324684F85130DD
:1009E00003F051FA236B1F4A6263201D84F83850CC
:1009F000043E84F83B50E562C4E911551E4402F000
:100A00007BFA04F1180002F077FA26F007060523B6
:100A1000A3612A461449E56430462461646284F87F
:100A2000505000F03FFE20602046FFF753FD0F4B73
:100A30001C6000F0DBFD012811D1402383F31188F5
:100A40000B490C4A0C4B4FF0FF340C6010601D60DA
:100A500000F03EFE04B070BD044B00221A6004B0EA
:100A600070BD00BF49444C45590D050054C60020D7
:100A700058C6002074C60020A0C60020024A136891
:100A800001331360704700BF20C60020014B186877
:100A9000704700BFA0C60020024A136818441060C7
:100AA000704700BFA0C600202DE9F04F3B4B1B68EC
:100AB00083B0002B42D13A4B1F6801371F60002FD3
:100AC0004AD0384B01931B68BB423BD8364EDFF807
:100AD000EC80DFF8ECA0DFF8EC90002525E033682F
:100AE000DB68DC68636804F1040B9F42584651D30D
:100AF00002F030FAA36A04F118000BB102F02AFAEE
:100B0000E36AD8F8002003EB8300934259460AEBCE
:100B1000800088BFC8F8003002F0F2F9D9F8003040
:100B2000E26ADB6A9A4228BF012533681B68002B02
:100B3000D5D1019A4FF0FF33136004E01B4A1368CC
:100B40000133136000251A4B1B68002B0CBF28468D
:100B5000012003B0BDE8F08F134E164B3168164AE2
:100B600018683060196013680133136033681B68BC
:100B70003BB90C4B01931A464FF0FF3313601346F9
:100B8000A1E73368074ADB680192DB685B681360A2
:100B9000134698E7019A1360D5E700BF20C60020EE
:100BA000A0C6002058C60020A8C500201CC60020F2
:100BB000A4C60020ACC500205CC6002028C60020CA
:100BC000B0C50020A4C500202DE9F04700F0A6FD27
:100BD000354B1A68013A1A601C68002C57D1334B08
:100BE0001B68002B53D0DFF8E0A0314E314FDFF807
:100BF000DC90DFF8DC80336813B3F368DC68251D14
:100C000004F1180002F0A6F9284602F0A3F9E36AFD
:100C10003A6803EB83009342294609EB800088BFC2
:100C20003B6002F06DF9D8F80030E26ADB6A9A4264
:100C30004FF00103DFD3CAF800303368002BDCD15A
:100C40003CB11D4B1A6812683ABB1C4B4FF0FF3287
:100C50001A601B4D2C6844B10126FFF725FF08B12F
:100C6000CAF80060013CF8D12C60DAF8003073B1AA
:100C7000144B4FF080525A6040BFBFF34F8FBFF309
:100C80006F8F012400F054FD2046BDE8F08700245A
:100C900000F04EFD2046BDE8F0871A68074BD26889
:100CA000D26852681A60D4E720C6002014C600201B
:100CB00060C6002028C60020A8C5002058C6002015
:100CC0001CC6002000ED00E0A4C60020B0C5002036
:100CD000A4C5002070B548B9184B4FF080525A6037
:100CE00040BFBFF34F8FBFF36F8F70BD144A1549DC
:100CF0001368154E013313600D68044630680430E4
:100D000002F028F9336864195C600FD20F4B186841
:100D10003168043102F004F90D4B1A68944238BF6F
:100D20001C60FFF751FF0028D6D070BD094B186832
:100D30003168043102F0F4F8F3E700BF00ED00E0A1
:100D400020C60020A0C60020A4C50020A8C5002001
:100D500058C60020ACC500202DE9F84F3C4E3D4D53
:100D60003D4CDFF80891DFF80881DFF808B14FF05B
:100D7000805A2368D3B100F0D1FCF368DF68381DD6
:100D800002F0E8F82B68013B2B602368013B2360ED
:100D900000F0CEFC97F85130002B37D0012BE8D172
:100DA0003846FEF77DFC2368002BE4D12B4B1B68F3
:100DB000012B06D9CBF804A040BFBFF34F8FBFF380
:100DC0006F8F00F041FED9F8003033BBD8F8003007
:100DD000DB6A002BCDD1214B1B68012BC9D8204BDE
:100DE000204A1B6812689B1A012BC2D91E4A13683D
:100DF00001331360D9F80030BBB1D8F80030DB6A9A
:100E00000BB9164B1B68FFF7DFFEB2E7386BFEF736
:100E100047FC3846FEF744FCABE7D8F80030DB6A05
:100E2000002BA6D10D4B1B68A3E7D8F80030DB6A76
:100E3000002BE8D1094B1B68012BE4D8084B18683C
:100E4000084B1B68C01A0128DDD900F0DDFCDAE789
:100E50008CC6002014C6002018C60020B0C5002093
:100E600058C60020A0C6002020C6002028C60020AA
:100E7000A4C5002000ED00E0274B1B68002B40D1EB
:100E8000264A70B5264C13602268236812681B6BD3
:100E90009A423AD9234D24492A6893009818800031
:100EA0000858E0B9561EB30098198000085830BBA6
:100EB000961EB30098198000085800BBD61EB300D8
:100EC000981980000858D0B9161FB30098198000EF
:100ED0000858A0B9053A93009818800008581344A0
:100EE0009B00CE1808337068406870600B449842CD
:100EF00004BF40687060C36823602A6070BD3246DA
:100F0000EDE7064B01221A607047206821683431F2
:100F100001F052FBBEE700BF20C60020A4C600209F
:100F2000A4C5002028C60020B0C5002070B5174D0C
:100F30002B680C4603F1180101F0F2FF144B1E68F8
:100F40002868043002F006F8631C17D02B68A41937
:100F50005C600BD20F4B18682968043101F0E0FF88
:100F60000D4B1A68944238BF1C6070BD0B4B18685B
:100F70002968BDE87040043101F0D2BF29680848F3
:100F80000431BDE8704001F0BBBF00BFA4C5002024
:100F9000A0C60020A8C5002058C60020ACC500206F
:100FA00078C6002070B5194D2B680C46164603F123
:100FB000180101F0A5FF164B5EB11B6828680430CC
:100FC00001F0C8FF296813480431BDE8704001F002
:100FD00097BF1E682868043001F0BCFF2B68A41975
:100FE0005C600BD20C4B18682968043101F098FF43
:100FF0000A4B1A68944238BF1C6070BD084B1868D1
:101000002968BDE87040043101F08ABFA4C5002002
:10101000A0C6002078C60020A8C5002058C6002021
:10102000ACC5002038B5C368DC6804F11805284653
:1010300001F090FF1A4B1B682BBB251D284601F0C1
:1010400089FF184AE36A116817488B4288BF13600A
:1010500003EB8303294600EB830001F051FF134BA0
:10106000E26A1B68DB6A9A4282BF114B012018605A
:10107000104B1A68126898BF00204AB90E4B4FF007
:10108000FF321A6038BD29460C4801F039FFE6E707
:101090001A68094BD268D26852681A6038BD00BF1E
:1010A00020C6002028C60020B0C50020A4C500200E
:1010B000A4C60020A8C5002058C6002060C6002095
:1010C000034A044B12681B68C0E90023704700BF45
:1010D0005CC60020A0C60020F8B50D46044600F00E
:1010E0001DFB2B681649581C0A6813D0DFF854C042
:1010F000D4E90060DCF80070BE4201D090421AD9F9
:10110000121A93420BD800232B60012500F010FB2C
:101110002846F8BD002500F00BFB2846F8BDDCF89A
:1011200000009B1A0A682B60C4E90002002500F049
:10113000FFFA2846F8BD012500F0FAFA2846F8BD66
:10114000A0C600205CC60020014B01221A60704737
:10115000A4C60020084B186860B9084B1B6853B937
:10116000074A084B10681B68013B984214BF0120D6
:10117000022070470020704760C60020A4C60020EF
:1011800078C6002014C60020054B1B6833B1054B00
:101190001B68002B0CBF0220002070470120704705
:1011A00074C6002020C6002018B3F8B51C4CC36AD2
:1011B0002268D26A934214D28269002A04DB226830
:1011C000D26AC2F105028261164D426903EB8303C4
:1011D00005EB83039A420DD02368DB6AC3620120CA
:1011E000F8BD2368406CDB6A98422CBF00200120C8
:1011F000F8BD7047061D0746304601F0ABFE226879
:10120000094BD06A1A68F862904200D9186000EB66
:10121000800005EB8000314601F072FE0120F8BD30
:10122000A4C50020B0C5002028C6002050B138B5A4
:10123000C16A836C426C013B9142836400D01BB154
:10124000002038BD00207047051D0446284601F0E7
:1012500081FE0A4A636C1168E362C3F105008B42A8
:10126000A061074888BF136003EB830300EB830092
:10127000294601F045FE012038BD00BF28C60020E8
:10128000B0C5002048B1426CC36A914238BF1146D4
:101290008B4202D0826C012A00D07047826970B5FF
:1012A000114DC162002A03EB83034269A8BFC1F15B
:1012B000050105EB8303A8BF81619A4200D070BD90
:1012C000061D0446304601F045FE084BE06A1A68E8
:1012D000904288BF186000EB800005EB800031462B
:1012E000BDE8704001F00CBEB0C5002028C600204B
:1012F000044B1A681AB119688A6C01328A6418683A
:10130000704700BFA4C500202DE9F04FAD4EDFF8B7
:10131000C482AD4D89B033681C68002C00F08E800B
:10132000DB681C68FFF7AAFBFFF7B0FBD8F80030BA
:10133000984207465DD38442C8F8000040F20B8112
:101340000022E11B2868FFF75FF8FFF73DFC88B932
:101350009E4A4FF08053536040BFBFF34F8FBFF39F
:101360006F8F07E0019B039920469847009B002B55
:1013700080F23881286800226946FEF7C7FC002801
:10138000C9D0009B029C002BECDB636913B1201DCC
:1013900001F0E0FDFFF77AFBD8F800309842814673
:1013A00043D3009BC8F80090092BE3D8012202FA2E
:1013B00003F313F4047F69D113F0C70F40F0A18049
:1013C0009B06D7D594F82C30002BD3D12046FEF7BE
:1013D00067F9CFE7DB68DC68D3F800A004F1040903
:1013E000484601F0B7FD636A20469847E369012B40
:1013F00036D033681A68002AECD17549C8F80070F5
:101400000A6832600B60FFF7DFFBB3E7DB68DF6879
:10141000D3F800B007F1040A504601F09BFD7B6A47
:1014200038469847FB69012B25D033681A68002A93
:10143000ECD167490A6832600B60B2E7FFF71EFB28
:10144000FFF724FBD8F8003083420746D1D8604B21
:10145000C8F800701B681A68B2FA82F2520970E785
:10146000A36953449A45494622D263602461306897
:1014700001F056FDBDE7BB695B449B45514627D251
:101480007B603F61306801F04BFDCEE7019B24613A
:1014900003EB09024A45A36162602CD8002B3FF49C
:1014A00069AF4B4B211D186801F03AFD286862E7CF
:1014B0002B68002B9DD00023CDE9043A0694FFF75A
:1014C00063FE00231A4604A92868FEF769F990E72D
:1014D0002B68002BA9D00023CDE9043B0697FFF72A
:1014E00053FE00231A4604A92868FEF759F99CE721
:1014F0004B4500D998B13068211D01F011FD2868D5
:1015000039E7019BA269246199182CBF01200020B2
:1015100049456160ECD8A9EB03039A42C1D8636ADC
:1015200020469847E369012B7FF424AF019BA26911
:101530002868134400283FF41EAF0022CDE904239D
:101540000694FFF721FE00231A4604A92868FEF737
:1015500027F928680FE7FFF737FB3368DB68D3F814
:101560000C9009F1040A504601F0F4FCD9F81C3043
:10157000012B04D0D9F8243048469847FAE6D9F828
:101580001830C9F81090E218BA42C9F8042004D9FA
:101590005146306801F0C4FCECE73F1BBB421BD84E
:1015A0002B68002BE6D00023CDE90434CDF8189049
:1015B000FFF7EAFD00231A4604A92868FEF7F0F8B1
:1015C000D8E700BFA8C600202CC9002000ED00E02D
:1015D000ACC60020D8C80020034B5146186801F063
:1015E0009FFCC7E7029CD0E6ACC60020F0B5204CBB
:1015F00089B000F093F82568FDB100F099F82068F3
:10160000C8B1002407AA06A905A8CDE9054400F041
:10161000E5FFDDE905300221CDE90010079A0293CC
:10162000144915482346FEF7E7FF144A0346001BFA
:1016300018BF0120136009B0F0BD114F114E38469C
:1016400001F04EFC304601F04BFC0F4A0F4900956B
:101650000F4B17600E600F4A10212020FEF72EF866
:1016600020600028C9D00C49FEF7BCFEC5E700BFCA
:101670002CC9002080C005000913050030C90020D6
:10168000B0C80020C4C80020A8C60020ACC60020F6
:10169000DCC80020B0C6002078C00500402383F3DA
:1016A0001188FEE730B46FF002034FF08075074CED
:1016B00040F8045C40F80C4C40F8081C40F8202C22
:1016C00040F8243C30BC4438704700BF9D160500EC
:1016D0000F4C08B5E02384F8223000F077F80D4B6A
:1016E0000D4A00211960D4F8883043F47003C4F81F
:1016F0008830536843F040435360236943F010033C
:10170000236100F04FF9402383F31188FEE700BF07
:1017100000ED00E034C9002030EF00E0402383F307
:101720001188024A136801331360704734C90020DE
:10173000034A1368013B13600BB983F311887047A8
:1017400034C9002041DF704712DF704770B51B4B72
:1017500000251D6082B01B680193019BEFF3118689
:10176000402383F31188164A164BD2F804451D60B6
:101770001B680093009BFFF789F9241A24F07F442B
:10178000012C0DD844B1FFF78FF9054625B10E4B5A
:101790004FF080525A6040BF86F3118802B070BD8E
:1017A000FFF7F2FC0228EED1013CFFF77DF9013C86
:1017B000631C45EA0005F8D1E8E700BF401101408D
:1017C000001001400011014000ED00E00B4B0C49FE
:1017D00030B41F200B4DC3F8080501220224E0207D
:1017E000C3F804232A601A60C3F8444381F8110344
:1017F0004FF400330B6030BC704700BF0010014055
:1018000000E100E0081001402DE9F041804684B07D
:10181000EFF3108272B6584CA36883B9574B5848FF
:101820000121A160D3F8801001402160C3F880003D
:10183000D3F8841061604FF0FF31C3F8841002B90F
:1018400062B6504ED6F80475FFF784FC00283DD0F0
:101850004D4A4E49424528BF4246BB1823F07F43BC
:1018600001200025C6F80803C6F840350D600B6856
:1018700001934FF480330199C6F80433BFF34F8FBF
:10188000B8F1000F54D13F4B404D41494FF48030E7
:10189000C3F80803002028602D680395039D0860A5
:1018A0000968029101210298C3F80413D3F80435A2
:1018B0003249DB1B23F07F45954228BF15464FF484
:1018C0000033012DC1F8803111D827D0A3685BB156
:1018D000EFF3108372B6294A216811606168516084
:1018E0000022A26003B962B604B0BDE8F081681EB0
:1018F000FFF7D2F8274BDB68DA010FD5264A1368C9
:10190000DB070BD5254B516803FB05F5A5F57425C1
:10191000A5F51075AD0A01EB85155560FFF7C4F804
:101920000028D3D01E4B4FF080525A6040BFCDE705
:10193000F1EE103A23F09F03E1EE103AF1EE103A87
:101940000E4B04A84FF480614026C3F88461C3F8AD
:10195000841100F8045DFFF7F7FE9DF80C1039B90B
:1019600020BFD3F80001D3F804110143F8D08AE76F
:10197000FFF7E8FE87E700BF58D0002000E100E055
:10198000FC06FFBD00100140FDFFFF0040110140BB
:1019900000110140F0ED00E0001000E040420F00B7
:1019A00000ED00E00748006880F3088862B661B681
:1019B000BFF34F8FBFF36F8F4FF0E00080F31188BC
:1019C00000DF00BF00600200064B19680868B0E83D
:1019D000F04F80F30988BFF36F8F4FF0000080F362
:1019E00011887047A4C50020EFF30980BFF36F8F03
:1019F000144B1A681EF0100F08BF20ED108A20E962
:101A0000F04F10604DF8043D4FF0400080F3118816
:101A1000BFF34F8FBFF36F8FFFF72EFA4FF0000029
:101A200080F3118808BC19680868B0E8F04F1EF010
:101A3000100F08BFB0EC108A80F30988BFF36F8FD6
:101A4000704700BFA4C50020704700BF0A490B4A79
:101A50000B4B9B1A03DD043BC858D050FBDC0948F4
:101A600009494FF0AD32026004300439FBD100F077
:101A700057FCD4F7EDFB0000A8C305000060002070
:101A80008864002000F8032000080000FEE7FEE75D
:101A9000FEE7FEE7FEE7FEE7FEE7FEE7FEE7FEE71E
:101AA00008B50020D4F70EFCDEF736FE0E4B43B12E
:101AB0000E4B7BB1DFF786FB00F06EFDFDF7ACFA55
:101AC000F8E7DFF77FFB00F067FDDFF77BFB00F057
:101AD00063FDF6E7DFF776FB00F05EFDDFF772FBF4
:101AE00000F05AFDF6E700BF0000000019F0040006
:101AF00000B583B000F0C0FEFCF70AFC0E4B01936A
:101B000001234FF480620D4900930D480023FEF736
:101B1000DDFD4FF4407000F05FFEFEF749FFBFF3BC
:101B20004F8F0849084BCA6802F4E0621343CB6048
:101B3000BFF34F8F00BFFDE738C9002088C0050004
:101B4000A11A050000ED00E00400FA0538B50748C9
:101B50000C461546D4F740FD00B938BD2A4621464B
:101B60000248BDE83840D4F70FBC00BFA464002091
:101B7000FDF738BDFDF736BDFDF74EBDFDF74CBD99
:101B8000FDF74ABD084A094908B513681844884258
:101B900002D81060184608BD02F05AF80C23036002
:101BA0004FF0FF33184608BD3462002000F80320D0
:101BB000114B1A78EAB90178104810B40A464FF070
:101BC000804402F00102C1F34001C4F88015C4F85A
:101BD00078250268D20706D4E021012280F800139C
:101BE000C0F880210260012205481A705DF8044B9C
:101BF00070470448704700BF54D0002000E100E067
:101C00000000AD0B0C00AD0B0268074B4FF080409D
:101C100010B400214FF46074C0F80843196002B199
:101C20001A605DF8044B704744C900204FF08043B0
:101C30004FF46072C3F80423704700BF10B54FF033
:101C4000804386B0D3F80443620705D5D3F8082152
:101C500003F58473002A4ED1A30603D52A4B1A68D4
:101C6000002A3FD1600603D5284B1A68002A2FD1DD
:101C7000210602D5264B1A680ABBE20502D5254B80
:101C80001A6892B9A3050ED5234B1A685AB10022DF
:101C90001A601A68214B0592059A1B68022006B04B
:101CA000BDE81040184706B010BD00221A601B4A5C
:101CB0001B68049301201368049A9847E2E7002008
:101CC0001860164A1B6803931368039A9847D4E771
:101CD00000221A60124A1B68029301201368029ABC
:101CE0009847C5E7002018600D4A1B6801931368E8
:101CF000019A9847B6E700221A600A4A1B680093C7
:101D00001368009A9847A7E71401004018010040A3
:101D10001C010040200100402401004044C9002073
:101D200040C900203CC900202DE9F04F04799D4DA9
:101D3000E6003719BF0005EB070E83B09EF81CC004
:101D4000BCF1000F40F0E58091F80CC00068EA514A
:101D5000CEF80430BCF1010F0B7840F2DE801F2B6F
:101D600087BF03F01F08DFF840E298464FF0A04E0F
:101D7000012707FA08F7CEF808751F2B8BBF03F071
:101D80001F071F46DFF820E24FF0A04E07F5E0776F
:101D90004FF001084EF827804F78FF2F00F0E980C0
:101DA0001F2F8ABF07F01F09B946DFF8FC81009793
:101DB00098BF4FF0A04809F5E07A4FF0010E0EFAF7
:101DC00009FE4FF00309C8F80CE548F82A9091F88D
:101DD00002E0BEF1FF0F00F0D580BEF11F0F91F8B9
:101DE0000EA088BFDFF8C0B1CDF804E08EBF0EF0C2
:101DF0001F08F0464FF0A04B08F5E0784FEA8A0A3A
:101E00004BF828A006EB040805EB880888F820E0CA
:101E100091F803E088F81FE0BEF1FF0F2AD091F897
:101E20000490F046B9F1000F40F08680BEF11F0F1C
:101E300087BF0EF01F0B5C4FF3464FF0A0474FF0EB
:101E4000010A0AFA0BFAC7F808A5BEF11F0F86BFF0
:101E50000EF01F08DFF850A14FF0A04A08F5E07817
:101E600006EB040E4FF0030B05EB8E0E4AF828B07C
:101E70008EF81E9091F80DE0C0F80835009BD1F85F
:101E80000880C0F80C351EF1000318BF0123019F24
:101E9000C0F81075BCF1020FC0F824857FD0BCF1EA
:101EA000030F79D0BCF1010F56D0C0F854358B79AF
:101EB000C0F8C035002A58D040220723C0F80423B8
:101EC000C0F800354A79000B43B25201002BD1B261
:101ED000C0B25BDB5A09920002F1604203F1604339
:101EE000012702F5614203F5614300F01F0007FA84
:101EF00000F083F80013C2F880011060344405EB51
:101F000084052A48002201236A772B7703B0BDE8B5
:101F1000F08F274803B0BDE8F08F1F2B87BF03F079
:101F20001F08DFF884E098464FF0A04E012707FA1B
:101F300008F7CEF80C7520E7BEF11F0F87BF0EF033
:101F40001F0B194FF3464FF0A0474FF0010A0AFA52
:101F50000BFAC7F80CA578E743F00203C0F8543534
:101F60008B79C0F8C035002AA6D10723C0F8003508
:101F7000C4E791F802E04FF0FF37BEF1FF0F009782
:101F80007FF42BAF4FF0FF3701973BE7094B00F091
:101F90000F0003441976B1E743F0060385E743F0E9
:101FA000040382E748C90020000300500000AD0B85
:101FB0000500AD0BFCEC00E0F0B40479294A03689D
:101FC000E1000D19AD005659EEB11F0B7EB2002E87
:101FD00011DB760920360123DFF89CC007F01F07CC
:101FE00003FA07F74CF82670BFF34F8FBFF36F8FDC
:101FF000555903683DB1081902EB80001A4DC3F82A
:102000000853407F10BB081902EB800090F82000B5
:10201000FF280BD01F288ABF00F01F004FF0A045FB
:10202000124D00F5E070022645F8206010480025AA
:102030008342C3F8005502D10E4B012018602144A1
:1020400002EB810200231377F0BC70470120586136
:10205000D3F804010028FBD0081902EB800000250A
:102060004577D0E748C9002052010800000300501E
:1020700000F0024004F0024000E100E02DE9F04FE2
:102080000479644F4FEAC40C0CEB04039B008646B2
:10209000F8180E46417F83B0002940F0918057F830
:1020A00003909046B9F1000F04D012F0140F04BF52
:1020B000012343770CEB040507EB850596E80F0039
:1020C00095F81FA005F10C0BBAF1FF0F8BE80F007C
:1020D00010D0AA7F5346002A76D0BAF11F0F86BFD0
:1020E0000AF01F034C494FF0A041012202FA03F30A
:1020F000C1F8083532686AB102F06043B3F1005F9D
:1021000008D0644407EB8407002344487B7703B07E
:10211000BDE8F08FB16821B101F06043B3F1005F19
:10212000EFD1DEF800307568F068C3F8442500226E
:10213000C3F84855C3F83415C3F83805C3F8182157
:10214000D3F818210192019A18F0010218BF012258
:10215000C3F8502518F0020218BF012218F0080F2A
:10216000C3F8402504BF01221A61B9F1000F0BD05A
:102170002B48402218F0040F14BFC3F80823C3F8FB
:10218000042303B0BDE8F08FD3F81821002AFBD058
:10219000BAF1FF0F2CD0644407EB8407BB7F4BB32D
:1021A000BAF11F0F84BF0AF01F0A1B4A1C4898BFD0
:1021B0004FF0A042012303FA0AF3C2F80C35A6E758
:1021C000184803B0BDE8F08FBAF11F0F4FF00102BD
:1021D00088BF0AF01F0302FA03F388BF0E49326872
:1021E00098BF4FF0A041C1F80C35002A84D191E787
:1021F0000B488CE7BAF11F0F84BF0AF01F0A064A8A
:10220000074898BF4FF0A042012303FA0AF3C2F82F
:1022100008357CE748C90020000300500A00AD0BD8
:102220000000AD0B0B00AD0B194BD3F8182102B910
:1022300070470021174AC3F81811D3F81811D37F3B
:1022400082B0FF2B019101990DD0917F99B11F2B85
:1022500086BF03F01F0310484FF0A040012101FA90
:1022600003F3C0F80C35002353771372D2E9003121
:102270000A4802B018471F2B86BF03F01F03064809
:102280004FF0A040012101FA03F3C0F80835EAE756
:102290000030024048C900200003005050C900200F
:1022A0001B4BD3F8182102B970470021194AC3F813
:1022B0001811D3F8181192F8433082B0FF2B019116
:1022C00001990ED092F84210A9B11F2B86BF03F0DE
:1022D0001F0311484FF0A040012101FA03F3C0F899
:1022E0000C35002382F8413082F82C30D2E90931D4
:1022F0000A4802B018471F2B86BF03F01F03064889
:102300004FF0A040012101FA03F3C0F80835E8E7D7
:1023100000F0024048C900200003005074C90020AA
:10232000604B1B6830B45C1C37D05F4A082B1268C6
:1023300000F08F805B4B5C4A1B681268082B15D03D
:10234000591C23D0584A1268082B12D0574AD2F889
:10235000883043F47003C2F88830BFF34F8FBFF367
:102360006F8F534B534A1A6030BC7047002A00F0FD
:102370008280032AEAD84FF08043D3F80024D207A2
:1023800044BF6FF00102C3F80024DFE74A4A4B4B19
:1023900012681B78C2F30312D6E7484A464B1278FC
:1023A0001B68082AC3F3031301D1032B53D9424AF4
:1023B000424B12681B78C2F30312082BBAD1032ACE
:1023C000B8D84FF080523E4BD2F80414C3F8201511
:1023D000D2F80814C3F82415D2F80C14C3F8281541
:1023E000D2F81014C3F82C15D2F81414C3F8301511
:1023F000D2F81814C3F83415D2F81C14C3F84015D9
:10240000D2F82014C3F84415D2F82414C3F84815A0
:10241000D2F82814C3F84C15D2F82C14C3F8501570
:10242000D2F83014C3F85415D2F83414C3F8601538
:10243000D2F83814C3F86415D2F83C14C3F8681500
:10244000D2F84014C3F86C15D2F84424C3F87025B0
:1024500070E7032A0CD8134B1B684FF08042002111
:10246000581CC2F80C11C2F81011C2F838159ED0D1
:102470000D4A1268A1E7134C1349144D2560144806
:10248000144AFB24C1F8184501681268124C21F067
:102490000F0102F00F020A434FF400710260216045
:1024A00050E700BF300100103401001000ED00E0E3
:1024B000386200200090D003E80F00F0E00F00F039
:1024C00000C000408C56004000F0004048810300EE
:1024D000E40E0040580200104096024070B4284CB0
:1024E000284B2568284CA3FB05639B0C02FB03F2D9
:1024F00054F82000254B1F28A3FB02324FEA92021A
:1025000034D80123002903FA00F114BF0846002043
:102510004FF0A04401E0013A25D0D4F810350B402B
:102520008342F8D001E0013A1DD0D4F810350B40B9
:102530008342F8D1002002E00130824213D0D4F867
:1025400010650E40B342F7D070B1114A43F2C82370
:10255000A2FB052503FB00F0AD0900F57A50B0FBA6
:10256000F5F070BC7047002070BC70472038012324
:10257000002903FA00F114BF08460020054CCCE7FF
:102580003862002083DE1B4374BF05004FECC44E4D
:10259000D34D62100003005008B5D3F799FE054BE8
:1025A0004FF080525A6040BFBFF34F8FBFF36F8F21
:1025B00008BD00BF00ED00E0704700BF704700BFDE
:1025C000044B036010B46423034C0C6013605DF88B
:1025D000044B704790C90020E4C90020054B0360FC
:1025E00010B44FF48073044C0C6013605DF8044B1E
:1025F000704700BF74CB0020C8CB002070B51F4CC3
:1026000084B04FF0FF3203A92068FDF77FFB00285C
:10261000F7D00398037A4568052B0DD8DFE803F05F
:10262000272A221C1503D0E90361D0E90523C069DC
:1026300000903046A847039803681BB11846FCF782
:10264000EBFF0398FCF7E8FFDBE7D0E90523D0E9CF
:102650000301A8470398EFE7D0E90412C068A84730
:102660000398E9E7D0E90301A8470398E4E7A847FE
:102670000398E1E7C068A8470398DDE7CCCF0020C6
:102680002DE9F0432D4B2E4C5B6885B0C3F3080356
:10269000019001AF2068002B44D0002339461A4630
:1026A000FDF78EFA01283AD0DFF89880D8F80000BC
:1026B000002240000421FDF731F8064678B3DFF828
:1026C0008890D9F80000FEF77BF8FFF727F802E0C2
:1026D0003046FDF765F8002203A92068FDF716FBD8
:1026E00000230546642203A90028F1D12068FDF7E4
:1026F00055FE2660FFF71CF8D9F80000FEF712F926
:10270000D8F800300D4A20685B00C8F800305368E4
:10271000C3F30803394653B96422FDF741F805B005
:10272000BDE8F08339466422FDF73AF8BAE72B4654
:102730002A46FDF745FA05B0BDE8F08300ED00E05C
:10274000CCCF0020C8CF0020D0CF00202DE9F84307
:102750009DF8205006460F4691469846CDB1A800F8
:102760000C30FCF73FFF044688B10023C0F804900A
:102770000572036006B177B92DB1AA00414604F194
:102780000C0001F05CFB2046FFF77AFF0120BDE85A
:10279000F8831020E5E73846FCF724FF81462060E7
:1027A000A0B13A46314601F04AFB002DEBD0691E3C
:1027B000C9B208EB8101A8F1040353F8042FB24217
:1027C00008BFC3F800909942F7D1D6E72046FCF73E
:1027D00023FF4846DBE700BF30B540230B4D83B0F5
:1027E00004460022184604212B60FCF797FF084B93
:1027F000084918600223CDE90031A2B2002306493E
:102800000648FDF763FF03B030BD00BFC8CF00200E
:10281000CCCF0020D0CF002090C00500FD250500C2
:102820004CDF704711DF704712DF704708B5044670
:10283000FFF7F8FF0D4B4FF080414FF0FF32C3F828
:102840008020C3F88021C3F88420C3F88421C1F814
:102850001C45BFF34F8F0649064BCA6802F4E0627D
:102860001343CB60BFF34F8F00BFFDE700E100E0F3
:1028700000ED00E00400FA054FF08043194AD3F858
:102880000014194830B41160D3F80054D3F8002470
:10289000164C17492A43C3F80024D4F84025026097
:1028A00001224FF40030C3F818259A60C1F8800067
:1028B000BFF34F8FBFF36F8F0E4C03F588334FF08C
:1028C000A0454FF480304FF0FF31C3F84803C3F800
:1028D00008035A609A60C5F80815C4F8081530BC9A
:1028E000704700BFD4CF0020D8CF002000A0004008
:1028F00000E100E00003005008B55720FFF796FF05
:1029000008B54E20FFF792FF08B5A820FFF78EFF0D
:1029100000B583B00DF10300FFF786FF9DF803209B
:10292000BAB9114B0121C3F800211A461960D2F837
:102930000031002BFBD0D2F8080500EE100ABAEEE9
:10294000CF0A012100235160C2F8003103B05DF8C5
:1029500004FB01A8FFF764FF9DED010ABAEECF0A60
:1029600003B05DF804FB00BF00C00040014B1860DD
:10297000704700BF3C62002002381549042822D865
:10298000DFE800F0090F151B0300124B01200222A3
:1029900008601A6070470F4B0020012208601A601F
:1029A00070470C4B0020022208601A607047094BE8
:1029B0000020032208601A607047064B00200422A2
:1029C00008601A607047034A00230B601360704769
:1029D000E4CF0020E0CF00202F2819D8F0B4614BBD
:1029E00053F82030023B82B01D2B00F2B980DFE8A3
:1029F00003F011A4A6A8B7B7B7B7B7B7B7B7B7B7BB
:102A0000B7B7B7B7B7B7B7B7B7B7B7B7AAACAEB07E
:102A1000002070470127544B1C680023082CADF898
:102A2000063040F398800A2C40F397800D2CB5BFF8
:102A30000C250E25022303234C494D4AC1F8F035DD
:102A400001260023DFF834C14A48C1F80065C1F807
:102A50001435C1F81035C2F81435C2F81035C2F873
:102A60002435C2F82035C2F83435C2F83035C2F802
:102A70004435C2F84035C2F85435C2F85035C2F872
:102A80006435C2F86035C2F87435C2F870353A4A18
:102A9000DCF8003000681268DFF8E4C01B020003B5
:102AA00000F4805003F4E0631204034302F4E022D4
:102AB0009CF80000134343EA00630DF10602C1F8DD
:102AC00018350846C1F81475C1F81075C1F82C26E0
:102AD000C1F830660E60D0F80031002BFBD0002129
:102AE0000123224AC0F800114360D2F80431002BC0
:102AF000FBD0002001231D49C2F804019360D1F8E6
:102B00001431002BFBD00023C1F81431BDF806208E
:102B1000120448BFADF80630144B0022C3F800255C
:102B2000BDF80600AC4200B204D035BF2C1B641BBC
:102B3000E040A04002B0F0BC704702276BE70327DB
:102B400069E7042767E7052765E7062763E707279F
:102B500061E708275FE708256EE70A2501236BE791
:102B60000020E7E774BF05003C62002000700040D1
:102B700010700040E4CF0020E8CF0020E0CF00201C
:102B8000DCCF00202F281BD83C4B53F820301F2BC4
:102B900086BF03F01F033A4A4FF0A0420E290FD818
:102BA000DFE801F0655F59534D474039322B241D52
:102BB000160F080003F5E07340F2037142F823108A
:102BC000704703F5E07340F2036142F82310704749
:102BD00003F5E07340F2035142F82310704703F508
:102BE000E07340F2034142F82310704703F5E073AD
:102BF00040F2033142F82310704703F5E07340F2CE
:102C0000032142F82310704703F5E07340F20311EB
:102C100042F82310704703F5E0734FF4403142F857
:102C20002310704703F5E0734FF4003142F823108E
:102C3000704703F5E073134942F82310704703F51A
:102C4000E073114942F82310704703F5E073042143
:102C500042F82310704703F5E0730C2142F823106B
:102C6000704703F5E073032142F82310704703F522
:102C7000E073002142F82310704700BF74BF0500C5
:102C800000030050040002000C0003002F2811D89C
:102C90000A4B53F820301F2B88BF03F01F034FF05F
:102CA00001028CBF06484FF0A04002FA03F311B1B5
:102CB000C0F808357047C0F80C35704774BF050080
:102CC000000300502F2818D80D4B53F820201F2A3E
:102CD0008ABF0C494FF0A04102F01F02D1F8140541
:102CE00001239340034214BFD1F80425D1F81025E5
:102CF000134214BF0120002070470020704700BF1E
:102D000074BF0500000300502F280DD8074B53F85F
:102D100020201F2A86BF02F01F0205494FF0A04164
:102D200001239340C1F80835704700BF74BF050008
:102D3000000300502F280DD8074B53F820201F2ADE
:102D400086BF02F01F0205494FF0A04101239340C6
:102D5000C1F80C35704700BF74BF05000003005078
:102D600030B401600022BFF35B8F4260BFF35B8F22
:102D700001688260FF254FF0FF340582C2608274D3
:102D8000C1F8644530BC7047214B5B6809B900202D
:102D9000704710B4BFF35B8F4368BFF35B8F9942FA
:102DA00000F1040416D0BFF35B8F4368BFF35B8F61
:102DB00083B90368D3F86025D3F86405D2430028AB
:102DC000D3F868054FEAD272A8BF0132002805DBAC
:102DD000D3F86C3500205DF8044B7047D3F86C05D0
:102DE0000028F7DA002AF5D1D3F80035002BF1D10D
:102DF000BFF35B8F54E8003F002B03D144E800127F
:102E0000002AF7D1BFF35B8F0CBF01200020E2E75F
:102E100000ED00E01F4B5B6809B90020704710B45B
:102E2000BFF35B8F4368BFF35B8F8B4200F10404F9
:102E300003D000205DF8044B70470368D3F8602589
:102E4000D3F86405D2430028D3F868054FEAD2725C
:102E5000A8BF0132002802DBD3F86C35E9E7D3F8CC
:102E60006C050028E5DA002AE3D1D3F80035002B01
:102E7000DFD1BFF35B8F54E8003F8B4203D144E8BE
:102E800000200028F7D1BFF35B8F0CBF012000208A
:102E9000D0E700BF00ED00E008B509490948FFF799
:102EA0005FFF09490948FFF75BFF09490948FFF738
:102EB00057FF09490948BDE80840FFF751BF00BF67
:102EC00000C00140ECCF00200010024000D00020E4
:102ED0000020024014D0002000D0024028D0002062
:102EE00000F108034FF0FF3100228160026043606F
:102EF000C0E90333704700BF00230361704700BF80
:102F00004368026810B49C688C609C684B60013216
:102F1000616099605DF8044B08610260704700BF12
:102F200030B40D686B1C11D000F1080200E01A46A5
:102F300053681C68AC42FAD904684B60013499604C
:102F40008A6051600861046030BC70470269536850
:102F5000F2E700BF42688168036910B4916081683C
:102F60005C684A601A68844208BF5960013A0021CF
:102F700001611A6018685DF8044B70470B46014602
:102F8000184600F057BE08B500F02EFE08B500F058
:102F90002BFE000010EE102A22F00041CB0D7F3BEB
:102FA000162B1CDC002B10EE100A21DB19491941ED
:102FB0000A421CD0DFED187A70EE277AF5EEC07A5F
:102FC000F1EE10FA13DD002A04DD4FF4000242FA9C
:102FD00003F3184420EA010300EE103A7047B1F100
:102FE000FF4F04D330EE000A70479FED0C0A704784
:102FF000DFED097A70EE277AF5EEC07AF1EE10FA7D
:10300000F5DD002AF1DB0029F7EE007A18BFB0EEFB
:10301000670A7047FFFF7F00CAF249710000008015
:1030200010EE102A22F00041CB0D7F3B162B1CDC4A
:10303000002B10EE100A1EDB194919410A4227D055
:10304000DFED187A70EE277AF5EEC07AF1EE10FA1D
:103050001EDD002A04DA4FF4000242FA03F318449A
:1030600020EA010300EE103A7047B1F1FF4F0FD391
:1030700030EE000A7047DFED0B7A70EE277AF5EE3E
:10308000C07AF1EE10FA03DD002A02DB9FED060A9A
:1030900070470029FFEE007A18BFB0EE670A70474C
:1030A000FFFF7F00CAF249710000000081F000417B
:1030B00002E000BF83F0004330B54FEA41044FEA1D
:1030C000430594EA050F08BF90EA020F1FBF54EAB8
:1030D000000C55EA020C7FEA645C7FEA655C00F054
:1030E000E2804FEA5454D4EB5555B8BF6D420CDD25
:1030F0002C4480EA020281EA030382EA000083EAA8
:10310000010180EA020281EA0303362D88BF30BD47
:1031100011F0004F4FEA01314FF4801C4CEA11319D
:1031200002D0404261EB410113F0004F4FEA0333FC
:103130004CEA133302D0524263EB430394EA050F87
:1031400000F0A780A4F10104D5F1200E0DDB02FAF6
:103150000EFC22FA05F2801841F1000103FA0EF28A
:10316000801843FA05F359410EE0A5F120050EF150
:10317000200E012A03FA0EFC28BF4CF0020C43FA81
:1031800005F3C01851EBE37101F0004507D54FF08E
:10319000000EDCF1000C7EEB00006EEB0101B1F5DE
:1031A000801F1BD3B1F5001F0CD349085FEA300024
:1031B0004FEA3C0C04F101044FEA445212F5800F2F
:1031C00080F09A80BCF1004F08BF5FEA500C50F1CC
:1031D000000041EB045141EA050130BD5FEA4C0CAF
:1031E000404141EB010111F4801FA4F10104E9D138
:1031F00091F0000F04BF01460020B1FA81F308BF2F
:103200002033A3F10B03B3F120020CDA0C3208DDFA
:1032100002F1140CC2F10C0201FA0CF021FA02F1D5
:103220000CE002F11402D8BFC2F1200C01FA02F145
:1032300020FA0CFCDCBF41EA0C019040E41AA2BF6A
:1032400001EB0451294330BD6FEA04041F3C1CDA32
:103250000C340EDC04F11404C4F1200220FA04F052
:1032600001FA02F340EA030021FA04F345EA0301FC
:1032700030BDC4F10C04C4F1200220FA02F001FABE
:1032800004F340EA0300294630BD21FA04F0294640
:1032900030BD94F0000F83F4801306BF81F48011D9
:1032A0000134013D4EE77FEA645C18BF7FEA655C4C
:1032B00029D094EA050F08BF90EA020F05D054EA1E
:1032C000000C04BF1946104630BD91EA030F1EBF23
:1032D0000021002030BD5FEA545C05D14000494127
:1032E00028BF41F0004130BD14F580043CBF01F51A
:1032F000801130BD01F0004545F0FE4141F4700100
:103300004FF0000030BD7FEA645C1ABF19461046DA
:103310007FEA655C1CBF0B46024650EA013406BFDB
:1033200052EA033591EA030F41F4002130BD00BF9A
:1033300090F0000F04BF0021704730B54FF4806457
:1033400004F132044FF000054FF0000150E700BFD8
:1033500090F0000F04BF0021704730B54FF4806437
:1033600004F1320410F0004548BF40424FF0000124
:103370003EE700BF42004FEAE2014FEA31014FEA67
:1033800002701FBF12F07F4393F07F4F81F06051B6
:10339000704732F07F4208BF704793F07F4F04BF01
:1033A00041F40021704730B54FF4607401F00045DE
:1033B00021F000411CE700BF50EA010208BF70473E
:1033C00030B54FF000050AE050EA010208BF70472F
:1033D00030B511F0004502D5404261EB41014FF498
:1033E000806404F132045FEA915C3FF4D8AE4FF0A0
:1033F00003025FEADC0C18BF03325FEADC0C18BF83
:10340000033202EBDC02C2F1200300FA03FC20FAD3
:1034100002F001FA03FE40EA0E0021FA02F1144420
:10342000BDE600BF70B54FF0FF0C4CF4E06C1CEA39
:1034300011541DBF1CEA135594EA0C0F95EA0C0FAA
:1034400000F0DEF82C4481EA030621EA4C5123EA1D
:103450004C5350EA013518BF52EA033541F480114C
:1034600043F4801338D0A0FB02CE4FF00005E1FBFF
:1034700002E506F00042E0FB03E54FF00006E1FB49
:1034800003569CF0000F18BF4EF0010EA4F1FF048C
:10349000B6F5007F64F5407404D25FEA4E0E6D41CC
:1034A00046EB060642EAC62141EA55514FEAC520DD
:1034B00040EA5E504FEACE2EB4F1FD0C88BFBCF559
:1034C000E06F1ED8BEF1004F08BF5FEA500E50F10A
:1034D000000041EB045170BD06F0004646EA0101D0
:1034E00040EA020081EA0301B4EB5C04C2BFD4EB02
:1034F0000C0541EA045170BD41F480114FF0000EFB
:10350000013C00F3AB8014F1360FDEBF002001F068
:10351000004170BDC4F10004203C35DA0C341BDCE2
:1035200004F11404C4F1200500FA05F320FA04F0B4
:1035300001FA05F240EA020001F0004221F00041E8
:1035400010EBD37021FA04F642EB06015EEA430E5B
:1035500008BF20EAD37070BDC4F10C04C4F120058B
:1035600000FA04F320FA05F001FA04F240EA02003E
:1035700001F0004110EBD37041F100015EEA430E0F
:1035800008BF20EAD37070BDC4F1200500FA05F22F
:103590004EEA020E20FA04F301FA05F243EA0203AE
:1035A00021FA04F001F0004121FA04F220EA0200BD
:1035B00000EBD3705EEA430E08BF20EAD37070BD03
:1035C00094F0000F0FD101F00046400041EB0101E3
:1035D00011F4801F08BF013CF7D041EA060195F0C5
:1035E000000F18BF704703F00046520043EB03037F
:1035F00013F4801F08BF013DF7D043EA060370476C
:1036000094EA0C0F0CEA135518BF95EA0C0F0CD076
:1036100050EA410618BF52EA4306D1D181EA0301BC
:1036200001F000414FF0000070BD50EA410606BFB6
:103630001046194652EA430619D094EA0C0F02D1FB
:1036400050EA013613D195EA0C0F05D152EA033640
:103650001CBF104619460AD181EA030101F000415E
:1036600041F0FE4141F470014FF0000070BD41F0A7
:10367000FE4141F4780170BD70B54FF0FF0C4CF481
:10368000E06C1CEA11541DBF1CEA135594EA0C0FA0
:1036900095EA0C0F00F0A7F8A4EB050481EA030EED
:1036A00052EA03354FEA013100F088804FEA0333D4
:1036B0004FF0805545EA131343EA12634FEA0222A2
:1036C00045EA111545EA10654FEA00260EF0004163
:1036D0009D4208BF964244F1FD0404F5407402D2B5
:1036E0005B084FEA3202B61A65EB03055B084FEA46
:1036F00032024FF480104FF4002CB6EB020E75EB43
:10370000030E22BFB61A754640EA0C005B084FEA6A
:103710003202B6EB020E75EB030E22BFB61A7546E7
:1037200040EA5C005B084FEA3202B6EB020E75EB32
:10373000030E22BFB61A754640EA9C005B084FEAAA
:103740003202B6EB020E75EB030E22BFB61A7546B7
:1037500040EADC0055EA060E18D04FEA051545EAA6
:1037600016754FEA06164FEAC30343EA52734FEA4F
:10377000C2025FEA1C1CC0D111F4801F0BD141EAC8
:1037800000014FF000004FF0004CB6E711F4801F2D
:1037900004BF01430020B4F1FD0C88BFBCF5E06F0D
:1037A0003FF6AFAEB5EB030C04BFB6EB020C5FEA1D
:1037B000500C50F1000041EB045170BD0EF0004E72
:1037C0004EEA113114EB5C04C2BFD4EB0C0541EAA4
:1037D000045170BD41F480114FF0000E013C90E6A1
:1037E00045EA060E8DE60CEA135594EA0C0F08BF65
:1037F00095EA0C0F3FF43BAF94EA0C0F0AD150EA64
:1038000001347FF434AF95EA0C0F7FF425AF1046F6
:1038100019462CE795EA0C0F06D152EA03353FF41E
:10382000FDAE1046194622E750EA410618BF52EA9B
:1038300043067FF4C5AE50EA41047FF40DAF52EA6F
:1038400043057FF4EBAE12E74FEA4102B2F1E043E9
:1038500024BFB3F5001CDCF1FE5C0DD901F0004C77
:103860004FEAC0024CEA5070B2F1004F40EB8300C7
:1038700008BF20F00100704711F0804F21D113F1F3
:103880003872BCBF01F00040704741F480114FEA2C
:103890005252C2F11802C2F1200C10FA0CF320FAB5
:1038A00002F018BF40F001004FEAC1234FEAD323D2
:1038B00003FA0CFC40EA0C0023FA02F34FEA43033C
:1038C000CCE77FEA625307D150EA01331EBF4FF0C5
:1038D000FE4040F44000704701F0004040F0FE40E0
:1038E00040F40000704700BF53B94AB9002908BF2F
:1038F00000281CBF4FF0FF314FF0FF3000F072B9CD
:10390000ADF1080C6DE904CE00F006F8DDF804E036
:10391000DDE9022304B070472DE9F047089E044614
:103920008846002B4BD18A42154667D9B2FA82F2FB
:103930004AB1C2F1200701FA02F320FA07F79540D5
:1039400047EA030894404FEA154E230CB8FBFEF7F4
:103950001FFA85FC0EFB178843EA084307FB0CF1AE
:10396000994209D9EB1807F1FF3080F01B81994289
:1039700040F21881023F2B445B1AA4B2B3FBFEF065
:103980000EFB103344EA034400FB0CFCA44509D9A8
:103990002C1900F1FF3380F00781A44540F2048127
:1039A00002382C4440EA0740A4EB0C0400271EB167
:1039B000D4400023C6E900433946BDE8F0878B4276
:1039C00009D9002E00F0EB800027C6E90001384637
:1039D0003946BDE8F087B3FA83F7002F47D18B4211
:1039E00002D3824200F2FA80841A61EB03030120C1
:1039F0009846002EE0D0C6E90048DDE702B9FFDEB8
:103A0000B2FA82F2002A40F08F80491B4FEA154E2D
:103A10001FFA85F80127B1FBFEFC230C0EFB1C11DD
:103A200043EA014308FB0CF1994207D9EB180CF16A
:103A3000FF3002D2994200F2CD808446591AA3B2D7
:103A4000B1FBFEF00EFB101443EA044408FB00F83F
:103A5000A04507D92C1900F1FF3302D2A04500F28E
:103A6000B6801846A4EB080440EA0C409FE7C7F173
:103A7000200CBB4022FA0CFE4EEA030E01FA07F4BA
:103A800020FA0CF521FA0CF34FEA1E482543B3FB4C
:103A9000F8F92C0C08FB19331FFA8EFA44EA034399
:103AA00009FB0AF49C4202FA07F200FA07F10BD96B
:103AB0001EEB030309F1FF3080F087809C4240F247
:103AC0008480A9F1020973441B1BADB2B3FBF8F06B
:103AD00008FB103345EA034400FB0AFAA24508D963
:103AE0001EEB040400F1FF336BD2A24569D9023802
:103AF000744440EA0940A0FB0289A4EB0A044C4547
:103B0000C2464B4654D351D0002E69D0B1EB0A05C2
:103B100064EB030404FA0CFCFD40FC404CEA050590
:103B2000C6E90054002747E7C2F1200320FA03F753
:103B3000954001FA02F021FA03F34FEA154E38439B
:103B4000010CB3FBFEF71FFA85F80EFB173341EAB1
:103B5000034107FB08F38B4204FA02F407D9691802
:103B600007F1FF3C2FD28B422DD9023F2944CB1ABB
:103B700081B2B3FBFEF00EFB103341EA034100FBC0
:103B800008F38B4207D9691800F1FF3C17D28B422A
:103B900015D902382944C91A40EA07473BE7374696
:103BA000304609E70746E7E61846FBE64145ABD253
:103BB000B8EB020A69EB0E0201381346A4E760462F
:103BC000E9E7184695E76746D1E781467CE7023882
:103BD0002C4447E7ACF1020C2B442FE7384608E7AA
:103BE0003746E9E6704700BF08B5062001F018F82F
:103BF000012003F00BF800001FB51C46094B1B68A1
:103C00000546D86852B1084B0091CDE90132074909
:103C10002B46224600F036F8FFF7E6FF044B1A4623
:103C2000F2E700BF506200209CC00500A9C005005B
:103C3000D7C0050010B5054C13462CB10A46014605
:103C40000220AFF3008010BD2046FCE7000000001A
:103C5000014B1868704700BF5062002008B5074B41
:103C6000044613B10021AFF30080054B1868836A46
:103C700003B19847204602F0C9FF00BF00000000D2
:103C8000D8C005000EB403B5014603AB054853F890
:103C9000042B0068019300F0DFF902B05DF804EB3B
:103CA00003B070475062002070B50D4E0D4CA41B40
:103CB000A4100025A54209D10B4E0C4C02F0A8FF20
:103CC000A41BA4100025A54205D170BD56F82530CF
:103CD00098470135EEE756F8253098470135F2E769
:103CE00020640020206400202064002084640020E0
:103CF00010B5044600F00EF82044407800F00700AC
:103D000010BD10B5044600F005F82044407800F0DE
:103D1000080010BD044B054A1B681B6A002B08BF36
:103D20001346D3F8EC00704750620020B4620020C4
:103D3000024B0146186800F00BB900BF506200202A
:103D4000024B0146186800F0B5B800BF5062002071
:103D500082B001B901A942B14BB113780B6012785E
:103D6000101C18BF012002B070471046FBE76FF02F
:103D70000100F8E700000000000000000000000063
:103D800001F0FF01102A2BDB10F0070F08D010F80C
:103D9000013B013A8B422DD010F0070F42B3F6D110
:103DA000F0B441EA012141EA014122F007047FF029
:103DB00000070023F0E80256083C85EA010586EA80
:103DC000010685FA47F5A3FA87F586FA47F6A5FABC
:103DD00087F68EB9EED1F0BC01F0FF0102F00702C8
:103DE00032B110F8013B013A83EA010313B1F8D173
:103DF0000020704701387047002D06BF3546033854
:103E0000073815F0010F07D1013015F4807F02BF8C
:103E1000013015F4C03F0130F0BC0138704700BFDD
:103E200030B50024A24201D1002007E0035D013437
:103E30000D1915F8015CAB42F4D0581B30BD10B51C
:103E4000431E0A44914200D110BD11F8014B03F802
:103E5000014FF7E7884210B501EB020307D8421E75
:103E600099420AD011F8014B02F8014FF8E783425A
:103E7000F5D98118D21AD34200D110BD13F8014DE3
:103E800001F8014DF7E702440346934200D1704721
:103E900003F8011BF9E738B502FB01F4214600F0F5
:103EA00057F8054618B122460021FFF7ECFF2846D7
:103EB00038BD000038B50546002945D051F8043C0E
:103EC0000C1F002BB8BFE41802F09AF81F4A1368C1
:103ED000104633B9636014602846BDE8384002F0EC
:103EE00090B8A3420CD921686218934204BF1A68A3
:103EF0005B68636004BF521822600460ECE71346FD
:103F00005A680AB1A242FAD919685818A0420BD1CE
:103F100020680144581882421960DDD11068526847
:103F20005A6001441960D7E702D90C232B60D3E70C
:103F3000206821188A4204BF11685268626004BF79
:103F4000091821605C60C7E738BD00BF3CD0002085
:103F500070B5CD1C25F0030508350C2D38BF0C2598
:103F6000002D064601DBA94203D90C233360002053
:103F700070BD02F045F8214A1468214691B9204CE1
:103F800023681BB9304600F013FE206029463046F6
:103F900000F00EFE431C24D10C233360304602F0A7
:103FA00030F8E4E70B685B1B18D40B2B0FD90B60C0
:103FB000CD50CC18304602F024F804F10B00231D3C
:103FC00020F00700C31AD3D05A42E250D0E78C4207
:103FD0004B6816BF636013600C46EBE70C464968FC
:103FE000CCE7C41C24F00304A04205D0211A3046BB
:103FF00000F0DEFD0130CFD02560DBE73CD00020B3
:1040000040D000209368013B002B10B4936008DA85
:104010009469A34201DB0A2903D15DF8044B00F047
:10402000F1BE1368581C1060197008465DF8044B07
:104030007047F8B506460F461446D518AC4201D174
:10404000002007E03A4614F8011B3046FFF7DAFF7C
:10405000431CF3D1F8BD00002DE9F04F9DB00C4694
:1040600017460393064618B183690BB901F0CCFEDD
:104070007B4B9C4257D17468A38918075DD523698F
:10408000002B5AD00023099320238DF829303023A8
:104090008DF82A304FF0010BB846454615F8013B24
:1040A0000BB1252B54D1B8EB070A0BD053463A4637
:1040B00021463046FFF7BDFF013000F0C280099B6A
:1040C0005344099398F80030002B00F0BA80002385
:1040D0004FF0FF32CDE90523049307938DF8533059
:1040E0001A93A846052218F8011B5E48FFF748FE00
:1040F000049B78BBD90644BF20228DF853201A07B1
:1041000044BF2B228DF853202A782A2A2AD0079AD6
:10411000A84600200A25414611F8013B303B092BF7
:1041200069D960B324E0504B9C4201D1B468A3E745
:104130004E4B9C4208BFF4689EE72146304600F093
:10414000C1FE00289ED04FF0FF301DB0BDE8F08FBB
:10415000A846A2E7434A801A0BFA00F018430490DD
:104160004546BEE7039A111D12680391002A01DB40
:10417000079204E0524243F002030792049398F836
:1041800000302E2B0ED198F801302A2B38D1039B0A
:104190001A1D1B680392002BB8BF4FF0FF3308F1C4
:1041A00002080593324D98F8001003222846FFF7C5
:1041B000E7FD40B14023401B03FA00F0049B03439A
:1041C00008F10108049398F800102A488DF8281087
:1041D000062208F10107FFF7D3FD002837D0264B50
:1041E0001BBB039B073323F0070308330393099B8F
:1041F0004B44099350E705FB0232012088468AE7C9
:10420000002308F10108059319460A25404610F8D5
:10421000012B303A092A03D9002BC3D00591C1E7FD
:1042200005FB012101238046F0E703AB0093224602
:10423000124B04A9304600F0B7F8B0F1FF3F8146B9
:10424000D5D1A3895B063FF57EAF09987DE703AB27
:1042500000932246094B04A9304600F05BFBECE7D3
:104260005CC20500E6C005007CC205003CC205003A
:10427000ECC00500F0C00500A9430500334005006F
:104280002DE9FF4755EC104B0D9FDDF830A0002DB8
:104290000E4691461946B8BF22462B4627F0200706
:1042A000BBBF05F100431D4600232D23B8BF1446B4
:1042B000462F0B7004D0452F00D10136022100E0BB
:1042C000032103AB019302AB00933246534645EC06
:1042D000104B00F0F1FE472F804602D119F0010F7C
:1042E00026D0462F08EB060911D198F80030302B64
:1042F0000AD1002200232046294602F0DFFB18B92C
:10430000C6F10106CAF80060DAF8003099440022CC
:1043100000232046294602F0D1FB38B93022039B06
:104320004B4505D2591C03911A70F8E7CDF80C9053
:10433000039B0E9AA3EB08034046136004B0BDE84C
:10434000F087F7B500290446BABF49422D232B2335
:10435000092904F8022B437020DD0DF107031F46E5
:104360000A2691FBF6F506FB15113031092D03F8ED
:10437000011C03F1FF32294609DC3031023B02F80F
:10438000011CBB42224604D3101A03B0F0BD1346F1
:10439000E7E713F8012B04F8012BF2E73023194467
:1043A0008370021DC170EFE72DE9F04F8DB00C4610
:1043B000DDF8588016461F46054601F0AFFD03683C
:1043C0000493184600F09BFC00230A93D8F80030B1
:1043D0000590073323F0070303F1080294F818A0AF
:1043E000D4F800B0C8F80020D3E90023C4E91223B0
:1043F000D4E9128929F000430793CDF818804FF0D3
:10440000FF32A74BDDE9060102F08AFB70BB4FF0DB
:10441000FF32A34BDDE9060102F064FB30BB002252
:1044200000234046494602F053FB10B12D2384F887
:1044300043309C4A9C4BBAF1470F8CBF904698463C
:1044400003232BF00402236122604FF00009009740
:1044500033460BAA2146284600F0E6F9013040F029
:104460008D804FF0FF300DB0BDE8F08F42464B46D7
:104470004046494602F054FB10B18C4A8C4BDAE7B7
:1044800061684B1C4BF480620AA83ED1062363602E
:104490000023CDE9020309AB009349EC108B0DF129
:1044A00023032260CDF804A061682846FFF7E8FEE8
:1044B0000AF0DF03472B804609D1099BD81C02DB99
:1044C0006268934247DDAAF1020A5FFA8AFABAF1FA
:1044D000650F099924D80139524604F15000099119
:1044E000FFF72FFF0A9A1318012A8146236102DC85
:1044F0002268D10701D5013323619DF82330002BB9
:10450000A5D02D2384F84330A1E7BAF1670F00F05E
:104510007781BAF1470FBBD10029B9D10123B6E7A2
:10452000BAF1660F19D1002963680CDD216113B956
:104530002268D20702D501330B442361099BA3658E
:104540004FF00009D9E713B92268D00701D502332B
:10455000F3E70123F1E74FF0670ADDE909329342FF
:1045600005DB22682361D107E8D50133E5E7002B9D
:10457000D4BFC3F1020301231344DEE723685A05C5
:1045800007D42369424631462846B84701302BD12B
:1045900067E7BAF1650F40F2DC8000220023D4E91E
:1045A000120102F08BFA002833D00123414A314630
:1045B0002846B84701303FF454AFDDE909239A4259
:1045C00002DB2368D8070FD5DDE9042331462846EE
:1045D000B84701303FF445AF4FF0000804F11A0925
:1045E0000A9B013B434509DC23689B0700F10381DB
:1045F000E0680B9B9842B8BF184634E701234A464F
:1046000031462846B84701303FF42BAF08F1010886
:10461000E6E7099B002B2BDC0123264A314628467E
:10462000B84701303FF41DAF099B23B90A9B13B96A
:104630002368D907D8D5DDE9042331462846B84791
:1046400001303FF40EAF4FF0000904F11A0A099B44
:104650005B424B4501DC0A9B94E7012352463146FD
:104660002846B84701303FF4FCAE09F10109EEE7F6
:104670000A9AA36D9A42A8BF1A46002A914607DDFE
:104680001346314642462846B84701303FF4E9AE6A
:1046900004F11A034FF0000B29EAE979069315E0BB
:1046A000FFFFEF7FFBC00500F7C0050003C1050059
:1046B000FFC0050007C105000123069A31462846C0
:1046C000B84701303FF4CDAE0BF1010BD4F858A040
:1046D000AAEB09035B45EFDCDDE909239A42D044EC
:1046E00015DB2368DA0712D40A9B0999A3EB0A02A7
:1046F000A3EB010A9245A8BF9246BAF1000F0EDC67
:104700004FF000082AEAEA7A04F11A0919E0DDE913
:10471000042331462846B8470130E5D1A1E6534687
:10472000424631462846B8470130E9D199E601238F
:104730004A4631462846B84701303FF492AE08F168
:104740000108DDE909239B1AA3EB0A034345EEDCCC
:104750004AE70A9A012A01DCDB073AD501234246DF
:1047600031462846B84701303FF47BAEDDE90423EB
:1047700031462846B847013008F101083FF471AED0
:104780000A9B002203F1FF3AD4E91201002302F050
:1047900095F9C8B95346424631462846B8470130D4
:1047A0000ED15EE60123524631462846B847013015
:1047B0003FF457AE08F101080A9B013B4345F1DC89
:1047C0004B4604F15002DEE64FF0000804F11A0AED
:1047D000F2E70123DFE701234A4631462846B8477E
:1047E00001303FF43EAE08F10108E3680B9A9B1AD2
:1047F0004345F0DCFCE64FF0000804F11909F4E74A
:1048000000293FF48BAE0023CDE9020309AB0093EE
:1048100049EC108B2260CDF804A00DF1230328464B
:10482000FFF72EFD804648E62DE9F04791461F46EA
:104830008A680B69DDF820809342B8BF1346C9F837
:10484000003091F8432006460C4612B10133C9F8F6
:1048500000302368990642BFD9F800300233C9F806
:104860000030256815F0060507D104F1190AE36840
:10487000D9F800209B1AAB4228DC94F84330226818
:10488000003318BF012392062DD404F143023946A8
:104890003046C047013020D02368E568D9F80020B1
:1048A00003F00603042B08BFAD1AA36822690CBFEE
:1048B00025EAE57500259342C4BF9B1AED184FF019
:1048C00000091A344D451AD1002008E00123524650
:1048D00039463046C047013003D14FF0FF30BDE8C4
:1048E000F0870135C3E7E1185A1C302081F84300F6
:1048F000224494F8451082F843100233C5E701239F
:10490000224639463046C0470130E6D009F1010958
:10491000D8E700002DE9F04301F1430C0C46097E75
:1049200085B06E291746064698460C9A00F0B3806B
:1049300022D8632936D00AD8002900F0B980582936
:1049400000F0838004F1420584F8421032E06429CB
:1049500001D06929F6D120681368050603F1040126
:104960002AD51B681160002B03DA2D225B4284F8E4
:1049700043206F480A2239E0732900F09D8008D84F
:104980006F2920D07029DDD1236843F020032360F4
:1049900003E0752917D07829D4D1782384F84530DD
:1049A000644855E01368191D1B68116004F1420545
:1049B00084F8423001238CE01B68116010F0400F36
:1049C00018BF1BB2CFE713682568181D10602806B2
:1049D00001D51B6802E06806FBD51B8854486F2987
:1049E00014BF0A220822002184F843106568A560DC
:1049F000002DC0F29580216821F004012160002B78
:104A00003DD1002D40F08E806546082A0BD12368E9
:104A1000DB0708D5236962689A42DEBF302305F8B8
:104A2000013C05F1FF35ACEB05032361CDF80080B7
:104A30003B4603AA21463046FFF7F6FE01304DD132
:104A40004FF0FF3005B0BDE8F083394884F84510D9
:104A5000136821681D1D1B6815600A060BD5CA075F
:104A600044BF41F0200121601BB9226822F02002DE
:104A700022601022B7E74D0648BF9BB2EFE76546BC
:104A8000B3FBF2F102FB1133C35C05F8013D0B46A9
:104A90000029F5D1B9E7136825686169181D106010
:104AA00028061B6801D5196002E06A06FBD519804B
:104AB000002323616546B9E71368191D11601D685D
:104AC000626800212846FFF75BF908B1401B60606F
:104AD00063682361002384F84330A7E723692A46EB
:104AE00039463046C0470130AAD023689B0713D40B
:104AF000E068039B9842B8BF1846A3E701234A46E3
:104B000039463046C04701309AD00135E368039AF0
:104B10009B1AAB42F2DCEBE7002504F11909F5E73B
:104B2000002BACD1037884F8423004F142056CE7E5
:104B300009C105001AC1050038B5134B1C68A36BE9
:104B40007BB91820FAF74EFD104A114BA063C0E95B
:104B50000023104B83600B23838101220023C0E9D3
:104B60000423A16B0C480A694B690C4C504304FBAD
:104B70000300A2FB04230344541C43F10005C1E9D4
:104B8000044525F0004038BD506200200E33CDAB07
:104B900034126DE6ECDE05002DF451582D7F954C56
:104BA000024B0A460146186801F008BD5062002019
:104BB00038B5064C0023054608462360FCF7E2FFA3
:104BC000431C02D1236803B12B6038BD64D00020A0
:104BD0001F2938B504460D4604D9162303604FF04B
:104BE000FF3038BD426C12B152F821304BB920462B
:104BF00000F030F82A4601462046BDE8384000F073
:104C000017B8012B0AD0591C03D1162303600120C9
:104C1000E7E7002442F82540284698470020E0E7CF
:104C2000024B01461868FFF7D3BF00BF5062002057
:104C300038B5074C0023054608461146236001F0AD
:104C4000CDFF431C02D1236803B12B6038BD00BFE8
:104C500064D0002001F0B2BF0CB430B5174B0C1E6D
:104C60009DB01D6808DA8B232B604FF0FF301DB01C
:104C7000BDE8304002B070474FF40273ADF8143015
:104C800014BF04F1FF332346049307934FF6FF73D9
:104C900002900690ADF81630209A21AB02A9284662
:104CA000019301F00BFD431CBCBF8B232B60002C38
:104CB000DDD0029B00221A70D9E700BF50620020AD
:104CC000C9B2034610F8012B1AB18A42F9D118462D
:104CD0007047002918BF0023F9E710F8012B11F8DD
:104CE000013B012A28BF9A42F7D0D01A70470346E9
:104CF00011F8012B03F8012B002AF9D17047034664
:104D000013F8012B002AFBD1181A0138704710B58F
:104D10006AB10139841810F8013B11F8012F934250
:104D200003D1A04201D0002BF5D1981A10BD104636
:104D3000FCE770B50139044602B970BD234611F88D
:104D4000015F03F8015B561E2DB91444A342F4D051
:104D500003F8015BFAE71C463246EDE710B503465F
:104D600001448B4202D01A785C1C0AB9181A10BD93
:104D70002346F6E710B50446FEF7CCFF20444378FF
:104D800003F00303012B08BF2034204610BD30B5CB
:104D9000141E05469BB0184605DA8B232B604FF096
:104DA000FF301BB030BD4FF40273ADF80C3014BFB0
:104DB00004F1FF332346029305934FF6FF730091EE
:104DC0000491ADF80E3002461E9B6946284601F05C
:104DD00075FC431CBCBF8B232B60002CE1D0009BD7
:104DE00000221A70DDE7000007B5009313460A465B
:104DF000014603480068FFF7CAFF03B05DF804FBF3
:104E000050620020F8B50E461446054618B1836975
:104E10000BB900F0F9FF214B9C422AD16C68A369C1
:104E2000A360A3891A072ED5236963B32369206879
:104E3000C01A6369F6B28342374604DC214628462D
:104E400000F078FF28BBA368013BA36023685A1CCD
:104E500022601E7063690130834204D0A389DB079E
:104E600019D50A2E17D12146284600F063FF90B1CC
:104E70000FE00B4B9C4201D1AC68D0E7094B9C4240
:104E800008BFEC68CBE72146284600F01BF8002855
:104E9000CCD04FF0FF373846F8BD00BF5CC20500EC
:104EA0007CC205003CC2050049B1FF2A85BF8A23A8
:104EB00003600A704FF0FF3098BF0120704708462A
:104EC00070470000324B70B51D6806460C4625B190
:104ED000AB6913B9284600F097FF2E4B9C420FD1C7
:104EE0006C68B4F90C309AB215072CD4D00611D4E2
:104EF0000922326043F04003A3814FF0FF303EE0CF
:104F0000254B9C4201D1AC68EBE7244B9C4208BF87
:104F1000EC68E6E7510712D5616B41B104F1440337
:104F2000994202D03046FEF7C5FF00236363A38990
:104F300023F02403A3810023636023692360A389F2
:104F400043F00803A38123694BB9A38903F42073B9
:104F5000B3F5007F03D02146304601F011F8A28955
:104F600012F001030CD00023A36063695B42A361CC
:104F7000236953B9B4F90C3013F08000BAD170BD75
:104F8000920758BF6369A360F2E70020F7E700BF0C
:104F9000506200205CC205007CC205003CC20500D6
:104FA0002DE9F74F03690C69A3428046C0F2828065
:104FB000013C01F114074FEA840C00F1140657F884
:104FC000245056F8240006EB0C03013507EB0C09BE
:104FD0000193B0FBF5F595B34FF0000A3846B6469D
:104FE000D34650F8042B93B205FB03A34FEA134AB0
:104FF0009BB2ABEB0303120CDEF800B005FB02A280
:1050000013FA8BF34FEA124A1FFA82FBDEF80020F4
:10501000CBEB124202EB23429BB243EA02438145AF
:105020004FEA224B4EF8043BDBD256F80C3033B932
:10503000019B043B9E421A4630D3C8F810404046BC
:1050400001F0F6F9002825DB013530464FF0000C61
:1050500057F8042BD0F800E093B2ACEB0303120C2A
:1050600013FA8EF3C2EB1E4202EB23429BB243EAD9
:105070000243B9454FEA224C40F8043BE8D256F8C7
:10508000242006EB84032AB9043B9E421A460BD324
:10509000C8F81040284603B0BDE8F08F1268043B02
:1050A000002ACAD1013CC5E71268043B002AEFD1AF
:1050B000013CEAE70020EEE72DE9F04F57EC106BDA
:1050C00097B0456A069104460B921293DDF88080F2
:1050D000CDE900673DB91020FAF784FA6062C0E9B3
:1050E00001550560C560636A196851B15A684A6024
:1050F000012393408B60204600F0B8FF636A0022D2
:105100001A603B1EBBBF23F0004301930023012222
:10511000ACBFC8F80030C8F80020AF4BDDF8048001
:1051200033EA080314D1129A42F20F731360009B02
:1051300023B9C8F31300002800F04285219BDFF853
:10514000ACB2002B00F044850BF1030300F03EBD30
:10515000DDE90067002200233046394601F0AEFC4D
:10516000814668B1129A01231360219B002B00F045
:1051700024859A4B219A03F1FF3B136000F028BD70
:1051800014AA15A947EC106B204601F0C8F9C8F322
:105190000A550490002D7CD0C7F3130343F07F5BC6
:1051A000B2464BF4401BA5F2FF35CDF84C900022DF
:1051B0008B4B50465946FDF77DFF81A3D3E9002371
:1051C000FEF730F980A3D3E90023FDF775FF06460B
:1051D00028460F46FEF7BCF87DA3D3E90023FEF76F
:1051E00021F902460B4630463946FDF765FF064673
:1051F0000F4601F0ABFC00228246002330463946C0
:1052000001F066FC48B15046FEF7A2F832463B4634
:1052100001F054FC08B90AF1FF3ABAF1160F59D857
:10522000704901EBCA01DDE90023D1E9000101F079
:105230006DFC002850D00AF1FF3A00230F93149B15
:105240005D1BB5F1010849BFC5F1010300230593BA
:105250004FF0000858BF0593BAF1000F3EDB002362
:10526000D044CDF838A00793069B092B00F290801C
:10527000052BC4BF043B0693069BA3F10203CCBFDE
:1052800000250125032B00F28F80DFE803F07D7FEE
:105290003171DDE914531D4405F23240202813DD3D
:1052A000C0F14000009B08FA00F805F2124023FA12
:1052B00000F048EA0000FEF73BF801238246A1F126
:1052C000F87B013D139372E7009BC0F1200003FAC5
:1052D00000F0F0E70123B1E70F90B0E7059BA3EBE7
:1052E0000A030593CAF10003079300230E93BBE75B
:1052F00001230A930B9B002B59DD02939946666AA2
:1053000000227260042202F114009842716853D99D
:10531000204600F077FE636A3060B9F10E0FD3F8D3
:1053200000B000F2E680002D00F0E3809DED007BF0
:10533000BAF1000F8DED107B74DD2A4A0AF00F03DD
:1053400002EBC30393ED007B4FEA2A16F0068DEDC6
:10535000087B65D5244BDDE91001D3E90823FEF76E
:105360008BF9CDE9000106F00F0603251E4F4CE036
:1053700001230A930B9B534403F1010902934B460B
:10538000012BB8BF0123BAE70023B2E70023F0E7FF
:105390000125002306930A954FF0FF3302939946A7
:1053A000002212230B92AAE701230A93F4E70123B8
:1053B000029399461A46F5E7013171605200A2E75F
:1053C00061436F63A787D23FB3C8608B288AC63F0B
:1053D000FB799F501344D33F0000F07F08C10500C4
:1053E0000000F83FC8C20500A0C2050035C2050094
:1053F000F10708D5DDE90801D7E90023FEF712F827
:10540000CDE90801013576100837002EF0D1DDE92D
:105410000823DDE90001FEF72FF9CDE900011AE0CC
:105420000225A3E700F0A080CAF100069F4BA04F21
:1054300006F00F0203EBC203D3E90023DDE91001FC
:10544000FDF7F0FFCDE90001361100230225002E03
:105450007FD1002BE1D10F9B002B00F08780DDE98D
:1054600000670022934B3046394601F031FB00289B
:105470007CD0B9F1000F79D0029B002B35DD0AF109
:10548000FF330893394600228B4B3046FDF7CAFFA5
:10549000CDE90001029F01352846FDF759FFDDE9FE
:1054A0000023FDF7BFFF0022844BFDF705FE0546F4
:1054B000A1F15076002F5DD10022814BDDE9000182
:1054C000FDF7F8FD2A463346CDE9000101F01EFB49
:1054D000002840F088822A4606F10043DDE90001F9
:1054E00001F0F6FA002840F07C82DDE91023CDE9D6
:1054F0000023159B002BC0F25081BAF10E0F00F370
:105500004C816A4B03EBCA0393ED007B0B9B002B92
:105510008DED027B80F2D880B9F1000F00F3D480CA
:1055200040F05E820022664B51EC170BFDF77AFFCC
:10553000DDE9002301F0E0FA4F464E46002840F036
:10554000348231230BF101058BF800300AF1010A96
:105550002FE2F20705D5D7E90023FDF763FF0135F8
:1055600001237610083772E7022574E7CDF820A0F2
:105570004F4691E74D4B03EBC70353E902010A9BEA
:10558000002B47D002460B4600204E49FEF774F828
:105590002A463346FDF78EFDCDE90C015D46DDE977
:1055A000000101F0D3FA0646FDF7D2FE02460B4693
:1055B000DDE90001FDF77EFD303605F8016BDDE920
:1055C0000C23CDE9000101F083FA002863D1DDE965
:1055D000002300203749FDF76DFDDDE90C2301F0C4
:1055E00077FA002840F0B780A5EB0B039F427FF7C6
:1055F0007CAF0022304BDDE90C01FDF713FF0022E8
:10560000CDE90C012C4BDDE90001FDF70BFFCDE9E5
:105610000001C4E72A463346FDF704FFCDE90C013B
:105620000BEB07055E46DDE9000101F08FFA074646
:10563000FDF78EFE303702460B46DDE90001FDF72F
:1056400039FD06F8017BAE42CDE900014FF00002C2
:1056500026D11C4BDDE90C01FDF72EFD02460B4661
:10566000DDE9000101F052FA002874D1DDE90C23D4
:1056700000201449FDF71EFD02460B46DDE900013E
:1056800001F026FA00283FF430AF15F8013C302B2A
:1056900005F1FF3202D0DDF820A04AE01546F4E71C
:1056A000054BFDF7BFFECDE90001BCE7C8C2050010
:1056B000A0C205000000F03F0000244000001C4094
:1056C000000014400000E03FDDE900675D46DDE9D1
:1056D000022330463946FDF7CFFF01F037FA804606
:1056E000FDF736FEDDE90223FDF79CFE02460B4680
:1056F0003046394608F13006FDF7DCFC05F8016B51
:10570000A5EB0B06B14502460B4639D1FDF7D4FC9B
:10571000DDE9022306460F4601F0F8F9C8B9DDE9D4
:1057200002233046394601F0C9F910B118F0010FD3
:105730000FD10499204600F099FC0023129A2B7097
:105740000AF101031360219B002B00F041821D60D0
:105750003EE2CDF820A015F8012C392A05F1FF33DF
:1057600008D19B450AD1089B0133089330238BF85D
:1057700000305B461A7801321A708CE71D46EAE762
:1057800000229B4BFDF74EFE0022002306460F46EB
:1057900001F094F900289AD0CBE70A9A002A00F089
:1057A0008B80069A012A6EDC139A002A67D003F2D6
:1057B0003343079F059D059A01211A44204605920F
:1057C000984400F0F3FC0646002D0CDDB8F1000F04
:1057D00009DD4545059A2B46A8BF4346D21A0592D6
:1057E000ED1AA8EB0308079BEBB10A9B002B67D0CF
:1057F0008FB131463A46204600F078FD049A0146C2
:105800000646204600F0DBFC04990890204600F094
:105810002DFC089B0493079BDA1B04D004992046B7
:1058200000F064FD04900121204600F0BFFC0E9BB7
:105830000746002B00F0D0811A460146204600F0B2
:1058400055FD069B012B074640DC009B002B39D100
:10585000019BC3F31303002B36D1019B23F00043BC
:105860001B0D1B052BB1059B0133059308F10108A6
:10587000012307930E9B002B2AD1012030E0149BBB
:10588000C3F1360395E7079B09F1FF37BB42BFBF62
:10589000079B0797FA1A0E9BBBBF9B180E93DF1B43
:1058A0000027B9F1000FB5BF059B059DA3EB0905C6
:1058B0004B46B8BF00237EE7079F059D0A9E83E7FE
:1058C000079AABE70023D4E7009BD2E700230793B6
:1058D0003B6907EB8303186900F01AFCC0F1200054
:1058E000404410F01F0047D0C0F12003042B3BDDE3
:1058F000059BC0F11C000344059305448044059BAF
:10590000002B05DD1A460499204600F03DFD049069
:10591000B8F1000F05DD39464246204600F034FD5F
:1059200007460F9B53B33946049800F081FD0028C9
:1059300024DA00230A220499204600F0AEFB0A9BD9
:1059400004900AF1FF3A002B00F04D81002331460C
:105950000A22204600F0A1FB029B002B06464FDCEA
:10596000069B022B4CDD11E0C9D0059A1C331A446A
:1059700005921D449844C2E70346F6E7B9F1000FCB
:1059800038DC069B022B35DDCDF80890029B63B90D
:1059900039460522204600F080FB01460746049860
:1059A00000F046FD00283FF7CCAD0B9B5D466FEA4B
:1059B000030A4FF000093946204600F057FB002E3D
:1059C0003FF4B7AEB9F1000F05D0B14503D0494659
:1059D000204600F04BFB3146204600F047FBA8E68E
:1059E00000273E46E1E7DDF820A03E46A9E500BFDE
:1059F000000024400A9BCDF80890002B00F0FA80AC
:105A0000002D05DD31462A46204600F0BDFC064645
:105A1000079B002B4CD07168204600F0F3FA3269E6
:105A200002320546920006F10C010C30FEF707FA2F
:105A300001222946204600F0A7FC009BCDF814B0B7
:105A400003F00103B1460793064639460498FFF771
:105A5000A7FA4946054600F13008049800F0E8FC32
:105A6000324600903946204600F0FCFCC3680246EE
:105A700003BB01460890049800F0DAFC089A03463C
:105A800011462046089300F0F1FA089BA3B9069A44
:105A900092B9079A82B9B8F1390F29D0009B002B2F
:105AA00001DD05F13108059B5D1C83F8008082E76C
:105AB0003046C2E70123E3E7009A002A04DB25D140
:105AC000069A1ABB079A0ABB002BECDD0122049947
:105AD000204600F059FC3946049000F0A9FC00284B
:105AE00003DCE0D118F0010FDDD0B8F1390FD8D1C7
:105AF000059B059A5D1C3923137015F8013C392B61
:105B000005F1FF324FD00133137054E7059A002B93
:105B100002F1010506DDB8F1390FE9D008F10108FD
:105B2000059BC2E7029A05F8018CA5EB0B03934293
:105B300021D000230A220499204600F0AEFAB14594
:105B400004904FF000034FF00A024946204605D169
:105B500000F0A3FA81460646059576E700F09DFA27
:105B60003146814600230A22204600F096FA064676
:105B7000F2E74FF0000901220499204600F004FCEE
:105B80003946049000F054FC0028B6DC02D118F02D
:105B9000010FB2D115F8013C302B05F1FF327FF433
:105BA0000AAF1546F6E7934505D131230AF1010AFC
:105BB0008BF80030FFE615469FE7DFF864B007E09A
:105BC000219BDFF860B01BB10BF10803219A136031
:105BD000584617B0BDE8F08F069B012B7FF735AE16
:105BE0000E9B079349E6029B002B03DC069B022BCE
:105BF0003FF7CCAE5D4639460498FFF7D1F900F186
:105C0000300805F8018B029AA5EB0B039A42B0DD30
:105C100000230A220499204600F03FFA0490EAE7A4
:105C200007C105002CC205008A892DE9F04105460F
:105C300010070C4658D44B68002B05DC0B6C002B6E
:105C400002DC0020BDE8F081E66A002EF9D00023D6
:105C500012F480522F68216A2B6032D0606DA389C4
:105C60005A0705D56368C01A636B0BB1236CC01A61
:105C700000230246E66A216A2846B047431CA389EE
:105C800006D129681D2948D8294ACA40D60744D5D3
:105C900000226260D9042269226004D5421C01D12D
:105CA0002B6803B96065616B2F600029C9D004F1CE
:105CB0004403994202D02846FEF7FCF800206063B6
:105CC000C0E701232846B047411CC8D12B68002BF0
:105CD000C5D01D2B01D0162B01D12F60B1E7A389B0
:105CE00043F04003A381ADE70F69002FA9D09307CC
:105CF0000E6808BF4B690F6018BF0023A6EB0708AA
:105D00008B60B8F1000F9CDD43463A46216AA66AD3
:105D10002846B047002806DCA38943F04003A3814E
:105D20004FF0FF308EE70744A8EB0008E9E700BF1B
:105D30000100402038B50B6905460C46DBB118B1AF
:105D400083690BB900F060F80C4B9C4209D16C6878
:105D5000B4F90C307BB121462846BDE83840FFF746
:105D600063BF074B9C4201D1AC68F1E7054B9C42F5
:105D700008BFEC68ECE7002038BD00BF5CC205003E
:105D80007CC205003CC20500002310B50446C0E9F2
:105D90000033836081814366C281C0E9043383613B
:105DA000194608225C30FEF76EF8054B6362054B1E
:105DB000A362054BE362054B2462236310BD00BF61
:105DC000A9680500CB68050003690500276905007F
:105DD000014900F085B800BF355D050070B54A1E69
:105DE000682555430E4605F17401FEF7B1F80446E7
:105DF00040B10021C0E900160C30A06005F1680236
:105E0000FEF741F8204670BD836910B5044633BBE8
:105E1000C0E912330365124B124A1B688262984232
:105E200004BF0123836100F01FF86060204600F08A
:105E30001BF8A060204600F017F80022E060042163
:105E40006068FFF7A1FF01220921A068FFF79CFF0E
:105E500002221221E068FFF797FF0123A36110BD22
:105E6000D8C00500D15D0500F8B51B4B1E68B369AD
:105E7000074613B93046FFF7C7FF4836D6E9013465
:105E8000013B03D5336833B13668F7E7B4F90C50FA
:105E90006DB16834F4E704213846FFF79FFF3060A6
:105EA0000028F1D10C233B6004462046F8BD0B4B83
:105EB0006566C4E90055A560C4E90335C4E9055524
:105EC0000822294604F15C00FDF7DDFFC4E90D5509
:105ED000C4E91255E9E700BFD8C005000100FFFF83
:105EE0002DE9F8438046894600F14804002614B99C
:105EF0003046BDE8F883D4E90175013F01D5246837
:105F0000F5E7AB89012B07D9B5F90E30013303D082
:105F100029464046C84706436835EEE7044B1B68F0
:105F2000186A044B002808BF1846F030704700BFBD
:105F300050620020B462002070B50E46B1F90E1018
:105F4000002996B014461D4607DA00232B60B3895A
:105F50001A0610D44FF480630EE06A4600F00AFD82
:105F60000028F2DB019A02F47042A2F500535A4273
:105F70005A412A60EEE740230020236016B070BD2E
:105F80008B8973B59D0706460C4607D504F1470378
:105F9000236023610123636102B070BD01AB6A46D7
:105FA000FFF7CAFF009905463046FDF7D1FF48B913
:105FB000B4F90C309A05EFD423F0030343F0020345
:105FC000A381E3E70D4BB362A389206043F0800314
:105FD000A381009B6361019B20615BB1B4F90E104A
:105FE000304600F0D9FC28B1A38923F0030343F025
:105FF0000103A381A3891D43A581CDE7D15D0500E0
:106000007047704770B5456A04460E463DB910208A
:10601000F9F7E8FA6062C0E901550560C560656A94
:10602000EB6883B1636ADB6853F82600B8B90121D5
:1060300001FA06F56A1D92002046FDF72CFF60B1BB
:10604000C0E901650EE0212204212046FDF723FF6F
:10605000636AE860DB68002BE4D1002070BD026851
:1060600043F826200023C0E90333F7E770B5446AFC
:1060700006460D463CB91020F9F7B4FA7062C0E943
:1060800001440460C4603DB1736A6A68DB6853F818
:106090002210296043F8225070BD2DE9F0410D69AE
:1060A0001F4606460C4601F1140C0023DCF80000E4
:1060B00081B202FB01710F0C000C02FB007089B26F
:1060C000013301EB00419D424FEA10474CF8041B9D
:1060D000ECDCD7B1A368AB4212DC61683046013119
:1060E000FFF790FF2269023204F10C018046920012
:1060F0000C30FDF7A4FE21463046FFF7B7FF4446BB
:1061000004EB850301355F6125612046BDE8F08120
:10611000020C12040346B2B90304102013F07F4F9F
:1061200004BF1B02083013F0704F04BF1B01043082
:1061300013F0404F04BF9B000230002B06DB5B00D6
:1061400003D5013070470020E8E72020704703683E
:1061500013F0070201460BD0DA0723D4980749BF92
:106160005B089B0801200B605CBF0B60022070473E
:1061700098B2A8B91B0C102013F0FF0F04BF1B0A24
:1061800008301A0704BF1B0904309A0704BF9B0894
:106190000230DA0702D45B0806D001300B6070478A
:1061A0001046E9E7002070472020704710B50C46E4
:1061B0000121FFF727FF01224461026110BD2DE993
:1061C000F74F14460A6923699A42B8BF0B468846BE
:1061D000BCBFA0461C46D8F81070D4F81090D8F870
:1061E0000830D8F8041007EB0906B342B8BF0131F4
:1061F000FFF708FF00F1140505EB860E2B46002281
:10620000734516D304F1140208F1140102EB89035B
:1062100001EB87070093009B019293420CD8002E5C
:1062200003DD5EF8043D002B5DD0066103B0BDE8E0
:10623000F08F43F8042BE3E7B2F800B0BBF1000F96
:1062400023D08946AC464FF0000859F8044BDCF8DF
:1062500000A0A3B21FFA8AFA0BFB03A34FEA144A69
:10626000DCF8004043444FEA14480BFB0A8404EB7B
:106270001344E2469BB243EA04434F454FEA1448B5
:106280004AF8043B2BD8CCF80480019BB3F802A059
:106290000432BAF1000F20D02B688946A8464FF08F
:1062A000000BB9F800C0B8F802400AFB0C445C448B
:1062B000C4469BB243EA04434CF8043B59F8043B00
:1062C000B8F804B01B0C0AFB03B303EB14434F45AF
:1062D0004FEA134B05D8C8F8043004359BE7D44681
:1062E000B3E7E046DDE7013E99E700002DE9F8431A
:1062F000154612F0030206460F4607D0013A214C1C
:10630000002354F82220FFF7C8FE0746AD1035D011
:10631000746A3CB91020F9F765F97062C0E901446C
:106320000460C460D6F82480D8F808404CB940F224
:1063300071213046FFF73AFF0023C8F808000446F1
:1063400003604FF00008EB070AD539462246304675
:10635000FFF735FF394681463046FFF787FE4F4647
:106360006D100BD0206838B9224621463046FFF721
:1063700026FF2060C0F800800446E4E73846BDE808
:10638000F88300BF90C305002DE9F0470C464FEAA3
:10639000621A236949680AEB0309A368074616468F
:1063A00009F10105AB4232DB3846FFF72BFE002333
:1063B000804600F114011A4653452BDB20692AEA76
:1063C000EA7A04F1140316F01F0201EB8A0103EBD1
:1063D000800C25D0C2F1200E00201E688A4696400F
:1063E00030434AF8040B53F8040B9C4520FA0EF096
:1063F00014D8486008B109F10205013D3846C8F8D3
:1064000010502146FFF732FE4046BDE8F0870131CB
:106410005B00C7E741F823200133CDE75146DCE7B5
:10642000043953F8042B41F8042F9C45F9D8E4E7CC
:1064300003690A699B1A30B50CD1920014301431EB
:106440008418114454F8045D51F8042D954203D08A
:1064500005D30123184630BDA042F3D3FAE74FF02D
:10646000FF33F7E72DE9F0470D460746114628466A
:106470001446FFF7DDFF061E08D131463846FFF708
:10648000C1FD0123C0E90436BDE8F087A4BF23465F
:106490002C4638466168A6BF1D4600260126FFF738
:1064A000B1FD2B69C660266905F1140904F11402D7
:1064B00002EB860709EB830800F114054FF0000E8C
:1064C00052F804AB59F8044B1EFA8AF1A3B2C91A68
:1064D000230CC3EB1A4303EB214389B24FEA234E4B
:1064E000C84541EA0343944645F8043BE8D8BC4517
:1064F00004D355F8043D83B10661C5E75CF8041B7D
:106500001EFA81F31A1402EB11429BB243EA0243D2
:106510004FEA224E45F8043BE9E7013EE9E72DE961
:10652000F7430E46012159EC108B1546FFF76AFD23
:10653000C9F30A540746C9F3130334BB0193B8F1F6
:10654000000327D002A840F8083DFFF700FE00999D
:10655000F0B1019AC0F1200302FA03F30B43C240E9
:106560007B610192019BBB61002B14BF02210121C1
:106570003961C4B1A4F2334404443460C0F135003D
:106580002860384603B0BDE8F08343F48013D5E7B4
:106590007961E7E701A8FFF7DAFD019B7B61012143
:1065A00039612030E5E707EB8103A0F2324030602B
:1065B0001869FFF7ADFDC0EB4110E1E7F8B50746FC
:1065C00014460E4621B91146BDE8F840FDF7C0BC9F
:1065D00022B9FDF76FFC25462846F8BD00F0FEF90C
:1065E000A0420FD221463846FDF7B2FC05460028EE
:1065F000F2D031462246FDF722FC31463846FDF7FF
:1066000059FCE9E73546E7E72DE9F0478E689E42F9
:1066100082460C469046994637D88A8912F4906F84
:1066200031D0256809696F1A6569022305EB4505B4
:1066300095FBF3F509F101033B449D4238BF1D462C
:10664000530530D52946FDF783FC064650B90C2387
:10665000CAF80030A38943F04003A3814FF0FF3014
:10666000BDE8F0873A462169FDF7E9FBA38923F4E9
:10667000906343F08003A381266165613E44ED1B76
:106680002660A5604E464E4500D94E4632464146EC
:106690002068FDF7DFFBA3689B1BA36023681E44F3
:1066A00026600020DCE72A46FFF788FF0646002820
:1066B000E2D121695046FDF7FDFBC8E72DE9F04F17
:1066C0009DB0804603938B891D060C4616460FD558
:1066D0000B696BB94021FDF73BFC2060206128B9B4
:1066E0000C23C8F800304FF0FF30C7E0402363614F
:1066F0000023099320238DF8293030238DF82A3088
:106700004FF0010B37463D4615F8013B0BB1252BE9
:106710003ED1B7EB060A0BD05346324621464046DF
:10672000FFF772FF013000F0A480099B53440993E6
:106730003B78002B00F09D8000234FF0FF32CDE925
:106740000523049307938DF853301A932F4605229F
:1067500017F8011B4F48FDF713FB049BD0B9D9066E
:1067600044BF20228DF853201A0744BF2B228DF8F6
:1067700053202A782A2A15D0079A2F4600200A2566
:10678000394611F8013B303B092B4DD9B8B10FE028
:106790002F46B8E73F4A801A0BFA00F018430490DE
:1067A0003D46D3E7039A111D12680391002A01DBCD
:1067B000079204E0524243F00203079204933B78AD
:1067C0002E2B0CD17B782A2B33D1039B1A1D1B68EF
:1067D0000392002BB8BF4FF0FF33023705932E4DC5
:1067E000397803222846FDF7CBFA38B14023401B05
:1067F00003FA00F0049B03430137049339782748D8
:106800008DF8281006227E1CFDF7BAFA002838D031
:10681000234B13BB039B073323F007030833039376
:10682000099B4B4409936DE705FB023201200F469B
:10683000A6E700230137059319460A25384610F8C4
:10684000012B303A092A03D9002BC8D00591C6E79D
:1068500005FB012101230746F0E703AB0093224625
:10686000104B04A94046FDF79FFDB0F1FF3F814664
:10687000D6D1A3895B063FF536AF09981DB0BDE8B8
:10688000F08F03AB00932246064B04A94046FEF767
:1068900041F8EAE7E6C00500ECC00500F0C00500DD
:1068A000A94305000966050010B50C46B1F90E10A4
:1068B00000F09CF80028ABBF636DA3891B1823F47C
:1068C0008053ACBF6365A38110BD2DE9F0411F4625
:1068D0008B89DB0505460C46164605D502230022AA
:1068E000B1F90E1000F068F8A389B4F90E1023F482
:1068F0008053A38132463B462846BDE8F04100F074
:1069000017B810B50C46B1F90E1000F055F8431C3D
:10691000A38915BF606523F4805343F48053A3819A
:1069200018BFA38110BDB1F90E1000F013B800001C
:1069300038B5074C054608461146002222601A4623
:10694000FBF704F9431C02D1236803B12B6038BD67
:1069500064D0002038B5064C002305460846236065
:1069600000F01CF9431C02D1236803B12B6038BD31
:1069700064D0002038B5074C002305460846114670
:10698000236000F013F9431C02D1236803B12B608C
:1069900038BD00BF64D0002038B5064C0023054642
:1069A0000846236000F012F9431C02D1236803B1AA
:1069B0002B6038BD64D0002038B5074C054608462A
:1069C0001146002222601A4600F010F9431C02D141
:1069D000236803B12B6038BD64D0002051F8043C1B
:1069E000181F002BBCBF0B58C018704738B5074C98
:1069F000054608461146002222601A4600F0FEF8BD
:106A0000431C02D1236803B12B6038BD64D0002041
:106A10004FF0FF3C06E000BF4FF0010C02E000BF6A
:106A20004FF0010C4DF804CD4FEA410C7FEA6C5C4D
:106A30004FEA430C18BF7FEA6C5C1BD001B050EAF0
:106A4000410C0CBF52EA430C91EA030F02BF90EADB
:106A5000020F0020704710F1000F91EA030F58BF9A
:106A6000994208BF90422CBFD8176FEAE37040F0FC
:106A7000010070474FEA410C7FEA6C5C02D150EA9A
:106A8000013C07D14FEA430C7FEA6C5CD6D152EA55
:106A9000033CD3D05DF8040B704700BF844610461A
:106AA00062468C461946634600E000BF01B5FFF719
:106AB000B7FF002848BF10F1000F01BD4DF808EDE9
:106AC000FFF7F4FF0CBF012000205DF808FB00BFBA
:106AD0004DF808EDFFF7EAFF34BF012000205DF814
:106AE00008FB00BF4DF808EDFFF7E0FF94BF012061
:106AF00000205DF808FB00BF4DF808EDFFF7CEFF62
:106B000094BF012000205DF808FB00BF4DF808EDA0
:106B1000FFF7C4FF34BF012000205DF808FB00BF71
:106B20004FEA410C7FEA6C5C02D150EA013C0AD189
:106B30004FEA430C7FEA6C5C02D152EA033C02D17B
:106B40004FF0000070474FF0010070474FEA4102DC
:106B500012F5001215D211D56FF47873B3EB6252AF
:106B600012D94FEAC12343F0004343EA505311F0D6
:106B7000004F23FA02F018BF404270474FF0000068
:106B8000704750EA013005D111F0004008BF6FF0A6
:106B9000004070474FF00000704700BF024B582282
:106BA0001A604FF0FF30704764D00020024B58222B
:106BB0001A604FF0FF30704764D00020024B58221B
:106BC0001A604FF0FF30704764D00020024B58220B
:106BD0001A600020704700BF64D00020024B58228A
:106BE0001A604FF0FF30704764D00020024B5822EB
:106BF0001A604FF0FF30704764D00020024B5822DB
:106C00001A604FF0FF30704764D00020FEE700BFED
:106C1000F8B500BFF8BC08BC9E467047F8B500BF89
:106C2000F8BC08BC9E46704754696E7955534220A3
:106C300053657269616C00000000000000000000F4
:106C40003165020089630200796302006D6302000E
:106C5000F16202003D63020011630200D163020091
:106C6000F0FFFFFF00000000296502001201000292
:106C7000000000409A232980000101020301000066
:106C800009020900000100A0320000003031323357
:106C900034353637383941424344454652414B77C3
:106CA0006972656C657373005769734D6573682D00
:106CB0006F70656E486F702D45746865726E65748F
:106CC0000000000041646166727569740000000094
:106CD0004D6173732053746F72616765000000002B
:106CE000312E30007573626400000000050F39001A
:106CF000021810050038B60834A909A0478BFDA07A
:106D0000768815B665000101011C100500DF60DD05
:106D1000D88945C74C9CD2659D9E648A9F0000031C
:106D200006B200020001030000000000197002001A
:106D3000A9700200D57002001D71020029720200C4
:106D4000FD7202000000000000000000757D0200DE
:106D500000000000857D0200957D02002D7E02006E
:106D60007D7F02000000000000000000B5740200FA
:106D7000CD740200D1740200E9740200B175020002
:106D8000D97702000000000000000000758C0200AE
:106D9000998C02009D8C0200C18C0200E98D0200DA
:106DA00069950200000000000000000099780200D0
:106DB00009790200357902005D790200917A0200BA
:106DC000957A020000000000000000004D860200DD
:106DD000A5860200C1860200E58602003D6D020024
:106DE0001D880200000000005F757362645F7164BB
:106DF000656600005A00000042617369630000008C
:106E000025733A25730000005472616E73666572D3
:106E10002D456E636F64696E67000000436F6E748A
:106E2000656E742D4C656E677468000047455400AC
:106E3000504F535400000000485454502F312E300E
:106E400000000000485454502F312E310000000043
:106E50000000000000000000D9E3020009E4020085
:106E6000416604003D8004007D800400BD80040074
:106E7000595B040029980400CD630400DD970400E9
:106E8000E55F0400E561040079620400FD5D040033
:106E9000E95D04009D4C04000D8B0400398704005B
:106EA000BD8F0400A592040081930400014D0400ED
:106EB000614C040029900400698A0400E58B0400F9
:106EC000B98D0400ED600400C9600400896004000D
:106ED000755B0400096804003D5D04004D5E04001C
:106EE000355E04005D5D04002D6104000560040052
:106EF0005D630400355B040009650400795E0400ED
:106F0000695D0400B95F0400C187040009880400BA
:106F1000C187040009880400C187040009880400AF
:106F2000F1570400B55D0400896B0400415F040063
:106F3000715D0400A9860400D98604003D88040020
:106F4000F98604000D830400A956040001550400CD
:106F5000515204007D530400AD4E0400F150040072
:106F6000CD4F0400594D0400147005005073050006
:106F7000A87505002A262E2F2B2D2C00FF000000BF
:106F8000FFFF0100FF01FFFFFFFFFFFFFFFFFFFF0C
:106F900001FF01FF0100000005FF010000000000EB
:106FA00000020000B80B00000C000000AD00000063
:106FB000640000000800C4098813050016010000E1
:106FC0006666E63F8C000101010000FFFF01FFFF44
:106FD00000100E00FFFF000080250000FF01FF00F1
:106FE000000100FFFFFFFF000000000000000000A4
:106FF00000000000000000000000FFFF0000000093
:107000002501FF00FF00FF0001FF010000FF01015B
:107010000000000052414B34363331205769734D24
:107020006573682045746865726E657400000000C1
:107030006170706C79436F6E66696720626F617210
:10704000643D25732066773D2573207077725F72EB
:1070500065713D2564207077723D2564206D6178EF
:107060003D2564207365744F7574707574506F7727
:1070700065723D2564206F63705F6265666F72653F
:107080003D25646D41206F63705F61667465723D7C
:1070900025646D41000000006167632E72657365B1
:1070A000742E696E74657276616C206669726564AF
:1070B00020616674657220257520730065746865AB
:1070C000726E6574000000002D2D2D004F4E0000E3
:1070D0004F4646006175746F2D4341443A20636802
:1070E000616E6E656C20627573792061667465727D
:1070F00020726574726965732C2061626F727420EE
:107100005458000054585F52455155455354206C13
:10711000656E3D2575207372633D2575207374611E
:1071200074653D256400000073746172745472616B
:107130006E736D69742829206661696C65642C2002
:1071400073746174653D25640000000054585F4409
:107150004F4E452061697274696D653D256C7520DF
:1071600075732C2073656E74207669612073726369
:107170003D257500545820686172642074696D65FE
:107180006F7574202825752062797465732C2064CE
:10719000696F315F64656C74613D256C752920E20F
:1071A000809420726573657474696E67207261647F
:1071B000696F0000434144204952512074696D6554
:1071C0006F757420E2809420726573657474696EC3
:1071D0006720726164696F005345545F434F4E46A8
:1071E00049472072656376207372633D257520627E
:1071F0006F6172643D25732066773D25732066724A
:1072000065713D256C752062773D256C7520736630
:107210003D25752063723D2575207077725F72651C
:10722000713D25642073796E633D30782530345884
:10723000207072653D2575006175746F2D43414462
:1072400020257300646973706C6179206E616D65CF
:1072500020E286922027257327000000726164696E
:107260006F205354414E44425900000072616469DA
:107270006F20524553554D4520286F6B3D2564299D
:1072800000000000454E5445525F424F4F544C4F52
:10729000414445522072657175657374656420E2DE
:1072A000809420656E746572696E67205553422024
:1072B00073657269616C2044465520626F6F746C0F
:1072C0006F616465720000004F54415F4245474959
:1072D0004E20726563656976656420E2809420665D
:1072E0006C61736820777269746572206E6F7420A8
:1072F000696D706C656D656E746564006672616D54
:1073000065207061727365206572726F72203078CB
:107310002530325820287372633D257529000000FE
:10732000494E464F00000000455252200000000028
:107330005741524E000000005B25735D2025730A03
:107340000000000076312E312E3000002D000000AC
:1073500072616B343633315F7769736D6573685F63
:10736000657468005B424F4F545D207265736574AD
:107370005F726561736F6E3D256420282573290A4D
:1073800000000000726164696F2E626567696E209B
:107390006E73733D25642064696F313D25642072EE
:1073A00073743D256420627573793D256420737084
:1073B000693D2825642C25642C25642900000000E3
:1073C000726164696F2E626567696E202D3E2025AB
:1073D000640000005B424F4F545D205358313236F9
:1073E0003220696E6974206661696C656420E28090
:1073F0009420636F6E74696E75696E672077697427
:10740000682057692D46692F636F6E666967207023
:107410006F7274616C206F6E6C79000073657454C8
:1074200043584F28252E3166205629202D3E2025F1
:10743000640000005B494E464F5D207365744469EB
:107440006F3241735266537769746368287472753A
:107450006529202D3E2025640A0000005B494E4628
:107460004F5D2073657443757272656E744C696DFF
:107470006974282564206D4129202D3E2025640A49
:10748000000000005B494E464F5D207365745278E2
:10749000426F6F737465644761696E4D6F646528F0
:1074A0007472756529202D3E2025640A00000000B5
:1074B0005B494E464F5D2053583132367820726515
:1074C0006769737465722070617463682030783006
:1074D000384235202D3E2025640A000044494F31B2
:1074E00020495251206174746163686564206F6E35
:1074F000204750494F2564005B4E45545D2045743C
:107500006865726E6574206C696E6B20757020E220
:1075100080942057692D46692077696C6C206265DC
:1075200020736B6970706564000000005B4E455409
:107530005D206E6F2045746865726E6574206C699D
:107540006E6B20E28094206B656570696E672057D2
:1075500035313030532061637469766520666F720F
:10756000206C696E6B2F44484350207265747279A9
:10757000000000005B424F4F545D206669726D77DA
:10758000617265202573206F6E20257320726561FE
:10759000647920286C6F6F702057445420257573D0
:1075A000290A00003F0000006F70656E686F702D43
:1075B00072616B65746800005B4346472F52414B14
:1075C0005D20766572696669656420726177206303
:1075D0006F6E6669672073617665206661696C65A8
:1075E000640000005B4346472F52414B5D207261AF
:1075F0007720636F6E6669672073617665642061CA
:107600006E642076657269666965643B20726562A6
:107610006F6F7420726573706F6E73652070656E26
:1076200064696E67000000004F48434625303258B9
:107630003A253032583A253032583A253032583AC5
:10764000253032583A253032580000006F70656E90
:10765000686F702D72616B343633312D657468003C
:1076600025732D2530327825303278253032780058
:107670005B4346472F52414B5D20636F6E666967DF
:1076800020666C6173682064697361626C65643A3A
:10769000206173796E6368726F6E6F757320536FBC
:1076A0006674446576696365206576656E747320DB
:1076B00061726520756E617661696C61626C6500EE
:1076C0005B4346472F52414B5D20636F6E6669678F
:1076D00020666C6173682072656164206661696C04
:1076E00065643B207573696E67207361666520620F
:1076F00075696C642064656661756C747300000064
:107700005B4346472F52414B5D206E6F2070657280
:107710007369737465642045746865726E6574205E
:10772000636F6E6669673B207573696E672062756B
:10773000696C642064656661756C74730000000098
:107740005B4346472F52414B5D20706572736973EE
:107750007465642045746865726E657420636F6E2D
:10776000666967206C6F616465640000000000005A
:10777000000000003515030039150300351603001D
:107780009D150300491503004F4843536E6F742045
:10779000666F756E64000000687474703A2F2F0075
:1077A00063726F73732D6F726967696E2072657192
:1077B000756573742072656A6563746564000000A2
:1077C0002F6466752F626C65000000006170706C3C
:1077D00069636174696F6E2F782D7777772D666F87
:1077E000726D2D75726C656E636F64656400000068
:1077F000424C45204446552072657175657374206E
:107800006D757374206E6F7420696E636C7564653A
:10781000206120626F6479007B22737461747573D8
:10782000223A22656E746572696E675F626C655F8D
:10783000646675222C22616476657274697365735F
:107840005F6173223A22343633315F444655227DDC
:10785000000000002F6170692F7265626F6F740005
:107860007265626F6F742072657175657374206DD7
:10787000757374206E6F7420696E636C7564652017
:107880006120626F647900007B2273746174757388
:10789000223A227265626F6F74696E67227D000002
:1078A0002F686F73746E616D650000002F746F6BCD
:1078B000656E00002F61757468000000756E737549
:1078C00070706F7274656420636F6E74656E74207F
:1078D0007479706500000000696E76616C696420DF
:1078E000666F726D206669656C647300696E76619F
:1078F0006C696420686F73746E616D6500000000D0
:10790000737461746963000069700000736E000035
:1079100067770000696E76616C696420544350207B
:10792000706F727400000000696E76616C6964208B
:10793000737461746963206E6574776F726B000095
:10794000636F6E6669726D00746F6B656E20636F36
:107950006E6669726D6174696F6E206D69736D61B9
:1079600074636800696E76616C696420746F6B651E
:107970006E00000070617373776F726420636F6EC6
:107980006669726D6174696F6E206D69736D617483
:1079900063680000696E76616C696420706173735E
:1079A000776F726400000000756E737570706F728F
:1079B0007465642047505320636F6E666967757203
:1079C0006174696F6E000000696E76616C69642095
:1079D0004750532076616C75650000002F61706917
:1079E0002F636F6E66696700696E76616C696420EB
:1079F0004A534F4E20636F6E666967757261746992
:107A00006F6E00007B22737461747573223A227367
:107A100061766564222C227265626F6F74696E678D
:107A2000223A747275652C22636F6E666967223A1A
:107A30007B00000022686F73746E616D65223A22CC
:107A400000000000222C227463705F706F72742239
:107A50003A000000256400002C227463705F746F8C
:107A60006B656E5F736574223A0000002C226770AC
:107A7000735F656E61626C6564223A007D7D000013
:107A80006170706C69636174696F6E2F6A736F6E79
:107A9000000000007463705F746F6B656E0000001F
:107AA0007463705F706F7274000000007573655FBF
:107AB0007374617469635F69700000007472756546
:107AC0000000000066616C73650000006770735F02
:107AD000656E61626C6564006E6574776F726B00D1
:107AE0007375626E65740000676174657761790013
:107AF000646E733200000000646E73310000000099
:107B00006170706C69636174696F6E2F6A736F6EF8
:107B10003B20636861727365743D7574662D38002F
:107B20007B226572726F72223A220000696E766162
:107B30006C696420636F6E66696775726174696FE2
:107B40006E000000636F6E66696775726174696FBD
:107B50006E2073617665206661696C656400000063
:107B60007B22737461747573223A22736176656443
:107B7000222C227265626F6F74696E67223A74728A
:107B800075657D007B22737461747573223A22736C
:107B900061766564222C227265626F6F74696E670C
:107BA000223A66616C73657D000000006261736952
:107BB000635F737472696E673A3A5F4D5F637265B3
:107BC0006174650062617369635F737472696E6783
:107BD0003A3A5F4D5F636F6E737472756374206EB3
:107BE000756C6C206E6F742076616C6964000000A7
:107BF00062617369635F737472696E673A3A617048
:107C000070656E640000000062617369635F737485
:107C100072696E673A3A5F4D5F7265706C61636559
:107C20000000000000000000000000000000000054
:107C30000000000000000000000000007265747287
:107C400079000000756E6B6E6F776E00646F776EF3
:107C500000000000757000005B4554485D205735FA
:107C60003130305320696E697420686F73743D251C
:107C7000732063733D2564207077723D2564207204
:107C800073743D2564206D61633D253032583A257B
:107C90003032583A253032583A253032583A253069
:107CA00032583A25303258206C696E6B3D25730A84
:107CB000000000005B4554485D206E6F20757361C5
:107CC000626C65206C696E6B20617420626F6F74EA
:107CD0003B204448435020646566657272656420A9
:107CE000756E74696C206C696E6B20697320757099
:107CF00000000000696E697469616C005B4554485E
:107D00005D20444843502025732074696D656F756C
:107D1000743D256C756D7320726573706F6E73653D
:107D20003D256C756D730A005B4554485D204448E1
:107D30004350206C656173652025730A00000000C4
:107D40005B4554485D2044484350206661696C653A
:107D5000643B207472616E73706F72742072656D13
:107D600061696E73206F66666C696E6520756E74EE
:107D7000696C2072657472792F7374617469632001
:107D8000636F6E66696700005B4554485D207374DD
:107D9000617469632066616C6C6261636B20646905
:107DA0007361626C65643B2077696C6C20726574EA
:107DB00072792044484350207768696C65206C696B
:107DC0006E6B206973207570000000005B4554489D
:107DD0005D206C6F63616C204950202573206C69B5
:107DE0006E6B3D257320757361626C653D25750A68
:107DF0000000000025752E25752E25752E25750091
:107E00005B5443502F4554485D20495020726573A0
:107E1000746F7265643B206C697374656E65722063
:107E20007265737461727465640000005B54435042
:107E30002F4554485D2072656A656374696E6720DA
:107E40006E6F6E2D4C414E20636C69656E742025FB
:107E5000752E25752E25752E25750A005B54435009
:107E60002F4554485D2061636365707465642063C9
:107E70006C69656E742025752E25752E25752E2549
:107E800075202823256C752C20617574683D257339
:107E9000290A00007265717569726564000000004E
:107EA0005B5443502F4554485D206C697374656E74
:107EB000696E67206F6E20257520617574683D2599
:107EC000730A00005B5443502F4554485D205458BA
:107ED000207175657565206F766572666C6F773B8E
:107EE00020636C6F73696E6720636C69656E7400E4
:107EF0005B5443502F4554485D206672616D652088
:107F00007061727365206572726F722030782530EF
:107F100032580A005B5443502F4554485D20545852
:107F200020717565756520627573793B20636C6F90
:107F300073696E6720636C69656E74005B544350AF
:107F40002F4554485D20646973636F6E6E6563747A
:107F500020617574683D2575206672616D65733D9D
:107F6000256C750A000000005B5443502F455448AF
:107F70005D206672616D6520636D643D30782530EB
:107F80003258206C656E3D257520617574683D25FD
:107F9000750A00005B5443502F4554485D206175BD
:107FA00074682072656A6563746564005B5443504D
:107FB0002F4554485D2061757468204F4B000000C8
:107FC0006C697374656E696E67000000636F6E6E36
:107FD00065637465640000005374616E64627900C7
:107FE00052582F49646C65004F66666C696E650077
:107FF00053746F636B2052414B343633312F4164DD
:10800000616672756974206E5246353220626F6FF8
:10801000746C6F61646572207374616765642D6947
:108020006D61676520696E7374616C6C6174696FF2
:108030006E20697320696E636F6D70617469626C24
:1080400065206F7220756E76657269666965643B3E
:108050002045746865726E6574204F5441207265C6
:108060006D61696E732064697361626C65642E2052
:108070005573652074686520626F61726427732090
:108080005553422073657269616C204446552062E5
:108090006F6F746C6F61646572207265636F766573
:1080A000727920706174682E000000005757572DB8
:1080B00041757468656E7469636174653A204261E4
:1080C000736963207265616C6D3D226F70656E48E7
:1080D0006F70204D6F64656D220D0A00426164204F
:1080E0005265717565737400556E617574686F7251
:1080F000697A656400000000466F726269646465B5
:108100006E0000004E6F7420466F756E64000000B4
:108110004D6574686F64204E6F7420416C6C6F778E
:1081200065640000526571756573742054696D65EE
:108130006F7574005061796C6F616420546F6F20AB
:108140004C61726765000000556E737570706F72D8
:10815000746564204D656469612054797065000020
:10816000496E7465726E616C20536572766572201B
:108170004572726F72000000536572766963652004
:10818000556E617661696C61626C65004F4B0000F1
:108190007B226572726F72223A22726573706F6E03
:1081A000736520746F6F206C61726765227D0000BB
:1081B000485454502F312E312025642025730D0A48
:1081C000436F6E74656E742D547970653A20257313
:1081D0000D0A436F6E74656E742D4C656E6774681E
:1081E0003A20256C750D0A436F6E6E656374696F76
:1081F0006E3A20636C6F73650D0A25734361636883
:10820000652D436F6E74726F6C3A206E6F2D7374B0
:108210006F72650D0A0D0A00417574686F72697A94
:108220006174696F6E00000061646D696E0000002A
:1082300061757468656E7469636174696F6E2072CC
:108240006571756972656400436F6E74656E742D37
:1082500054797065000000004F726967696E000014
:10826000486F737400000000746578742F68746D33
:108270006C3B20636861727365743D7574662D385C
:10828000000000002F0000002F6170692F74656DE1
:10829000700000002F6170692F73797374656D0031
:1082A0002F6170692F726164696F00002F617069BE
:1082B0002F6E6574776F726B000000002F6170691C
:1082C0002F737461747300002F6170692F6770736E
:1082D000000000002F757064617465005B485454A1
:1082E000502F4554485D20495020726573746F7259
:1082F00065643B20706F7274203830206C69737431
:10830000656E6572207265737461727465640000D5
:108310005B485454502F4554485D20726573706F0C
:108320006E73652061636B6E6F776C6564676564FF
:108330003B20636C6F7365206973737565643B20C4
:108340007472616E736974696F6E2072656C6561B9
:10835000736564007265717565737420646561642A
:108360006C696E652065786365656465640000000E
:108370006261642072657175657374006D657468FF
:108380006F64206E6F7420616C6C6F7765640000A1
:108390007061796C6F616420746F6F206C617267BB
:1083A00065000000726571756573742074696D6590
:1083B0006F75740045746865726E657420726563CC
:1083C00065697665207374616C6C656400000000FB
:1083D0004C414E20616363657373206F6E6C79004E
:1083E0005B485454502F4554485D20706F72742080
:1083F0003830206C697374656E657220696E6974BB
:1084000069616C697A65643B2045746865726E6564
:1084100074204F54412064697361626C656400008C
:1084200026616D703B000000266C743B000000006C
:108430002667743B000000002671756F743B0000D6
:10844000262333393B0000005C2200005C5C000006
:108450005C6E00005C7200005C7400005C620000F6
:108460005C6600005C753030000000006E756C6C5E
:1084700000000000220000003C64697620636C610B
:1084800073733D276B76273E3C7370616E20636C7F
:108490006173733D276B273E000000003C2F737013
:1084A000616E3E3C7370616E20636C6173733D2737
:1084B00076273E003C2F7370616E3E3C2F646976D8
:1084C0003E0000007B22656E61626C6564223A00AA
:1084D0002C22617661696C61626C65223A00000051
:1084E0002C227365656E223A000000002C2266691A
:1084F00078223A7B2276616C6964223A000000009F
:108500002C227175616C697479223A007D2C22707D
:108510006F736974696F6E223A7B226C617469743F
:10852000756465223A0000002C226C6F6E676974D6
:10853000756465223A0000002C22616C74697475C0
:1085400064655F6D223A00007D2C22736174656C56
:108550006C69746573223A7B22757365645F636F1F
:10856000756E74223A0000002C22696E5F76696590
:10857000775F636F756E74223A0000002C22696E7B
:108580005F76696577223A5B000000005D2C2274FB
:10859000696D65223A7B227574635F74696D65222B
:1085A0003A0000002C2264617465223A0000000049
:1085B0002C226461746574696D655F757463223A19
:1085C000000000007D2C226D6F74696F6E223A7B73
:1085D0002273706565645F6B6D68223A000000006D
:1085E0007B2270726E223A002C22656C6576617473
:1085F000696F6E5F64656772656573223A0000009B
:108600002C22617A696D7574685F6465677265654F
:1086100073223A002C22736E725F6462223A000069
:108620007D0000002C22636F757273655F6465675F
:1086300072656573223A00007D2C226E6D656122A1
:108640003A7B226C6173745F73656E74656E6365EB
:108650005F74797065223A002C2276616C69645FE0
:1086600073656E74656E63655F636F756E74223AD1
:10867000000000002C22696E76616C69645F63689B
:1086800065636B73756D5F636F756E74223A00007E
:108690002C227261775F627974655F636F756E74A7
:1086A000223A00002C22636F6E6669675F636F6D0C
:1086B0006D616E645F636F756E74223A0000000036
:1086C0002C22756172745F72785F70696E223A0055
:1086D0002C22756172745F74785F70696E223A0043
:1086E0002C22756172745F62617564223A00000029
:1086F0002C22656E61626C655F70696E223A0000C3
:108700002C2272657365745F70696E223A000000F6
:108710002C226167655F6D73223A00006F70656E91
:10872000486F702070726F74656374656400000038
:108730006F70656E486F70206F70656E000000008E
:10874000537461746963206E6574776F726B207304
:10875000617665640000000044484350206D6F64FA
:10876000650000006D444E53202F204F5441206877
:108770006F73746E616D6520746865206D6F6465DC
:108780006D2061647665727469736573206F6E2005
:10879000746865206E6574776F726B2E0000000040
:1087A000686F73746E616D652073686F776E206299
:1087B0007920746865206D6F64656D206F6E20741C
:1087C0006865206E6574776F726B2E006D444E5332
:1087D000202F204F544120686F73746E616D6500C7
:1087E00020636865636B6564000000006469736101
:1087F000626C65640000000050726F74656374659C
:10880000640000004F70656E0000000053746174D6
:108810006963206D6F646520697320736176656498
:108820002E2054686573652076616C7565732061D0
:108830007265207768617420746865206D6F646567
:108840006D2077696C6C2075736520616674657244
:10885000207265626F6F742E000000004448435020
:10886000206973206163746976652E20546865738E
:1088700065206669656C64732073686F772074681F
:1088800065206C697665206C656173652066726F22
:108890006D2000002E0000004448435020697320E2
:1088A0006163746976652E204E6F206C6976652051
:1088B0006C6561736520697320617661696C6162C2
:1088C0006C65207965742C20736F20746865206650
:1088D00069656C64732061726520626C616E6B2ED9
:1088E000000000003C21444F435459504520687417
:1088F0006D6C3E3C68746D6C3E3C686561643E3CEA
:108900006D65746120636861727365743D27757469
:10891000662D38273E3C6D657461206E616D653D46
:108920002776696577706F72742720636F6E746540
:108930006E743D2777696474683D64657669636524
:108940002D77696474682C696E697469616C2D7324
:1089500063616C653D31273E3C7469746C653E0013
:108960003C2F7469746C653E3C7374796C653E622F
:108970006F64797B666F6E742D66616D696C793A90
:1089800073797374656D2D75692C73616E732D73B6
:10899000657269663B6D61782D77696474683A37F2
:1089A000363070783B6D617267696E3A312E3235C0
:1089B000656D206175746F3B70616464696E673AC0
:1089C000302031656D3B636F6C6F723A2332323207
:1089D0003B6C696E652D6865696768743A312E3441
:1089E000357D68327B6D617267696E3A2E32656DD6
:1089F0002030202E3335656D7D707B6D6172676927
:108A00006E3A2E3435656D20307D2E6D7B636F6C34
:108A10006F723A233636363B666F6E742D73697A01
:108A2000653A2E3932656D7D2E73756D6D61727983
:108A30007B6261636B67726F756E643A236637663B
:108A40003766373B626F726465723A3170782073B3
:108A50006F6C696420236464643B626F7264657246
:108A60002D7261646975733A3870783B7061646423
:108A7000696E673A2E38656D2031656D3B6D6172A8
:108A800067696E3A31656D203020312E32656D7D1B
:108A90002E73756D6D617279207374726F6E677B62
:108AA000646973706C61793A696E6C696E652D6288
:108AB0006C6F636B3B6D696E2D77696474683A34D3
:108AC0002E35656D7D2E63686970737B6D6172678D
:108AD000696E2D746F703A2E3535656D7D2E636825
:108AE00069707B646973706C61793A696E6C696EE8
:108AF000652D626C6F636B3B6261636B67726F7550
:108B00006E643A236566656665663B626F7264658E
:108B1000723A31707820736F6C69642023646464E6
:108B20003B626F726465722D7261646975733A3964
:108B3000393970783B70616464696E673A2E3265CA
:108B40006D202E36656D3B6D617267696E3A30201F
:108B50002E3335656D202E3335656D20303B666FC5
:108B60006E742D73697A653A2E39656D7D6465740E
:108B700061696C737B626F726465723A31707820E0
:108B8000736F6C696420236464643B626F72646514
:108B9000722D7261646975733A3870783B706164E4
:108BA00064696E673A2E3635656D202E38656D3BEB
:108BB0006D617267696E3A302030202E39656D3BE9
:108BC0006261636B67726F756E643A236666667D79
:108BD00073756D6D6172797B637572736F723A70C4
:108BE0006F696E7465723B666F6E742D7765696729
:108BF00068743A3730303B6C6973742D7374796CD8
:108C0000653A6E6F6E657D73756D6D6172793A3A16
:108C10002D7765626B69742D64657461696C732D61
:108C20006D61726B65727B646973706C61793A6EA9
:108C30006F6E657D2E696E736964657B6D617267A9
:108C4000696E2D746F703A2E38656D7D2E6772696E
:108C5000647B646973706C61793A677269643B67BD
:108C60007269642D74656D706C6174652D636F6CD1
:108C7000756D6E733A726570656174286175746F95
:108C80002D6669742C6D696E6D6178283232307092
:108C9000782C31667229293B6761703A2E37356529
:108CA0006D2031656D7D6C6162656C7B646973708C
:108CB0006C61793A626C6F636B3B6D617267696E70
:108CC0002D746F703A2E38656D3B666F6E742D771C
:108CD00065696768743A3630307D696E7075747B8B
:108CE00077696474683A313030253B706164646937
:108CF0006E673A2E3535656D3B626F782D73697AF4
:108D0000696E673A626F726465722D626F783B6656
:108D10006F6E742D73697A653A31656D3B626F725F
:108D20006465723A31707820736F6C6964202363D4
:108D300063633B626F726465722D726164697573FF
:108D40003A3670787D696E7075745B747970653DC4
:108D500066696C655D7B70616464696E673A2E3329
:108D6000656D20303B626F726465723A307D696E6A
:108D70007075745B747970653D636865636B626F71
:108D8000785D7B77696474683A6175746F3B6D6177
:108D90007267696E2D72696768743A2E3435656D35
:108DA0007D2E636865636B6C696E657B6469737047
:108DB0006C61793A666C65783B616C69676E2D69A8
:108DC00074656D733A63656E7465723B6761703A82
:108DD0002E3335656D3B6D617267696E2D746F70F2
:108DE0003A2E38656D7D627574746F6E7B6D61723D
:108DF00067696E2D746F703A2E39656D3B706164D2
:108E000064696E673A2E36656D2031656D3B62612F
:108E1000636B67726F756E643A23326636663565CA
:108E20003B636F6C6F723A236666663B626F726477
:108E300065723A303B626F726465722D726164696B
:108E400075733A3670783B637572736F723A706FF0
:108E5000696E7465727D627574746F6E2E64616E76
:108E60006765727B6261636B67726F756E643A23CC
:108E70006233323631657D627574746F6E3A64693F
:108E80007361626C65647B6261636B67726F756E40
:108E9000643A233939393B637572736F723A6E6F76
:108EA000742D616C6C6F7765647D636F64657B6640
:108EB0006F6E742D66616D696C793A75692D6D6F91
:108EC0006E6F73706163652C53464D6F6E6F2D52DC
:108ED0006567756C61722C6D6F6E6F737061636521
:108EE0003B6261636B67726F756E643A23663366CB
:108EF0003366333B70616464696E673A2E31656D29
:108F0000202E3335656D3B626F726465722D726120
:108F1000646975733A3470787D406D656469612069
:108F2000286D61782D77696474683A3634307078CA
:108F3000297B626F64797B70616464696E673A3023
:108F4000202E3735656D7D7D3C2F7374796C653EC1
:108F50003C2F686561643E3C626F64793E3C6832D8
:108F60003E0000003C2F68323E3C64697620636C12
:108F70006173733D2773756D6D617279273E0000D3
:108F80003C703E3C7374726F6E673E6D444E533C52
:108F90002F7374726F6E673E200000002E6C6F633B
:108FA000616C3C2F703E00003C703E3C7374726FED
:108FB0006E673E486F73746E616D653C2F7374729B
:108FC0006F6E673E200000003C2F703E00000000E6
:108FD0003C703E3C7374726F6E673E49503C2F7319
:108FE00074726F6E673E20003C2F703E3C703E3CBA
:108FF0007374726F6E673E496E7465726661636505
:109000003C2F7374726F6E673E2000003C2F703EE1
:109010003C703E3C7374726F6E673E43757272654E
:109020006E7420636F6E6E656374696F6E3C2F7330
:1090300074726F6E673E20003C703E3C7374726FBA
:109040006E673E4C696E6B3C2F7374726F6E673E39
:10905000200000003C2F703E3C703E3C7374726FE9
:109060006E673E4D41433C2F7374726F6E673E20B6
:10907000000000003C2F703E3C703E3C7374726FE9
:109080006E673E544350207374617475733C2F7344
:1090900074726F6E673E20003C64697620636C6179
:1090A00073733D276368697073273E3C7370616E0C
:1090B00020636C6173733D2763686970273E00000D
:1090C0003C2F7370616E3E3C7370616E20636C6107
:1090D00073733D2763686970273E00003C2F7370EF
:1090E000616E3E3C2F6469763E3C7020636C617318
:1090F000733D276D273E3C6120687265663D272FD2
:109100007374617473273E56696577207374617454
:109110007320706167653C2F613E3C2F703E3C2F91
:109120006469763E000000003C64657461696C739C
:10913000206F70656E3E3C73756D6D6172793E4F48
:109140005441205570646174653C2F73756D6D6179
:1091500072793E3C64697620636C6173733D276964
:109160006E73696465273E3C703E55706C6F616438
:1091700020616E206170702D6F6E6C79203C636F82
:1091800064653E6669726D776172652E62696E3CD8
:109190002F636F64653E206F76657220746865206A
:1091A0004C414E2E3C2F703E3C666F726D206D65BB
:1091B00074686F643D27504F53542720616374696E
:1091C0006F6E3D272F7570646174652720656E632F
:1091D000747970653D276D756C7469706172742F58
:1091E000666F726D2D64617461273E3C696E7075A7
:1091F0007420747970653D2766696C6527206E61FF
:109200006D653D276669726D7761726527206163C0
:10921000636570743D272E62696E272072657175D3
:10922000697265643E3C62723E3C627574746F6E36
:1092300020747970653D277375626D6974273E559A
:10924000706C6F6164206669726D776172652E6201
:10925000696E3C2F627574746F6E3E3C2F666F7240
:109260006D3E3C7020636C6173733D276D273E43F8
:109270004C4920616C7465726E61746976653A2040
:109280003C636F64653E6375726C202D752061646C
:109290006D696E3A266C743B70617373776F72649C
:1092A0002667743B202D46206669726D7761726572
:1092B0003D406669726D776172652E62696E2068E5
:1092C0007474703A2F2F00002F7570646174653CC0
:1092D0002F636F64653E3C2F703E3C2F6469763E81
:1092E0003C2F64657461696C733E00004669726D61
:1092F000776172652075706461746520697320758B
:109300006E617661696C61626C65206F6E20746855
:10931000697320706C6174666F726D2E00000000BE
:109320003C64657461696C73206F70656E3E3C735C
:10933000756D6D6172793E45746865726E657420F5
:109340004F544120756E617661696C61626C653C59
:109350002F73756D6D6172793E3C64697620636C24
:109360006173733D27696E73696465273E3C703E87
:10937000000000003C2F703E3C627574746F6E20DC
:10938000747970653D27627574746F6E2720646907
:109390007361626C65643E4669726D7761726520C7
:1093A00075706461746520756E617661696C616267
:1093B0006C653C2F627574746F6E3E3C2F646976E9
:1093C0003E3C2F64657461696C733E003C64657457
:1093D00061696C73206F70656E3E3C73756D6D6175
:1093E00072793E4E6574776F726B20537461747539
:1093F000733C2F73756D6D6172793E3C64697620A4
:10940000636C6173733D27696E73696465273E3CC5
:1094100064697620636C6173733D276772696427A2
:109420003E0000003C2F6469763E3C2F6469763E26
:109430003C2F64657461696C733E00003C64657424
:1094400061696C733E3C73756D6D6172793E486FF6
:1094500073746E616D653C2F73756D6D6172793ECD
:109460003C64697620636C6173733D27696E736930
:109470006465273E3C703E436F6E74726F6C732060
:1094800074686520000000003C2F703E3C666F72DF
:109490006D206D6574686F643D27504F53542720CD
:1094A000616374696F6E3D272F686F73746E616DB1
:1094B00065273E3C6C6162656C3E00003C2F6C6130
:1094C00062656C3E3C696E70757420747970653DA0
:1094D000277465787427206E616D653D27686F730A
:1094E000746E616D6527206175746F636F6D706C4C
:1094F0006574653D276F666627206D61786C656EC3
:109500006774683D273634272076616C75653D2782
:10951000000000002720706C616365686F6C6465F3
:10952000723D276C6561766520626C616E6B2066AA
:109530006F722064656661756C74273E3C62757459
:10954000746F6E20747970653D277375626D6974F0
:10955000273E5361766520686F73746E616D653C5C
:109560002F627574746F6E3E3C2F666F726D3E3C59
:109570007020636C6173733D276D273E426C616E92
:109580006B2072657365747320746F207468652036
:10959000626F6172642064656661756C742E20521E
:1095A00065626F6F742072657175697265642E3CB7
:1095B0002F703E3C2F6469763E3C2F646574616970
:1095C0006C733E003C64657461696C733E3C7375FA
:1095D0006D6D6172793E4E6574776F726B3C2F735F
:1095E000756D6D6172793E3C64697620636C617360
:1095F000733D27696E73696465273E3C703E0000C9
:109600003C2F703E3C666F726D206D6574686F64B0
:109610003D27504F53542720616374696F6E3D2777
:109620002F6E6574776F726B273E3C64697620639A
:109630006C6173733D27636865636B6C696E652746
:109640003E3C696E70757420747970653D2763685F
:1096500065636B626F78272069643D27737461745A
:10966000696327206E616D653D277374617469635A
:10967000272076616C75653D273127003E3C6C6183
:1096800062656C20666F723D27737461746963272D
:109690003E55736520737461746963204950206975
:1096A0006E7374656164206F6620444843503C2F9C
:1096B0006C6162656C3E3C2F6469763E3C64697601
:1096C00020636C6173733D2767726964273E3C6455
:1096D00069763E3C6C6162656C3E5374617469638B
:1096E0002049503C2F6C6162656C3E3C696E707520
:1096F0007420747970653D277465787427206E61D5
:109700006D653D276970272076616C75653D270082
:109710002720706C616365686F6C6465723D2731EA
:1097200039322E3136382E312E3432273E3C2F64DA
:1097300069763E3C6469763E3C6C6162656C3E5382
:1097400075626E6574206D61736B3C2F6C61626530
:109750006C3E3C696E70757420747970653D277439
:1097600065787427206E616D653D27736E272076BE
:10977000616C75653D2700002720706C616365682A
:109780006F6C6465723D273235352E3235352E3299
:1097900035352E30273E3C2F6469763E3C64697631
:1097A0003E3C6C6162656C3E476174657761793CF3
:1097B0002F6C6162656C3E3C696E707574207479C3
:1097C00070653D277465787427206E616D653D274F
:1097D0006777272076616C75653D27002720706CC0
:1097E000616365686F6C6465723D273139322E3173
:1097F00036382E312E31273E3C2F6469763E3C644C
:1098000069763E3C6C6162656C3E444E5320313C4F
:109810002F6C6162656C3E3C696E70757420747962
:1098200070653D277465787427206E616D653D27EE
:10983000646E7331272076616C75653D27000000EA
:109840002720706C616365686F6C6465723D2731B9
:109850002E312E312E31273E3C2F6469763E3C64FA
:1098600069763E3C6C6162656C3E444E5320323CEE
:109870002F6C6162656C3E3C696E70757420747902
:1098800070653D277465787427206E616D653D278E
:10989000646E7332272076616C75653D2700000089
:1098A0002720706C616365686F6C6465723D273852
:1098B0002E382E382E38273E3C2F6469763E3C6485
:1098C00069763E3C6C6162656C3E43757272656E92
:1098D0007420736F757263653C2F6C6162656C3EBA
:1098E0003C64697620636C6173733D2763686970BB
:1098F000273E00003C2F6469763E3C2F6469763E2B
:109900003C2F6469763E00003C64697620636C619C
:1099100073733D2767726964273E3C6469763E3CF9
:109920006C6162656C3E4C696E6B3C2F6C6162656C
:109930006C3E3C64697620636C6173733D27636899
:109940006970273E000000003C2F6469763E3C2F82
:109950006469763E3C6469763E3C6C6162656C3E4F
:109960004D41433C2F6C6162656C3E3C64697620DE
:10997000636C6173733D2763686970273E00000064
:109980003C2F6469763E3C2F6469763E3C64697680
:109990003E3C6C6162656C3E54435020737461744C
:1099A00075733C2F6C6162656C3E3C646976206324
:1099B0006C6173733D2763686970273E0000000087
:1099C0003C64697620636C6173733D2763686563EB
:1099D0006B6C696E65273E3C696E70757420747996
:1099E00070653D27636865636B626F7827206964E3
:1099F0003D27776966695F616E745F6578742720BB
:109A00006E616D653D27776966695F616E745F653C
:109A10007874272076616C75653D2731270000003A
:109A20003E3C6C6162656C20666F723D27776966AB
:109A3000695F616E745F657874273E557365206554
:109A4000787465726E616C2057692D466920616E6D
:109A500074656E6E613C2F6C6162656C3E3C2F6478
:109A600069763E003C6C6162656C3E6F70656E4865
:109A70006F702054435020706F72743C2F6C616281
:109A8000656C3E3C696E70757420747970653D2715
:109A90006E756D62657227206E616D653D27706F12
:109AA000727427206D696E3D273127206D61783DE6
:109AB000273635353335272076616C75653D2700AF
:109AC000273E3C7020636C6173733D276D273E50C9
:109AD0006F727420383020697320726573657276F6
:109AE000656420666F722074686973206D616E61B1
:109AF00067656D656E74207365727665722E3C2F96
:109B0000703E3C627574746F6E20747970653D2789
:109B10007375626D6974273E53617665206E657456
:109B2000776F726B2073657474696E67733C2F6214
:109B30007574746F6E3E3C2F666F726D3E3C2F6481
:109B400069763E3C2F64657461696C733E00000069
:109B50003C64657461696C73206F70656E3E3C7324
:109B6000756D6D6172793E48656C7465632056341D
:109B70002E332052462046726F6E742D456E643C23
:109B80002F73756D6D6172793E3C64697620636CEC
:109B90006173733D27696E73696465273E3C703E4F
:109BA000546F67676C6520746865204B4354383187
:109BB00030334C2065787465726E616C2052582089
:109BC0004C4E4120666F7220726563656976652030
:109BD0006F6E6C792E20546865206669726D7761AE
:109BE000726520616C77617973206279706173733B
:109BF0006573207468652046454D204C4E412064B5
:109C00007572696E67207472616E736D697420730A
:109C10006F207468652054582070617468207265E4
:109C20006D61696E7320617661696C61626C652E2D
:109C30003C2F703E3C666F726D206D6574686F647A
:109C40003D27504F53542720616374696F6E3D2741
:109C50002F72662D6C6E61273E3C64697620636CC2
:109C60006173733D27636865636B6C696E65273E3E
:109C70003C696E70757420747970653D2763686502
:109C8000636B626F78272069643D277634335F6C9D
:109C90006E615F6F6E27206E616D653D2776343390
:109CA0005F6C6E615F6F6E272076616C75653D2716
:109CB000312700003E3C6C6162656C20666F723D2E
:109CC000277634335F6C6E615F6F6E273E456E6141
:109CD000626C652065787465726E616C2046454DD6
:109CE000205258204C4E413C2F6C6162656C3E3CCA
:109CF0002F6469763E3C6C6162656C3E6167632EE1
:109D000072657365742E696E74657276616C202855
:109D10007365636F6E64732C2030206469736162B5
:109D20006C6573293C696E707574206E616D653D5C
:109D3000276167635F72657365745F696E746572CE
:109D400076616C5F7365632720747970653D276E5B
:109D5000756D62657227206D696E3D273027206D15
:109D600061783D27333630302720737465703D2786
:109D700031272076616C75653D270000273E3C2F1A
:109D80006C6162656C3E3C7020636C6173733D274F
:109D90006D273E506572696F646963616C6C7920F0
:109DA0007265737461727473205258206761696EB2
:109DB00020636F6E74726F6C20647572696E6720B9
:109DC0006C6F6E672069646C6520706572696F6482
:109DD0007320746F2070726576656E742073747270
:109DE0006F6E67206F75742D6F662D62616E6420D3
:109DF000696E746572666572656E63652066726F02
:109E00006D20636C616D70696E6720746865206E8B
:109E10006F69736520666C6F6F722E3C2F703E3CCD
:109E2000627574746F6E20747970653D2773756206
:109E30006D6974273E536176652052462066726FC5
:109E40006E742D656E642073657474696E67733CFF
:109E50002F627574746F6E3E3C2F666F726D3E3C60
:109E60007020636C6173733D276D273E5365747476
:109E7000696E6773206170706C7920696D6D6564BF
:109E8000696174656C7920616E64207065727369B4
:109E90007374206163726F7373207265626F6F7485
:109EA000732E20556E636865636B6564204C4E416C
:109EB000203D204750494F352F43545820484947AB
:109EC000482C2065787465726E616C204C4E412080
:109ED00062797061737365642E3C2F703E3C2F6411
:109EE00069763E3C2F64657461696C733E000000C6
:109EF0003C64657461696C73206F70656E3E3C7381
:109F0000756D6D6172793E4750533C2F73756D6D61
:109F10006172793E3C64697620636C6173733D279E
:109F2000696E73696465273E3C703E5475726E209D
:109F3000746865206F6E626F6172642047505320B1
:109F4000726563656976657220696E7465726661B3
:109F50006365206F6E206F6E6C79207768656E2068
:109F60006C6F636174696F6E2064617461206973E2
:109F7000206E65656465642E2044656661756C7449
:109F8000206973206F666620746F20736176652088
:109F9000626174746572792E3C2F703E3C666F72FC
:109FA0006D206D6574686F643D27504F53542720B2
:109FB000616374696F6E3D272F677073273E3C6441
:109FC000697620636C6173733D27636865636B6CAE
:109FD000696E65273E3C696E707574207479706592
:109FE0003D27636865636B626F78272069643D274E
:109FF0006770735F656E61626C656427206E616D6A
:10A00000653D276770735F656E61626C65642720CC
:10A0100076616C75653D2731270000003E3C6C6120
:10A0200062656C20666F723D276770735F656E6155
:10A03000626C6564273E456E61626C6520475053D3
:10A040003C2F6C6162656C3E3C2F6469763E3C62DD
:10A050007574746F6E20747970653D277375626DC9
:10A060006974273E536176652047505320736574A9
:10A0700074696E673C2F627574746F6E3E3C2F6618
:10A080006F726D3E3C7020636C6173733D276D276A
:10A090003E53617665642061746F6D6963616C6CB9
:10A0A0007920616E64206170706C696564206166FE
:10A0B000746572207265626F6F742E3C2F703E3C27
:10A0C0002F6469763E3C2F64657461696C733E0051
:10A0D0003C64657461696C73206F70656E3E3C739F
:10A0E000756D6D6172793E44657669636520537460
:10A0F000617475733C2F73756D6D6172793E3C644C
:10A10000697620636C6173733D27696E736964655A
:10A11000273E3C64697620636C6173733D276772E8
:10A120006964273E000000003C64657461696C73DB
:10A130003E3C73756D6D6172793E6F70656E486FF0
:10A140007020546F6B656E3C2F73756D6D61727905
:10A150003E3C64697620636C6173733D27696E735E
:10A16000696465273E3C703E5468697320746F6B68
:10A17000656E206D757374206D61746368207468FA
:10A1800065203C636F64653E746F6B656E3C2F6346
:10A190006F64653E2076616C756520696E206F7016
:10A1A000656E486F7020736F206F70656E486F70BA
:10A1B0002063616E20636F6E6E65637420746F2020
:10A1C00074686520726164696F2E3C2F703E3C6636
:10A1D0006F726D206D6574686F643D27504F5354E6
:10A1E0002720616374696F6E3D272F746F6B656EF6
:10A1F000273E3C6C6162656C3E4E6577206F7065F2
:10A200006E486F7020746F6B656E3C2F6C61626579
:10A210006C3E3C696E70757420747970653D277072
:10A22000617373776F726427206E616D653D27746B
:10A230006F6B656E27206175746F636F6D706C65F1
:10A2400074653D276E65772D70617373776F7264E7
:10A2500027206D61786C656E6774683D27363427FA
:10A260003E3C6C6162656C3E436F6E6669726D2048
:10A270006F70656E486F7020746F6B656E3C2F6CED
:10A280006162656C3E3C696E7075742074797065AE
:10A290003D2770617373776F726427206E616D65FF
:10A2A0003D27636F6E6669726D27206175746F63F9
:10A2B0006F6D706C6574653D276E65772D70617389
:10A2C00073776F726427206D61786C656E67746850
:10A2D0003D273634273E3C627574746F6E20747966
:10A2E00070653D277375626D6974273E53617665AD
:10A2F000206F70656E486F7020746F6B656E3C2FB9
:10A30000627574746F6E3E3C2F666F726D3E3C706A
:10A3100020636C6173733D276D273E4375727265D0
:10A320006E74206D6F64653A203C7370616E2063BB
:10A330006C6173733D2763686970273E00000000FD
:10A340003C2F7370616E3E2E204C656176652062F5
:10A350006F7468206669656C647320626C616E6BF3
:10A3600020746F20636C6561722069742E205265C1
:10A37000626F6F742072657175697265642E3C2F0F
:10A38000703E3C2F6469763E3C2F64657461696C55
:10A39000733E3C64657461696C733E3C73756D6DAE
:10A3A0006172793E485454502050617373776F72D4
:10A3B000643C2F73756D6D6172793E3C64697620E3
:10A3C000636C6173733D27696E73696465273E3CF6
:10A3D000703E50726F746563747320746869732083
:10A3E000776562207061676520616E64206D616EC3
:10A3F0006167656D656E7420616374696F6E732E3D
:10A4000020557365726E616D653A203C636F6465BB
:10A410003E61646D696E3C2F636F64653E2E3C2F18
:10A42000703E3C666F726D206D6574686F643D2789
:10A43000504F53542720616374696F6E3D272F611D
:10A44000757468273E3C6C6162656C3E4E65772092
:10A4500070617373776F72643C2F6C6162656C3EE0
:10A460003C696E70757420747970653D27706173F6
:10A4700073776F726427206E616D653D277061731D
:10A4800073776F726427206175746F636F6D706C82
:10A490006574653D276E65772D70617373776F7294
:10A4A0006427207265717569726564206D696E6CD0
:10A4B000656E6774683D273127206D61786C656E25
:10A4C0006774683D273634273E3C6C6162656C3E9C
:10A4D000436F6E6669726D2070617373776F72641B
:10A4E0003C2F6C6162656C3E3C696E7075742074C3
:10A4F0007970653D2770617373776F726427206E82
:10A50000616D653D27636F6E6669726D27206175A9
:10A51000746F636F6D706C6574653D276E65772D24
:10A5200070617373776F72642720726571756972D9
:10A530006564206D696E6C656E6774683D273127B0
:10A54000206D61786C656E6774683D273634273EF0
:10A550003C627574746F6E20747970653D277375F5
:10A56000626D6974273E53617665207061737377FD
:10A570006F72643C2F627574746F6E3E3C2F666F11
:10A58000726D3E3C7020636C6173733D276D273E96
:10A5900050617373776F7264206368616E6765736F
:10A5A0002074616B6520656666656374206F6E203C
:10A5B000746865206E657874207265717565737452
:10A5C0002E3C2F703E3C2F6469763E3C2F646574B0
:10A5D00061696C733E0000003C64657461696C7372
:10A5E0003E3C73756D6D6172793E57692D466920E9
:10A5F0005365747570204D6F64653C2F73756D6D78
:10A600006172793E3C64697620636C6173733D27A7
:10A61000696E73696465273E3C703E436C65617288
:10A6200020746865207361766564206D6F64656D64
:10A6300020636F6E66696775726174696F6E206101
:10A640006E64207265626F6F7420696E746F20741F
:10A650006865206F70656E203C636F64653E6F7047
:10A66000656E486F702D4D6F64656D2D5858585844
:10A670003C2F636F64653E20736574757020415094
:10A680002E3C2F703E3C666F726D206D6574686F56
:10A69000643D27504F53542720616374696F6E3DAA
:10A6A000272F776966692D726573657427206F6E31
:10A6B0007375626D69743D2272657475726E206384
:10A6C0006F6E6669726D2827436C656172207361D5
:10A6D000766564206D6F64656D20636F6E66696773
:10A6E00075726174696F6E20616E64207265626F4D
:10A6F0006F7420696E746F2057692D4669207365E9
:10A700007475702041503F27293B223E3C6275748E
:10A71000746F6E20636C6173733D2764616E67654F
:10A72000722720747970653D277375626D6974278F
:10A730003E456E7465722057692D466920536574D5
:10A740007570204D6F64653C2F627574746F6E3E3A
:10A750003C2F666F726D3E3C7020636C6173733D7D
:10A76000276D273E5573652074686973206265669E
:10A770006F7265206D6F76696E6720746865206DF5
:10A780006F64656D20746F20612064696666657210
:10A79000656E742057692D4669206E6574776F72F7
:10A7A0006B2E3C2F703E3C2F6469763E3C2F6465D7
:10A7B0007461696C733E00003C64657461696C731C
:10A7C0003E3C73756D6D6172793E5265626F6F7458
:10A7D0003C2F73756D6D6172793E3C6469762063C0
:10A7E0006C6173733D27696E73696465273E3C70C5
:10A7F0003E5265737461727420746865206D6F6475
:10A80000656D20776974686F7574206368616E6721
:10A81000696E6720616E792073657474696E677301
:10A820002E3C2F703E3C666F726D206D6574686FB4
:10A83000643D27504F53542720616374696F6E3D08
:10A84000272F7265626F6F74273E3C627574746F58
:10A850006E20747970653D277375626D6974273E4B
:10A860005265626F6F74206D6F64656D3C2F627509
:10A8700074746F6E3E3C2F666F726D3E3C2F646940
:10A88000763E3C2F64657461696C733E0000000085
:10A890003C64657461696C733E3C73756D6D617287
:10A8A000793E426C7565746F6F7468204446553C00
:10A8B0002F73756D6D6172793E3C64697620636CAF
:10A8C0006173733D27696E73696465273E3C703E12
:10A8D000456E7465722074686520696E7374616C6E
:10A8E0006C6564204E6F7264696320426C75657498
:10A8F0006F6F74682044465520626F6F746C6F618F
:10A900006465722E2045746865726E657420616E90
:10A910006420706F727420353035352077696C6C27
:10A9200020646973636F6E6E6563742E205468656E
:10A930006E207573652061204E6F726469632D63AC
:10A940006F6D70617469626C65204446552061705A
:10A950007020746F2073656C656374203C636F6452
:10A96000653E343633315F4446553C2F636F646532
:10A970003E20616E642075706C6F61642074686540
:10A98000206E52463532203C636F64653E666972C4
:10A990006D776172652E7A69703C2F636F64653ED6
:10A9A0002E3C2F703E0000003C7020636C6173737E
:10A9B0003D276D273E4578706563746564203C6370
:10A9C0006F64653E343633315F4446553C2F636FC8
:10A9D00064653E20616464726573733A203C636F02
:10A9E00064653E003C2F636F64653E2E20546865AD
:10A9F0002044465520626F6F746C6F6164657220ED
:10AA00006164766572746973657320616E20616438
:10AA1000647265737320646966666572656E74201E
:10AA200066726F6D20746865206170706C69636117
:10AA300074696F6E20616464726573732E3C2F704D
:10AA40003E0000003C666F726D206D6574686F6437
:10AA50003D27504F53542720616374696F6E3D2723
:10AA60002F6466752F626C6527206F6E7375626D3B
:10AA700069743D2272657475726E20636F6E6669CB
:10AA8000726D2827456E74657220426C7565746F0F
:10AA90006F7468204446553F2045746865726E6542
:10AAA0007420616E6420706F7274203530353520EB
:10AAB00077696C6C20646973636F6E6E6563742074
:10AAC000756E74696C2044465520636F6D706C65BB
:10AAD000746573206F72207468652064657669639D
:10AAE00065207265736574732E27293B223E3C6294
:10AAF0007574746F6E20636C6173733D2764616E4F
:10AB00006765722720747970653D277375626D697A
:10AB100074273E456E74657220426C7565746F6F64
:10AB20007468204446553C2F627574746F6E3E3CC9
:10AB30002F666F726D3E3C7020636C6173733D27AE
:10AB40006D273E5468697320616374696F6E206F6E
:10AB50006E6C7920656E7465727320444655206D65
:10AB60006F64653B20697420646F6573206E6F7439
:10AB70002075706C6F6164206669726D77617265B3
:10AB8000206F7665722045746865726E65742E3C20
:10AB90002F703E3C2F6469763E3C2F64657461697A
:10ABA0006C733E003C2F626F64793E3C2F68746D7D
:10ABB0006C3E00007B226469655F74656D70657230
:10ABC00061747572655F63223A0000007B227374C2
:10ABD000617465223A0000002C227374616E646215
:10ABE00079223A002C226672657175656E63795F11
:10ABF0006D687A223A0000002C2262616E647769E7
:10AC00006474685F687A223A000000002C22626156
:10AC10006E6477696474685F6B687A223A0000003A
:10AC20002C22737072656164696E675F666163741C
:10AC30006F72223A000000002C22636F64696E6715
:10AC40005F72617465223A002C2274785F706F77AE
:10AC500065725F64626D223A000000002C227379F5
:10AC60006E63776F7264223A000000002C227379C1
:10AC70006E63776F72645F76616C7565223A00006F
:10AC80002C22707265616D626C655F6C656E223A34
:10AC9000000000002C226175746F5F6361645F6562
:10ACA0006E61626C6564223A000000002C226672BC
:10ACB000657175656E63795F687A223A00000000FD
:10ACC0007B22626174746572795F766F6C74616700
:10ACD000655F6D76223A00002C22736F6C61725FA3
:10ACE0006368617267655F726174655F70657263E6
:10ACF000656E745F7065725F686F7572223A0000EE
:10AD00002C2273797374656D223A00002C227261D3
:10AD100064696F223A0000002C22636F756E7465BF
:10AD20007273223A000000002C226E6574776F72F5
:10AD30006B223A002C22677073223A002E6C6F63EC
:10AD4000616C000077616974696E67006E6F2066E0
:10AD5000697800004F6E00004F66660045787465A4
:10AD6000726E616C00000000496E7465726E616CF9
:10AD700000000000456E61626C656400427970619C
:10AD800073736564000000004448435000000000F5
:10AD90005374617469630000206F70656E486F7052
:10ADA000204D6F64656D00003C21444F4354595061
:10ADB000452068746D6C3E3C68746D6C3E3C686503
:10ADC00061643E3C6D657461206368617273657493
:10ADD0003D277574662D38273E3C6D657461206E85
:10ADE000616D653D2776696577706F7274272063A2
:10ADF0006F6E74656E743D2777696474683D646531
:10AE0000766963652D77696474682C696E69746905
:10AE1000616C2D7363616C653D31273E3C6D6574DB
:10AE20006120687474702D65717569763D2772654F
:10AE300066726573682720636F6E74656E743D2754
:10AE400035273E3C7469746C653E4D6F64656D20BA
:10AE500053746174733C2F7469746C653E3C7374F5
:10AE6000796C653E626F64797B666F6E742D666186
:10AE70006D696C793A73797374656D2D75692C738E
:10AE8000616E732D73657269663B6D61782D7769AC
:10AE90006474683A37363070783B6D617267696EFA
:10AEA0003A312E3235656D206175746F3B70616487
:10AEB00064696E673A302031656D3B636F6C6F7209
:10AEC0003A233232323B6C696E652D68656967687A
:10AED000743A312E34357D68327B6D617267696EEC
:10AEE0003A2E32656D2030202E3335656D7D683306
:10AEF0007B6D617267696E3A312E32656D2030204C
:10AF00002E3435656D7D2E6D7B636F6C6F723A23C9
:10AF10003636363B666F6E742D73697A653A2E3914
:10AF200032656D7D2E636172647B6261636B6772F3
:10AF30006F756E643A236637663766373B626F72A9
:10AF40006465723A31707820736F6C696420236491
:10AF500064643B626F726465722D726164697573BB
:10AF60003A3870783B70616464696E673A2E386570
:10AF70006D2031656D3B6D617267696E3A31656D4B
:10AF800020307D2E677269647B646973706C6179AF
:10AF90003A677269643B677269642D74656D706CA1
:10AFA0006174652D636F6C756D6E733A7265706553
:10AFB0006174286175746F2D6669742C6D696E6D8E
:10AFC00061782832323070782C31667229293B67DB
:10AFD00061703A2E3735656D2031656D7D2E6B764B
:10AFE0007B626F726465723A31707820736F6C693E
:10AFF0006420236464643B626F726465722D7261C5
:10B00000646975733A3870783B6261636B67726F1D
:10B01000756E643A236666663B70616464696E6748
:10B020003A2E37656D202E38656D7D2E6B7B6469F9
:10B0300073706C61793A626C6F636B3B636F6C6FBA
:10B04000723A233636363B666F6E742D73697A65B5
:10B050003A2E39656D3B6D617267696E2D626F7452
:10B06000746F6D3A2E32656D7D2E767B666F6E74D1
:10B070002D7765696768743A3630307D2E61637468
:10B08000696F6E737B6D617267696E3A31656D20B1
:10B09000307D2E616374696F6E7320617B6D6172A8
:10B0A00067696E2D72696768743A31656D7D636F8B
:10B0B00064657B666F6E742D66616D696C793A7537
:10B0C000692D6D6F6E6F73706163652C53464D6FA4
:10B0D0006E6F2D526567756C61722C6D6F6E6F733C
:10B0E000706163653B6261636B67726F756E643A32
:10B0F000236633663366333B70616464696E673A16
:10B100002E31656D202E3335656D3B626F7264653F
:10B11000722D7261646975733A3470787D406D6523
:10B1200064696120286D61782D77696474683A36A6
:10B1300034307078297B626F64797B7061646469F4
:10B140006E673A30202E3735656D7D7D3C2F7374E8
:10B15000796C653E3C2F686561643E3C626F647942
:10B160003E3C68323E0000002053746174733C2FF3
:10B1700068323E3C64697620636C6173733D27617D
:10B180006374696F6E73273E3C6120687265663D2B
:10B19000272F273E4261636B20746F206D61696EBB
:10B1A00020706167653C2F613E3C2F6469763E3CB0
:10B1B0007020636C6173733D276D273E4175746F1A
:10B1C0002D72656672657368657320657665727940
:10B1D0002035207365636F6E64732E3C2F703E3C88
:10B1E00064697620636C6173733D276361726427C1
:10B1F0003E3C64697620636C6173733D27677269B6
:10B2000064273E004669726D776172650000000038
:10B21000486F73746E616D65000000004375727253
:10B22000656E7420495000006E6F6E65000000006E
:10B23000436F6E6E656374656420636C69656E74DC
:10B2400000000000496E746572666163650000006D
:10B250002064426D0000000057692D466920736923
:10B26000676E616C0000000045746865726E6574FD
:10B27000206C696E6B0000004D4143005443502028
:10B280007374617475730000256C75642025303209
:10B290006C753A2530326C753A2530326C75000089
:10B2A0002530326C753A2530326C753A2530326C67
:10B2B00075000000557074696D650000252E2A66C2
:10B2C000000000002056000042617474657279002D
:10B2D00020252F6872000000426174746572792025
:10B2E000636861726765207261746500475053201E
:10B2F000666978002C200000475053206C6F636112
:10B3000074696F6E000000003C2F6469763E3C2F2C
:10B310006469763E000000003C68333E5261646917
:10B320006F3C2F68333E3C64697620636C617373B5
:10B330003D2767726964273E000000005374617402
:10B3400065000000204D487A0000000046726571DB
:10B3500075656E6379000000206B487A000000007C
:10B3600042616E64776964746800000053460000AF
:10B37000537072656164696E6720666163746F7291
:10B3800000000000342F0000436F64696E67207274
:10B3900061746500545820706F776572000000007A
:10B3A000307825780000000053796E63776F7264FF
:10B3B00000000000507265616D626C650000000065
:10B3C0004175746F20434144000000003C68333EE7
:10B3D000436F756E746572733C2F68333E3C6469CD
:10B3E0007620636C6173733D2767726964273E0042
:10B3F0005258207061636B6574730000545820705C
:10B4000061636B6574730000435243206572726F11
:10B41000727300004C617374205253534900000052
:10B42000206442004C61737420534E5200000000AF
:10B430004E6F69736520666C6F6F72002043000069
:10B440004469652074656D7065726174757265001C
:10B450003C2F6469763E3C68333E4E6574776F726C
:10B460006B3C2F68333E3C64697620636C61737378
:10B470003D2767726964273E00000000506F7274B8
:10B480000000000057692D466920525353490000BF
:10B4900057692D466920616E74656E6E610000000B
:10B4A00048656C7465632056342E33206578746566
:10B4B000726E616C204C4E41000000004761746563
:10B4C000776179005375626E65740000444E5320B5
:10B4D00031000000444E5320320000003C2F6469CC
:10B4E000763E3C2F626F64793E3C2F68746D6C3EF3
:10B4F000000000004D6F6465000000007B22686F53
:10B5000073746E616D65223A000000002C2265663E
:10B51000666563746976655F686F73746E616D6587
:10B52000223A00002C227463705F746F6B656E2288
:10B530003A0000002C227463705F706F7274223ABC
:10B54000000000002C227573655F73746174696379
:10B550005F6970223A0000002C227375626E657478
:10B56000223A00002C2267617465776179223A00E3
:10B570002C22646E7331223A000000002C22646E8B
:10B580007332223A000000002C22776966695F65F9
:10B59000787465726E616C5F616E74656E6E612247
:10B5A0003A0000002C2268656C7465635F76343362
:10B5B0005F65787465726E616C5F6C6E615F656EFD
:10B5C00061626C6564223A002C2268656C74656364
:10B5D0005F7634335F66656D5F6C6E615F62797054
:10B5E0006173736564223A002C226167635F726540
:10B5F0007365745F696E74657276616C5F736563A1
:10B60000223A00002C226770735F617661696C6179
:10B61000626C65223A0000002C22737461746963C5
:10B620005F6970223A0000007B22626F61726422BF
:10B630003A0000002C226669726D77617265223AC9
:10B64000000000002C22686F73746E616D65223AF1
:10B65000000000002C226D646E73223A000000008E
:10B660002C22696E74657266616365223A0000007F
:10B670002C2263757272656E745F6970223A0000E5
:10B680002C22636F6E6E65637465645F636C6965BD
:10B690006E745F6970223A002C22757074696D6552
:10B6A0005F736563223A00002C22757074696D65C2
:10B6B000223A00002C226469655F74656D706572C2
:10B6C00061747572655F63223A0000002C2262612A
:10B6D00074746572795F766F6C746167655F6D769F
:10B6E000223A00002C22626174746572795F766F71
:10B6F0006C746167655F76223A0000002C226261FB
:10B7000074746572795F6368617267655F72617492
:10B71000655F7063745F7065725F686F7572223AFF
:10B720000000000064686370000000002C226C6957
:10B730007665223A000000002C22776966695F7204
:10B740007373695F64626D223A0000002C226C6999
:10B750006E6B223A000000002C226D6163223A00D9
:10B760002C227463705F737461747573223A0000E5
:10B770002C2270796D635F746F6B656E5F73657497
:10B78000223A00007B226D6F6465223A00000000BF
:10B790002C227361766564223A7B2273746174692A
:10B7A000635F6970223A00007B2272785F70616388
:10B7B0006B657473223A00002C2274785F706163A9
:10B7C0006B657473223A00002C226372635F6572AA
:10B7D000726F7273223A00002C226C6173745F7274
:10B7E0007373695F64626D223A0000002C226C6101
:10B7F00073745F736E725F6462223A002C226E6F04
:10B800006973655F666C6F6F725F64626D223A0088
:10B8100030313233343536373839616263646566C6
:10B8200000000000705F73706920213D204E554C70
:10B830004C0000002F686F6D652F79656C6C6F7719
:10B84000636F6F6C6E2F2E706C6174666F726D69B2
:10B850006F2F7061636B616765732F6672616D65D1
:10B86000776F726B2D61726475696E6F616461666A
:10B87000727569746E726635322F6C6962726172AC
:10B880006965732F5350492F5350492E63707000D0
:10B89000535049436C6173733A3A535049436C6156
:10B8A0007373284E52465F5350494D5F547970650B
:10B8B0002A2C2075696E74385F742C2075696E743B
:10B8C000385F742C2075696E74385F74290000002D
:10B8D0000000FFFF000080000000000008000800DA
:10B8E0000000000000000000E8030000FFFFFFFF71
:10B8F000FFFFFFFFFFFFFFFFFFFFFFFFFFFFFFFF58
:10B900000000000000000000B54A0400CD4B040018
:10B91000BD4B0400AD4B04009D4B04008D4B040057
:10B92000814B0400794B04009D4A0400754B0400D0
:10B930003D4B0400294B0400B94A0400194B040094
:10B94000C94A0400114B0400C14A0400FD4B040025
:10B95000DD4B0400FD4A0400F14A0400ED4A0400F6
:10B96000B14A0400859B04000000000000000000B4
:10B970000338FDD8704700000000D9439A999940D8
:10B980000A0000000000D9439A9999400000A040A5
:10B990000000FA420A0010000000D9430000FA42F9
:10B9A0000907120A0800000022FB120011032100FF
:10B9B0001106210322021406110B120B110E120E96
:10B9C00011141116220B13152111240D2114211607
:10B9D00022152315411341143314521361165216C4
:10B9E00053166316641674165358313236310000FC
:10B9F0000000000000000000894C04008D4C040091
:10BA0000416604003D8004007D800400BD80040088
:10BA1000595B040029980400CD630400DD970400FD
:10BA2000E55F0400E561040079620400FD5D040047
:10BA3000E95D04009D4C04000D8B0400398704006F
:10BA4000BD8F0400A592040081930400014D040001
:10BA5000614C040029900400698A0400E58B04000D
:10BA6000B98D0400ED600400C96004008960040021
:10BA7000755B0400096804003D5D04004D5E040030
:10BA8000355E04005D5D04002D6104000560040066
:10BA90005D630400355B040009650400795E040001
:10BAA000695D0400B95F0400C187040009880400CF
:10BAB000C187040009880400C187040009880400C4
:10BAC000F1570400B55D0400896B0400415F040078
:10BAD000715D0400A9860400D98604003D88040035
:10BAE000F98604000D830400A956040001550400E2
:10BAF000515204007D530400AD4E0400F150040087
:10BB0000CD4F0400594D0400FFFFFFFF000000006F
:10BB1000800100008001000012AD101B12AD00007A
:10BB20000000000000000000B15D0400D55F0400CB
:10BB3000416604003D8004007D800400BD80040057
:10BB4000595B040029980400CD630400DD970400CC
:10BB5000E55F0400E561040079620400FD5D040016
:10BB6000E95D0400519704000D8B0400398704003F
:10BB7000BD8F0400A5920400819304006197040026
:10BB80006997040029900400698A0400E58B040089
:10BB9000B98D0400ED600400C960040089600400F0
:10BBA000755B0400096804003D5D04004D5E0400FF
:10BBB000355E04005D5D04002D6104000560040035
:10BBC0005D630400355B040009650400795E0400D0
:10BBD000695D0400B95F0400C1870400098804009E
:10BBE000C187040009880400C18704000988040093
:10BBF00039970400B55D0400896B0400415F0400BF
:10BC0000715D0400A9860400D98604003D88040003
:10BC1000F98604000D830400010100000100010009
:10BC200000000100010000005000B0001801780180
:10BC3000B0021803C8053006300C980C0F0603003C
:10BC400000122436480416283A4C081A2C3E0C1EC2
:10BC500030421022344601132537490517293B4D40
:10BC6000091B2D3F0D1F3143112335470214263880
:10BC70004A06182A3C4E0A1C2E400E203244031558
:10BC800027394B07192B3D4F0B1D2F410F213345F2
:10BC90003500420055006B008400AB00D70008015E
:10BCA0005601AE011002AC025C0320045805B50633
:10BCB0003C08AC0A640D6B101F170F1E160E1D15E5
:10BCC0000D1C140C1B130B1A120A19110900000089
:10BCD0000108AC00000000000000000000000000AF
:10BCE000000000002197040031970400C59704006C
:10BCF000399704003197040029980400299704001B
:10BD0000DD97040031970400319704004197040047
:10BD1000499704003197040051970400519704009B
:10BD2000519704003997040039970400599704008B
:10BD30006197040069970400419704004997040043
:10BD4000719704007197040081970400859704009F
:10BD5000859704008D970400999704009997040033
:10BD60009D97040049970400499704003197040007
:10BD7000A59704003197040031970400A5970400AB
:10BD8000AD970400B1970400B5970400B197040083
:10BD9000B9970400B1970400B9970400B197040063
:10BDA000B997040039970400A5970400BD970400D3
:10BDB0003197040095F5040030211203120330215D
:10BDC00003122130213003124370340725165261CB
:10BDD00052612516340743700734704361521625AB
:10BDE000162561527043073434074370526125169B
:10BDF000251652614370340770430734162561528B
:10BE00006152162507347043000000000000000056
:10BE1000000000000000000095F5040095F5040006
:10BE200095F5040095F5040095F5040095F50400DA
:10BE300095F5040095F5040095F5040095F50400CA
:10BE400095F5040095F5040095F5040095F50400BA
:10BE500095F50400759B0400759B0400799B040014
:10BE60007D9B0400759B0400819B0400859B04005E
:10BE7000000000000000000055A3040081A00400A1
:10BE800045A0040059A00400A5A00400C9A0040016
:10BE9000A1A30400A5A10400B59F0400B9A004005B
:10BEA0005DA10400D9A30400819F04008D9F0400BC
:10BEB000959F04009D9F040025A3040045A2040053
:10BEC000EDA00400B5A20400999F0400000000004A
:10BED000000000007DA50400B1A90400996A0200D9
:10BEE00051A4040055A4040089A40400000000002B
:10BEF00000000000CDB2040049B10400996A0200BC
:10BF0000D5B00400D1B0040065B10400CDB1040087
:10BF1000F5B00400D9B0040029B1040031B2040026
:10BF20003DB104000DB304009DB104009DB30400B5
:10BF3000B9B00400C9B00400E9B10400CDB00400F8
:10BF40000338FDD87047000057495A6E65740000E9
:10BF5000000000000000000095DB0400BDDB0400D1
:10BF6000996A020079DB04007DDB040085DB0400B4
:10BF70008DDB0400FF000000FF0000000200000055
:10BF8000030000000400000005000000060000009F
:10BF90000700000008000000090000000A0000007F
:10BFA0000B0000000C0000000D0000000E0000005F
:10BFB0000F0000001000000011000000120000003F
:10BFC000130000001400000015000000160000001F
:10BFD0001700000018000000190000001A000000FF
:10BFE0001B0000001C0000001D0000001E000000DF
:10BFF0001F000000200000002100000022000000BF
:10C00000230000002400000025000000260000009E
:10C010002700000028000000290000002A0000007E
:10C020002B0000002C0000002D0000002E0000005E
:10C030002F000000000000000000000035E30400B5
:10C040000D0A000000000000000000001DEA0400CE
:10C0500069EA0400D9E90400F1E90400C1E9040037
:10C06000D1E90400C9E90400C5EA0400E9EC0400D0
:10C070001DE9040015E90400546D72510000000030
:10C08000546D7220537663006C6F6F700000000077
:10C0900043616C6C6261636B000000002C2066756C
:10C0A0006E6374696F6E3A200061737365727469B0
:10C0B0006F6E2022257322206661696C65643A20C8
:10C0C00066696C6520222573222C206C696E6520C0
:10C0D0002564257325730A00546200204300504FE5
:10C0E000534958002E00232D302B2000686C4C0043
:10C0F00065666745464700494E4600696E66004ED4
:10C10000414E006E616E00300030313233343536CE
:10C1100037383941424344454600303132333435B3
:10C12000363738396162636465660000202020205C
:10C1300020202020202828282828202020202020D7
:10C1400020202020202020202020202088101010B7
:10C15000101010101010101010101010040404040F
:10C160000404040404041010101010101041414184
:10C1700041414101010101010101010101010101EF
:10C180000101010101010110101010101042424282
:10C1900042424202020202020202020202020202BF
:10C1A0000202020202020210101010200000000021
:10C1B000000000000000000000000000000000007F
:10C1C000000000000000000000000000000000006F
:10C1D000000000000000000000000000000000005F
:10C1E000000000000000000000000000000000004F
:10C1F000000000000000000000000000000000003F
:10C20000000000000000000000000000000000002E
:10C21000000000000000000000000000000000001E
:10C22000000000000000000000000000496E666988
:10C230006E697479004E614E00000000000000003D
:10C2400000000000000000000000000000000000EE
:10C2500000000000000000000000000000000000DE
:10C2600000000000000000000000000000000000CE
:10C2700000000000000000000000000000000000BE
:10C2800000000000000000000000000000000000AE
:10C29000000000000000000000000000000000009E
:10C2A0000080E03779C34143176E05B5B5B89346B2
:10C2B000F5F93FE9034F384D321D30F94877825A7E
:10C2C0003CBF737FDD4F1575000000000000F03F9C
:10C2D0000000000000002440000000000000594061
:10C2E0000000000000408F40000000000088C340B4
:10C2F00000000000006AF8400000000080842E4129
:10C3000000000000D01263410000000084D7974174
:10C310000000000065CDCD41000000205FA002427A
:10C32000000000E876483742000000A2941A6D42EF
:10C33000000040E59C30A2420000901EC4BCD642E2
:10C3400000003426F56B0C430080E03779C341438D
:10C3500000A0D8855734764300C84E676DC1AB4303
:10C36000003D9160E458E143408CB5781DAF154421
:10C3700050EFE2D6E41A4B4492D54D06CFF08044FC
:10C38000F64AE1C7022DB544B49DD9794378EA4411
:10C3900005000000190000007D0000000000000002
:08C3A000B09EFC7F01000000CB
:10C3A800000000000A00000000000306B2000800B8
:10C3B80001000000A800080002000000A00014000E
:10C3C800030057494E55534200000000000000008A
:10C3D80000008400040007002A004400650076007D
:10C3E80069006300650049006E0074006500720012
:10C3F800660061006300650047005500490044007D
:10C408007300000050007B003900370035004600FB
:10C4180034003400440039002D003000440030005E
:10C4280038002D0034003300460044002D00380049
:10C438004200330045002D00310032003700430030
:10C4480041003800410046004600460039004400DB
:10C458007D000000000000000400000010000C0037
:10C46800C0730020E86D0500000000000000000017
:10C4780000000000000000000000000000000000B4
:10C4880000000000000000000000000000000000A4
:10C498000000000000000000000000000000000094
:10C4A8000000000000000000000000000000000084
:10C4B8000000000000000000FF00FFFF1600000061
:10C4C8000000C6C25051D53324F4000008081612E3
:10C4D80000100A01747705006F70656E686F702D23
:10C4E80072616B343633312D6574680000000000CA
:10C4F8000000000000000000000000000000000034
:10C508000000000000000000000000000000000023
:10C51800000000000000000000000000024F484F2B
:10C52800500000002D2D2D0000000000000000002C
:10C5380000000000FF0000000000000000000000F4
:10C5480000000000FF0000000000000000000000E4
:10C55800000000000D0A526164696F4C696220494D
:10C568006E666F0A56657273696F6E3A20202237BD
:10C578002E372E312E30220D0A506C6174666F7280
:10C588006D3A20224164616672756974206E524664
:10C598003532220D0A22417567203232203230327C
:10C5A8003622202232333A32353A3333220000C061
:10C5B80044A300200A000000B5DF040025E00400C1
:10C5C800A9DF040099DF0400FFFFFFFFFCAC002097
:10C5D8000200000068D000200090D0030A0000008C
:10C5E800ECCF002000D0002014D0002028D000205C
:10C5F80054620020000000005CC205007CC20500F7
:10C608003CC205000000000000000000000000001F
:10C618000000000000000000000000000000000012
:10C628000000000000000000000000000000000002
:10C6380000000000000000000000000000000000F2
:10C6480000000000000000000000000000000000E2
:10C65800000000004300000000000000000000008F
:10C6680000000000000000000000000000000000C2
:10C67800000000004300000000000000000000006F
:10C6880000000000000000000000000000000000A2
:10C69800000000004300000000000000000000004F
:10C6A8000000000000000000000000000000000082
:10C6B800000000004300000000000000000000002F
:10C6C8000000000000000000000000000000000062
:10C6D800000000004300000000000000000000000F
:10C6E8000000000000000000000000000000000042
:10C6F80000000000430000000000000000000000EF
:10C708000000000000000000000000000000000021
:10C7180000000000430000000000000000000000CE
:10C728000000000000000000000000000000000001
:10C7380000000000A94E0500513D05000000000062
:10C748002BC10500E4C00500D7C00500D7C005000F
:10C75800D7C00500D7C00500D7C00500D7C0050061
:10C76800D7C00500D7C00500D7C00500FFFFFFFFF1
:10C77800FFFFFFFFFFFFFFFFFFFF00000100415326
:10C7880043494900000000000000000000000000CC
:10C7980000000000000000000000000000004153FD
:10C7A80043494900000000000000000000000000AC
:10C7B8000000000000000000000000000000000071
:10C7C800E57103000162020035620200256602007D
:10C7D80055D4020051E60200B52403001566030093
:10C7E800F18503009DBE0300F53904003180040083
:10C7F800F5990400599F040035A404009DB0040075
:10C80800DDB3040019C4040055CF0400B1CF0400FF
:10C8180071D7040009DF040001E9040089EF04006E
:08C82800992E050011620200C7
:0400000350001A4D42
:00000001FF
