:020000022000DC
:10600000000004201D4704005D4704005F470400B2
:106010006147040063470400654704000000000076
:1060200000000000000000000000000031460400F5
:106030006947040000000000514604006D47040059
:10604000094904006F470400B91A04006F470400AF
:106050006F4704006F470400011F04006F470400EE
:106060006F4704006F4704006F4704006F47040048
:106070006F4704006F4704006F4704006F47040038
:106080006F470400B54304006F4704006F470400E6
:106090006F4704006F4704006F4704006F47040018
:1060A0006F4704006F4704006F4704006F47040008
:1060B0006F4704006F47040000000000000000006C
:1060C0006F4704006F4704006F470400F54E04005B
:1060D0006F4704006F4704006F470400F16C020033
:1060E000051B04006F4704006F4704000000000018
:1060F000000000006F470400000000006D4F040026
:10610000000000000000000000000000000000008F
:10611000000000000000000000000000000000007F
:10612000000000000000000000000000000000006F
:10613000000000000000000000000000000000005F
:10614000000000000000000000000000000000004F
:10615000000000000000000000000000000000003F
:10616000000000000000000000000000000000002F
:10617000000000000000000000000000000000001F
:10618000000000000000000000000000000000000F
:1061900000000000000000000000000000000000FF
:1061A00000000000000000000000000000000000EF
:1061B00000000000000000000000000000000000DF
:1061C00000000000000000000000000000000000CF
:1061D00000000000000000000000000000000000BF
:1061E00000000000000000000000000000000000AF
:1061F000000000000000000000000000000000009F
:10620000F1EE103A43F08073E1EE103A704700BFB0
:1062100010B5054C237833B9044B13B10448AFF3E0
:1062200000800123237010BD3064002000000000B6
:1062300004B5040008B5034B1BB103490348AFF391
:10624000008008BD000000003464002004B5040094
:10625000154B002B08BF134B9D46A3F5803A002138
:106260008B460F461348144A121A20F006FB0F4BB8
:10627000002B00D098470E4B002B00D098470020F1
:10628000002104000D000D48002802D00C48AFF397
:10629000008020F079FA200029001EF091FA20F009
:1062A0004DFA00BF000008000000042000000000BC
:1062B0000000000030640020B0A5002000000000B5
:1062C000000000000146014800F08EBA686400201A
:1062D00038B5064B1D783DB100242046013400F04E
:1062E00049FEE0B28542F9D838BD00BF64640020A1
:1062F000407DFF2806D010B500F088FD044618B197
:10630000204610BD002070471EF0ACFF204610BD97
:10631000407DFF280ED000B583B00DF1070100F0DD
:10632000C9FD20B19DF8070003B05DF804FB4FF0F4
:10633000FF30F9E74FF0FF30704700BF407DFF2886
:1063400011D000B583B001220DF1070100F06AFD04
:1063500020B94FF0FF3003B05DF804FB9DF8070053
:1063600003B05DF804FB4FF0FF307047407DFF281D
:1063700001D000F0FFBD7047407DFF2801D000F044
:106380003FBE0020704700BFF8B50646407DFF289D
:106390001CD017465AB10D46144600F011FD29468F
:1063A000224680B1707D00F08FFD241A01D138465D
:1063B000F8BD05441EF056FF707D00F001FD294632
:1063C00022460028EED13F1B3846F1E70020F8BDF9
:1063D0000AB32DE9F043524991F81C6191F81D511F
:1063E00091F81E7193B0994614467B1CAA1C8046F6
:1063F000B01C81F81C0181F81D2181F81E3101A813
:106400004222002120F039FAB9F1410F05D80020CD
:1064100013B0BDE8F083422070478DF806608DF818
:106420000E608DF82660721C40F20126D2B2ADF8E3
:106430001060DFF8F0C08DF81E20242640F6083EDC
:106440006B1C8DF827208DF83120ADF804E08DF815
:1064500016608DF820608DF82460CDF818C00426F1
:106460004FF0060C65F07F0540F209424FF0010E37
:1064700098F81410ADF80C208DF81CE005228DF86A
:106480001F608DF830608DF822C040F207568DF8FD
:1064900025C08DF82A5020464FF0030E63F07F048C
:1064A0004FF0080C02234FF411658DF814108DF88D
:1064B00007308DF808308DF809308DF812308DF8DE
:1064C00021308DF815208DF823208DF82BE08DF8E4
:1064D0002CC04FF00A0EADF82E504FF0400C01A921
:1064E000ADF8286007258DF833308DF840208DF801
:1064F0004140422244F20204ADF838608DF83B304E
:106500008DF83A708DF834E08DF83CC08DF83F502E
:10651000ADF8424020F08DF9422013B0BDE8F08381
:106520006864002020010524A0F11000FFF750BF8F
:1065300070B50368184A5B6882B093428DF8071003
:1065400024D10546407DFF281DD000F039FC0DF117
:10655000070601243146224688B1687D00F0B4FC6C
:10656000241A02D1012002B070BD06441EF07AFE4A
:10657000687D00F025FC314622460028EDD1C4F1AB
:10658000010002B070BD002002B070BD01220DF10B
:106590000701984702B070BD89630200437DFF2B5D
:1065A00000D07047094B1A78002AFAD110B500F1D3
:1065B000100442750649204601221A7000F0E0F9E5
:1065C00021460448BDE8104000F0F0B864640020A3
:1065D000B096040068640020407DFF2807D000B515
:1065E00083B000F0EDFB20B103B05DF804FB0020A8
:1065F000704701901EF036FE019803B05DF804FB71
:1066000001B900B1704700B583B0694600F0EEFBF8
:10661000009BB3F5966F02D003B05DF804FB00F069
:106620007DFBF9E730B4084B084A4FF47F4102F193
:106630000805002430324FF47A7099821D60C3E956
:1066400001401A6130BC70474C640020C0960400C1
:106650002DE9F0410024484E2546435D4719A3B17A
:1066600003F14002D2B2012A0AD9F42B08D81A0643
:106670000ED44FF0010EA3F55842B2F5006F56D27A
:1066800001354719435D002BEAD12046BDE8F08172
:1066900003F0E002C02A57D003F0F002E02A66D0EF
:1066A00003F0F802F02AEBD103F007024FF0040EDA
:1066B0007B7803F0C00CBCF1800FE1D197F802C0E9
:1066C0000CF0C00803F03F03B8F1800F43EA8213D7
:1066D000D6D10CF03F0CBEF1030F4CEA83132DD042
:1066E000FA7802F0C007802FCAD102F03F0242EAD6
:1066F0008313A3F58032B242C2D8A3F55847B7F549
:10670000006FBDD3B3F5803F05F1040510D31E2CF7
:10671000BBDC6300970A0B44C2F30902A7F52057BC
:10672000A2F5105221F814705A80023495E775448E
:10673000202CAAD021F8143001348EE7A3F5006292
:10674000B2F5784F97D39BE77A7802F0C007802F95
:1067500003F01F0394D102F03F0242EA8313A3F136
:106760008002B2F5F06F8BD24FF0020E83E703F098
:106770000F024FF0030E9BE7FFFF0F0090F8503120
:106780000B2B0CD871B103F1480210B45C1C80F8DB
:10679000504140F822105DF8044B18467047002322
:1067A000184670470B461846704700BF70B5044640
:1067B0000E68B4F81821B4F81A31656936689B1A66
:1067C00008469BB294F81C112A44B04758B1B4F85B
:1067D00018216369104480B2A4F81801588094F815
:1067E0001C211A71012070BD2DE9F043284DDFF8FE
:1067F000B090AC4604468846BCE80F0089B003AFB1
:106800000FC703AE0FCE05F1140E25460FC59EE847
:106810000700DCF800303B806B4636682E8003C3EF
:106820006B4603CB012504F118034FF480766361B6
:10683000A061E16184F8202004F59870C4F81891F3
:106840002022A4F81C61002184F81E5120F015F8C4
:1068500040F20947042240F2EF230E4E0E48C4F8DE
:1068600028010021C4F82C1184F85021A3804FF492
:10687000E131A571C4F82071C4F824610748FFF71D
:106880008DFE404600F038FA284609B0BDE8F08396
:10689000F4960400249704002C9704004C64002014
:1068A000090000010048704768640020014B5869E6
:1068B000704700BF686400202DE9F04F89B0F8B13F
:1068C000032816D02B4C94F8503183424FD94830CE
:1068D00004F5AA7154F82000FFF7BAFEC0B20130E7
:1068E000400040F44070A4F85201234809B0BDE8CC
:1068F000F08F204CD4F82C0150B104F5AA71EBE7CD
:106900001C4CD4F82031A4F854314FF44170EAE71C
:10691000684600F005FA054610B300F1FF3A0DF1A4
:106920000103164FE94653FA8AFAA64604AE97E8E1
:106930000F0019F801CB86E80F000CF00F080DF1DD
:10694000200BD8440BEB1C1C18F8108C1CF8103CC6
:10695000AEF85681D145AEF854310EF1040EE6D1B1
:106960006800C0B20130400040F44070BBE7002036
:10697000BCE700BF68640020BA65002014970400DB
:1069800010B504460248FFF7F9FE207110BD00BFA4
:106990006864002030B5144C236883B013B31868C2
:1069A00051B90CF0BDFD236893F90400012103B037
:1069B000BDE830401EF08ABE0C4B00930025012339
:1069C0008DF805308DF8045002AB13E906000CF089
:1069D00043FD236893F90400294603B0BDE8304025
:1069E0001EF074BE03B030BDFC65002080BA8C017F
:1069F0000448006828B108B500680CF097FD012034
:106A000008BD7047FC650020084B1B6843B141B9C5
:106A1000074B4022C3F88020BFF34F8FBFF36F8F27
:106A20007047034B40221A60704700BFFC6500208E
:106A300000E100E0024B53F8200000B1C06870474D
:106A40000066002030B4094CBDF8085054F82040CE
:106A500044B1246934B10846A44611461A462B466F
:106A600030BC6047002030BC704700BF006600208B
:106A700030B4084CBDF8085054F8204044B1646963
:106A800034B10846A44611461A462B4630BC60472E
:106A900030BC70470066002000207047024B186829
:106AA00008B190F860007047086600202DE9F843AF
:106AB000234C2568002D3CD01E462C2303FB00539D
:106AC0001746D3F8209088460446B9F1000F32D01B
:106AD000484620F09EFD2C2303FB0454D4E90954BE
:106AE000DFF864C0174B08280246494628BF082231
:106AF0004046002D08BF6546002C08BF1C461FF00D
:106B000098FE284620F085FD10280246294628BF19
:106B1000102238461FF08DFE204620F07AFD042812
:106B200002462146304628BF0422BDE8F8431FF044
:106B300080BEBDE8F883DFF814900820CBE700BFE3
:106B40000866002054970400449704003897040016
:106B500070B5104E3368D3B12C2404FB00340546C5
:106B600062691AB19047336884F832002C2202FB24
:106B7000053393F8324014B10124204670BD2846F5
:106B800023463A22022101F0E7F8204670BD1C4658
:106B9000204670BD08660020074B1B6853B110B437
:106BA0002C2404FB0030C46A038E0C6013805DF853
:106BB000044B7047704700BF0866002008B52022CC
:106BC0000023052101F0C8F84FF0FF3008BD00BFD9
:106BD00030B4094C24685CB10D4611462C2202FBEE
:106BE0000044E46924B11A462846234630BC1847BD
:106BF000012030BC704700BF0866002030B4094C4B
:106C0000029A246854B10D462C2101FB0044A4686B
:106C100024B119462846234630BC18474FF0FF30B0
:106C200030BC70470866002030B4094C029A2468D2
:106C300054B10D462C2101FB0044E46824B11946EF
:106C40002846234630BC18474FF0FF3030BC704711
:106C500008660020044B1B682BB12C2202FB00307D
:106C6000036903B11847704708660020054B1B688D
:106C70002BB12C2202FB0030836903B1184701209D
:106C8000704700BF0866002005F0DCBB00B5164B5E
:106C900083B04022002483F8272301A90123204642
:106CA0008DF804308DF8054002F0DAFE4FF0804395
:106CB00002A8D3F8385400F8084D1DF0DFFD0B4B47
:106CC000019301A81DF006FE1DF016FEEB0707D488
:106CD00000214FF0FF3002F04DFFFFF7F9FAF7E720
:106CE000204605F0AFFBF3E700E100E0896C02000D
:106CF000002005F01DB800BF00B5002383B00322BB
:106D0000CDE9002303490448C8221CF013FB03B05B
:106D10005DF804FB589704008D6C02001EF04EBC19
:106D20004FF08052536E1BBA0360136E1BBA436060
:106D300008207047004870476097040070B51E4CEB
:106D40002368D3B1012901D0012070BD1578C5F3A6
:106D50004115012D13D0022D0FD15478012C21D0D3
:106D6000022CF1D19388072B07D1144C11462389AB
:106D70002246BDE8704003F035BE002070BD51785A
:106D80002229E1D111465288003218BF01225A75DA
:106D900003F010FE2268D369002BD5D0507D9847B0
:106DA000284670BD9C69002CE7D011462378224606
:106DB000BDE8704003F016BE0C66002004600020A1
:106DC00010B5044602F034FE08B9002010BD02F0F0
:106DD00037FE0028F9D1044B4FF4367202FB04341D
:106DE000207900F0010010BD90660020064A4FF4A3
:106DF000367303FB00230833186808609A889B7970
:106E00008B718A80704700BF9066002008B5044AE5
:106E10004FF4367303FB0020103002F055FC08BD20
:106E2000906600202DE9F8434FF4367404FB00F41B
:106E30001E4E4FF6FF73074604F110054FF6FE7025
:106E4000824288BF1A463544284692B202F066FC58
:106E5000804602F0EDFD10B94046BDE8F88302F02F
:106E6000EFFD81460028F7D13444E378002BF3D0BE
:106E7000284602F041FC3F28EED9E178484603F06D
:106E8000E7FC0028E8D0284602F036FC3F2804D86A
:106E9000E178484603F0ECFCDEE7054AE178484635
:106EA00002EBC712402303F0F3FCD5E79066002005
:106EB00010660020034A4FF4367303FB00201030A5
:106EC00002F096BC906600202DE9F8434FF4367529
:106ED00005FB00F5244F4FF6FF73064605F1240429
:106EE0004FF6FE70824288BF1A463C4492B220465A
:106EF00002F0B8FC8046204602F0E6FB3F2802D8AC
:106F00004046BDE8F88302F093FD0028F8D002F077
:106F100097FD81460028F3D1204602F0D5FB0028DA
:106F2000EED03D444846A97803F092FC0028E7D013
:106F30000E4B402202EBC6161E442046314602F09C
:106F4000EDFB034660B13246A978484603F0A0FC49
:106F50000028D5D1064B1B68DB07D1D500BECFE793
:106F6000A97803F085FCCBE790660020106600202E
:106F7000F0ED00E02DE9F041804602F059FD10B936
:106F80000020BDE8F08102F05BFD07460028F7D144
:106F90004FF4367404FB08F4164E04F1240535440E
:106FA000284602F091FB0028EAD026443846B17802
:106FB00003F04EFC0028E3D040220F4B02EBC81830
:106FC00098442846414602F0A9FB044660B1424677
:106FD000B1783846234603F05BFC40B9074B1B6889
:106FE000DB07CDD500BECCE7B17803F041FC2046ED
:106FF000C7E700BF9066002010660020F0ED00E0BB
:1070000008B5044A4FF4367303FB0020243002F025
:1070100073FB08BD9066002070B5204C82B0002143
:107020004FF4367220460D461FF027FCFF234FF425
:10703000E132082604F138016371A26001234FF4A4
:107040008072009504F11000A67302F001FB144B4E
:107050001B78C3F38003009304F59C7101234FF464
:10706000807204F1240002F0F3FA04F50E7101209D
:107070001BF0A4FB04F52271064601201BF09EFBC9
:1070800006B130B9074B1B68DB0700D500BE02B064
:1070900070BDC4E90756C4E90C05F8E79066002006
:1070A000B8600020F0ED00E038B5094C206A256B8F
:1070B00020B11BF0A7FF0023C4E907332DB12846F8
:1070C0001BF0A0FF0023C4E90C33012038BD00BF32
:1070D0009066002010B50E4C0E4823780022026006
:1070E0000271DA0709D59B070DD521780A48C1F34B
:1070F0008001BDE8104002F063BC103002F040FC9B
:1071000023789B07F1D4044802F03AFCEDE700BF76
:10711000B860002090660020B46600202DE9F041A0
:107120004B79022B82B004D00025284602B0BDE87E
:10713000F0818B79022BF7D1364EB3782BB1364BD9
:107140001B68DB07F0D500BEEEE78B7833700C7858
:107150000C4407466378242B4FF009050BD1082A0D
:1071600002D822E0AA4220D323781C441D4463782D
:10717000242BADB2F6D0052B38D0042B15D1637972
:107180000A2B12D1254A94F8008001920223013281
:107190000092384604EB08011A4603F095FA0028DD
:1071A000CDD00E3518FA85F5ADB202F041FC0028BD
:1071B000BBD002F045FC04460028B6D1F378002B82
:1071C000B3D0174802F098FA3F28AED9F17820469C
:1071D00003F03EFB0028A8D0114802F08DFA3F28AA
:1071E000F17811D8204603F043FB9EE7214638464C
:1071F00003F00AFB0028A2D0A378737023781C4404
:107200001D44ADB26378B8E7064A2046402303F038
:107210003FFB8AE790660020F0ED00E092660020D8
:10722000A06600201066002038B5137803F06003D4
:10723000202B01D0002038BD294C938825789D4211
:10724000F8D15378203B032BF4D8DFE803F008157E
:107250001E02012936D0032939D0012038BD012969
:107260000CD00329F9D11F4B002BF6D01E4900206A
:10727000AFF30080012038BD0129EED1114607236C
:10728000194A03F0AFFB012038BD01291AD00329A8
:10729000E3D1164B55881B781548257113F004016E
:1072A0001CBFE94301F0010102F08AFB114B002BE6
:1072B000D3D0C5F3400205F001010020FFF7A0F98B
:1072C000012038BD114603F075FB012038BD0A4B83
:1072D000002BC2D051880020AFF30080BDE700BF73
:1072E000906600200000000098660020B860002032
:1072F000B466002001660200000000002DE9F0479E
:107300005F4CE2788A420D4680461F4659D15D4E59
:107310009AB2314604F1100002F0A4FA5A4BC3B1FC
:107320006379FF2B15D0A7B106EB070A04F110090A
:1073300002E056450DD0637916F8012B9A42F8D138
:10734000484602F0D1F90028F3D16179AFF300800B
:10735000EFE74E4B23B14E4802F0C6F9002863D048
:1073600002F066FB002862D1A3789D4202D0012082
:10737000BDE8F087474B13B10020AFF3008002F067
:1073800057FB00282BD1444802F09EF90028EED18B
:10739000002FECD017F03F07E9D1A178404603F069
:1073A00057FA0028E3D0A17840463B463A4603F01E
:1073B0006FFA0028DBD1394B1B68DA070CD500BE09
:1073C000D6E7A3788B42D5D0344B1B68DB0703D5B7
:1073D00000BE0020BDE8F0870020BDE8F08702F085
:1073E0002FFB05460028CED12B4802F06DF900286E
:1073F000C9D0A178284603F02BFA0028C3D0402238
:107400002749254802F08AF9034600282CD028464F
:10741000234AA17803F03CFA0028A8D11F4B1B682F
:10742000D907B0D500BEAEE7AFF3008098E702F011
:1074300007FB0646002897D1E378002B94D0144828
:1074400002F05AF93F288FD9E178304603F000FA6C
:10745000002889D00E4802F04FF93F28304607D85F
:10746000E17803F005FA7FE7A17803F001FA8AE7F3
:107470004023044AE17803F00BFAA37875E700BFD4
:107480009066002010660020000000000000000050
:10749000A066002000000000B4660020F0ED00E0CF
:1074A00050660020704700BF01207047704700BF42
:1074B000704700BF044B0022C3E90022C3E9022247
:1074C000C3E90422704700BFE86A0020012070472A
:1074D000044B0022C3E90022C3E90222C3E90422CB
:1074E000704700BFE86A00202DE9F0434B79032B79
:1074F00083B004D00024204603B0BDE8F0830B79AC
:10750000C3EBC3041234A4B2944205D9254B1B68C3
:10751000DA07EFD500BEEDE7234A5578002D3ED0BF
:10752000557B002DF2D102F10C054FF4A0770E78B7
:107530008A1992F801C0BCF1210FE7D1AA608946EF
:10754000895D80466E1CA81C1144CDE900061A46D0
:107550004046032303F0B8F80028D7D099F8063046
:10756000A978012B04BF99F80730EB700123AB71A8
:1075700099F80220AB682A70B3F80730AB80002975
:10758000B9D00A4A40463A44402303F081F9002822
:10759000B1D1044B1B68DB07ADD500BEABE7154688
:1075A0008027C4E7F0ED00E0E86A00206869002069
:1075B0002DE9F047137803F01F06012E82B003D0A7
:1075C000002002B0BDE8F087DFF80882978898F8BD
:1075D0000040FFB2BC4200F0B08098F80C40BC42C2
:1075E000EED13746B4464FF0C00E4FF0130A4FF0BD
:1075F000120913F060030C460546164604D1012912
:1076000000F0A4800120DCE7202BD9D15378013B86
:107610000A2BD5D801A252F823F000BFF176020060
:10762000E7760200D1760200C1750200C175020042
:10763000C1750200C1750200C17502009176020099
:10764000697602004976020001291BD00329D9D1AD
:1076500073880C2606FB0786DBB260461946B371B9
:10766000FFF720FF0120ACE70129CBD173880C2262
:1076700002FB07871B0A60461946FB71FFF714FFE0
:1076800000289DD03146284603F094F9012098E760
:10769000012900F086800329B4D1F48871884B4B0E
:1076A000402C4FEA1122204628BF402011F0FF0154
:1076B000734407D0012C05D91C788C4202D10138C3
:1076C00080B2013300906046FFF7D2F9012078E7DD
:1076D000012997D108EB090231462846234603F0D9
:1076E00081F920466DE701298CD108EB0A02F3E706
:1076F000012987D1F3887188344F402B4FEA11223A
:10770000184628BF402011F0FF01774454D0012BC8
:1077100052D9013880B239707B1C00906046FFF767
:1077200091F90444A3B2002B49D1294A1268D20727
:107730007FF546AF00BE184643E74FF0000E774690
:10774000F4464FF0070A4FF0060952E75378062B2C
:107750007FF436AF53881B0A212B12D0222B7FF4E3
:107760002FAF6046FFF766F97B001F4408EB8708E0
:10777000024631462846B8F8043003F033F9204673
:107780001FE77B001F4408EB8708D8F80820002A71
:107790003FF416AF1378314602B0BDE8F04703F06E
:1077A00021B9F388402B3FF60BAF084A31467244AB
:1077B00003F018F9204604E73B460024ADE73A46BB
:1077C0003146284603F00EF90120FAE668690020E8
:1077D000F0ED00E0E86A0020F0B52C4CA678657862
:1077E0008E4283B0074610D0A9422CD0A07B657B87
:1077F00088423FD0A94244D0254B1B68DA0702D407
:10780000002003B0F0BD00BEFAE780264FF0400C28
:107810000020A9429BB21AD01E4D3544FAB90093FC
:1078200011462B460222FFF723F92A46A178384653
:10783000402303F02DF80028E3D1154B1B68DB072C
:10784000DED500BEDDE74FF0400C00209BB21149B1
:1078500061444AB91A46FFF729FE0120D1E72A46BA
:107860000221FFF725FEE0E70A460121FFF720FE8F
:107870000120C6E70C344FF4A0764FF4807C012041
:10788000C7E74FF4807C0120E0E700BFE86A0020F2
:10789000F0ED00E06869002070B5194C82B000215D
:1078A0000D464FF4EC7220461EF0E7FF04F138015C
:1078B0000123802204F11000009501F0C9FE04F1BB
:1078C000B80101238022009504F1240001F0C0FEDC
:1078D00004F59C7101201AF071FF04F5C47106468D
:1078E00001201AF06BFF30B9064B1B68DB0700D58F
:1078F00000BE02B070BDC4E90756C4E90C05F8E744
:10790000806B0020F0ED00E038B5094C206A256B53
:1079100020B11BF077FB0023C4E907332DB12846C3
:107920001BF070FB0023C4E90C33012038BD00BFFD
:10793000806B002010B5084C002304F11000C4E94E
:107940000033C4E9023302F01BF804F12400BDE85F
:10795000104002F015B800BF806B00202DE9F04305
:107960004B79012B83B004D00025284603B0BDE835
:10797000F0838B79012B0C46064616D049780429F2
:10798000F2D10025032BEFD1E379002BECD1DFF806
:10799000FC8098F8013013B998F802700FB3384B97
:1079A0001B68DB07E0D500BEDEE7CB79002BDBD11F
:1079B0000B781C449DB2617824290BD1954202D9E1
:1079C000D2E7AA42D0D323781C442B4461782429DF
:1079D0009DB2F6D00429C7D16379012BC4D1A37914
:1079E000D0E7A37888F8003094F8009021794D44CE
:1079F000ADB2A14439B925E099F800308F421D4459
:107A0000ADB299441ED2AA421CD399F80130052B7D
:107A1000F2D149463046019202F0F6FE019A002862
:107A2000BDD099F80230D90914BF88F8013088F820
:107A3000023099F80030217901371D44FFB2ADB210
:107A40009944D9E70F4801F057FE3F288DD998F89F
:107A50000210002002F0FCFE002886D0094801F048
:107A60004BFE3F2898F8021003D8002002F000FFD8
:107A70007BE7054A4023002002F00AFF75E700BFBC
:107A8000F0ED00E0906B0020406B0020806B002048
:107A900000207047F8B53C4DAA788A421F4612D1A3
:107AA0009AB23A4905F1100001F0DCFE384B13B1EF
:107AB0000020AFF30080374801F01EFE3F282CD88D
:107AC00001242046F8BD6B788B4208D0324B1C68ED
:107AD00014F00104F5D000BE00242046F8BD06468F
:107AE00005F1240001F0F0FD40BB2C4801F0ECFD55
:107AF0000028E5D1002FE3D017F03F07E0D16978E7
:107B0000304602F0A5FE04460028D9D069783046F8
:107B10003B463A4602F0BCFED3E7A978002002F0CB
:107B200097FE04460028CBD01A4801F0E5FD3F2817
:107B3000A9781ED8002002F09BFEC2E769780020D9
:107B400002F086FE0028D0D04022154905F124001D
:107B500001F0E4FD034690B1114A6978002002F07B
:107B600097FE0028ACD10C4B1B68DB07BDD500BECF
:107B7000BBE7064A4023002002F08AFEA1E76978AD
:107B800002F076FEB1E700BF806B0020406B002062
:107B900000000000906B0020F0ED00E0A46B0020DE
:107BA000006B002030B4114B9C689A6B93F83C50EA
:107BB00083F82C10A21A022183F830109A6225B99A
:107BC00042F2050183F83E50998744B13AB11A7BDD
:107BD000D20906D193F82F1030BC02F099BE30BC08
:107BE000704793F82E1030BC02F092BE586F002000
:107BF00038B5214B214C05461BB1607BFFF736F8A9
:107C0000A8B1A06BA36894F82F101D4A1B1AB3F5F6
:107C1000007F28BF4FF4007328469BB202F038FE65
:107C200020B9184B1B68DB0700D500BE38BDA26821
:107C3000A36B84F83E0042F20771D31A0120A1879A
:107C40000221A36284F82C0084F83010002AEDD0C1
:107C5000002BEBD0237BDB0906D194F82F102846AC
:107C6000BDE8384002F054BE94F82E102846BDE816
:107C7000384002F04DBE00BF6D6C0200586F00200E
:107C8000586D0020F0ED00E070B5304CE28AA3683A
:107C900052BA92B286B0054612B1B3FBF2F292B27A
:107CA000A66BD4F81110607B9B1BB3F5007F28BF37
:107CB0004FF4007309BA0093B6FBF2F302FB1362B0
:107CC0001944234BFEF79AFF031E20DB94F82E2065
:107CD0000DD011469BB228461D4A02F0D9FDA0B92D
:107CE0001C4B1B68DB0710D500BE06B070BD072417
:107CF000194603A88DF80C508DF8102005938DF8C7
:107D000011308DF80D4002F0B7FB06B070BDA268CF
:107D1000A36B43F602200021D31AA08784F83E10FB
:107D200001200221A36284F82C0084F83010002A7C
:107D3000EBD0002BE9D0237BDB0914BF94F82E1085
:107D400094F82F10284602F0E3FDDEE7586F00207C
:107D5000586D0020F0ED00E010B4054C012084F8CF
:107D60003C1084F83D2084F83E305DF8044B7047A9
:107D7000586F00204022002101481EF07EBD00BF48
:107D8000586F00204022002101481EF076BD00BF40
:107D9000586F00204B79082B01D0002070478B7959
:107DA000062BFAD1CB79502BF7D1162A06D81C4BCB
:107DB0001B68D907F1D500BE0020704770B5194D7A
:107DC0008B7885F82D300B7882B005F12F0205F104
:107DD0002E0619440223CDE900261A46044602F075
:107DE00073FC48B90E4B1B68DA0702D500BE02B01F
:107DF00070BD002002B070BD204695F82F100A4AD1
:107E000000241F2385F8304002F042FD30B9044BB6
:107E10001B68DB0702D500BE1720E8E71720E6E75E
:107E2000F0ED00E0586F0020586D0020012901D0CE
:107E300001207047F0B5137803F07F01022985B067
:107E4000054606D003F06003202B1AD0002005B0B1
:107E5000F0BD5478012CF5D15388002BF6D1434E58
:107E6000918896F83030042BC9B279D096F82E401C
:107E70008C423DD096F82F408C4257D0012005B05F
:107E8000F0BD5378FE2B16D0FF2BDFD15388002B8B
:107E9000DCD1D488A3B2002BD8D1344E1146284669
:107EA00086F83030C6E90D33B48786F83E3002F0EC
:107EB00081FD0120CBE75388002BC7D1D388012B4C
:107EC000C4D12B498DF80F3000294DD00192FEF717
:107ED000E5FD019A0028B9D0431EDBB204AC11467F
:107EE00004F8013D28462246012302F07BFDC5E748
:107EF000022BC3D1B26BB3681E4F9B1AB36206F15B
:107F000020030FCB07C73A46214602F80C39032459
:107F100028460D2386F8304002F0BAFC0028ADD187
:107F2000154B1B68DB0791D500BE90E7002BA5D150
:107F3000214602F0DFFC0028A0D12146284602F0AD
:107F400005FD00289AD1002496F82F10094A86F8DA
:107F5000304028461F2302F09BFC0028E0D08DE72C
:107F600002F0D6FC204672E70B46B7E7586F0020B8
:107F70009D6A0200586D0020F0ED00E02DE9F0410F
:107F8000B44C94F83050012D8EB01E46074645D0B3
:107F900028D3032D05D0022D5FD001200EB0BDE8FF
:107FA000F08194F82E308B42F7D10D2EF5D1E37B82
:107FB000282B00F01A812A2B40F00D81A64B13B11B
:107FC000607BFEF747FE002594F82F10A34A84F843
:107FD00030501F23384602F05BFC002861D094F833
:107FE0003050D8E794F82F508D42D6D11F2B06D1B0
:107FF000DFF868829A4BD8F800209A4271D00423A7
:1080000094F82E1084F83030384602F081FC38465F
:1080100094F82F1002F07CFC0020BFE7B3F5007F3E
:1080200008D9904B1B68D90700D500BE00200EB0C0
:10803000BDE8F081E27BA36B282A00F087802A2A22
:1080400000F08F80217B626B1E44CB09A66336D083
:1080500096422CD3022384F8303094F82E10384600
:1080600002F074FC002898D1A368A26B94F82E60EB
:10807000934202D9217BC9092ED19B1A7A4AA36265
:108080000FCA764D07C52A46314602F80C3903253A
:1080900038460D2384F8305002F0FAFB00287FF4B4
:1080A0007CAF704B1B68DB07C0D500BE76E76D4B1D
:1080B0001B68DA0793D500BE94F830506BE793B293
:1080C000607B664A04F10F01FEF778FD0028C0F2DC
:1080D0009F80A66B626BBBE73146384602F018FC06
:1080E0005BE7C446BCE80F0026460FC69CE80F00BD
:1080F00007C626F8023B1B0C3370D4E90123E17B51
:108100005A4E626201200022282963632662A2621D
:1081100084F82C20A26384F8300000F0AD802A2976
:1081200000F0DF80002B00F0EF80227BD20940F0CE
:10813000EB80B3F5007F00F26F819BB22946474A7E
:10814000384602F0A5FB0028ABD048E7626B1E441E
:108150009642A663BFF47EAFFFF796FD94F83050C9
:1081600019E7E28A52BA92B21AB1A168B1FBF2F2EF
:1081700092B2D4F81110394DB3FBF2FC09BA02FBEC
:108180001C32607B009661442B46FEF74DFD0028B3
:10819000C0F2FB81864230D9361A40B1A36B291850
:1081A00013FA80F332462846A3631EF04DFB0023EA
:1081B00094F82F508DF818500722194605A88DF80D
:1081C000147007968DF819308DF8152002F054F9C7
:1081D00094F83050DFE6264B002B3FF4F4AE04F168
:1081E0000F01607BAFF30080EDE6224B002B3FF4E4
:1081F000EAAE607BAFF30080E5E6D4E90D231E44D0
:108200009642A663BFF426AF3846FFF7F1FCE6E6D8
:10821000A368A66B94F83C1084F82C509A1B02209B
:10822000A26284F8300021B942F2050084F83E10C1
:10823000A087002B3FF44EAF002A3FF44BAF237BC7
:10824000DB0940F0E58194F82F10384602F060FB1E
:108250003FE700BF586F0020556C0200586D0020AA
:1082600055534243F0ED00E0786F002055534253E0
:108270000000000000000000E28A52BA92B20BBB7C
:10828000002A3FF4E7AE94F83C10A362022284F87F
:108290002C2084F8302000297FF4DFAE42F2050163
:1082A0000022A18784F83E20002B3FF4D6AE237B2A
:1082B000DB0940F09A812946384602F029FB94F800
:1082C000305068E6207BC00913D0002A00F080817E
:1082D000B3FBF2F2002A00F0A3812829384694D19A
:1082E0003AE7E28A52BA92B2002BC9D0207BC00989
:1082F000EBD094F83C10A362022284F82C2084F87E
:1083000030200029CAD0D2E7667B252900F22B81D4
:10831000DFE811F0220129012901E50029012901E5
:1083200029012901290129012901290129012901FD
:108330002901290129012901BD002901290129015A
:108340002901290129012901990087002901290111
:10835000710029012901290129014C002901260068
:10836000304604AA05A9FEF717FC059B002B00F078
:108370004481BDF81020002A00F03F81013B1BBA68
:1083800012BAC8E900320820A368002B44D09842F2
:1083900028BF184683B26063A64A94F82E10384668
:1083A00002F076FA00283FF47CAE18E605AD002313
:1083B0000DF10E02304604A96B600593AB60FEF729
:1083C000EBFB049A002A00F01881BDF80E30002B58
:1083D00000F0138112BA082106925BBA0222ADF8AE
:1083E0001E308DF817108DF81C2095E8070088E8DE
:1083F00007000C20C8E7904B03B33046227DE17C98
:10840000AFF30080D0B994F83C302BB943F6022288
:108410000023A28784F83E3001213846FFF7C2FBD3
:10842000DDE5864B53B1E17C3046C1F3400301F0FA
:1084300001020909FEF7CCFB0028E4D0A368002B59
:108440003FF408AEE8E79DF816307D49002203F0BE
:10845000800362F3C7138DF8163003238DF81520BF
:108460008DF817208DF81430002900F0E180304697
:10847000FEF7FCFB9DF8163080F0010060F3C71397
:108480008DF81630059BC8F8003004207CE74FF0CB
:10849000203302250022CDE90522304607A909AA8A
:1084A00008934FF0800C079309930D93CDE90A339D
:1084B0000C931F260DAB8DF816508DF8175005AD97
:1084C0008DF818608DF815C0FEF7F0FA0FCD594EF3
:1084D0000FC60FCD0FC62B683360242054E794F8E5
:1084E0003C2094F83D0094F83E10DFF848C1DFF8D6
:1084F00058E14FF000084FF00003CDE90588CDE9C1
:10850000078862F303038DF81630F0220A23ADF8D2
:1085100024808DF820008DF821108DF814208DF81E
:108520001B3005AD0FCDACE80F002B68ACF8003068
:10853000BEF1000F76D0ACF1100130464FF400725E
:10854000AFF300800028A4F83C8084F83E800FDB65
:1085500000283FF473AF17E73046FEF7F9FA00281A
:108560003FF451AF6AE794F83C30002B7FF454AFEE
:10857000A38E304A3349607BFEF720FB0028FFF6CC
:108580004BAF00283FF45AAFFEE6A36BA2681E442F
:1085900043F602200021931BA08784F83E1001209F
:1085A0000221A663A36284F82C0084F83010002A0C
:1085B0003FF453AD002B3FF450AD237BDB0914D1C6
:1085C00094F82F10384602F0A3F994F83050E2E402
:1085D000012294F83C1084F82C200222A36284F833
:1085E000302000293FF45AAE5EE694F82E1038464B
:1085F00002F08EF994F83050CDE494F83C30002B22
:108600007FF40AAF43F6022284F83E30A28703E7E4
:1086100094F82E10384602F07BF9D4E90D2617E5C0
:108620000222D6E7A4F83CE084F83EE01220ABE654
:1086300001201FE7586D002000000000D16B0200F0
:108640006D6C0200676F00200000000070B5134CD5
:10865000134E84B020464FF4AE7200211EF00DF987
:108660004025002304F58E720092CDE901561A468A
:10867000194604F1B000039504F068F92E4404F1A2
:1086800070020023CDE90025CDE90265201D1946C1
:10869000012204F05BF904B070BD00BF1870002027
:1086A000986F002010B5054C04F1B00004F07AF981
:1086B000201D04F077F9012010BD00BF18700020C4
:1086C00038B5074C2046002500F8B85B01F058F992
:1086D00004F10C0001F054F984F8B150657138BD13
:1086E000187000204B79FF2B01D0002070472DE936
:1086F000F04FDFF824B19BF8B13083B04BBB9BF84F
:10870000053033BB0B788A460AEB02050AEB0304FB
:1087100089788BF80010A542064614D91AF8032070
:10872000A3189D420FD36278042A0CD00B2A0AD0DA
:10873000052A0BF1B8080BF1B0070BF10C0917D0A3
:108740009D421C4609D8A4EB0A0080B203B0BDE8E4
:10875000F08F002003B0BDE8F08F1A7813449D42DB
:10876000F1D36278042AEED00B2AECD0052AE7D1A7
:108770002146304602F048F8002843D0A378DB09B0
:1087800005D19BF8B1301BB32278A318D8E79BF82A
:108790000530002BF8D14846019301F0F1F8A2789A
:1087A0008BF80520A2889BF804C0019B1849C2F3EE
:1087B0000A02A2F50072B2FA82F2520962F3410C87
:1087C00018468BF804C004F037F92278A318B7E7ED
:1087D000404601F0D5F8A3788BF8B130A3889BF818
:1087E000B020C3F30A03A3F50073B3FA83F35B0964
:1087F00063F34102394630468BF8B02004F064F947
:108800000028C1D1034B1B68DB07A2D500BEA1E73E
:108810001C700020F0ED00E01870002070B51C4CBA
:1088200094F8B1208A4205461E460FD1B4F8BC2008
:10883000F2B9184B23B1B2B217490020AFF3008050
:108840002846164904F040F9012070BD63798B4237
:1088500001D0002070BD124B1BB1B1B20020AFF3AC
:1088600000801049284604F0E7F848B1012070BDA7
:10887000B2B2D4F8B41004F1B80000F0F3FFD8E7B6
:1088800032462846074904F099F8012070BD00BF20
:108890001870002000000000986F0020C8700020B1
:1088A000000000001C700020F8B50E688D88B778B5
:1088B0003544AE420BD23B469F42344603D10BE0D7
:1088C0006378042B05D023781C44A542F8D80020F7
:1088D000F8BDA3789F42F6D1E3789A42F3D1A5423E
:1088E000F5D9237D012B06D9144B1B68DA07EED589
:1088F00000BE0020ECE723790D46DBB1012BE6D169
:108900002278E389617A1344114423442144994233
:1089100004D3DCE70A7811448B42D8D94A78052A77
:10892000F8D101F071FF28B9044B1B68DB07CED5E5
:1089300000BEF8BDA41BEC800120F8BDF0ED00E006
:10894000C28832B9654B1B68DB0700D500BE00202A
:108950007047F0B40378624803EB830403EB4403ED
:10896000C058831803D08E781C7BA64207D95B4B76
:108970001B68D90700D500BE0020F0BC70472EB997
:10898000012C01D90120F8E701268E7001248C60AA
:10899000C1F80E404C7700256FF03F0481F822505B
:1089A0008C766FF003056FF06404CD760C774D4D37
:1089B000C1F81E50082481F82340825CB3F80D40B2
:1089C00014441C441344A342D1D2474F9D78102D28
:1089D0000CD827FA05F0C04310F0010006D1DA7870
:1089E000964203D107E05A78242AEFD01A7813442C
:1089F0009C42F8D8BBE79C42B9D0062D06D0102D7A
:108A000004D0042DB9D1012248730A73CF781A79A2
:108A1000974218D81FB9012AB4D80127CF701A7805
:108A20001A44A2420FD2967806F0FD0CBCF1050F55
:108A30000FD0112E03D10CE05678242EF3D01678E7
:108A400032449442F8D8254B1B68DA0794D500BE0F
:108A500093E7D678B742F2D19442F4D0D1F81240DD
:108A60008CB9062D30D0102D2ED0042D09D1B2F89E
:108A70000560B2F807505C7D05FB06F304FB03F4C8
:108A8000E408C1F812404B6863B9557E012D3FF6EA
:108A900079AFD2F81A3025B9D2F81E209A427FF465
:108AA00071AF4B60114AA2FB03235A0BCBD0631E5C
:108AB0001344B3FBF2F30233B3F5807F28BF4FF4C6
:108AC0008073C1F816305DE7B2F80530B2F80740A0
:108AD00004FB03F42401E408D3E700BFF0ED00E059
:108AE0007471002003010101501001005917B7D122
:108AF0002DE9F84F0B785D4C03EB83050E4603EB35
:108B000045030989E7589146804679B13944CB78C5
:108B100003F00303012B00F09480738933B13B44CD
:108B2000DA7802F00302012A00F091807488B58897
:108B300000233C44B381F38133827382B382F38296
:108B40003D44A278AC4238BF134609D29A4203D1C1
:108B50000CE06378042B06D023781C44A542F8D897
:108B60000020BDE8F88FA3789A42F5D1E3789945C3
:108B7000F2D1A542F4D994F804A0BAF1020F15D8A5
:108B8000E31BF380B9F1000F16D023781C44BAF12F
:108B9000000F4CD04FF0000B06E06378052B28D077
:108BA000042B03D023781C44A542F6D8304B1B6815
:108BB000DA07D5D500BED3E7737F012B12D006F1BB
:108BC0001E03494686F81D90A6F81890A6F81A903C
:108BD000184630221DF051FE01463046FFF7B0FE28
:108BE0000028BDD023781C44BAF1000FD2D1012057
:108BF000B7E7E37803F00303B9F1000F01D0012BCD
:108C000018D0022BACD12146404601F0FDFD28B31F
:108C100006EB4B03E21B1A8122780BF101039A4504
:108C200014444FF0010BBFD8B9F1000FDFD002237D
:108C30007377DCE7A388B269C3F30A039342E2D2F5
:108C40008EE700233381897801F08EFE65E70022EC
:108C500072819978404601F087FE67E7044B1B68F4
:108C6000DB077FF57DAF00BE7BE700BF747100209E
:108C7000F0ED00E010B4064C06480023C4E90033D0
:108C80001946C4F807304E225DF8044B1DF0F5BDBF
:108C900074710020807200200120704710B4064CCF
:108CA00006480023C4E900331946C4F807304E22B1
:108CB0005DF8044B1DF0E1BD74710020807200204E
:108CC0002DE9F0414B790E2B04D04FF000084046BF
:108CD000BDE8F0818B79012BF7D1CB79012BF4D151
:108CE0003E4E33682BB13E4B1B68DB07EDD500BE13
:108CF000EBE714460F461A46314605463760B48006
:108D0000FFF7D2FD0028E0D0F2883368B978134429
:108D10003C44A74293F814C03B4605D308E05A7878
:108D2000042A4DD00B2A4BD01A7813449C42F6D813
:108D3000BCF1000F4ED02B494A88002AD3D1D81B52
:108D40001FFA80F83272A1F802809C4293F802E088
:108D50000A8098BF034605D80BE05A78042A2BD026
:108D60000B2A29D01A7813449C42F6D8DB1B1FFA31
:108D700083F80022BCF1010FA1F804804A77B2D138
:108D800017FA80F017FA83F3984281780AD2827832
:108D90008A4203D118E04278042AF8D002781044BD
:108DA0008342F8D8284600220E49FFF7A1FE00288A
:108DB0008BD0A6F804808AE79A787245D2D0D5E79E
:108DC0009A788A42B0D0B3E7C278012AE6D18342CA
:108DD000EFD1E7E7DB1B1FFA83F8EAE774710020A5
:108DE000F0ED00E0807200202DE9F047167806F0E3
:108DF0001F04012C8CB004D0002420460CB0BDE828
:108E0000F087DFF8F892B2F804C0D9F80070804615
:108E100015465FFA8CF317B1BA789A422CD0B44F4A
:108E20007C88002CE9D03A7802EB820002EB400209
:108E300059F802E07444A2789A42DDD1C6F3411693
:108E4000F3B2002B00F09C80012B12D15FEA1C2CA6
:108E50000FD16B881B0A022B00F02E81062B00F02D
:108E60001781012B00F0F580A24B1B68DB0700D5B2
:108E700000BE07233B77BFE7C6F34116F4B2002CD0
:108E800047D0012C25D15FEA1C2C26D0B9F806204A
:108E9000BB18B95CDA89114419448B420ED29A7816
:108EA000023A052A06D8DA78624503D107E05A78F3
:108EB000242AF4D01A7813449942F8D849B10023EF
:108EC00089F80930012498E78A4B1B68D90700D537
:108ED00000BE072389F809308EE76B881B0A012B37
:108EE00000F09580022BEFD16B78812B00F0478149
:108EF000862BE9D10129E2D10B46404629467E4A1C
:108F000001F070FD0028DAD1FF2389F80930002430
:108F100073E76B780A2B4AD00B2B3ED10129CED1B7
:108F2000EB88002BF0D1B9F80630FA181179A9B105
:108F3000F85CD189537A0144034413440A449342B0
:108F400005D395E119780B449A4240F29181597802
:108F50000529F7D19978404601F006FD0026A9F8C9
:108F600006606A8865494046FFF79EFC0446002873
:108F7000CAD02946404601F01DFD89F809603CE74A
:108F80006B780A2B27D00B2B7FF46EAF012900F0F2
:108F9000BD8000233B7701242FE7564B1B6813F05D
:108FA00001032FD107221C4689F8092025E7012952
:108FB00085D1EB88012BA7D1B9F80620BF18A3D023
:108FC0000CAAF97802F8301D294601F00BFD044681
:108FD0000028D2D198E70129DBD1EB88012B35D1CC
:108FE000FB889BB31EEB030330D00CAADB7802F89E
:108FF000303D40460B46294601F0F4FC044628B3B8
:109000003E77FAE600BE072389F80930F5E66B786B
:10901000812B00F0D180862B00F0BE80012B7FF4E5
:1090200053AF012900F0CB8002297FF448AF344BC5
:10903000002B3FF444AF99F80A100020AFF30080F2
:10904000B0FA80F489F809006409D6E6FF233B777B
:10905000D2E67B7F0BB187F81DC06C78842C61D879
:10906000822C65D2012C00F00A81812C7FF4FCAEA9
:1090700001298ED1EB883BB1294640463023214A55
:1090800001F0B0FC002884D1FF233B770024B4E634
:109090006B78812B00F0A180862B7FF4E5AE01294F
:1090A0007FF477AF294640460123134A01F09AFC2A
:1090B00000287FF46EAFE7E76B78812BD8D040F2C1
:1090C000B080852B00F09780862B7FF4CDAE0129F0
:1090D0007FF45FAFEB88012BD6D10B464046294683
:1090E000094A01F07FFC00287FF453AFCCE700BFB2
:1090F00080720020F0ED00E0999704007471002068
:10910000000000009E7200209A9704006A88394689
:109110004046FFF7EDFC002898D02946404601F074
:1091200049FC36E7862CD2D065D3872C7FF49CAEE1
:1091300001297FF42EAFEB88002BA5D0B64EE9466F
:1091400006F1300A30687168B268F368CC46ACE862
:109150000F0010365645E146F4D19DF80210002963
:1091600040F09F80832C00F08381872C00F0648185
:10917000822C00F0618108233B7700243DE6012921
:109180007FF49DAE294640460123A44A01F02AFC03
:1091900000287FF494AEB7E601297FF490AEEB8807
:1091A000012B7FF4B1AE294640469D4A01F01AFCDE
:1091B00000287FF484AEA7E601297FF480AEEB8817
:1091C000012B7FF4A1AE294640460123954A01F0C8
:1091D00009FC00287FF473AE96E601297FF4D9AE2E
:1091E0000B464046294607F11C0201F0FBFB002814
:1091F0007FF4CFAE48E701297FF4CBAEEB88022B9A
:109200007FF442AF0CAA302122F8301D4046294697
:1092100001F0E8FB044600283FF436AF00233B771B
:10922000EBE5012B7FF420AE01293FF425AF0229A5
:109230007FF4AFAE7849A1F11E00FFF781FB044631
:1092400060B3794B7A6BBA613BB1734A79783878FD
:10925000AFF3008000287FF49CAE74490023022005
:109260004FF480720880C7E903337B61BA83C4E599
:109270006F4B1B68D8077FF547AE00BE44E6012957
:109280003FF4FAAE02297FF484AE6349A1F11E00D7
:10929000FFF756FB044600287FF47BAE08233B779C
:1092A000ABE59DF8030000287FD1FA88002A3AD068
:1092B0001EEB020337D01EF80220B3F80D005D4EFE
:1092C00010441844134498420FD99A78102A04D8AD
:1092D00026FA02F2D20700F1D5801A781344984298
:1092E000F1D95A78242AF8D1EDE70346832C5AD0D5
:1092F000872C4CD0822C7FF43EAF01218DF80310D7
:109300001A781A44904237D9947804F0FD06052E55
:1093100010D0112C0ED0147822449042F2D95478F7
:10932000242CF8D1EEE7424B1B68D9077FF523AF19
:1093300000BE20E7D478A142EDD1997806291DD04E
:1093400010291BD004297FF416AFB2F80510B2F82B
:1093500007205B7D02FB01F203FB02F3DB08CDF883
:1093600012306A4629464046302301F03BFB044652
:1093700000283FF489AE51E70246DEE7B2F8051057
:10938000B2F8073003FB01F31B01DB08E7E79A782B
:10939000062A06D0102A02D0042A7FF4ECAE997D6A
:1093A000ACE79979AAE71979A8E7019B002BD8D1F6
:1093B000FA88002AB7D01EEB0203B4D01EF802E0F0
:1093C000B3F80D20DFF86CC072449E1873449E42BF
:1093D0000ED99A78102A03D82CFA02F2D20756D462
:1093E0001A7813449E42F2D95A78242AF8D1EEE72B
:1093F00033461A7813449E4264D99A7802F0FD01EC
:10940000052948D0112A46D01A7813449E42F2D931
:109410005A78242AF8D1EEE79E7200207D71002050
:109420009A9704007E7100200000000080710020E7
:10943000F0ED00E05010010001238DF8023001230F
:109440004FF00112029300230392ADF810304FF653
:10945000C0428DF8223040F29B13ADF81A20ADF8CF
:109460001C30404ACDF81E2008238DF8233078E7C1
:10947000FB88002BE3D01EEB0303E0D01B7B8DF8B1
:109480000230DCE7DA7891427FF427AF2EE7DA7812
:109490009142A5D1ADE7DA789042B5D1823C052C56
:1094A0003FF669AE01A252F824F000BF2D950200EC
:1094B00011950200F3940200779102007791020067
:1094C000C99402003346E9E7D3F8151042F210734D
:1094D000B1FBF3F3019100293ED0DDF812208BB9E6
:1094E000931CB3F5807F28BF4FF48073CDF81630FE
:1094F00037E75A7E72BBD3F8221042F21073B1FBE9
:10950000F3F3E7E7013A1A44B2FBF3F30233E8E777
:109510005A7ECAB1053203EB8202D2F80210D3F8A8
:109520001A3042F21072B3FBF2F3D3E75A7E72B1F3
:10953000053203EB8202D2F80220D3F81A1042F26D
:109540001073B2FBF3F3C5E7D3F81E10E7E7D3F8C7
:109550001E20F2E7002301930023ADF81630ADF88A
:109560001830FEE6030101012DE9F84F334C238941
:1095700053B12278324F02EB820502EB45057D594B
:109580002B449F788F420AD02E4B1B68DB0703D5F4
:1095900000BE0020BDE8F88F0020BDE8F88FD4E9B8
:1095A00004369E4205460BD327490023C4E9033302
:1095B000636119B161781046AFF300800120E9E7DB
:1095C00001F046F90028E7D0DFF88090A36999F808
:1095D0000000D4E9042BA2EB0B0808EB00069E4226
:1095E00028BF1E46B04213D9164B1B6813F0010367
:1095F00001D000BE002339462846144A01F048F93C
:109600000028DBD10F4B1B68DA07C5D500BEC1E7C8
:10961000E168A6EB000A5944484452461DF009F996
:109620000BEB0A03D0456361B3B2E4D199F8012092
:1096300042F0020289F80120DDE700BF80720020BD
:1096400074710020F0ED00E0000000008071002047
:109650002DE9F041B2F5004F9DF8188030D804464E
:10966000C0681E460F46154618B14FF0FF3119F07D
:1096700013FB206918B14FF0FF3119F00DFBE288A0
:10968000E068276066F30E02C2F30721002368F347
:10969000C711E2806381A580E171238118B11A4668
:1096A000194618F0B1FE206938B100231A46194650
:1096B00018F0AAFE0120BDE8F0810120BDE8F0818C
:1096C0000020BDE8F08100BF03894289808892B202
:1096D0009BB2934236BFC2EB40029B1A9B189BB2CF
:1096E000984228BF18467047028943899BB2981A4E
:1096F000B0FA80F04009704703894289808892B2AD
:109700009BB2934236BFC2EB40029B1A9B189BB29E
:10971000984286BFC01A80B2002070472DE9F843F6
:10972000054600690E46174618B14FF0FF3119F093
:10973000B3FA2B896989A8889BB289B28B4236BF5C
:10974000C1EB40045C1AE418A4B2002C4AD0A04239
:1097500006D283422CBF191A191889B269810446AE
:10976000BC4228BF3C468842A4B203D8091A89B239
:109770008842FBD9EA882B68401AC2F30E0887B2E8
:109780001FFA88F2BC4202FB013125D917FB08F908
:109790001FFA89F94A4630461DF04BF8E21B12FBCE
:1097A00008F206EB090092B229681DF042F86A89B6
:1097B000A88892B211198BB29A4215D940001B1A8F
:1097C0009BB228696B8120B100231A46194618F014
:1097D0001BFE2046BDE8F88302FB04F230461DF074
:1097E00028F8E4E769898BB240008342E9DBE6E7C9
:1097F00038B5054600690C4618B14FF0FF3119F035
:109800004BFA29896B89AA8889B29BB2994236BFE3
:10981000C3EB4200C81A401880B200B3824209D29A
:1098200091422CBF8B1A8B189BB29A426B8103D842
:109830009B1A9BB29A42FBD9EA882968C2F30E02AE
:10984000204602FB03111CF0F4FF0124286920B11B
:1098500000231A46194618F0D7FD204638BD0446A5
:10986000F4E700BF2DE9F0471446002A4FD0054623
:10987000C0680F4618B14FF0FF3119F00DFAEA79C0
:109880002E896989AB88D209B6B289B242D18E429B
:1098900036BFC1EB4301711A891989B2994252D27C
:1098A000591A89B28C42E88828BF0C46C0F30E08CA
:1098B000B342304603D8C01A80B29842FBD21B1A7A
:1098C0002A681FFA83F9A14508FB002047D219FB3B
:1098D00008FA1FFA8AFA524639461CF0AAFFA4EB8E
:1098E000090212FB08F207EB0A0192B228681CF089
:1098F000A0FFA3199BB2AA88B3424FEA420201D348
:10990000934201DB9B1A9BB2E8682B81F8B9204691
:10991000BDE8F087E8889C42C0F30E080FD28E4263
:1099200023D3721A92B2580022448242C0DBCE186E
:10993000361BB6B2B14220D9361AB6B2B8E7E41A2D
:1099400008FB0477B3B9E86800240028DFD00023BF
:109950001A46194618F058FD2046BDE8F08708FB66
:1099600004F239461CF065FFC3E75800421A32443E
:1099700092B2D9E70E461C4698E7B04298DCDBE786
:1099800010B50446C06818B14FF0FF3119F084F9E2
:10999000206918B14FF0FF3119F07EF9E06800231B
:1099A0006381238118B11A46194618F02DFD2069EC
:1099B00020B100231A46194618F026FD012010BDDB
:1099C00038B5C379B1EBD31F1FD00446C0680D462C
:1099D00018B14FF0FF3119F05FF9206918B14FF05D
:1099E000FF3119F059F9E379E06865F3C713E371C2
:1099F00020B100231A46194618F006FD206920B14F
:109A000000231A46194618F0FFFC012038BD00BF9C
:109A1000704700BF704700BF0020704700207047AC
:109A2000704700BF704700BF704700BF704700BF5E
:109A3000024B5878003018BF01207047287300206F
:109A4000024B1878C0F38000704700BF28730020D5
:109A5000024B1878FF3818BF0120704718610020AA
:109A60002DE9F047374E3378FF2B82B004D0012523
:109A7000284602B0BDE8F087002946D03822884643
:109A80000746002130481CF0F8FE304B30490025D5
:109A900001201D7018F092FE2E4B1860002834D063
:109AA0002D4C2346626833F80C0B6188009518F042
:109AB00039FCA168054619F0C9FA284B1D6075B339
:109AC000274B23B12748AFF30080274B1860254C64
:109AD000DFF89CA02278DFF8909000252B460EE05E
:109AE000D9F8003013EB45130FD05B686BB1984782
:109AF00022780135EDB2511DA9422B4615DBAA4251
:109B0000EED89B1A0AEB4313EFE7184B1B68DA07F2
:109B100000D500BE0025284602B0BDE8F087134BF3
:109B20001B68DB07F6D500BEA2E741463846377012
:109B300001F050FE05460028F1D0384601F04CFEF9
:109B400096E700BF186100202873002028740020C9
:109B5000D872002060730020BC6000206473002075
:109B600000000000D4720020D0720020F0ED00E070
:109B70009C970400B94B1B78FF2B00F0A1812DE9C5
:109B8000F04F04468BB04FF47A7200238002A10D8F
:109B90001CF00EFCB24DDFF8E4B2B24E8246671CF8
:109BA000286800F02481002C00F02181BAF1000F18
:109BB00014BF5246012207A918F0DCFEC0B19DF87F
:109BC0001D30013B072B00F21481DFE813F0F20097
:109BD000D300CA00BF00B700410014000800089B72
:109BE0000BB109989847286819F002FA0028D6D1D5
:109BF0000BB0BDE8F08F9DF820109B4B01F07F0764
:109C000003EB470303EBD11393F826006FF3000037
:109C100083F8260093F826006FF3820083F826006D
:109C2000002F00F04581914A1B7D12789342C0F0CD
:109C30003381501D9842C0F234819B1A0BEB4313C1
:109C40009F699DF82120099B9DF81C00B847CAE731
:109C5000874A1378002B00F024811378013BDBB294
:109C60001370137803F0FF00002BBCD1DFF8F891DC
:109C70009DF81C8099F8003043F0010389F800300A
:109C800099F8263060F3000389F8263099F82630D9
:109C900060F3820389F8263099F8273060F30003D7
:109CA00089F8273099F8273060F3820389F8273044
:109CB00000F002FF9DF8203003F06002602A00F0FF
:109CC0000681402A00F00A8103F01F03012B00F0F7
:109CD000D581C0F01281022B40F0F9809DF824104C
:109CE00001F07F07082F00F2F2807B00C809019382
:109CF0004B44034400905D481F7D03789F4280F0F1
:109D00000F82336803EB4717002A00F0108257B127
:109D1000786900F0D1FE7B69404608AA0121984786
:109D200000287FF460AF9DF81C00002101F0BEFF09
:109D300080219DF81C0001F0B9FF54E74A4B1B78C5
:109D4000D8077FF550AFFFF771FE4CE7464B1A7806
:109D5000D7077FF548AF1878C0F3C000FFF764FE5F
:109D600041E7414BDB78D9077FF53DAF0898FFF716
:109D700051FE38E73D4F9DF81C903A7800239846F5
:109D800010E0336813EB481300F08080DB6848462E
:109D900098473A7808F101085FFA88F8511D88451C
:109DA000434645DC9045A3EB0203EAD30BEB431398
:109DB000ECE72E4F9DF81C903A78002398460FE070
:109DC000336813EB48135BD0DB68484698473A7812
:109DD00008F101085FFA88F8511D884543460FDCF9
:109DE0009045A3EB0203EBD30BEB4313ECE72246C6
:109DF000E1E6204B1B68DA077FF5F5AE00BEF2E620
:109E00003822002118481CF038FD1B4A4FF0FF3360
:109E1000C2E90533C2E90033C2E90233D3611384D6
:109E2000136100F03FFE104B9DF820209A70DAE697
:109E3000382200210C481CF020FD0F4A4FF0FF3360
:109E4000C2E90533C2E90033C2E90233D3611384A6
:109E5000136100F027FEFFF7E5FDC4E6186100205E
:109E600064730020D072002028730020D472002078
:109E700028740020F0ED00E02C7300209C97040073
:109E8000A44B1B68D907CCD500BECAE7A14B1B6801
:109E9000DA07DED500BEDCE7326812EB43137FF44D
:109EA000CFAE9C4B1B68DB077FF5A2AE00BE9FE6E2
:109EB000099B9DF821209DF81C0000F013FE92E6FE
:109EC0007047FCF7F3FC0246002840F0E981914B13
:109ED0001B68DA077FF527AF00BE24E78E4800280D
:109EE0003FF421AF00F0E8FD404608AA0121FCF74D
:109EF00025FF00287FF477AE15E7202A00F0F180D7
:109F0000002AE4D19DF82130092BE0D801A252F8B3
:109F100023F000BF3BA002001BA00200CF9E020066
:109F20005DA00200CF9E0200FD9F0200A99F0200DB
:109F3000CF9E0200939F02003D9F02009DF82230B9
:109F400001931A4699F801309A4200F0548199F829
:109F50000130002B40F05481019B89F80130002B27
:109F600000F04781581EC0B2FCF7A0FC18B143783E
:109F7000022B00F0C181674B1B68DB0700D500BED8
:109F8000644B1B68D80700D500BE002389F8013058
:109F9000C9E60AAA99F8013002F80E3D40460123AD
:109FA00008A900F01FFD1EE6BDF82200030A5A1E94
:109FB000C0B20E2A3FF6B7AE01A151F822F000BFA1
:109FC000B3A202008FA202007FA20200279D02001E
:109FD000279D020061A202008FA20200279D0200BD
:109FE000279D0200279D0200279D0200279D020059
:109FF000279D0200279D0200E3A2020008A800F0AE
:10A0000061FD40469DF8221001F0ECFB99F800300C
:10A0100043F0020389F80030E5E5BDF82230012B5A
:10A020007FF481AE99F8003040466FF3C30308A96E
:10A0300089F8003000F0BEFCD5E599F800309908A9
:10A0400001F00201C3F340130AAA0B4322F80E3DAC
:10A050004046022308A900F0C5FCC4E5BDF8223043
:10A06000012B7FF460AE99F80030404643F00803BE
:10A0700008A989F8003000F09DFCB4E59DF8243073
:10A080000F2B3FF650AE4B44244A1B791778BB4246
:10A0900038D2376817EB43173FF445AE786900F0C4
:10A0A0000BFD7B6908AA01214046984700287FF4F0
:10A0B0009AAD9DF8203013F060077FF434AE9DF820
:10A0C00021300A3B012B3FF62EAE00F0F5FC9DF847
:10A0D00021300A2B00F0FC8008A9404600F06AFC01
:10A0E00081E59DF824300F2B3FF61DAE4B440B4A03
:10A0F0001B791778BB4260D2376817EB43173FF4E0
:10A1000012AE05E67A1D9A42FFF60DAEDB1B0BEB95
:10A110004317C3E7F0ED00E03D6D0200D47200206C
:10A12000581DB84239DA002A7FF4FDAD17469DF874
:10A130002130012B03D036D3032B7FF4C8AEBDF8FA
:10A1400022200292AAB9B84A012B10783DD001F022
:10A15000ADFD019B009A4B44134493F8262042F036
:10A16000020283F8262093F8262042F0010283F8A9
:10A170002620002F3FF437AD786900F09DFC7B6905
:10A18000012108AA40469847002000F095FC99F864
:10A190002730D9073FF527AD9EE7FB1A0BEB431796
:10A1A000002AC4D0B4E5019B009A4B4413442033E9
:10A1B0000AAA9B79C3F3400348E77A1D9A42FFF647
:10A1C000B2ADDB1B0BEB4317A2E501F097FD019B42
:10A1D000009A02994B44134493F8262061F34102FC
:10A1E00083F8262093F8262061F3000283F82620C6
:10A1F000BFE7FFF717FC404608A900F0DBFBF2E4DD
:10A200000021404601F000FB404601F09FFB874FD4
:10A2100099F802300293002300943A781C460CE02F
:10A220000BEB4313DB68404698473A780134E4B2BD
:10A23000501D8442234600F3CE809442A3EB0203D8
:10A24000EED2336813EB4413ECD1794B009C1B68BE
:10A25000DB0700D500BE9DF8083089F802307BE6A8
:10A26000FFF7DAFB024600283FF45DAD4046137865
:10A2700008A900F0B7FB00287FF4B5AC53E5BDF8A2
:10A280002410FCF719FB02460028EFD14BE5022B06
:10A290003FF417AEFFF7C2FB024600283FF443AD80
:10A2A0004046538808A900F09DFB00287FF49BAC32
:10A2B00039E5FCF7F7FA024600283FF408AE4046BD
:10A2C000122308A900F08EFB00287FF48CAC2AE54D
:10A2D0000AAA08A902F80E7D4046012300F082FB7D
:10A2E00081E4544B002B3FF41EADFCF723FD0246E6
:10A2F00000283FF418ADD3E7C27999F80030511126
:10A3000061F30413921162F3451389F80030438816
:10A31000CDF81080CDE900A4C318039300F109071C
:10A32000039BBB4237D97B780B2B03BF3B7897F855
:10A3300003A0FF184FF0010A7B78042B43D1039B45
:10A340003A4ACDF814A0DB1B00219BB2029112788F
:10A3500088469A4617E0346814EB481433D05246C6
:10A360003946049823699847082808F1010201D961
:10A37000824543D22D4B5FFA82F81A78CDF80880D7
:10A38000511D88451CDC029B9045A3EB0202E2D3E1
:10A390000BEB4214E3E7DDF81080DDE900A4FFF7E2
:10A3A0003FFB28E70246434604463946224802F06E
:10A3B000B1FA1E4B029A1B78053393422744AFDA59
:10A3C000DDE900A4D7E51A4B1B68DF07DDE900A42F
:10A3D0007FF5D6ADD3E5382200211848009C1CF04B
:10A3E0004CFA174A4FF0FF33C2E90533D3611384A7
:10A3F000C2E90033C2E9023313612CE7DDF814A08F
:10A40000BAF1010F1ED00021CBB2534501F1010179
:10A41000C8D2BA78134459FA83F31A79FF2AD2D1F1
:10A4200083F80480F0E700BF18610020D472002098
:10A43000F0ED00E0356D02003C7300202873002031
:10A440002C73002023690A4A0A498B4208BF4FF047
:10A45000020A9342D7D17B79012BD4D1BB79012B4E
:10A46000D1D1FB79002B08BF4FF0020ACBE700BF28
:10A470005D7902001D7102002DE9F0434378023B33
:10A4800085B005460E46042B0CD8DFE803F0495D85
:10A49000037E3F00844B1A78D70715D51A7842F00F
:10A4A00004021A70814B18688EB933464FF0FF32A0
:10A4B000294617F0A9FF003018BF0120F0B97C4BE6
:10A4C0001B68DB0700D500BE05B0BDE8F08304AA19
:10A4D000002342F80C3D294618F0A6F9019B43B130
:10A4E000744B4FF080525A6040BFBFF34F8FBFF3A1
:10A4F0006F8F003018BF01200028E0D03246697805
:10A500002878FFF785FA05B0BDE8F0836A4A13782A
:10A510000133DBB21370654B1868002ED7D1C4E746
:10A52000614B1A786FF300021A701A7800216FF3EA
:10A5300041021A7059701A7861F382021A705B4BEB
:10A540001868002EC3D1B0E75C4FDFF874913978FA
:10A55000DFF87081002423460AE0D8F8003013EBBE
:10A5600044130AD10134E4B24A1DA242234615DB4A
:10A570008C42F2D35B1A09EB4313DB69002BF1D059
:10A580006968287898473978ECE7474B1A78D407F8
:10A590009AD51A786FF382021A7083E7424C2378B7
:10A5A00058072FD5237841496FF3820323702B7806
:10A5B0008DF8043005220023CDF80A30CDF806309E
:10A5C000ADF80E3008688DF80520002E59D004AA89
:10A5D00001A942F8103D18F027F9009B43B1354B13
:10A5E0004FF080525A6040BFBFF34F8FBFF36F8F61
:10A5F000003018BF012000284DD12D4B1B68D90712
:10A6000000D500BEE378DA077FF55EAF274A2B78E6
:10A61000696810688DF8043003220023CDF80A30F1
:10A62000CDF80630ADF80E3002918DF80520F6B168
:10A6300004AA01A942F8103D18F0F6F8009B43B1B6
:10A640001C4B4FF080525A6040BFBFF34F8FBFF397
:10A650006F8F003018BF012000283FF430AF324622
:10A660009DF805109DF80400FFF7D2F92CE733465A
:10A670004FF0FF3201A917F0C7FE003018BF0120CC
:10A68000EAE733464FF0FF3201A917F0BDFE003074
:10A6900018BF0120AFE732469DF805109DF8040071
:10A6A000FFF7B6F9AEE700BF2873002064730020FF
:10A6B000F0ED00E000ED00E028740020D4720020EE
:10A6C0009C970400D07200202DE9F84F0A9F002AC1
:10A6D0004CD090464A78052A0C460ED1CE7806F02A
:10A6E0000306B34209D18A7802F07F02082A0DD905
:10A6F000204B1B68DA0700D500BE1E4B1B68DB072A
:10A7000002D40020BDE8F88F00BEFAE7DFF868B099
:10A71000DFF868A09BF8009000250EE06278052A1B
:10A72000EBD1E27802F00302B242E6D1A27802F065
:10A730007F02082ADCD89BF800909AF802100022C9
:10A74000204602F095F80028D2D04846214601F074
:10A750006FF80028D1D0A278D30916BF0B9B3A70AE
:10A760001A702278013545451444D7D10120BDE83F
:10A77000F88F00BFF0ED00E0186100202873002082
:10A7800030B51E4D85B0082400230290019303913B
:10A790008DF805402868144682B9134601A94FF088
:10A7A000FF3217F031FE003018BF0120E0B9144B22
:10A7B0001B68DB0700D500BE05B030BD04AA01A9A7
:10A7C00042F8103D18F030F8009B43B10D4B4FF0AC
:10A7D00080525A6040BFBFF34F8FBFF36F8F00307E
:10A7E00018BF01200028E2D022469DF805109DF8F0
:10A7F0000400FFF70DF905B030BD00BF6473002001
:10A80000F0ED00E000ED00E038B58B7803F07F0359
:10A81000082B06D90B4B1B68DB0700D500BE0020B8
:10A8200038BD094A094B0C46204691781D78002214
:10A8300002F01EF80028EDD021462846BDE8384039
:10A8400000F0F6BFF0ED00E0287300201861002052
:10A85000CB09263301F07F010348044A03EB410191
:10A860000844116801F0BABF28730020607300200B
:10A87000CB09263301F07F010348044A03EB410171
:10A880000844116801F0D6BF2873002060730020CF
:10A8900038B5154C01F07F0504EB450404EBD114E9
:10A8A0002034A079C00706D5104B1B68DA0700D505
:10A8B00000BE002038BDA5790D4845F0010500789F
:10A8C000A57101F0F1F80028F4D1A379074A60F3EB
:10A8D0000003A371A37960F38203A3711368DB07FC
:10A8E000E7D500BE38BD00BF28730020F0ED00E0C2
:10A8F00018610020054B01F07F0203EB420303EBDC
:10A90000D11191F8260000F0010070472873002053
:10A9100010B50C4B18780C4601F0C8F90A4904F040
:10A920007F0301EB430101EBD41191F8263043F092
:10A93000020381F8263091F8263043F0010381F8B4
:10A94000263010BD1861002028730020054B01F04F
:10A950007F0203EB420303EBD11191F82600C0F311
:10A96000400070472873002010B50F4B18780C4634
:10A9700001F036F80D4904F07F0301EB430101EBD0
:10A98000D41191F826306FF3410381F8263091F805
:10A9900026306FF3000381F8263091F826306FF3EC
:10A9A000820381F8263010BD186100202873002032
:10A9B000704700BF0A4630B4094C49680546106824
:10A9C000234603C30023C4E9023392F900209A42CC
:10A9D0002846ACBF802119461A4630BCFFF758BF45
:10A9E0006C740020F0B50E462B4C49680746306861
:10A9F000A260254603C50021E181F588AB4228BF4E
:10AA00002B4683B0A381ADB13BB3002A3DD094F96E
:10AA10000000402B28BF402300282CDB1F4A38466B
:10AA2000FFF736FF98B91E4B1B68DB0712D500BE37
:10AA300003B0F0BD96F90030002BACBF802100219F
:10AA400038462B462A46FFF723FF0028EBD001208B
:10AA500003B0F0BD002003B0F0BD94F90020002A3F
:10AA6000ACBF194680211A463846FFF711FF00286F
:10AA7000D9D00120ECE71146084801931A461BF093
:10AA8000D8FE064A019B8021EEE7054B1B68D907DB
:10AA9000E0D500BE1046CBE76C7400202C7400207B
:10AAA000F0ED00E0034B0022C3E90022C3E90222DB
:10AAB0001A6170476C740020014B1861704700BF29
:10AAC0006C7400200346064A5968006810B41346A7
:10AAD000002403C3C2E902445DF8044B704700BF81
:10AAE0006C74002070B5404C2278C909B1EBD21FBC
:10AAF00082B0064615D03BB13C4B1B68DA0700D547
:10AB000000BE002002B070BD2146FFF751FF23694F
:10AB1000002B40D02246304603219847012002B046
:10AB200070BD94F90020A068002A08DB0028E8D056
:10AB30001A462F4901931BF07CFEA068019BE58912
:10AB4000E2881D44ADB21844AA42A060E58101D05C
:10AB50003F2B23D8236923B1234A0221304698474B
:10AB600088B194F9002000239A42ACBF8021194695
:10AB700030461A46FFF78CFE68B91C4B1B68DB0792
:10AB8000BFD500BEBEE70146304601F08FF8304623
:10AB9000802101F08BF8012002B070BDA28994F9E8
:10ABA0000010531B9BB2402B28BF402300290ADB17
:10ABB00095424FF0000112D00D4A3046FFF768FE73
:10ABC0000028DAD0E7E795420BD001461A4608483C
:10ABD00001931BF02EFE8021054A019BEDE70A46FA
:10ABE000EBE780210022E8E76C740020F0ED00E044
:10ABF0002C74002000B1704719F0C4BB00B170473D
:10AC000019F0CABB0138C3B2042B07D856230D4A2A
:10AC100003FB00F013181B79DB0706D40A4B1B68F3
:10AC2000DB0700D500BE00207047CB09363301F0AA
:10AC30007F0103EB4101054B08441044196801F002
:10AC4000CDBD00BF80740020F0ED00E03076002024
:10AC50000138C3B2042B07D856230A4A03FB00F07D
:10AC600013181B79DB0701D400207047CB0936335A
:10AC700001F07F0103EB4101034B084410441968C4
:10AC800001F0D8BD8074002030760020F0B5441E5D
:10AC9000E5B2042D83B017D8562505FB04F5174EF1
:10ACA00001F07F0405EB4404344404EBD114303448
:10ACB000A779FF070BD5124B186810F0010001D0DF
:10ACC00000BE002003B0F0BD002003B0F0BD1F4661
:10ACD00013460A460146705DA579009745F00105C7
:10ACE000A57100F0BDFB0028ECD1A37960F300034F
:10ACF000A371A37960F38203A371E3E7807400205A
:10AD0000F0ED00E02DE9F047764DAF798F4284B049
:10AD100091461E4604465BD0E2234FF0000AA9711B
:10AD20008DF809108DF80830ADF80CA0002E00F059
:10AD3000B380012103AF0DF10808FBF72BFE41465C
:10AD40003A4602232046FBF753FE51462046FBF7C6
:10AD500021FE9DF80C30EB702223D9F800908DF87D
:10AD60000730002E3ED020460121FBF713FE3A4665
:10AD70000DF1070101232046FBF73AFE9DF80C3048
:10AD8000EB704946082300222046FBF731FE20469F
:10AD90000021FBF7FFFD0026102241F2F2032046BE
:10ADA0000121EA71ADF80830ADF80C60FBF7F2FD57
:10ADB0003A46414602232046FBF71AFE314620461A
:10ADC000FBF7E8FD9DF80C30EB7004B0BDE8F087B0
:10ADD000222303AF0DF10808D9F800908DF8073051
:10ADE000002EC0D14FF0FF31E86D17F055FF31460E
:10ADF0002046FBF709FE20460121FBF7CBFD3A4632
:10AE00000DF1070101232046FBF7F2FD9DF80C3000
:10AE1000EB703246082349462046FBF7E9FD3146F0
:10AE20002046FBF7B7FD20460121FBF7EDFD334639
:10AE300032463146E86D17F0E7FA102241F2F2038C
:10AE40004FF0FF31E86DEA71ADF80830ADF80C60F5
:10AE500017F022FF31462046FBF7D6FD20460121A0
:10AE6000FBF798FD3A46022341462046FBF7C0FD1A
:10AE700031462046FBF78EFD20460121FBF7C4FD3D
:10AE8000334632463146E86D17F0BEFA9DF80C3075
:10AE9000EB7004B0BDE8F0874FF0FF31E86D17F0BC
:10AEA000FBFE31462046FBF7AFFD03AF20460121F4
:10AEB0000DF10808FBF76EFD3A4602234146204695
:10AEC000FBF796FD31462046FBF764FD2046012145
:10AED000FBF79AFD334632463146E86D17F094FA97
:10AEE00037E700BF347600202DE9F04F4B781D077F
:10AEF0000E4685B090460978044662D1DA0600F124
:10AF00004881B26812B1B288002A5AD1E24D03F0EA
:10AF10002006AB7966F07F068B42F6B200F06481C2
:10AF2000E2230027A9718DF809108DF80830ADF8DB
:10AF30000C70B8F1000F00F06C82012120460DF179
:10AF40000C090DF1080AFBF725FD51464A4602237C
:10AF50002046FBF74DFD39462046FBF71BFD9DF8CB
:10AF60000C30EB70F223EE718DF8096000268DF83D
:10AF70000830ADF80C60B8F1000F40F0D980E86DF2
:10AF80004FF0FF3117F088FE41462046FBF73CFDAD
:10AF900020460121FBF7FEFC4A460223514620468B
:10AFA000FBF726FD41462046FBF7F4FC2046012135
:10AFB000FBF72AFD434642464146E86D17F024FA66
:10AFC00045E0B54D13F02007AA7946D1914240F0F3
:10AFD000BE800DF10C090DF1080AB37813F0100FC3
:10AFE0000CBF10222022EA2300278DF809208DF8BB
:10AFF0000830ADF80C70B8F1000F00F0FA800121B4
:10B000002046FBF7C7FC02234A4651462046FBF781
:10B01000EFFC39462046FBF7BDFC9DF80C30EB7089
:10B020007378EB71F222012120468DF809308DF8FA
:10B030000820ADF80C70FBF7ADFC51464A460223E0
:10B040002046FBF7D5FC39462046FBF7A3FC9DF8CC
:10B050000C30EB7005B0BDE8F08F914240F0A1805C
:10B060000DF10C090DF1080AB37813F0100F0CBFA5
:10B0700040228022EA2300278DF809208DF808302D
:10B08000ADF80C70B8F1000F00F0E480012120460B
:10B09000FBF780FC514602234A462046FBF7A8FCFA
:10B0A00039462046FBF776FC9DF80C30EB70328871
:10B0B0002B899A422AD0B788F2887388BF1ABFB208
:10B0C0005B099F4228BF1F4617F0FF0740F0088129
:10B0D0003A23AF708DF8097000278DF80830ADF86D
:10B0E0000C70B8F1000F00F0D98001212046FBF769
:10B0F00051FC514602234A462046FBF779FC39466B
:10B100002046FBF747FC9DF80C30EB7033782B7230
:10B1100073786B727378EB71F22200268DF8093028
:10B120008DF80820ADF80C60B8F1000F3FF427AFA0
:10B1300020460121FBF72EFC51464A4602232046B9
:10B14000FBF756FC31462046FBF724FC7FE7E22361
:10B15000A9718DF80910ADF80C708DF80830B8F1B0
:10B16000000F00F0DE80012120460DF10C090DF1E9
:10B17000080AFBF70FFC51464A4602232046FBF71C
:10B1800037FC39462046FBF705FC9DF80C30EB7088
:10B1900023E7434606F10802FFF7B4FD05B0BDE81A
:10B1A000F08FE2230027A9718DF809108DF808307F
:10B1B000ADF80C70B8F1000F00F0D98001212046E5
:10B1C0000DF10C090DF1080AFBF7E4FB51464A4664
:10B1D00002232046FBF70CFC39462046FBF7DAFB3E
:10B1E0009DF80C30EB703FE70DF10C090DF1080AEA
:10B1F000B8E64FF0FF31E86D17F04EFD41462046AE
:10B20000FBF702FC01212046FBF7C4FB02234A4660
:10B2100051462046FBF7ECFB41462046FBF7BAFBC4
:10B2200001212046FBF7F0FB434642464146E86DCC
:10B2300017F0EAF89DF80C30EB707378E86DEB715D
:10B24000F2224FF0FF318DF80930ADF80C808DF807
:10B25000082097E64FF0FF31E86D17F01DFD4146DD
:10B260002046FBF7D1FB20460121FBF793FB4A4622
:10B27000022351462046FBF7BBFB41462046FBF725
:10B2800089FB20460121FBF7BFFB4346424641466E
:10B29000E86D17F0B9F807E7347600204FF0FF317A
:10B2A000E86D17F0F9FC41462046FBF7ADFB204660
:10B2B0000121FBF76FFB4A46022351462046FBF76C
:10B2C00097FB41462046FBF765FB20460121FBF733
:10B2D0009BFB434642464146E86D17F095F812E75E
:10B2E00012238DF80730D6F808B0B8F1000F64D0FB
:10B2F00020460121FBF74EFB4A460DF107010123D1
:10B300002046FBF775FB9DF80C30EB7059463B4629
:10B3100000222046FBF76CFB00212046FBF73AFB9E
:10B32000D6E64FF0FF31E86D17F0B6FC41462046F7
:10B33000FBF76AFB0DF10C09204601210DF1080A0B
:10B34000FBF728FB4A46022351462046FBF750FBF9
:10B3500041462046FBF71EFB20460121FBF754FB2C
:10B36000434642464146E86D17F04EF80DE74FF070
:10B37000FF31E86D17F090FC41462046FBF744FB97
:10B380000DF10C09204601210DF1080AFBF702FB23
:10B390004A46022351462046FBF72AFB41462046F7
:10B3A000FBF7F8FA20460121FBF72EFB4346424605
:10B3B0004146E86D17F028F812E74FF0FF31E86DCD
:10B3C00017F06AFC41462046FBF71EFB2046012190
:10B3D000FBF7E0FA4A460DF1070101232046FBF78F
:10B3E00007FB9DF80C30EB7042463B465946204621
:10B3F000FBF7FEFA41462046FBF7CCFA2046012136
:10B40000FBF702FB434642464146E86D16F0FCFF5F
:10B410005EE64FF0FF31E86D17F03EFC41462046F6
:10B42000FBF7F2FA0DF10C09204601210DF1080A93
:10B43000FBF7B0FA4A46022351462046FBF7D8FAFA
:10B4400041462046FBF7A6FA20460121FBF7DCFA2D
:10B45000434642464146E86D16F0D6FF7FE500BF01
:10B460002DE9F04102F07F0CBDF818E0D20981BB54
:10B47000BCF1000F5ED13E4EA6F160077178B47842
:10B4800082F0010262F345110A466FF3041244F0A0
:10B4900010017270B170B278B360032363F30302DA
:10B4A00000258046A6F804E0B270F5802846FFF734
:10B4B000A1FBBC7AC4BB01252046BD72FFF79EFBF1
:10B4C0002246404631462C46FFF70EFD2046BDE899
:10B4D000F08182F00108BCF1000F2ED0254F01222F
:10B4E0003C4604E00132142A04F10C0418D094F80C
:10B4F0006C508D42F6D102EB420507EB850595F8BD
:10B50000615005F00F066645ECD1C5F34015454581
:10B5100004F16C06BFD00132142A04F10C04E6D108
:10B5200000242046BDE8F0812846FFF767FB20464F
:10B53000BDE8F08182F00108D0E70E4F01243D46BE
:10B5400002E00134142CEBD095F86C608E4205F1CA
:10B550000C05F6D104EB4406B60007EB060C9CF88C
:10B5600061C01CF00F0FECD160363E4486E700BF8F
:10B57000947600203476002042DF704743DF704726
:10B5800044DF704712DF7047F0B5334CBFF35B8F79
:10B59000014604F590730125D3E84F2FC3E8405FBF
:10B5A0000028F9D1BFF35B8F12F0FF0F48D10829B3
:10B5B00029D04E01A21954F806C028489388284F74
:10B5C00001F5947601EB810E50F82660D2889A1A24
:10B5D00093B2B6B200EB8E0209B2B34228BF334633
:10B5E000C2F800C707EB8100C2F8043747F82150C2
:10B5F000BFF36F8FBFF34F8F1A4B984218D0043BA5
:10B60000984215D0F0BD154BD3F8C024D1030FD408
:10B6100094F80B1161B11449D4F80001C3F8A007E4
:10B62000C3F8A4270D60BFF36F8FBFF34F8FF0BD3A
:10B630000023BFF35B8F84F82031BFF35B8FF0BD35
:10B640000A4B0B485A68C2F30802003218BF0122A5
:10B65000BDE8F040FFF794B8847700200070024006
:10B6600028700240507002404870024000ED00E037
:10B67000E9B60200174BBFF35B8F01460122D3E806
:10B680004F0FC3E84C2FBCF1000FF8D1BFF35B8F15
:10B6900010F0FF0F14D10A60BFF36F8FBFF34F8F0D
:10B6A0000D4B994203D0043B994200D070470B4B9D
:10B6B000BFF35B8F002283F82021BFF35B8F7047BD
:10B6C000074B08485A68C2F30802003218BF01222B
:10B6D000FFF756B8A478002050700240847700200D
:10B6E00000ED00E075B60200F0B5334CBFF35B8FA0
:10B6F000C1B204F590730126D3E84F2FC3E8406F21
:10B700000028F9D1BFF35B8F12F0FF0F47D1082952
:10B7100028D04D01621954F805E028489388DFF8D5
:10B72000B0C001F5947550F82570D2888D009A1A32
:10B7300093B2BFB26A1800EB8202BB4228BF3B46FD
:10B74000C2F800E76544C2F804374CF82160BFF343
:10B750006F8FBFF34F8F1A4B9D4218D0043B9D4211
:10B7600015D0F0BD154BD3F8C024D1030FD494F8F5
:10B770000B1161B11349D4F80001C3F8A007C3F855
:10B78000A4270E60BFF36F8FBFF34F8FF0BD002370
:10B79000BFF35B8F84F82031BFF35B8FF0BD0A4BA2
:10B7A0000A485A68C2F30802003218BF0122BDE8F5
:10B7B000F040FEF7E5BF00BF847700200070024034
:10B7C000507002404870024000ED00E0E9B602000F
:10B7D0002870024001207047014B80225A60704758
:10B7E00000E100E0074BD3F80014D3F80024002058
:10B7F0000A434FF48001C3F80024C3F85801C3F88A
:10B800000413704700700240074B4FF4001229B92F
:10B81000C3F80823054B83F821117047C3F80423AC
:10B82000024B83F82111704700700240847700209A
:10B8300070B48A788C88414EC97802F07F03D509AC
:10B8400005EB430006EB001001F00301C4F30A040A
:10B85000012904812BD0012101FA03F4BDB138483C
:10B8600002339940C0F80413D0F810352343C0F8D0
:10B870001035334B42F48071C3F81825C3F80C150A
:10B88000BFF36F8FBFF34F8F012070BC70472C4800
:10B8900003F10C06B140C0F80413D0F8141503F5F9
:10B8A00094730C43C0F8144540F82350E1E7082B8B
:10B8B00008D0244B186810F00100E6D000BE00202C
:10B8C00070BC7047EDB9B6F818311BB11C4B802223
:10B8D000C3F81C251A4A0023C2F85031D2F80033AD
:10B8E00013F4001308BFC2F85431154B4FF4401243
:10B8F000C3F80423D3F8142542F48072C3F8142546
:10B90000BEE7B6F808210E4B0021C3F82C1112B186
:10B910008022C3F81C250A4AD2F8003313F400131E
:10B9200008BFC2F85431064B074AC3F80423D3F8C2
:10B93000102542F48072C3F81025A1E78477002017
:10B9400000700240F0ED00E0000820001F4B802254
:10B950002DE9F041C3F88420BFF34F8FBFF36F8F01
:10B9600001241B4D1B4FA0460026A30004F10C022E
:10B97000A11C03F1804303F51C3308FA01F108FA16
:10B9800002F20A43C7F8082328465E6001342022E9
:10B990009E6200211AF071FF082C05F12005E4D108
:10B9A0000D4BC7F808332022C7F81C6500217E62C2
:10B9B0000A48BE641AF061FFC7F81485C7F81085FD
:10B9C000024B80225A60BDE8F08100BF00E100E038
:10B9D000A477002000700240000830008478002026
:10B9E00001F07F02082A70B44FEAD11128D0012358
:10B9F00003FA02F0C043B1B1294C951CAB40C4F826
:10BA00000833D4F81055274B2840C4F8100501EB33
:10BA1000420103EB01110023CB72BFF36F8FBFF321
:10BA20004F8F70BC70471E4C02F10C05AB40C4F840
:10BA30000833D4F814551B4B2840C4F81405E6E726
:10BA4000184B03EB01100024A0F808411448D1B1B1
:10BA50004FF40064C0F80843D0F8104524F4807413
:10BA6000C0F81045B3F81841B3F808510C48EC423F
:10BA70004FF0000608BF4FF40014C0F81C6508BF63
:10BA8000C0F80843C3E74FF48014C0F80843D0F867
:10BA9000144524F48074C0F81445C0F85011E1E74F
:10BAA000007002408477002001F07F004FEAD11C33
:10BAB000F0B50CEB4005744E2D01771985B0FC7A7A
:10BAC0004CB1724B1C6814F0010401D000BE00247C
:10BAD000204605B0F0BD04F0FF0E7251BB80A7F800
:10BAE00006E0002843D1002B57D0BCF1000F00F036
:10BAF0008E8006EB401100EB8003CD8A8A8A0C8B86
:10BB00000969521B9B0092B203F1804303F51C3379
:10BB1000A24228BF22465E4DC3F8001600B2C3F809
:10BB200004265C4BBFF35B8F05EB80010122D3E859
:10BB30004F4FC3E8472F002FF9D1BFF35B8FE4B21B
:10BB4000002C40F0908045F82020BFF36F8FBFF3AA
:10BB50004F8F514B994202D0043B994219D1BFF308
:10BB60005B8F002386F82031BFF35B8F11E0BCF1BF
:10BB7000000FBED106EB40160123F372BFF36F8FA7
:10BB8000BFF34F8FB37A23B1F37A03F0FF04002B96
:10BB900074D10124204605B0F0BD404AD2F880247B
:10BBA000C2F3C0126245A0D03D4D6A688DF80810FE
:10BBB000C2F3080100314FF4E06218BF012101A86F
:10BBC00003938DF80930ADF80420FEF755FCBFF360
:10BBD0005B8F06F590720123D2E84F1FC2E8403F09
:10BBE0000028F9D1BFF35B8FCCB2002C38D12A4AA0
:10BBF0001360BFF36F8FBFF34F8F1C46BFF35B8F94
:10BC0000204686F82011BFF35B8F05B0F0BD0123FD
:10BC1000204AF372BFF35B8FD2E84F4FC2E8413F37
:10BC20000029F9D1BFF35B8FE4B26CB91D4A1360F0
:10BC3000BFF36F8FBFF34F8FBFF35B8F86F820C1C9
:10BC40001C46BFF35B8F43E7154B16495A681648ED
:10BC5000C2F30802003218BF0122FEF791FD37E758
:10BC60006A680D49F3E70E4B0F485A68C2F30802A1
:10BC7000003218BF0122FEF783FD29E786F80AC0CB
:10BC8000FFF782FC24E700BF84770020F0ED00E09E
:10BC900004700240A47800205070024000700240FE
:10BCA00000ED00E04C70024075B6020011F07F001C
:10BCB00008B512D008280BD00E4B41F48072C90988
:10BCC000C3F8182504D10C4B03EB40139A7A62B9E0
:10BCD000BFF36F8FBFF34F8F08BD064B01225A652C
:10BCE000BFF36F8FBFF34F8F08BD9972FFF74CFC06
:10BCF000EEE700BF007002408477002011F0770F5C
:10BD000012D00A4B41F48072C3F80C15C3F80C250D
:10BD1000CA09C3F8181504BF01F5947143F821202E
:10BD2000BFF36F8FBFF34F8F704700BF00700240AB
:10BD30002DE9F04FA54BA64CD3F8000300238BB0A0
:10BD40001E461F46012520FA03F11A19C9074FEABA
:10BD5000820209D5116839B105FA03F117600E4363
:10BD6000BFF36F8FBFF34F8F0133192BEBD1F20766
:10BD700000F13582974D330508D5944BD3F8A8369A
:10BD800001229BB2A5F8163185F81C21B70206F4F2
:10BD9000800424D58D4BD3F81425D00540F1FC81C7
:10BDA000002C00F0A182D3F80024D20740F19C823D
:10BDB000D3F81035DA0540F1FB8195F81C3107AF57
:10BDC000002B40F0BD82814BD3F8203508933846D4
:10BDD0004FF440730121ADF81C30FEF74DFB04B366
:10BDE0007A4AD2F8004440F201732340C2F800348A
:10BDF000E30500F15682670510D5744B0122C3F8A4
:10BE000008259A65D3F8002312F4001208BFC3F87E
:10BE100054216E4B4FF40012C3F80423A00500F127
:10BE2000358231023DD5694BD3F880C4D3F88414F0
:10BE3000D3F888E4D3F88C74D3F89084D3F894447E
:10BE4000D3F89804D3F89C245FFA8CF35FFA80FC53
:10BE5000D0B25A06C9B25FFA8EFEFFB25FFA88F816
:10BE60005FFA84F901D105291BD00024224668F32A
:10BE7000070263F3070461F30F2469F30F226EF3E3
:10BE800017446CF3174260F31F6267F31F644FF4AB
:10BE9000C063012107A8CDE90842ADF81C30FEF7C8
:10BEA000EBFA4D4B3340002B40F09181DFF82491A9
:10BEB000464F4D46CA4609F5907800241DE02B44B4
:10BEC000DA7A002A00F0D781DA88AAF80420002262
:10BED000DA72D98809914FF4E063012107A88DF83F
:10BEE00020B08DF82120ADF81C30FEF7C5FABBF16B
:10BEF000080F47D001340AF1200A04F10C0326FA96
:10BF000003F3DB075FFA84FBF1D504EB840307EB53
:10BF10008303DAF80020D3F80807630112FA80F2ED
:10BF2000E918CAF80020CA8880B2024492B2082CEC
:10BF3000CA80C4D0BAF808208242C0D1CA88BAF8F0
:10BF400004109142BBD9BBF1000FD0D10122BFF345
:10BF50005B8FD8E84F3FC8E8412F0029F9D1BFF3E4
:10BF60005B8F13F0FF0F40F052821C490A60BFF351
:10BF70006F8FBFF34F8FBFF35B8F85F82031BFF317
:10BF80005B8FB7E7164B3340002B00F002810F4B5D
:10BF9000D3F86C240192C3F86C24BFF36F8FBFF306
:10BFA0004F8F16F4806600F06E81D3F88024D3F8AA
:10BFB000803483F08003C3F3C0130593C2F3C0132E
:10BFC0000493DFF808A00024A84613E000700240A4
:10BFD000409C001084770020FCFB1F004C70024046
:10BFE00000040001002C00F0F281072E52D0013431
:10BFF00009F120090199E14004EB8403C9070AEB28
:10C00000830308EB4412E6B2ECD5D3F80816D9F84E
:10C010001070C9B20F44C9F81070D08A014489B2B7
:10C02000D182A849D08AB9F8145061188900854294
:10C0300002914FF0010C66F07F0103914FF4E06B29
:10C040004FF0000E614607A840F2B480D18AB9F8DB
:10C050001820C3F800766D1AADB2954228BF154678
:10C06000994AC3F80456BFF35B8FD2E84F3FC2E84A
:10C0700041CF0029F9D1BFF35B8F13F0FF0F40F0E0
:10C08000ED80029BC3F800C0BFF36F8FBFF34F8FEB
:10C09000072EACD1019BDB03454601D4059B43B180
:10C0A000EB7A23B1EB88AA889A4200F271810123CE
:10C0B000AB72019B9F030BD595F82B3023B1EB8C12
:10C0C000AA8C9A4200F28881012385F82A30019BCC
:10C0D0005E030DD595F84B3033B1B5F84630B5F861
:10C0E00044209A4200F27D81012385F84A30019B69
:10C0F0001C030DD595F86B3033B1B5F86630B5F843
:10C1000064209A4200F27E81012385F86A30019B07
:10C11000D8020DD595F88B3033B1B5F88630B5F827
:10C1200084209A4200F23881012385F88A30019BED
:10C1300099020DD595F8AB3033B1B5F8A630B5F806
:10C14000A4209A4200F22D81012385F8AA30019B98
:10C150005A020DD595F8CB3033B1B5F8C630B5F8E5
:10C16000C4209A4200F22281012385F8CA30019B43
:10C170001B020ED595F8EB30002B00F0F380B5F8DC
:10C18000E630B5F8E4209A4240F2EC800720FFF751
:10C19000FBF90BB0BDE8F08FD3F81025D1053FF5C2
:10C1A0000CAE95F821211AB94FF40012C3F80823F8
:10C1B00007AF08E6D38A09939DF80C30ADF81CB0A0
:10C1C0008DF820308DF821E0FEF756F90DE70023B9
:10C1D000BFF35B8F85F82031BFF35B8F66E63B4B87
:10C1E0003B4A3C4D3C4800240127C2F81475C2F874
:10C1F0001075546094625C609C629C60DC62DC60E0
:10C200001C631C615C635C619C639C61DC63DC613E
:10C210001C6454629464C2F85841D2F80034D2F8D5
:10C2200000140B43C2F80034D2F80033C2F80833CC
:10C230002146C2F8040328464FF492721AF01DFBFF
:10C2400040234FF48072394607A82B832B818DF849
:10C250002040ADF81C20FEF70FF98CE51F4B20485D
:10C260005A680299C2F30802B2EB0E0218BF01220B
:10C27000FEF786FAB9E61B4B1B68D80789D500BEC6
:10C280000BB0BDE8F08FCDE904669AE600220523E5
:10C29000012107A88DF81C208DF81D30FEF7ECF861
:10C2A000BFE50121C2F82C150423002207A88DF850
:10C2B0001C208DF81D30FEF7DFF867057FF5AEAD69
:10C2C0009BE500BF019C0010A47800200470024090
:10C2D00000700240847700200514C00100ED00E0EA
:10C2E00075B60200F0ED00E04F4BBFF35B8F01220B
:10C2F000D3E84F1FC3E8402F0028F9D1BFF35B8F6D
:10C3000011F0FF0F32D1494BD3F8C004C70352D408
:10C3100095F80B1101F0FF07002967D04449D5F8C3
:10C320000071C3F8A077C3F8A4070A60BFF36F8F4A
:10C33000BFF34F8FD3F81035D8053FF53EAD37E743
:10C34000B5F816310993002285F81C2188234FF493
:10C35000E06238460121ADF81C20ADF82030FEF730
:10C360008BF830E5012385F8EA3012E7314B32488B
:10C370005A68C2F30802003218BF01220821FEF7F2
:10C38000FFF92A4BD3F81035DB053FF516AD0FE763
:10C390000020FFF7F9F88CE60420FFF7F5F8019B81
:10C3A000C6E60520FFF7F0F8019BD1E60620FFF76F
:10C3B000EBF8019BDCE6BFF35B8F85F82011BFF340
:10C3C0005B8FD3F81035DF053FF5F7ACF0E6049945
:10C3D00000293FF40CAE18E60120FFF7D5F8019BC9
:10C3E00076E60220FFF7D0F8019B81E6BFF35B8F72
:10C3F00085F82071BFF35B8FD3F81035D9053FF571
:10C40000DCACD5E60320FFF7BFF8019B80E6094BC3
:10C410000A485A680A49C2F30802003218BF0122CA
:10C42000FEF7AEF966E500BFA47800200070024078
:10C430004870024000ED00E0E9B6020075B6020067
:10C440004C70024030B5012885B000F09F8057D372
:10C45000022840D1BA4BD3F80435002B40F0D780E6
:10C46000B74AD2F800341C05FBD54FF40063C2F87C
:10C470000034BFF36F8FBFF34F8FB24AB24B1268D5
:10C480001B68082A00F0D780AD4BB04D80240122F4
:10C49000C3F81C45C3F80423C5F88441FDF7D8FA56
:10C4A000002840F0F880AA4D43F204044FF0804386
:10C4B0002268AA4211D0D3F80C14D3F80C24D0036C
:10C4C000F6D5CA07F4D59E4B0122C3F80425BFF365
:10C4D0006F8FBFF34F8F05B030BD04AA002102F863
:10C4E0000C1D1046FFF74EF89DF804000028E2D01E
:10C4F00010460191FFF744F8019A002AD8D0E2E7EC
:10C500008F4BD3F80025002AE5D14FF480014FF47A
:10C510000062C3F80813C3F80024BFF36F8FBFF3A2
:10C520004F8F884B1B68082B00F0B780844B01228B
:10C53000C3F80025BFF36F8FBFF34F8F43F20402A0
:10C5400003F18D5303F57723126803F2DB539A420C
:10C5500000F0CA804FF08043D3F80C24D3F80C3499
:10C56000D90301D5D207B6D443F20402784B12683E
:10C570009A4200F01881774B00221A601B680193E1
:10C580004FF08043012201991A60A4E76C4BD3F865
:10C590000025002A9FD00022C3F80425BFF36F8F27
:10C5A000BFF34F8F69498020C1F88400BFF34F8FDC
:10C5B000BFF36F8FD3F80013C3F80813C3F8002537
:10C5C000BFF36F8FBFF34F8F43F2040103F18D531D
:10C5D00003F57723096803F2DB53994200F0998051
:10C5E00001AB5D4A012111605C4A5168C1F3080149
:10C5F000003118464FF000024FF0020318BF01212E
:10C600008DF804208DF80530FDF736FF63E743F21F
:10C6100004024F4B12689A4200F0B0804FF0804302
:10C62000D3F80C24D3F80C34DB037FF519AFD5070E
:10C630007FF516AF4FE7032B0AD8494A1168002946
:10C6400040F09880474C49F27530106021601060CE
:10C650005A1E022A10D8424A1168002967D1424D59
:10C660003848394B00681B6849F2753414602960FA
:10C67000146008287FF408AF032B3FF605AF3B4951
:10C680003B4B40F2E370402208601A60BFF36F8FAB
:10C69000BFF34F8FF8E66C6005E72B4B1B685A1E03
:10C6A000022A12D82E4B1A68002A40F08E802E499A
:10C6B00049F2753203201A6008601A60214A224B41
:10C6C00012681B68082A7FF431AF032B3FF62EAFA8
:10C6D000234B1A68002A74D1224949F27532C020CE
:10C6E0001A6008601A6021E704AB002203F80C2DE1
:10C6F0001846FEF747FF9DF8041000293FF42AAFC3
:10C7000018460192FEF73CFF019B002B7FF4E3AE3D
:10C710002AE704AB03F80C2D1846FEF733FF9DF80B
:10C720000420002A3FF45DAFFEF728FF5CE70549CF
:10C73000054B0D4A08681B680021116099E700BF8E
:10C7400000700240300100103401001000E100E0F0
:10C75000DBE5B151000100400400004000ED00E0C5
:10C7600000EC064014EC064014ED06400078024050
:10C7700004780240174A0021116069E704AB0022E7
:10C7800003F80C2D1846FEF7FDFE9DF80410002955
:10C790003FF444AF18460192FEF7F2FE019B002BD6
:10C7A0007FF499AE5CE604A8002300F80C3DFEF788
:10C7B000E9FE9DF80430002B3FF4DDAEFEF7DCFE11
:10C7C00089E6044BC0221A60B0E6034B03221A60CC
:10C7D00074E700BF14EC064014ED0640F8B503788A
:10C7E00013F0010405D10678C6F3800626B1204671
:10C7F000F8BD00242046F8BD0F4605464FF0FF3136
:10C80000384616F049FA2A7812F001040FD12B7835
:10C810005B0704D42B7843F004032B70012400231E
:10C8200038461A46194615F0EFFD2046F8BD344645
:10C83000F5E700BF70B505460E4608464FF0FF31DC
:10C8400016F02AFA2878C0F3800444B900240023A3
:10C8500030461A46194615F0D7FD204670BD2B7894
:10C8600013F00102F2D12B7862F382032B70EEE712
:10C8700010B4C378848803F00303022BC4F30A04C2
:10C8800026D019D8012B04D0002318465DF8044B9C
:10C890007047022940F2FF3208BF4FF48062A24283
:10C8A000F3D21A4B1B6813F00103EED000BE002335
:10C8B00018465DF8044B7047022914BF40234FF41B
:10C8C0008063A342EDD3012318465DF8044B704703
:10C8D00002290BD012B1B4F5007F11D0A4F10803E6
:10C8E0009BB2182B06D9402CEDD0DAE7B4F5007FC7
:10C8F000D7D1E8E7064A22FA03F3DB07D1D5E2E70E
:10C9000000244021134644710171BEE7F0ED00E0C0
:10C91000010100010A44914216D230B44C78052C32
:10C9200005D00C7821448A42F8D830BC70478C7806
:10C9300004F07F0500EB4505E4092B550C782144F4
:10C940008A42EBD830BC7047704700BF2DE9F041F8
:10C9500082B00678089DBDF82470009361F300064C
:10C960000446294600F8086B012316463A46BDF8EE
:10C970002C80FCF76DFE05B13FB90A9B6360012076
:10C98000A4F8028002B0BDE8F08104F11C0101208E
:10C9900015F014FF26B903463046C4E90503ECE759
:10C9A0000023FAE710B50446406908B116F02AFBE7
:10C9B000A06908B116F026FB012010BDF0B50B46AA
:10C9C0000D4613F8081B83B011F0020F07461846F6
:10C9D00040F2FF130CBF3F241C461646FCF774FEC2
:10C9E000E8B9E6B126421AD12B786978DA073846D9
:10C9F00018D5FEF707F990B12B78697813F0010389
:10CA000013D000233846CDE900331A46FEF73EF92D
:10CA100030B9084B1B68DB0701D500BE00E00020E1
:10CA200003B0F0BDFDF714FFE5E738461A46FDF701
:10CA30002FFFEDE7F0ED00E070B501F1080582B0E1
:10CA4000064628460C46FCF73FFE38B1237861784D
:10CA5000DB07304605D5FEF7D5F830B9002002B027
:10CA600070BDFDF7F5FE0028F8D0284662886168A1
:10CA7000FCF754FE054690B1237862686178D807C8
:10CA800017D50023CDE9003330462B46FEF7FEF8DC
:10CA9000B0B90C4B1B68DB07E0D500BEDFE72078A0
:10CAA000617810F00104304608D1FDF7E1FE204620
:10CAB000D5E730462B46FDF7EBFEE9E7FEF7C8F871
:10CAC0002846CCE7F0ED00E02DE9F0418A890B78AB
:10CAD00082B00C460646E2B9DD07497857D5FEF725
:10CAE00091F800284FD0227863886178D20751D519
:10CAF000002B5DD0626800253046CDE90055FEF779
:10CB0000C5F800284DD1374B1B68DB073BD500BE6D
:10CB10003AE003F0020301F10808002B40460CBF85
:10CB200040274FF40077304D08BF6FF03F05FCF70A
:10CB3000E3FD874227D823786178DB07304634D578
:10CB4000FEF760F8F8B14046FCF7D6FD874233D8CF
:10CB500005EA000265882378617890B2854228BF93
:10CB60000546DA0732D5002D37D062680023CDE9BB
:10CB7000003330462B46FEF789F80028C3D02846FC
:10CB800002E0FEF765F8002002B0BDE8F081FDF795
:10CB90005FFEA6E773B162683046FDF779FE0028B4
:10CBA000B1D0608802B0BDE8F081FDF751FEC9E761
:10CBB0001A46A0E71A46EFE72078617810F00104E2
:10CBC0003046DED1FDF754FE2046DDE73DB1626818
:10CBD00030462B46FDF75CFECFE72A46C6E72A46DD
:10CBE000F6E700BFF0ED00E000FEFFFF2DE9F047A3
:10CBF0000478089E1F46062C1AD8DFE814F0550169
:10CC00005B0160010700650172011B00438843EA74
:10CC10000121B1F5887F4FF0000341808380C0F08F
:10CC20006681114604460EB10520B04700232370EB
:10CC3000BDE8F08790F801C0B0F81641B0F8028066
:10CC40006FEA0C231BB24FF000094B4544EA012167
:10CC50009CB2B6BF41F22103630083EA44039CB255
:10CC6000230446BF41F2210383EA440363009CB2DC
:10CC7000230446BF41F2210383EA440363009CB2CC
:10CC8000230446BF41F2210383EA440363009CB2BC
:10CC9000230446BF41F2210383EA440363009CB2AC
:10CCA000230446BF41F2210383EA440363009CB29C
:10CCB000230446BF41F2210383EA440363009BB28D
:10CCC0001C0446BF41F2210484EA43045C005FFA7D
:10CCD00088FEA4B284EA0E2424B2002CB8BF41F22C
:10CCE00021031FFA84FEACBF4FEA4E0383EA4E03D2
:10CCF0009CB2230446BF41F2210383EA440363004C
:10CD00009CB2230446BF41F2210383EA440363003B
:10CD10009CB2230446BF41F2210383EA440363002B
:10CD20009CB2230446BF41F2210383EA440363001B
:10CD30009CB2230446BF41F2210383EA440363000B
:10CD40009CB2230446BF41F2210383EA44036300FB
:10CD50009CB223044ABF41F22103630083EA4403E7
:10CD60004FEA18259BB283EA05231BB2002B9CB225
:10CD7000B6BF41F22103630083EA44039CB223045B
:10CD800046BF41F2210383EA440363009CB22504B9
:10CD900046BF41F2210383EA440363009CB22304AB
:10CDA00046BF41F2210383EA440363009CB2250499
:10CDB00046BF41F2210383EA440363009CB223048B
:10CDC00046BF41F2210383EA440363009CB2250479
:10CDD00046BF41F2210383EA440363009BB21C0473
:10CDE0004ABF41F221045B0084EA4303A0F8161114
:10CDF00080F800909BB2B8F1000F4AD008F1FF34E0
:10CE000000F1060E1EFA84FE41F22105441D14F8BD
:10CE1000019F83EA09230FFA83F91FFA89F3B9F115
:10CE2000000FACBF5B0085EA43039BB213F4004FD5
:10CE30000CBF5B0085EA43039BB213F4004F0CBFA9
:10CE40005B0085EA43039BB213F4004F0CBF5B0009
:10CE500085EA43039BB213F4004F0CBF5B0085EAE5
:10CE600043039BB213F4004F0CBF5B0085EA4303FE
:10CE70009BB213F4004F0CBF5B0085EA43039BB2E7
:10CE800013F4004F0CBF5B0085EA430374459BB26B
:10CE9000BDD1994230D0002E3FF4CAAE3346114680
:10CEA0000120BDE8F0471847AA297FF4C1AE01234D
:10CEB0000370BDE6022341700370BDE8F0870323D1
:10CEC00041800370BDE8F0878288531C02449BB206
:10CED0008380917142889A423FF6AAAE052303707F
:10CEE000A6E60623A0F816110370BDE8F087002916
:10CEF000F4D0042303709BE6002F3FF499AE134651
:10CF0000811D42466046BC46BDE8F047604700BF11
:10CF100070B5054600F5537015F0B2F805F5507080
:10CF200015F0AEF805F54D7015F0AAF805F54A7044
:10CF300015F0A6F805F1080605F54274183C2046E0
:10CF400015F09EF8A642F9D1284670BD2DE9F047AC
:10CF5000DFF8D0A0DFF8B0902A4F0023CAE90033F1
:10CF60000AF108040AF542784FF6FF762046494652
:10CF7000002515F007F8183424F80C6C24F80A6C16
:10CF800044F8087C04F8045CA045EFD100231E4956
:10CF90001E48CAF80833CAF80C33CAF81033CAF866
:10CFA0001833CAF820338AF814538AF81C538AF8C5
:10CFB000245314F0E7FF1449154814F0E3FF124915
:10CFC000144814F0DFFF1049134814F0DBFF134A34
:10CFD00013491448CAF85853CAF85C53CAF8605346
:10CFE000CAF86453CAF8685318F032FD06490E486F
:10CFF00014F0C8FF094A0D490B48BDE8F04718F086
:10D0000027BD00BF000080BF089D0400DC7B00201E
:10D01000E87B0020F47B0020007C002000600020E2
:10D0200011CF0200B4780020A878002081200400ED
:10D03000034B044A0121197013680B4413607047B5
:10D04000227F0020AC7D0020704700BF10B5044651
:10D05000503015F015F804F1180015F011F804F12E
:10D060000C0015F00DF8204615F00AF8204610BD0A
:10D0700010B54FF4E471044617F0E8FB204610BDEC
:10D0800008B505F0BFFC034808F062FBB0FA80F079
:10D09000400908BD387F002038B52C4B1B7813B1F0
:10D0A0002B4B1B7803B138BD15F0AAF8294B1B6830
:10D0B000C01AB0F5FA7FF6D3274B1B7803F0FF04B4
:10D0C000002BF0D1254D15F09BF82B68C01A0928CC
:10D0D000E9D915F095F821462860214809F0F0FDBE
:10D0E0009FED207AB4EEC70AF1EE10FADBD4FBEE26
:10D0F0000E7AB4EEE70AF1EE10FAD4DC1A4A1B49B4
:10D10000D2ED007A0B6870EE277A0133132BC2ED53
:10D11000007A0B60C7DD9FED166ADFED166A164BCD
:10D120000C6067EE867A0020F4EEE67AF1EE10FAF3
:10D1300088BFF0EE667AF4EEC77AF1EE10FAB8BF67
:10D14000F0EE477A1060C3ED007A38BD857C002090
:10D15000847C0020F47E0020227F0020FC7E0020C2
:10D16000387F0020000016C3D47E0020007F0020FE
:10D17000CDCC4C3D000048C21C6100202DE9F0439D
:10D1800083B00024DFF8B090224F234DDFF8AC804D
:10D1900000942346224621462048214E13F02AFFC0
:10D1A0004946384614F0EEFE2A464146384618F005
:10D1B0004FFC482017F044FB11230746009314222C
:10D1C0001923182106F034FA3946304608F09EFA41
:10D1D000144B1549154F33602A46304618F038FC79
:10D1E000134A144BC2F8024049463846C3F802407D
:10D1F00014705470A2F816411C705C70A3F81641AC
:10D2000014F0C0FE2A464146384603B0BDE8F0435C
:10D2100018F01EBC247F002000600020A07D0020AC
:10D22000387F00208898040049D00200E07E00206A
:10D23000B87D0020887C0020089D04008120040027
:10D240002DE9F043C5B001ACAA264FEA122CD51C3B
:10D2500026701F4684F803C06070A270ADB29DF8BE
:10D26000306102B300297BD0914602A819F0E1FA9F
:10D2700009F1060809F1040C09F105001FFA8CFCFC
:10D280001FFA88F880B29DB9FF22134604F80C30CB
:10D290002254002F5ED11EB1394B1B78002B67D171
:10D2A00045B0BDE8F08305204FF006084FF0040CB0
:10D2B00023464FF6FF7241F2210113F801EF82EA93
:10D2C0000E220FFA82FE1FFA8EF2BEF1000FACBFE3
:10D2D000520081EA420292B212F4004F0CBF520097
:10D2E00081EA420292B212F4004F0CBF520081EA6E
:10D2F000420292B212F4004F0CBF520081EA420285
:10D3000092B212F4004F0CBF520081EA420292B274
:10D3100012F4004F0CBF520081EA420292B212F4A2
:10D32000004F0CBF520081EA420292B2A3EB040EFE
:10D3300012F4004F1FFA8EFE0CBF520081EA420227
:10D34000AE4592B2B9D3D3B2120A04F80C302254CB
:10D35000002FA0D0424621460A48F9F715F89AE76F
:10D3600005204FF006084FF0040C002DA0D18BE7EC
:10D3700042462146044814F05BF945B0BDE8F0830D
:10D38000A97D00204C640020A0960020F0B501216A
:10D39000ADF5097D3D4808F0A5FC431EFE2B62D982
:10D3A0003B4B1B78002B56D00DF5097DF0BD37485F
:10D3B000384F08F085FCBDEEC00A344810EE103A34
:10D3C0001EB208F05DFCF2EE047A20EE270A324825
:10D3D000BDEEC00A4368059310EE103A027A029639
:10D3E0001DB201683E8203957B687D8203F1010CCA
:10D3F000C7F804C090F90A70407A059BCDE9000790
:10D40000264805F0CDFB2F12F3B206A9C6F3072676
:10D4100022460DF58F708DF818318DF81C318DF87E
:10D420001B718DF81A518DF819618DF81D6119F075
:10D4300000FA1B4BA21D1B78009392B2012346A950
:10D440000420FFF7FDFE14F0DBFE114B154A1B789C
:10D450001060002BA8D105F0D5FA0C4808F078F937
:10D460000DF5097DF0BD0446024606A9074808F0FF
:10D47000FFFC00289BD0074A0549D368097801338F
:10D48000D3600029E7D00DF5097DF0BD387F00207D
:10D49000B47D0020087F0020206100203061002042
:10D4A000A97D0020F47E00200EB4F0B5ADF51C7D02
:10D4B000A1AB044653F8042B019302A8C8211AF02B
:10D4C00035F9051EC0F28280022C00F08580434BA6
:10D4D000434A012C08BF1A4602AB4249424813F0A6
:10D4E00029FE424B1B78002B70D0C72D2A46A8BFBF
:10D4F000C72295B202A90DF1D1008DF8D04019F0E4
:10D5000098F96B1C9BB21A4634A948F2AA0600246B
:10D5100068A88DF89E31ADF89C618DF89F416E1D15
:10D5200019F087F967AC281DB6B280B222464FF6D3
:10D53000FF7341F2210112F8017F83EA07231FB232
:10D54000BBB2002FACBF5B0081EA43039BB21F0458
:10D5500054BF5B0081EA43039BB21F0454BF5B00CE
:10D5600081EA43039BB21F0454BF5B0081EA43037B
:10D570009BB21F0454BF5B0081EA43039BB21F04AC
:10D5800054BF5B0081EA43039BB21F0454BF5B009E
:10D5900081EA43039BB21F04A2EB0407BFB254BF4E
:10D5A0005B0081EA4303B8429BB2C4D89CAAAF1D7A
:10D5B000164412FA87F7EA1D214692B21C0A0C485B
:10D5C00006F8D43C07F8D44C14F032F80DF51C7D65
:10D5D000BDE8F04003B07047064A7DE7889C040030
:10D5E000789C0400909C04004C640020A97D0020DD
:10D5F000A0960020809C0400F0B52DED028B04461F
:10D6000087B047480AF036FB2368DFED467A444886
:10D6100000EE103AB8EE400A20EE270A07F03AF979
:10D6200020B1002007B0BDEC028BF0BD63689FED18
:10D630003E0A3B4807EE903AF8EE677A27EE800AFA
:10D640000AF0F8FE0028ECD1217A35480AF050FEA5
:10D650000028E6D10246617A31480AF067FF0546A4
:10D660000028DED194F90A602D48152EA8BF152692
:10D670000AF0DEFF31462A48B0EE408A07F03CF956
:10D68000074627480AF0D4FFBDEEC88A274B94F915
:10D690000A201B680092BDEEC00A15210291019676
:10D6A000039728468DED050A8DED048A204A21490D
:10D6B000FFF7FAFE002FB4D1B4F80B101848C9B226
:10D6C00044220AF069FF0028ABD1617B14480AF0BC
:10D6D000C7FF07460028A4D1012511480BF08CFB99
:10D6E00041F2210341F60F52294600950C480BF0F8
:10D6F000E1FA39460A480BF015FC09480BF006FC24
:10D700000D486368B0F912C0B0F91070607A227ADF
:10D7100021688DE8C110094805F042FA284681E7E2
:10D72000387F0020BD3786356F12833A247F002072
:10D7300098990400A4990400087F0020306100201B
:10D74000F8B5234B1B782BB1224C237813B9224B0D
:10D750001B7803B1F8BD05F051F90028FAD005F0A7
:10D7600055F905460028F5D01C4E14F049FD3368E4
:10D77000074653B34FF47A72C31A02FB05F29A427A
:10D78000E8D8174B1B68C31AB3F5FA7FE2D3154BE1
:10D790001B78002BDED114480AF06CFA022014F03A
:10D7A0003BFD23780BB9FFF76BFC1049104C376039
:10D7B00000234FF0000C2A461846C1F800C0236031
:10D7C0000C49BDE8F840FFF76FBE3060F8BD00BF00
:10D7D000857C0020B47D0020847C0020EC7E00202D
:10D7E000F47E0020227F0020387F0020D47E00209D
:10D7F000007F00200C9A0400F0B5C5B001ACAA2748
:10D8000001261D46607027706680002900F02C817B
:10D810000B7823710726062305276FEA002000B244
:10D820000028B8BF41F221011FFA80FCACBF4FEACB
:10D830004C0181EA4C0188B2010446BF41F221014A
:10D8400081EA4001410088B2010446BF41F2210152
:10D8500081EA4001410088B2010446BF41F2210142
:10D8600081EA4001410088B2010446BF41F2210132
:10D8700081EA4001410088B2010446BF41F2210122
:10D8800081EA4001410088B2010446BF41F2210112
:10D8900081EA4001410088B201044ABF41F22101FE
:10D8A000410081EA400189B281F4807109B2002906
:10D8B00088B2B6BF41F22101410081EA400188B23D
:10D8C000010446BF41F2210181EA4001410088B2D2
:10D8D000010446BF41F2210181EA4001410088B2C2
:10D8E000010446BF41F2210181EA4001410088B2B2
:10D8F000010446BF41F2210181EA4001410088B2A2
:10D90000010446BF41F2210181EA4001410088B291
:10D91000010446BF41F2210181EA4001410088B281
:10D92000010446BF41F2210181EA4001410088B271
:10D93000010446BF41F2210181EA4001410088B261
:10D94000010446BF41F2210181EA4001410088B251
:10D95000010446BF41F2210181EA4001410088B241
:10D96000010446BF41F2210181EA4001410088B231
:10D97000010446BF41F2210181EA4001410088B221
:10D98000010446BF41F2210181EA4001410088B211
:10D9900001044ABF41F22101410081EA400188B2FD
:10D9A00001044ABF41F22101410081EA400120798E
:10D9B00089B281EA002109B2002988B2B6BF41F2DA
:10D9C0002101410081EA400188B2010446BF41F2D1
:10D9D000210181EA4001410088B2010446BF41F2C1
:10D9E000210181EA4001410088B2010446BF41F2B1
:10D9F000210181EA4001410088B2010446BF41F2A1
:10DA0000210181EA4001410088B2010446BF41F290
:10DA1000210181EA4001410088B2010446BF41F280
:10DA2000210181EA4001410089B2080446BF41F268
:10DA3000210080EA4101490089B2080AE155E05419
:10DA40002AB915B10A4B1B783BB945B0F0BD324637
:10DA500021460848F8F798FCF3E732462146064885
:10DA600013F0E6FD45B0F0BD052306260427D4E6F5
:10DA7000A97D00204C640020A096002030B501282C
:10DA800083B005460C4603D10C4AD3680133D360FA
:10DA900023462A460A490220FFF706FD02A9A4F1FF
:10DAA0000203B4FA84F2B3FA83F301F8015D520978
:10DAB0005B09FE20FFF7A0FE03B030BD087F002009
:10DAC000549C04002DE9F04F204C2778D7B0044631
:10DAD0008A4616461D46002F3AD1431E332B37D8AF
:10DAE000DFE813F0B60236003600360036003600A6
:10DAF0003600360036003600360036003600360076
:10DB00003600B602B6023600360036003600360061
:10DB10003600360036003600360036003600360055
:10DB20003600B6023600B602360036003600360041
:10DB30003600360036003600360036003600360035
:10DB40003600B602B60236003600B602857C0020EA
:10DB5000482C02F0958640F23D81742C04F09682A8
:10DB600040F2D684942C01F0A08740F2BE85982C18
:10DB700002F01885FF2C01F04582962C02F09C8261
:10DB800040F2FF1313AC9BB25B008F4A2260180473
:10DB90004FF00202227146BF41F2210282EA4303A2
:10DBA0005B009AB2110446BF41F2210383EA4203AB
:10DBB00053009AB2130446BF41F2210383EA4203A1
:10DBC00053009AB2170446BF41F2210383EA42038D
:10DBD00053009AB2160446BF41F2210383EA42037E
:10DBE00053009AB2100446BF41F2210383EA420374
:10DBF00053009AB211044ABF41F22103530083EA51
:10DC00004203A2789BB283EA02231BB2002B9AB292
:10DC1000B6BF41F22103530083EA42039AB21304D0
:10DC200046BF41F2210383EA420353009AB217042C
:10DC300046BF41F2210383EA420353009AB216041D
:10DC400046BF41F2210383EA420353009AB2100413
:10DC500046BF41F2210383EA420353009AB2110402
:10DC600046BF41F2210383EA420353009AB21304F0
:10DC700046BF41F2210383EA420353009AB21704DC
:10DC80004ABF41F22103530083EA4203E2789BB288
:10DC900083EA02231BB2002B9AB2B6BF41F22103E2
:10DCA000530083EA42039AB2160446BF41F22103AD
:10DCB00083EA420353009AB2100446BF41F22103A3
:10DCC00083EA420353009AB2110446BF41F2210392
:10DCD00083EA420353009AB2130446BF41F2210380
:10DCE00083EA420353009AB2170446BF41F221036C
:10DCF00083EA420353009AB2160446BF41F221035D
:10DD000083EA420353009AB210044ABF41F221034E
:10DD1000530083EA42039BB283F400731BB2002BCF
:10DD20009AB2B6BF41F22103530083EA42039AB28A
:10DD3000110446BF41F2210383EA420353009AB221
:10DD4000130446BF41F2210383EA420353009AB20F
:10DD5000170446BF41F2210383EA420353009AB2FB
:10DD6000160446BF41F2210383EA420353009AB2EC
:10DD7000100446BF41F2210383EA420353009AB2E2
:10DD8000110446BF41F2210383EA420353009BB2D0
:10DD90001A0446BF41F2210282EA43035B009BB2B0
:10DDA0001A0A6371A271002D03F02785022D40F03D
:10DDB0006E82064B1B78002B00F0698221460722F9
:10DDC000034813F035FC62E2AAFE0100A97D0020A1
:10DDD000A0960020302C02F0A18640F26182402CF7
:10DDE00002F0968200F2B487312C01F0D386342CF5
:10DDF0007FF4C6AE042E03F07D8340F2FF1313AC14
:10DE00009BB25B008F4A226018044FF00602227119
:10DE100046BF41F2210282EA43035B009AB2110439
:10DE200046BF41F2210383EA420353009AB213042E
:10DE300046BF41F2210383EA420353009AB217041A
:10DE400046BF41F2210383EA420353009AB216040B
:10DE500046BF41F2210383EA420353009AB2100401
:10DE600046BF41F2210383EA420353009AB21104F0
:10DE70004ABF41F22103530083EA4203A2789BB2D6
:10DE800083EA02231BB2002B9AB2B6BF41F22103F0
:10DE9000530083EA42039AB2130446BF41F22103BE
:10DEA00083EA420353009AB2170446BF41F22103AA
:10DEB00083EA420353009AB2160446BF41F221039B
:10DEC00083EA420353009AB2100446BF41F2210391
:10DED00083EA420353009AB2110446BF41F2210380
:10DEE00083EA420353009AB2130446BF41F221036E
:10DEF00083EA420353009AB217044ABF41F2210356
:10DF0000530083EA4203E2789BB283EA02231BB206
:10DF1000002B9AB2B6BF41F22103530083EA4203B9
:10DF20009AB2160446BF41F2210383EA420353002A
:10DF30009AB2100446BF41F2210383EA4203530020
:10DF40009AB2110446BF41F2210383EA420353000F
:10DF50009AB2130446BF41F2210383EA42035300FD
:10DF60009AB2170446BF41F2210383EA42035300E9
:10DF70009AB2160446BF41F2210383EA42035300DA
:10DF80009AB210044ABF41F22103530083EA4203CC
:10DF90009BB283F4C0631BB2002B9AB2B6BF41F2AE
:10DFA0002103530083EA42039AB2110446BF41F2AF
:10DFB000210383EA420353009AB2130446BF41F29D
:10DFC000210383EA420353009AB2170446BF41F289
:10DFD000210383EA420353009AB2160446BF41F27A
:10DFE000210383EA420353009AB2100446BF41F270
:10DFF000210383EA420353009AB2110446BF41F25F
:10E00000210383EA420353009BB21A0446BF41F244
:10E01000210282EA43035B009BB21A0A6371A27178
:10E02000002D03F02686022D40F03181064B1B782F
:10E03000002B00F02C8121460722044813F0F8FA47
:10E0400025E100BFAAFE0100A97D0020A0960020C6
:10E0500013AC40F2FF138F4A22609BB25B000B228D
:10E0600022711A0446BF41F2210282EA43035B0097
:10E070009AB2170446BF41F2210383EA42035300D8
:10E080009AB2160446BF41F2210383EA42035300C9
:10E090009AB2100446BF41F2210383EA42035300BF
:10E0A0009AB2110446BF41F2210383EA42035300AE
:10E0B0009AB2130446BF41F2210383EA420353009C
:10E0C0009AB217044ABF41F22103530083EA420384
:10E0D000A2789BB283EA02231BB2002B9AB2B6BF8E
:10E0E00041F22103530083EA42039AB2160446BF69
:10E0F00041F2210383EA420353009AB2100446BF5F
:10E1000041F2210383EA420353009AB2110446BF4D
:10E1100041F2210383EA420353009AB2130446BF3B
:10E1200041F2210383EA420353009AB2170446BF27
:10E1300041F2210383EA420353009AB2160446BF18
:10E1400041F2210383EA420353009AB210044ABF0A
:10E1500041F22103530083EA4203E2789BB283EA4F
:10E1600002231BB2002B9AB2B6BF41F22103530027
:10E1700083EA42039AB2110446BF41F2210383EAC3
:10E18000420353009AB2130446BF41F2210383EACB
:10E19000420353009AB2170446BF41F2210383EAB7
:10E1A000420353009AB2160446BF41F2210383EAA8
:10E1B000420353009AB2100446BF41F2210383EA9E
:10E1C000420353009AB2110446BF41F2210383EA8D
:10E1D000420353009AB213044ABF41F22103530091
:10E1E00083EA42039BB283F430631BB2002B9AB2E2
:10E1F000B6BF41F22103530083EA42039AB21704E7
:10E2000046BF41F2210383EA420353009AB2160447
:10E2100046BF41F2210383EA420353009AB210043D
:10E2200046BF41F2210383EA420353009AB211042C
:10E2300046BF41F2210383EA420353009AB213041A
:10E2400046BF41F2210383EA420353009AB2170406
:10E2500046BF41F2210383EA420353009BB21E04EE
:10E2600046BF41F2210282EA43035B009BB21A0AD5
:10E270006371A271002D01F0AC86022D07D1064B0F
:10E280001B7823B121460722044813F0D1F957B077
:10E29000BDE8F08FAAFE0100A97D0020A096002015
:10E2A000112C01F0A58600F25183012C01F072823D
:10E2B000102C7FF465AC0E2E03F06E8040F2FF133D
:10E2C00013AC9BB25B008F4A226018044FF0060229
:10E2D000227146BF41F2210282EA43035B009AB2F7
:10E2E000110446BF41F2210383EA420353009AB26C
:10E2F000130446BF41F2210383EA420353009AB25A
:10E30000170446BF41F2210383EA420353009AB245
:10E31000160446BF41F2210383EA420353009AB236
:10E32000100446BF41F2210383EA420353009AB22C
:10E3300011044ABF41F22103530083EA4203A27849
:10E340009BB283EA02231BB2002B9AB2B6BF41F202
:10E350002103530083EA42039AB2130446BF41F2F9
:10E36000210383EA420353009AB2170446BF41F2E5
:10E37000210383EA420353009AB2160446BF41F2D6
:10E38000210383EA420353009AB2100446BF41F2CC
:10E39000210383EA420353009AB2110446BF41F2BB
:10E3A000210383EA420353009AB2130446BF41F2A9
:10E3B000210383EA420353009AB217044ABF41F291
:10E3C0002103530083EA4203E2789BB283EA0223EB
:10E3D0001BB2002B9AB2B6BF41F22103530083EA6D
:10E3E00042039AB2160446BF41F2210383EA420374
:10E3F00053009AB2100446BF41F2210383EA42035C
:10E4000053009AB2110446BF41F2210383EA42034A
:10E4100053009AB2130446BF41F2210383EA420338
:10E4200053009AB2170446BF41F2210383EA420324
:10E4300053009AB2160446BF41F2210383EA420315
:10E4400053009AB210044ABF41F22103530083EAF9
:10E4500042039BB283F4C0631BB2002B9AB2B6BFD7
:10E4600041F22103530083EA42039AB2110446BFEA
:10E4700041F2210383EA420353009AB2130446BFD8
:10E4800041F2210383EA420353009AB2170446BFC4
:10E4900041F2210383EA420353009AB2160446BFB5
:10E4A00041F2210383EA420353009AB2100446BFAB
:10E4B00041F2210383EA420353009AB2110446BF9A
:10E4C00041F2210383EA420353009BB21A0446BF80
:10E4D00041F2210282EA43035B009BB21A0A637194
:10E4E000A271002D03F0BE83022D7FF4D0AE064B47
:10E4F0001B78002B3FF4CBAE21460722034813F0D4
:10E5000097F8C4E6AAFE0100A97D0020A09600208D
:10E51000612C02F0258100F2A9834A2C01F032849B
:10E52000602C7FF42DAB6FF4C04313AC46F2AA020B
:10E53000002B22609AB2C2F2B68753009AB2160438
:10E5400046BF41F2210383EA420353009AB210040A
:10E5500046BF41F2210383EA420353009AB21104F9
:10E5600046BF41F2210383EA420353009AB21304E7
:10E5700046BF41F2210383EA420353009AB21704D3
:10E5800046BF41F2210383EA420353009AB21604C4
:10E5900046BF41F2210383EA420353009AB21004BA
:10E5A0004ABF41F22103530083EA4203A2789BB29F
:10E5B00083EA02231BB2002B9AB2B6BF41F22103B9
:10E5C000530083EA42039AB2110446BF41F2210389
:10E5D00083EA420353009AB2130446BF41F2210377
:10E5E00083EA420353009AB2170446BF41F2210363
:10E5F00083EA420353009AB2160446BF41F2210354
:10E6000083EA420353009AB2100446BF41F2210349
:10E6100083EA420353009AB2110446BF41F2210338
:10E6200083EA420353009AB213044ABF41F2210322
:10E63000530083EA4203E2789BB283EA02231BB2CF
:10E64000002B9AB2B6BF41F22103530083EA420382
:10E650009AB2170446BF41F2210383EA42035300F2
:10E660009AB2160446BF41F2210383EA42035300E3
:10E670009AB2100446BF41F2210383EA42035300D9
:10E680009AB2110446BF41F2210383EA42035300C8
:10E690009AB2130446BF41F2210383EA42035300B6
:10E6A0009AB2170446BF41F2210383EA42035300A2
:10E6B0009BB21E0446BF41F2210282EA43035B0083
:10E6C0009BB21A0A23716271002D02F0F486022DAA
:10E6D00007D19B4B1B7823B121460622994812F0A3
:10E6E000A7FFC82013F098FDD1E5902C00F0F68527
:10E6F000922C7FF445AA46F6FF4313AC9BB25B0015
:10E70000914A226018044FF00102227146BF41F283
:10E71000210282EA430393409AB2110446BF41F2B8
:10E72000210383EA420353009AB2130446BF41F225
:10E73000210383EA420353009AB2170446BF41F211
:10E74000210383EA420353009AB2160446BF41F202
:10E75000210383EA420353009AB2100446BF41F2F8
:10E76000210383EA420353009AB211044ABF41F2E3
:10E770002103530083EA4203A2789BB283EA022377
:10E780001BB2002B9AB2B6BF41F22103530083EAB9
:10E7900042039AB2130446BF41F2210383EA4203C3
:10E7A00053009AB2170446BF41F2210383EA4203A1
:10E7B00053009AB2160446BF41F2210383EA420392
:10E7C00053009AB2100446BF41F2210383EA420388
:10E7D00053009AB2110446BF41F2210383EA420377
:10E7E00053009AB2130446BF41F2210383EA420365
:10E7F00053009AB217044ABF41F22103530083EA3F
:10E800004203E2789BB283EA02231BB2002B9AB246
:10E81000B6BF41F22103530083EA42039AB21604C1
:10E8200046BF41F2210383EA420353009AB2100427
:10E8300046BF41F2210383EA420353009AB2110416
:10E8400046BF41F2210383EA420353009AB2130404
:10E8500046BF41F2210383EA420353009AB21704F0
:10E8600046BF41F2210383EA420353009AB21604E1
:10E8700046BF41F2210383EA420353009AB21004D7
:10E880004ABF41F22103530083EA42039BB283F45F
:10E8900080731BB2002B9AB2B6BF41F22103530022
:10E8A00083EA42039AB2110446BF41F2210383EA8C
:10E8B000420353009AB2130446BF41F2210383EA94
:10E8C000420353009AB2170446BF41F2210383EA80
:10E8D000420353009AB2160446BF41F2210383EA71
:10E8E000420353009AB2100446BF41F2210383EA67
:10E8F000420353009AB2110446BF41F2210383EA56
:10E90000420353009BB21A0446BF41F2210282EA3D
:10E9100043035B009BB21A0A6371A271002D02F0DF
:10E920009687022D7FF4B3AC054B1B78002B3FF488
:10E93000AEAC21460722034812F07AFEA7E400BFDE
:10E94000A97D0020A0960020AA930100202C00F0B1
:10E950003784222C7FF414A9A04BA14AD3ED007A6E
:10E960001392B2EE047A67EE877A13ACFDEEE77A83
:10E9700017EE903A1BB219128DF829108DF8283035
:10E98000BDF82830A3806FF40C53002B9AB2BBBFA4
:10E9900041F2210383EA420353001BB29BB21804E5
:10E9A00046BF41F2210282EA43035B009AB211049E
:10E9B00046BF41F2210383EA420353009AB2130493
:10E9C00046BF41F2210383EA420353009AB217047F
:10E9D00046BF41F2210383EA420353009AB2160470
:10E9E00046BF41F2210383EA420353009AB2100466
:10E9F00046BF41F2210383EA420353009AB2110455
:10EA00004ABF41F22103530083EA4203A2789BB23A
:10EA100083EA02231BB2002B9AB2B6BF41F2210354
:10EA2000530083EA42039AB2130446BF41F2210322
:10EA300083EA420353009AB2170446BF41F221030E
:10EA400083EA420353009AB2160446BF41F22103FF
:10EA500083EA420353009AB2100446BF41F22103F5
:10EA600083EA420353009AB2110446BF41F22103E4
:10EA700083EA420353009AB2130446BF41F22103D2
:10EA800083EA420353009AB217044ABF41F22103BA
:10EA9000530083EA4203E2789BB283EA02231BB26B
:10EAA000002B9AB2B6BF41F22103530083EA42031E
:10EAB0009AB2160446BF41F2210383EA420353008F
:10EAC0009AB2100446BF41F2210383EA4203530085
:10EAD0009AB2110446BF41F2210383EA4203530074
:10EAE0009AB2130446BF41F2210383EA4203530062
:10EAF0009AB2170446BF41F2210383EA420353004E
:10EB00009AB2160446BF41F2210383EA420353003E
:10EB10009AB210044ABF41F22103530083EA420330
:10EB200022799BB283EA02231BB2002B9AB2B6BFB2
:10EB300041F22103530083EA42039AB2110446BF13
:10EB400041F2210383EA420353009AB2130446BF01
:10EB500041F2210383EA420353009AB2170446BFED
:10EB600041F2210383EA420353009AB2160446BFDE
:10EB700041F2210383EA420353009AB2100446BFD4
:10EB800041F2210383EA420353009AB2110446BFC3
:10EB900041F2210383EA420353009AB213044ABFAD
:10EBA00041F22103530083EA420362799BB283EA74
:10EBB00002231BB2002B9AB2B6BF41F221035300CD
:10EBC00083EA42039AB2170446BF41F2210383EA63
:10EBD000420353009AB2160404E000BF1C610020F7
:10EBE000AA23020046BF41F2210383EA42035300F5
:10EBF0009AB2100446BF41F2210383EA4203530054
:10EC00009AB2110446BF41F2210383EA4203530042
:10EC10009AB2130446BF41F2210383EA4203530030
:10EC20009AB2170446BF41F2210383EA420353001C
:10EC30009BB21E0446BF41F2210282EA43035B00FD
:10EC40009BB21A0AA371E271002D02F0F285022D27
:10EC50007FF41DAB3A4B1B78002B3FF418AB2146D9
:10EC60000822384812F0E4FCFFF711BB702C00F0CA
:10EC70000787722C7EF484AF13F0C2FA324B33490B
:10EC80001A68CDF8510013AC002321602371C4F839
:10EC90000930C4F80D30C4F81120214618AE4FF6E3
:10ECA000FF7341F2210011F8012F83EA02231AB207
:10ECB00093B2002AACBF5B0080EA43039BB21F04FF
:10ECC00054BF5B0080EA43039BB21A0454BF5B004D
:10ECD00080EA43039BB21F0454BF5B0080EA4303F6
:10ECE0009BB21A0454BF5B0080EA43039BB21F042B
:10ECF00054BF5B0080EA43039BB21A0454BF5B001D
:10ED000080EA43039BB21F0454BF5B0080EA4303C5
:10ED1000B1429BB2C7D11A0A6375A275002D02F0E9
:10ED2000D483022D7FF4B3AA054B1B78002B3FF44C
:10ED3000AEAA21461722034812F07AFCFFF7A7BAC1
:10ED4000A97D0020A0960020307F0020AA7311002A
:10ED5000412C00F0F383422C7EF412AF0024A24E2B
:10ED6000A2483470214603F031FF204603F014FE20
:10ED70009F48FEF741FC002802F03F803378002BCB
:10ED800002F0338001229B490020FEF78DFB002218
:10ED90006FF48C4313AC002B9749216099B2BBBF31
:10EDA00041F2210383EA41034B001BB29BB21904D9
:10EDB00046BF41F2210181EA43035B0099B20F048F
:10EDC00046BF41F2210383EA41034B0099B20E048E
:10EDD00046BF41F2210383EA41034B0099B2080484
:10EDE00046BF41F2210383EA41034B0099B20B0471
:10EDF00046BF41F2210383EA41034B0099B20F045D
:10EE000046BF41F2210383EA41034B0099B20E044D
:10EE10004ABF41F221034B0083EA4103A1782271EA
:10EE20009BB283EA01231BB2002B99B2B6BF41F219
:10EE300021034B0083EA410399B2080446BF41F223
:10EE4000210383EA41034B0099B20B0446BF41F210
:10EE5000210383EA41034B0099B20F0446BF41F2FC
:10EE6000210383EA41034B0099B20E0446BF41F2ED
:10EE7000210383EA41034B0099B2080446BF41F2E3
:10EE8000210383EA41034B0099B20B0446BF41F2D0
:10EE9000210383EA41034B0099B20F044ABF41F2B8
:10EEA00021034B0083EA4103E1789BB283EA01230B
:10EEB0001BB2002B99B2B6BF41F221034B0083EA8B
:10EEC000410399B20E0446BF41F2210383EA410394
:10EED0004B0099B2080446BF41F2210383EA410383
:10EEE0004B0099B20B0446BF41F2210383EA410370
:10EEF0004B0099B20F0446BF41F2210383EA41035C
:10EF00004B0099B20E0446BF41F2210383EA41034C
:10EF10004B0099B2080446BF41F2210383EA410342
:10EF20004B0099B20B044ABF41F221034B0083EA24
:10EF300041039BB283EA02231BB2002B9AB2B6BFF5
:10EF400041F22103530083EA42039AB2170446BFF9
:10EF500041F2210383EA420353009AB2160446BFEA
:10EF600041F2210383EA420353009AB2100446BFE0
:10EF700041F2210383EA420353009AB2110446BFCF
:10EF800041F2210383EA420353009AB2130446BFBD
:10EF900041F2210383EA420353009AB2170446BFA9
:10EFA00041F2210383EA420353009BB21E0446BF91
:10EFB00041F2210282EA43035B009BB21A0A6371A9
:10EFC000A271002D02F05884022D7FF460A90B4B32
:10EFD0001B78002B3FF45BA921460722084812F05A
:10EFE00027FBFFF754B900BFB47D0020306100203B
:10EFF00020610020D49B0400AA460100A97D0020C6
:10F00000A0960020FF2313AC9BB25B004FF6AA72C0
:10F0100022601A0446BF41F2210282EA43035B00E8
:10F020009AB2130446BF41F2210383EA420353001C
:10F030009AB2170446BF41F2210383EA4203530008
:10F040009AB2160446BF41F2210383EA42035300F9
:10F050009AB2100446BF41F2210383EA42035300EF
:10F060009AB2110446BF41F2210383EA42035300DE
:10F070009AB213044ABF41F22103530083EA4203C8
:10F08000A2789BB283EA02231BB2002B9AB2B6BFCE
:10F0900041F22103530083EA42039AB2170446BFA8
:10F0A00041F2210383EA420353009AB2160446BF99
:10F0B00041F2210383EA420353009AB2100446BF8F
:10F0C00041F2210383EA420353009AB2110446BF7E
:10F0D00041F2210383EA420353009AB2130446BF6C
:10F0E00041F2210383EA420353009AB2170446BF58
:10F0F00041F2210383EA420353009AB216044ABF45
:10F1000041F22103530083EA4203E2789BB283EA8F
:10F1100002231BB2002B9AB2B6BF41F22103530067
:10F1200083EA42039AB2100446BF41F2210383EA04
:10F13000420353009AB2110446BF41F2210383EA0D
:10F14000420353009AB2130446BF41F2210383EAFB
:10F15000420353009AB2170446BF41F2210383EAE7
:10F16000420353009AB2160446BF41F2210383EAD8
:10F17000420353009AB2100446BF41F2210383EACE
:10F18000420353009BB2190446BF41F2210282EAB6
:10F1900043035B009BB21A0A23716271002D02F0D7
:10F1A0004F83022D7FF473A8454B1B78002B3FF44F
:10F1B0006EA821460622434812F03AFAFFF767B8D4
:10F1C00013F01EF8404A414FD2ED007A404A414BBD
:10F1D0001278FA75B2EE047A67EE877AA3FB002301
:10F1E000FDEEE77A9B093B6017EE903A4FF6FF760B
:10F1F00000223E83BA75BB820FCF13ACDFF8D8C0B4
:10F20000C4F800C00DF1500CACE80F0097E80700FF
:10F21000ACE803003346ACF8002021460DF1690646
:10F2200041F2210011F8012F83EA02231AB293B2AE
:10F23000002AACBF5B0080EA43039BB21F0454BFAB
:10F240005B0080EA43039BB21A0454BF5B0080EA70
:10F2500043039BB21F0454BF5B0080EA43039BB28D
:10F260001A0454BF5B0080EA43039BB21F0454BFDF
:10F270005B0080EA43039BB21A0454BF5B0080EA40
:10F2800043039BB21F0454BF5B0080EA4303B142B7
:10F290009BB2C7D11A0AA377E277002D02F0DE8273
:10F2A000022D7EF4F4AF064B1B78002B3EF4EFAF3B
:10F2B00021462022034812F0BBF9FEF7E8BF00BF49
:10F2C000A97D0020A09600201C610020087F00205E
:10F2D000847C0020D34D6210AA211A00934901209A
:10F2E000FEF7E2F813AC46F6FF63914A22609BB248
:10F2F0005B00032222711A0446BF41F2210282EA16
:10F3000043035B009AB2170446BF41F2210383EA2C
:10F31000420353009AB2160446BF41F2210383EA26
:10F32000420353009AB2100446BF41F2210383EA1C
:10F33000420353009AB2110446BF41F2210383EA0B
:10F34000420353009AB2130446BF41F2210383EAF9
:10F35000420353009AB217044ABF41F221035300FB
:10F3600083EA4203A2789BB283EA02231BB2002BFA
:10F370009AB2B6BF41F22103530083EA42039AB224
:10F38000160446BF41F2210383EA420353009AB2B6
:10F39000100446BF41F2210383EA420353009AB2AC
:10F3A000110446BF41F2210383EA420353009AB29B
:10F3B000130446BF41F2210383EA420353009AB289
:10F3C000170446BF41F2210383EA420353009AB275
:10F3D000160446BF41F2210383EA420353009AB266
:10F3E00010044ABF41F22103530083EA4203E2784A
:10F3F0009BB283EA02231BB2002B9AB2B6BF41F242
:10F400002103530083EA42039AB2110446BF41F23A
:10F41000210383EA420353009AB2130446BF41F228
:10F42000210383EA420353009AB2170446BF41F214
:10F43000210383EA420353009AB2160446BF41F205
:10F44000210383EA420353009AB2100446BF41F2FB
:10F45000210383EA420353009AB2110446BF41F2EA
:10F46000210383EA420353009AB213044ABF41F2D4
:10F470002103530083EA42039BB283F440731BB21F
:10F48000002B9AB2B6BF41F22103530083EA420334
:10F490009AB2170446BF41F2210383EA42035300A4
:10F4A0009AB2160446BF41F2210383EA4203530095
:10F4B0009AB2100446BF41F2210383EA420353008B
:10F4C0009AB2110446BF41F2210383EA420353007A
:10F4D0009AB2130446BF41F2210383EA4203530068
:10F4E0009AB2170446BF41F2210383EA4203530054
:10F4F0009BB21E0446BF41F2210282EA43035B0035
:10F500009BB21A0A6371A271002D02F0BC81022D18
:10F510007EF4BDAE074B1B78002B3EF4B8AE2146FF
:10F520000722054812F084F8FEF7B1BE209C0400C3
:10F53000AA910100A97D0020A096002040F2FF13AF
:10F5400013AC9BB25B00904A226018044FF0020299
:10F55000227146BF41F2210282EA43035B009AB264
:10F56000110446BF41F2210383EA420353009AB2D9
:10F57000130446BF41F2210383EA420353009AB2C7
:10F58000170446BF41F2210383EA420353009AB2B3
:10F59000160446BF41F2210383EA420353009AB2A4
:10F5A000100446BF41F2210383EA420353009AB29A
:10F5B00011044ABF41F22103530083EA4203A278B7
:10F5C0009BB283EA02231BB2002B9AB2B6BF41F270
:10F5D0002103530083EA42039AB2130446BF41F267
:10F5E000210383EA420353009AB2170446BF41F253
:10F5F000210383EA420353009AB2160446BF41F244
:10F60000210383EA420353009AB2100446BF41F239
:10F61000210383EA420353009AB2110446BF41F228
:10F62000210383EA420353009AB2130446BF41F216
:10F63000210383EA420353009AB217044ABF41F2FE
:10F640002103530083EA4203E2789BB283EA022358
:10F650001BB2002B9AB2B6BF41F22103530083EADA
:10F6600042039AB2160446BF41F2210383EA4203E1
:10F6700053009AB2100446BF41F2210383EA4203C9
:10F6800053009AB2110446BF41F2210383EA4203B8
:10F6900053009AB2130446BF41F2210383EA4203A6
:10F6A00053009AB2170446BF41F2210383EA420392
:10F6B00053009AB2160446BF41F2210383EA420383
:10F6C00053009AB210044ABF41F22103530083EA67
:10F6D00042039BB283F400731BB2002B9AB2B6BFF5
:10F6E00041F22103530083EA42039AB2110446BF58
:10F6F00041F2210383EA420353009AB2130446BF46
:10F7000041F2210383EA420353009AB2170446BF31
:10F7100041F2210383EA420353009AB2160446BF22
:10F7200041F2210383EA420353009AB2100446BF18
:10F7300041F2210383EA420353009AB2110446BF07
:10F7400041F2210383EA420353009BB21A0446BFED
:10F7500041F2210282EA43035B009BB21A0A637101
:10F76000A271002D02F08180022D7EF490AD074B36
:10F770001B78002B3EF48BAD21460722044811F084
:10F7800057FFFEF784BD00BFAAFE0100A97D00203F
:10F79000A0960020731EFE2B01F2D284A54BA64832
:10F7A0001C7008F067FA204612F036FDA34B1B7858
:10F7B000002B42F0DD83A24F13AC4FF00008DFF8BE
:10F7C000909203F01DF9514687F800804346324677
:10F7D0009948D9F800A009F0D3FD2B468346009044
:10F7E000324640469749FDF75FFEBBF1000F02F03D
:10F7F000588002205A469449FDF756FE8D4B8E489C
:10F8000083F8008006F0EAF940F2FF139BB25A0039
:10F810008E4B236016044FF00403237146BF41F260
:10F82000210383EA420353009AB2100446BF41F217
:10F83000210383EA420353009AB2110446BF41F206
:10F84000210383EA420353009AB2130446BF41F2F4
:10F85000210383EA420353009AB2170446BF41F2E0
:10F86000210383EA420353009AB2160446BF41F2D1
:10F87000210383EA420353009AB210044ABF41F2C3
:10F880002103530083EA4203A2789BB283EA022356
:10F890001BB2002B9AB2B6BF41F22103530083EA98
:10F8A00042039AB2110446BF41F2210383EA4203A4
:10F8B00053009AB2130446BF41F2210383EA420384
:10F8C00053009AB2170446BF41F2210383EA420370
:10F8D00053009AB2160446BF41F2210383EA420361
:10F8E00053009AB2100446BF41F2210383EA420357
:10F8F00053009AB2110446BF41F2210383EA420346
:10F9000053009AB213044ABF41F22103530083EA21
:10F910004203E2789BB283EA02231BB2002B9AB225
:10F92000B6BF41F22103530083EA42039AB217049F
:10F9300046BF41F2210383EA420353009AB2160400
:10F9400046BF41F2210383EA420353009AB21004F6
:10F9500046BF41F2210383EA420353009AB21104E5
:10F9600046BF41F2210383EA420353009AB21304D3
:10F9700046BF41F2210383EA420353009AB21704BF
:10F9800046BF41F2210383EA420353009AB21604B0
:10F990004ABF41F22103530083EA42039BB283F43E
:10F9A00080631BB2002B9AB2B6BF41F22103530011
:10F9B00083EA42039AB2100446BF41F2210383EA6C
:10F9C000420353009AB2110446BF41F2210383EA75
:10F9D000420353009AB2130446BF41F2210383EA63
:10F9E000420353009AB2170446BF41F2210383EA4F
:10F9F000420353009AB2160446BF41F2210383EA40
:10FA0000420353009AB2100446BF41F2210383EA35
:10FA1000420353009BB2190446BF41F2210282EA1D
:10FA200043035B009BB21A0A6371A271002D02F0BE
:10FA300091820FE0847C0020387F0020DC7E002053
:10FA4000227F0020689A04008C9A0400AAFE01001C
:10FA5000AC7D0020022D07D1484B1B7823B12146F5
:10FA60000722474811F0E4FD464B1B78002B7EF43B
:10FA70000EAC02F0C7FF444805F06AFEFEF707BC73
:10FA8000424B1C68204617F0C4FDA5F10206B6FAE9
:10FA900086F67609B5FA85F382B2214600965B09AF
:10FAA0007120FDF7CDFBFEF7F2BB212200210AA851
:10FAB00016F0E3FE01238DF828300AAE0FCE13AC0A
:10FAC000334F276014AF0FC70FCE0FC733683B709B
:10FAD00021461CAE4FF6FF7341F2210011F8012FB1
:10FAE00083EA02231AB293B2002AACBF5B0080EA19
:10FAF00043039BB21F0454BF5B0080EA43039BB2E5
:10FB00001A0454BF5B0080EA43039BB21F0454BF36
:10FB10005B0080EA43039BB21A0454BF5B0080EA97
:10FB200043039BB21F0454BF5B0080EA43039BB2B4
:10FB30001A0454BF5B0080EA43039BB21F0454BF06
:10FB40005B0080EA43038E429BB2C7D11A0A84F855
:10FB5000253084F82620002D01F03985022D7EF411
:10FB600096AB064B1B78002B3EF491AB2146272227
:10FB7000034811F05DFDFEF78ABB00BFA97D0020A0
:10FB8000A0960020B47D0020387F0020247F002034
:10FB9000AA952100774B1B7823B902F033FF7648F2
:10FBA00005F0D6FD6FF44C5313AC002B43F2AA3290
:10FBB00022609AB2BBBF41F2210383EA42035300A1
:10FBC0001BB29BB21E0446BF41F2210282EA4303EC
:10FBD0005B009AB2100446BF41F2210383EA42035C
:10FBE00053009AB2110446BF41F2210383EA420353
:10FBF00053009AB2130446BF41F2210383EA420341
:10FC000053009AB2170446BF41F2210383EA42032C
:10FC100053009AB2160446BF41F2210383EA42031D
:10FC200053009AB210044ABF41F22103530083EA01
:10FC30004203A2789BB283EA02231BB2002B9AB242
:10FC4000B6BF41F22103530083EA42039AB2110482
:10FC500046BF41F2210383EA420353009AB21304E0
:10FC600046BF41F2210383EA420353009AB21704CC
:10FC700046BF41F2210383EA420353009AB21604BD
:10FC800046BF41F2210383EA420353009AB21004B3
:10FC900046BF41F2210383EA420353009AB21104A2
:10FCA00046BF41F2210383EA420353009AB2130490
:10FCB0004ABF41F22103530083EA4203E2789BB238
:10FCC00083EA02231BB2002B9AB2B6BF41F2210392
:10FCD000530083EA42039AB2170446BF41F221035C
:10FCE00083EA420353009AB2160446BF41F221034D
:10FCF00083EA420353009AB2100446BF41F2210343
:10FD000083EA420353009AB2110446BF41F2210331
:10FD100083EA420353009AB2130446BF41F221031F
:10FD200083EA420353009AB2170446BF41F221030B
:10FD300083EA420353009BB21E0446BF41F22102F4
:10FD400082EA43035B009BB21A0A23716271002DA1
:10FD500001F0C283022D7EF49AAA084B1B78002B77
:10FD60003EF495AA21460622054811F061FCFEF7F3
:10FD70008EBA00BFB47D0020387F0020A97D00200E
:10FD8000A0960020002E41F0878013AC40F2FF13B4
:10FD9000934A22609BB25B00022222711A0446BF82
:10FDA00041F2210282EA43035B009AB2130446BF88
:10FDB00041F2210383EA420353009AB2170446BF7B
:10FDC00041F2210383EA420353009AB2160446BF6C
:10FDD00041F2210383EA420353009AB2100446BF62
:10FDE00041F2210383EA420353009AB2110446BF51
:10FDF00041F2210383EA420353009AB213044ABF3B
:10FE000041F22103530083EA4203A2789BB283EAC2
:10FE100002231BB2002B9AB2B6BF41F2210353005A
:10FE200083EA42039AB2170446BF41F2210383EAF0
:10FE3000420353009AB2160446BF41F2210383EAFB
:10FE4000420353009AB2100446BF41F2210383EAF1
:10FE5000420353009AB2110446BF41F2210383EAE0
:10FE6000420353009AB2130446BF41F2210383EACE
:10FE7000420353009AB2170446BF41F2210383EABA
:10FE8000420353009AB216044ABF41F221035300C1
:10FE900083EA4203E2789BB283EA02231BB2002B7F
:10FEA0009AB2B6BF41F22103530083EA42039AB2E9
:10FEB000100446BF41F2210383EA420353009AB281
:10FEC000110446BF41F2210383EA420353009AB270
:10FED000130446BF41F2210383EA420353009AB25E
:10FEE000170446BF41F2210383EA420353009AB24A
:10FEF000160446BF41F2210383EA420353009AB23B
:10FF0000100446BF41F2210383EA420353009AB230
:10FF100011044ABF41F22103530083EA42039BB21A
:10FF200083F400731BB2002B9AB2B6BF41F22103D7
:10FF3000530083EA42039AB2130446BF41F22103FD
:10FF400083EA420353009AB2170446BF41F22103E9
:10FF500083EA420353009AB2160446BF41F22103DA
:10FF600083EA420353009AB2100446BF41F22103D0
:10FF700083EA420353009AB2110446BF41F22103BF
:10FF800083EA420353009AB2130446BF41F22103AD
:10FF900083EA420353009BB21F0446BF41F2210291
:10FFA00082EA43035B009BB21A0A6371A271002DBF
:10FFB00001F09987022D7EF46AA90A4B1B78002B69
:10FFC0003EF465A921460722074811F031FBFEF7F0
:10FFD0005EB9214607220548F6F7D6F9FEF757B96C
:10FFE000AAFE0100A97D0020A09600204C640020FC
:10FFF0002D4B2E4F0FCB13AC14AE276007C62146F6
:020000023000CC
:10000000338041F221000DF15D064FF6FF7311F8C8
:10001000012F83EA02231AB293B2002AACBF5B001D
:1000200080EA43039BB21A0454BF5B0080EA430397
:100030009BB21F0454BF5B0080EA43039BB21A04C7
:1000400054BF5B0080EA43039BB21F0454BF5B00B4
:1000500080EA43039BB21A0454BF5B0080EA430367
:100060009BB21F0454BF5B0080EA43039BB21A0497
:1000700054BF5B0080EA4303B1429BB2C7D11A0A66
:10008000A374E274002D01F0CD83022D7EF4FFA84D
:10009000074B1B78002B3EF4FAA821461422054892
:1000A00011F0C6FAFEF7F3B820610020AA120E0084
:1000B000A97D0020A096002046F6FF0313AC9BB25A
:1000C0005B00904A226018044FF00102227146BF83
:1000D00041F2210282EA430393409AB2110446BFDF
:1000E00041F2210383EA420353009AB2130446BF4C
:1000F00041F2210383EA420353009AB2170446BF38
:1001000041F2210383EA420353009AB2160446BF28
:1001100041F2210383EA420353009AB2100446BF1E
:1001200041F2210383EA420353009AB211044ABF09
:1001300041F22103530083EA4203A2789BB283EA8F
:1001400002231BB2002B9AB2B6BF41F22103530027
:1001500083EA42039AB2130446BF41F2210383EAC1
:10016000420353009AB2170446BF41F2210383EAC7
:10017000420353009AB2160446BF41F2210383EAB8
:10018000420353009AB2100446BF41F2210383EAAE
:10019000420353009AB2110446BF41F2210383EA9D
:1001A000420353009AB2130446BF41F2210383EA8B
:1001B000420353009AB217044ABF41F2210353008D
:1001C00083EA4203E2789BB283EA02231BB2002B4C
:1001D0009AB2B6BF41F22103530083EA42039AB2B6
:1001E000160446BF41F2210383EA420353009AB248
:1001F000100446BF41F2210383EA420353009AB23E
:10020000110446BF41F2210383EA420353009AB22C
:10021000130446BF41F2210383EA420353009AB21A
:10022000170446BF41F2210383EA420353009AB206
:10023000160446BF41F2210383EA420353009AB2F7
:1002400010044ABF41F22103530083EA42039BB2E8
:1002500083F480731BB2002B9AB2B6BF41F2210324
:10026000530083EA42039AB2110446BF41F22103CC
:1002700083EA420353009AB2130446BF41F22103BA
:1002800083EA420353009AB2170446BF41F22103A6
:1002900083EA420353009AB2160446BF41F2210397
:1002A00083EA420353009AB2100446BF41F221038D
:1002B00083EA420353009AB2110446BF41F221037C
:1002C00083EA420353009BB21A0446BF41F2210263
:1002D00082EA43035B009BB21A0A6371A271002D8C
:1002E00001F07C81022D7DF4D2AF074B1B78002BEF
:1002F0003DF4CDAF21460722044811F099F9FDF7EE
:10030000C6BF00BFAA970100A97D0020A0960020CB
:1003100002F07AFB9C48012407F0ACFC9B4B9C4804
:100320001C70214602F052FC204602F035FB13AC53
:1003300000209849FDF7B8F8974B23606FF4884385
:10034000002B4FF0000222719AB2BBBF41F2210391
:1003500083EA420353001BB29BB21A0446BF41F228
:10036000210282EA43035B009AB2170446BF41F2BE
:10037000210383EA420353009AB2160446BF41F2B6
:10038000210383EA420353009AB2100446BF41F2AC
:10039000210383EA420353009AB2110446BF41F29B
:1003A000210383EA420353009AB2130446BF41F289
:1003B000210383EA420353009AB217044ABF41F271
:1003C0002103530083EA4203A2789BB283EA02230B
:1003D0001BB2002B9AB2B6BF41F22103530083EA4D
:1003E00042039AB2160446BF41F2210383EA420354
:1003F00053009AB2100446BF41F2210383EA42033C
:1004000053009AB2110446BF41F2210383EA42032A
:1004100053009AB2130446BF41F2210383EA420318
:1004200053009AB2170446BF41F2210383EA420304
:1004300053009AB2160446BF41F2210383EA4203F5
:1004400053009AB210044ABF41F22103530083EAD9
:100450004203E2789BB283EA02231BB2002B9AB2DA
:10046000B6BF41F22103530083EA42039AB211045A
:1004700046BF41F2210383EA420353009AB21304B8
:1004800046BF41F2210383EA420353009AB21704A4
:1004900046BF41F2210383EA420353009AB2160495
:1004A00046BF41F2210383EA420353009AB210048B
:1004B00046BF41F2210383EA420353009AB211047A
:1004C00046BF41F2210383EA420353009AB2130468
:1004D00046BF41F2210383EA420353009AB2170454
:1004E00046BF41F2210383EA420353009AB2160445
:1004F00046BF41F2210383EA420353009AB210043B
:1005000046BF41F2210383EA420353009AB2110429
:1005100046BF41F2210383EA420353009AB2130417
:1005200046BF41F2210383EA420353009AB2170403
:1005300046BF41F2210383EA420353009AB21604F4
:1005400046BF41F2210383EA420353009BB21804E1
:1005500046BF41F2210282EA43035B009BB21A0AC2
:100560006371A271002D01F04F81022D7DF48FAED9
:100570000A4B1B78002B3DF48AAE2146072208481F
:1005800011F056F8FDF783BE387F0020B47D0020BF
:1005900030610020C49B0400AA440100A97D002012
:1005A000A0960020FF239BB25B0013AC1F044FF604
:1005B000AA72226046BF41F2210282EA43035B0035
:1005C0009AB2160446BF41F2210383EA4203530064
:1005D0009AB2100446BF41F2210383EA420353005A
:1005E0009AB2110446BF41F2210383EA4203530049
:1005F0009AB2130446BF41F2210383EA4203530037
:100600009AB2170446BF41F2210383EA4203530022
:100610009AB216044ABF41F22103530083EA42030F
:10062000A2789BB283EA02231BB2002B9AB2B6BF18
:1006300041F22103530083EA42039AB2100446BFF9
:1006400041F2210383EA420353009AB2110446BFE8
:1006500041F2210383EA420353009AB2130446BFD6
:1006600041F2210383EA420353009AB2170446BFC2
:1006700041F2210383EA420353009AB2160446BFB3
:1006800041F2210383EA420353009AB2100446BFA9
:1006900041F2210383EA420353009AB211044ABF94
:1006A00041F22103530083EA4203E2789BB283EADA
:1006B00002231BB2002B9AB2B6BF41F221035300B2
:1006C00083EA42039AB2130446BF41F2210383EA4C
:1006D000420353009AB2170446BF41F2210383EA52
:1006E000420353009AB2160446BF41F2210383EA43
:1006F000420353009AB2100446BF41F2210383EA39
:10070000420353009AB2110446BF41F2210383EA27
:10071000420353009AB2130446BF41F2210383EA15
:10072000420353009BB21F0446BF41F2210282EAFA
:1007300043035B009BB21A0A23716271002D00F023
:10074000D286022D7DF4A3AD454B1B78002B3DF4E2
:100750009EAD21460622434810F06AFFFDF797BD83
:1007600013AC00263146267008A8DFF8108110F07F
:1007700055FC31460AA810F051FCD8F80030099A0F
:10078000C4F8012013F00107374E36D137493046FF
:1007900011F0F8FB354906F10C0011F0F3FB334979
:1007A00006F1180011F0EEFB06F1280086F824701F
:1007B00010F018FC06F1300010F014FC06F13800BF
:1007C00010F010FC06F1400010F00CFC06F148009F
:1007D00010F008FC254906F1500011F0D3FB01236D
:1007E0003046234A2349A6F85C7086F85E7086F886
:1007F0005F70C8F8003015F02BF9B6F85C30637103
:100800001B0A1D48A371202116F032FFC6B2E67103
:10081000002E40F0E787082609272021164816F009
:1008200027FFC0B2202840F273842023A3559846A6
:100830001A46E019104915F0FCFF4744BFB2A5F174
:100840000200B0FA80F04009B5FA85F300903A460C
:1008500021465B096220FCF7F3FCFDF718BD00BFE1
:10086000A97D0020A0960020247C0020089D040083
:10087000006000204DD002009C9B0400207C0020E2
:10088000172E324651464FF0000628BF17220AA8FD
:10089000CDE90A66CDE90C66CDE90E6615F0C9FF13
:1008A0000AA9994802F06EF90AA802F009F8304640
:1008B00096490AAAFCF7F8FD13AC6FF49243B342D1
:1008C000934A22609AB2BBBF41F2210383EA4203FA
:1008D00053001BB29BB21F0446BF41F2210282EAC1
:1008E00043035B009AB22671160446BF41F221030E
:1008F00083EA420353009AB2100446BF41F2210337
:1009000083EA420353009AB2110446BF41F2210325
:1009100083EA420353009AB2130446BF41F2210313
:1009200083EA420353009AB2170446BF41F22103FF
:1009300083EA420353009AB216044ABF41F22103EC
:10094000530083EA4203A2789BB283EA02231BB2DC
:10095000002B9AB2B6BF41F22103530083EA42034F
:100960009AB2100446BF41F2210383EA42035300C6
:100970009AB2110446BF41F2210383EA42035300B5
:100980009AB2130446BF41F2210383EA42035300A3
:100990009AB2170446BF41F2210383EA420353008F
:1009A0009AB2160446BF41F2210383EA4203530080
:1009B0009AB2100446BF41F2210383EA4203530076
:1009C0009AB211044ABF41F22103530083EA420361
:1009D000E2789BB283EA02231BB2002B9AB2B6BF25
:1009E00041F22103530083EA42039AB2130446BF43
:1009F00041F2210383EA420353009AB2170446BF2F
:100A000041F2210383EA420353009AB2160446BF1F
:100A100041F2210383EA420353009AB2100446BF15
:100A200041F2210383EA420353009AB2110446BF04
:100A300041F2210383EA420353009AB2130446BFF2
:100A400041F2210383EA420353009AB2170446BFDE
:100A500041F2210383EA420353009AB2160446BFCF
:100A600041F2210383EA420353009AB2100446BFC5
:100A700041F2210383EA420353009AB2110446BFB4
:100A800041F2210383EA420353009AB2130446BFA2
:100A900041F2210383EA420353009AB2170446BF8E
:100AA00041F2210383EA420353009AB2160446BF7F
:100AB00041F2210383EA420353009AB2100446BF75
:100AC00041F2210383EA420353009BB2190446BF5B
:100AD00041F2210282EA43035B009BB21A0A63716E
:100AE000A271002D00F09786022D7DF4D0AB094B4A
:100AF0001B78002B3DF4CBAB21460722064810F0B3
:100B000097FDFDF7C4BB00BF30610020AC9B040023
:100B1000AA490100A97D0020A0960020A148A24F6B
:100B200007F0A8F8012011F077FBA04B1A780023FA
:100B30003B70002A00F09D819D499E4A08789E499D
:100B400014781A4660F3070208789C4964F30F2270
:100B50000978149313AC60F3174261F31F622260AB
:100B600021464FF4C0728F48C4E9022205F046F8CE
:100B7000002800F04A8140F2FF13914A22609BB2A4
:100B800007225B0022711A044ABF41F221025B0076
:100B900082EA43039AB2170446BF41F2210383EA73
:100BA000420353009AB2160446BF41F2210383EA7E
:100BB000420353009AB2100446BF41F2210383EA74
:100BC000420353009AB2110446BF41F2210383EA63
:100BD000420353009AB2130446BF41F2210383EA51
:100BE000420353009AB217044ABF41F22103530053
:100BF00083EA4203A2789BB283EA02231BB2002B52
:100C00009AB2B6BF41F22103530083EA42039AB27B
:100C1000160446BF41F2210383EA420353009AB20D
:100C2000100446BF41F2210383EA420353009AB203
:100C3000110446BF41F2210383EA420353009AB2F2
:100C4000130446BF41F2210383EA420353009AB2E0
:100C5000170446BF41F2210383EA420353009AB2CC
:100C6000160446BF41F2210383EA420353009AB2BD
:100C700010044ABF41F22103530083EA4203E278A1
:100C80009BB283EA02231BB2002B9AB2B6BF41F299
:100C90002103530083EA42039AB2110446BF41F292
:100CA000210383EA420353009AB2130446BF41F280
:100CB000210383EA420353009AB2170446BF41F26C
:100CC000210383EA420353009AB2160446BF41F25D
:100CD000210383EA420353009AB2100446BF41F253
:100CE000210383EA420353009AB2110446BF41F242
:100CF000210383EA420353009AB213044ABF41F22C
:100D00002103530083EA42039BB283F4E0631BB2E6
:100D1000002B9AB2C0F25F8553009AB2170446BF07
:100D200041F2210383EA420353009AB2160446BFFC
:100D300041F2210383EA420353009AB2100446BFF2
:100D400041F2210383EA420353009AB2110446BFE1
:100D500041F2210383EA420353009AB2130446BFCF
:100D600041F2210383EA420353009AB2170446BFBB
:100D700041F2210383EA420353009BB21E0446BFA3
:100D800041F2210282EA43035B009BB21A0A6371BB
:100D9000A271002D00F07E85022D1AD1094B1B781F
:100DA000BBB111E0387F0020227F0020237F00208C
:100DB0002F610020196100202E610020A87D0020F5
:100DC000AAFE0100A97D0020214607222B4810F031
:100DD0002FFC2B4B1B78002B7DF459AA01F012FE3F
:100DE000284804F0B5FCFDF752BA01F00BFE254887
:100DF00004F0AEFC00283DF4C5AF002210462249A5
:100E0000FCF752FB0122FDF7C3BF11F0F9F93B7863
:100E1000064623B10BE011F0FFF93B783BB911F026
:100E2000EFF9831BB3F5FA7F4FF00100F3D33B7862
:100E3000002B40F0E38515490120FCF735FB1148F4
:100E400006F018FF052011F0E7F91148FCF7D4FB74
:100E500040F2FF139BB25A000E4B2360072323710D
:100E600013044ABF41F22103530083EA42039AB2BA
:100E700091E6044804F056FF13AC79E6A0960020F2
:100E8000B47D0020387F0020D49B0400189B040010
:100E900020610020AAFE01009AF80040A14A231C0C
:100EA00018BF01231846137001F046FD9E4B9F4A60
:100EB0009F49002C18BF1A46002013ACFCF7F4FA27
:100EC0009C4B23606FF49643002B4FF0000222717D
:100ED0009AB2BBBF41F2210383EA420353001BB223
:100EE0009BB21E0446BF41F2210282EA43035B002B
:100EF0009AB2100446BF41F2210383EA4203530031
:100F00009AB2110446BF41F2210383EA420353001F
:100F10009AB2130446BF41F2210383EA420353000D
:100F20009AB2170446BF41F2210383EA42035300F9
:100F30009AB2160446BF41F2210383EA42035300EA
:100F40009AB210044ABF41F22103530083EA4203DC
:100F5000A2789BB283EA02231BB2002B9AB2B6BFDF
:100F600041F22103530083EA42039AB2110446BFBF
:100F700041F2210383EA420353009AB2130446BFAD
:100F800041F2210383EA420353009AB2170446BF99
:100F900041F2210383EA420353009AB2160446BF8A
:100FA00041F2210383EA420353009AB2100446BF80
:100FB00041F2210383EA420353009AB2110446BF6F
:100FC00041F2210383EA420353009AB213044ABF59
:100FD00041F22103530083EA4203E2789BB283EAA1
:100FE00002231BB2002B9AB2B6BF41F22103530079
:100FF00083EA42039AB2170446BF41F2210383EA0F
:10100000420353009AB2160446BF41F2210383EA19
:10101000420353009AB2100446BF41F2210383EA0F
:10102000420353009AB2110446BF41F2210383EAFE
:10103000420353009AB2130446BF41F2210383EAEC
:10104000420353009AB2170446BF41F2210383EAD8
:10105000420353009AB2160446BF41F2210383EAC9
:10106000420353009AB2100446BF41F2210383EABF
:10107000420353009AB2110446BF41F2210383EAAE
:10108000420353009AB2130446BF41F2210383EA9C
:10109000420353009AB2170446BF41F2210383EA88
:1010A000420353009AB2160446BF41F2210383EA79
:1010B000420353009AB2100446BF41F2210383EA6F
:1010C000420353009AB2110446BF41F2210383EA5E
:1010D000420353009BB21A0446BF41F2210282EA46
:1010E00043035B009BB21A0A6371A271002D00F0EA
:1010F0000187022D7DF4CBA80F4B1B78002B3DF40C
:10110000C6A8214607220D4810F092FAFDF7BFB895
:10111000A05500283FF493AB02461FFA80F8FFF772
:1011200088BB00BFDC7E0020309A0400349A0400A3
:10113000A09B0400AA4B0100A97D0020A0960020DE
:1011400040F2FF1313AC9BB25B00904A226018047C
:101150004FF00502227146BF41F2210282EA4303A9
:101160005B009AB2110446BF41F2210383EA4203B5
:1011700053009AB2130446BF41F2210383EA4203AB
:1011800053009AB2170446BF41F2210383EA420397
:1011900053009AB2160446BF41F2210383EA420388
:1011A00053009AB2100446BF41F2210383EA42037E
:1011B00053009AB211044ABF41F22103530083EA5B
:1011C0004203A2789BB283EA02231BB2002B9AB29D
:1011D000B6BF41F22103530083EA42039AB21304DB
:1011E00046BF41F2210383EA420353009AB2170437
:1011F00046BF41F2210383EA420353009AB2160428
:1012000046BF41F2210383EA420353009AB210041D
:1012100046BF41F2210383EA420353009AB211040C
:1012200046BF41F2210383EA420353009AB21304FA
:1012300046BF41F2210383EA420353009AB21704E6
:101240004ABF41F22103530083EA4203E2789BB292
:1012500083EA02231BB2002B9AB2B6BF41F22103EC
:10126000530083EA42039AB2160446BF41F22103B7
:1012700083EA420353009AB2100446BF41F22103AD
:1012800083EA420353009AB2110446BF41F221039C
:1012900083EA420353009AB2130446BF41F221038A
:1012A00083EA420353009AB2170446BF41F2210376
:1012B00083EA420353009AB2160446BF41F2210367
:1012C00083EA420353009AB210044ABF41F2210359
:1012D000530083EA42039BB283F4A0631BB2002B4A
:1012E0009AB2B6BF41F22103530083EA42039AB295
:1012F000110446BF41F2210383EA420353009AB22C
:10130000130446BF41F2210383EA420353009AB219
:10131000170446BF41F2210383EA420353009AB205
:10132000160446BF41F2210383EA420353009AB2F6
:10133000100446BF41F2210383EA420353009AB2EC
:10134000110446BF41F2210383EA420353009BB2DA
:101350001A0446BF41F2210282EA43035B009BB2BA
:101360001A0A6371A271002D00F0CB85022D7CF466
:101370008EAF074B1B78002B3CF489AF2146072228
:10138000044810F055F9FCF782BF00BFAAFE010027
:10139000A97D0020A0960020944CDAF80000DAF82D
:1013A0000410DAF80820924E234607C3BAF80C203E
:1013B0001A80617B3368B4F80B2094F90A006768DF
:1013C0000791617A0692227A029726680196CDE902
:1013D0000410039200930020864B87492A46FCF7AD
:1013E00063F82046FCF708F9002800F0578494E8D9
:1013F0000F0013AC814E266014AE07C62246338020
:101400000DF15D004FF6FF7341F2210112F8016FFB
:1014100083EA06231EB2B3B2002EACBF5B0081EAA2
:1014200043039BB21F0454BF5B0081EA43039BB29A
:101430001E0454BF5B0081EA43039BB21F0454BFE8
:101440005B0081EA43039BB21E0454BF5B0081EA48
:1014500043039BB21F0454BF5B0081EA43039BB26A
:101460001E0454BF5B0081EA43039BB21F0454BFB8
:101470005B0081EA430390429BB2C7D11A0AA3746E
:10148000E274002D00F0EF85022D7EF4EDAA5C4B96
:101490001B78002B3EF4E8AA21461422594810F08C
:1014A000C7F8FEF7E1BA41F2210383EA4203C3F32E
:1014B0000D02FDF744B8214606225348F4F764FFB5
:1014C0005148F4F753FFFDF70CB9214617224E4857
:1014D000F4F75AFFFCF7DBBE214606224A48F4F730
:1014E00053FFFCF7D4BE214606224748F4F74CFFD1
:1014F000FCF7CDBE4548464B9AF80040454A04707B
:101500009AF80100187044499AF80200434B107091
:101510009AF80360DAF80000414A0E7013AC01211A
:10152000C4E90020197022460DF153004FF6FF73F5
:1015300041F2210112F8016F83EA06231EB2B3B211
:10154000002EACBF5B0081EA43039BB21F0454BF73
:101550005B0081EA43039BB21E0454BF5B0081EA37
:1015600043039BB21F0454BF5B0081EA43039BB259
:101570001E0454BF5B0081EA43039BB21F0454BFA7
:101580005B0081EA43039BB21E0454BF5B0081EA07
:1015900043039BB21F0454BF5B0081EA43038242B2
:1015A0009BB2C7D11A0A23726272002D00F0D9844F
:1015B000022D07D1124B1B7823B121460A22114874
:1015C00010F036F81E2010F027FEFCF760BE214612
:1015D00027220D48F4F7D8FEFCF759BE2146072212
:1015E0000948F4F7D1FEFCF752BE00BF206100208D
:1015F000247F0020989904003C9B0400AA120E004E
:10160000A97D0020A09600204C6400202F610020BE
:10161000196100202E610020A87D0020237F00207A
:10162000AA3504001A466FF44853002BA1492160E3
:1016300099B2BBBF41F2210383EA41034B001BB2C5
:101640009BB2190446BF41F2210181EA43035B00CA
:1016500099B20F0446BF41F2210383EA41034B00D4
:1016600099B20E0446BF41F2210383EA41034B00C5
:1016700099B2080446BF41F2210383EA41034B00BB
:1016800099B20B0446BF41F2210383EA41034B00A8
:1016900099B20F0446BF41F2210383EA41034B0094
:1016A00099B20E044ABF41F221034B0083EA410381
:1016B000A17822719BB283EA01231BB2002B99B25D
:1016C000B6BF41F221034B0083EA410399B20804FB
:1016D00046BF41F2210383EA41034B0099B20B0458
:1016E00046BF41F2210383EA41034B0099B20F0444
:1016F00046BF41F2210383EA41034B0099B20E0435
:1017000046BF41F2210383EA41034B0099B208042A
:1017100046BF41F2210383EA41034B0099B20B0417
:1017200046BF41F2210383EA41034B0099B20F0403
:101730004ABF41F221034B0083EA4103E1789BB2A7
:1017400083EA01231BB2002B99B2B6BF41F22103F9
:101750004B0083EA410399B20E0446BF41F22103D4
:1017600083EA41034B0099B2080446BF41F22103CA
:1017700083EA41034B0099B20B0446BF41F22103B7
:1017800083EA41034B0099B20F0446BF41F22103A3
:1017900083EA41034B0099B20E0446BF41F2210394
:1017A00083EA41034B0099B2080446BF41F221038A
:1017B00083EA41034B0099B20B044ABF41F2210373
:1017C0004B0083EA41039BB283EA02231BB2002B46
:1017D0009AB2BFF6A1AA41F2210383EA42039AB268
:1017E000FFF79CBA32463449B6B215A806F109078C
:1017F00015F01FF80836FFF710B8214607222F48CA
:10180000F4F7C2FDFCF743BD214607222B48F4F74D
:10181000BBFDFCF73CBD214607222848F4F7B4FD88
:10182000FCF735BD214614222448F4F7ADFDFCF742
:101830002EBD214608222148F4F7A6FDFCF727BD5E
:10184000214606221D48F4F79FFDFCF720BD2146E6
:1018500007221A48F4F798FDFCF719BD214620220B
:101860001648F4F791FDFCF712BD214607221348F4
:10187000F4F78AFDFCF70BBD214607220F48F4F769
:1018800083FDFCF704BD214607220C48F4F77CFDDC
:10189000FCF7FDBC214607220848F4F775FDFFF769
:1018A00098BA10F0ADFC3B788346ABB941F293187F
:1018B0000AE000BFAA3201009C9B04004C64002097
:1018C00010F0AAFC3B783BB910F09AFCA0EB0B039C
:1018D00043454FF00200F3D9404897F8008004F0E8
:1018E0007DF93F4A00233B70137010F089FC3D4B9B
:1018F0005FFA88F81860B8F1000F00F009833A4ADF
:101900003648936831460133936004F079FD010A4B
:10191000020C030E8DF829108DF828008DF82B305D
:101920008DF82A200A9A314B0646C4E900320DF19F
:10193000530022464FF6FF7341F2210112F8017F56
:1019400083EA07231FB2BBB2002FACBF5B0081EA62
:1019500043039BB21F0454BF5B0081EA43039BB265
:101960001F0454BF5B0081EA43039BB21F0454BFB2
:101970005B0081EA43039BB21F0454BF5B0081EA12
:1019800043039BB21F0454BF5B0081EA43039BB235
:101990001F0454BF5B0081EA43039BB21F0454BF82
:1019A0005B0081EA430390429BB2C7D11A0A2372BB
:1019B0006272002D00F05E83022D07D10C4B1B7864
:1019C00023B121460A220B480FF032FE2B46324645
:1019D00009490020FBF768FDFEF746B8387F002074
:1019E000847C0020F47E0020087F0020AA020400EE
:1019F000A97D0020A0960020B09A0400A04804F021
:101A0000A9FAA04A002390423B7000F01F830F30D8
:101A10003FF408AE40F2FF139BB25A009A4B23608A
:101A200017044FF00703237146BF41F2210383EAF5
:101A3000420353009AB2160446BF41F2210383EADF
:101A4000420353009AB2100446BF41F2210383EAD5
:101A5000420353009AB2110446BF41F2210383EAC4
:101A6000420353009AB2130446BF41F2210383EAB2
:101A7000420353009AB2170446BF41F2210383EA9E
:101A8000420353009AB216044ABF41F221035300A5
:101A900083EA4203A2789BB283EA02231BB2002BA3
:101AA0009AB2B6BF41F22103530083EA42039AB2CD
:101AB000100446BF41F2210383EA420353009AB265
:101AC000110446BF41F2210383EA420353009AB254
:101AD000130446BF41F2210383EA420353009AB242
:101AE000170446BF41F2210383EA420353009AB22E
:101AF000160446BF41F2210383EA420353009AB21F
:101B0000100446BF41F2210383EA420353009AB214
:101B100011044ABF41F22103530083EA4203E278F1
:101B20009BB283EA02231BB2002B9AB2B6BF41F2EA
:101B30002103530083EA42039AB2130446BF41F2E1
:101B4000210383EA420353009AB2170446BF41F2CD
:101B5000210383EA420353009AB2160446BF41F2BE
:101B6000210383EA420353009AB2100446BF41F2B4
:101B7000210383EA420353009AB2110446BF41F2A3
:101B8000210383EA420353009AB2130446BF41F291
:101B9000210383EA420353009AB217044ABF41F279
:101BA0002103530083EA42039BB283F4E0631BB238
:101BB000002B9AB2B6BF41F22103530083EA4203DD
:101BC0009AB2160446BF41F2210383EA420353004E
:101BD0009AB2100446BF41F2210383EA4203530044
:101BE0009AB2110446BF41F2210383EA4203530033
:101BF0009AB2130446BF41F2210383EA4203530021
:101C00009AB2170446BF41F2210383EA420353000C
:101C10009AB2160446BF41F2210383EA42035300FD
:101C20009BB2180446BF41F2210282EA43035B00E3
:101C30009BB21A0A6371A271002D00F02182022D5D
:101C400007D1124B1B7823B12146072210480FF011
:101C5000EFFC104B1B78002B7CF419ABFBF710FA50
:101C6000FCF715BB214607220B48F4F78DFBFCF768
:101C70000EBB214607220848F4F786FBFCF707BB9A
:101C8000387F002042FDFFFFAAFE0100A97D002051
:101C9000A0960020B47D00204C64002040F2FF1389
:101CA00013AC9BB25A00A44B236016044FF00603FA
:101CB000237146BF41F2210383EA420353009AB2E3
:101CC000100446BF41F2210383EA420353009AB253
:101CD000110446BF41F2210383EA420353009AB242
:101CE000130446BF41F2210383EA420353009AB230
:101CF000170446BF41F2210383EA420353009AB21C
:101D0000160446BF41F2210383EA420353009AB20C
:101D100010044ABF41F22103530083EA4203A27830
:101D20009BB283EA02231BB2002B9AB2B6BF41F2E8
:101D30002103530083EA42039AB2110446BF41F2E1
:101D4000210383EA420353009AB2130446BF41F2CF
:101D5000210383EA420353009AB2170446BF41F2BB
:101D6000210383EA420353009AB2160446BF41F2AC
:101D7000210383EA420353009AB2100446BF41F2A2
:101D8000210383EA420353009AB2110446BF41F291
:101D9000210383EA420353009AB213044ABF41F27B
:101DA0002103530083EA4203E2789BB283EA0223D1
:101DB0001BB2002B9AB2B6BF41F22103530083EA53
:101DC00042039AB2170446BF41F2210383EA420359
:101DD00053009AB2160446BF41F2210383EA42033C
:101DE00053009AB2100446BF41F2210383EA420332
:101DF00053009AB2110446BF41F2210383EA420321
:101E000053009AB2130446BF41F2210383EA42030E
:101E100053009AB2170446BF41F2210383EA4203FA
:101E200053009AB216044ABF41F22103530083EAD9
:101E300042039BB283F4C0631BB2002B9AB2B6BFBD
:101E400041F22103530083EA42039AB2100446BFD1
:101E500041F2210383EA420353009AB2110446BFC0
:101E600041F2210383EA420353009AB2130446BFAE
:101E700041F2210383EA420353009AB2170446BF9A
:101E800041F2210383EA420353009AB2160446BF8B
:101E900041F2210383EA420353009AB2100446BF81
:101EA00041F2210383EA420353009BB2190446BF67
:101EB00041F2210282EA43035B009BB21A0A63717A
:101EC000A271002D00F0C880022D7CF4E0A91B4B0C
:101ED0001B78002B3CF4DBA92146072218480FF0A1
:101EE000A7FBFCF7D4B9214607221648F4F74CFAB1
:101EF000FCF7CDB9214607221248F4F745FAFCF762
:101F0000C6B9214607220F48F4F73EFAFCF7BFB9DD
:101F1000D9F800300C49A3EB0A0332460220FBF744
:101F2000C3FA0A4805F0A6FE052010F075F9084826
:101F3000FBF762FBFDF768BCAAFE0100A97D00204B
:101F4000A09600204C640020D89A0400387F00201E
:101F500020610020214607225F48F4F715FAFDF7BB
:101F600083BD21460A225C48F4F70EFAFFF72ABB2C
:101F70005A4FDFF894914FF0020B13AC584B19787D
:101F8000584B1A780023636061F30703564962F3E4
:101F90000F23564A0978127861F317434FF4C07043
:101FA00062F31F63A060E0604FF0000221464846E4
:101FB00023603A7003F022FE40BB10F021F93B7819
:101FC000804623B10BE010F027F93B783BB910F0C5
:101FD00017F9A0EB0803C72B4FF00200F3D94846CE
:101FE00003F030FD4FF4C0718046484603F0B2FC68
:101FF00018F4807F3DF4E1AB10F002F900F01F000F
:10200000143010F009F9BBF1010F22D13849012039
:10201000FBF74AFAA5F1020C3648B5FA85F2DCF175
:1020200000034FF00001017043EB0C0352090E2531
:102030002146FE202570FBF7DFFB2F4B1B78002B82
:102040007CF425A9FBF71CF8FCF721B90122FFF766
:10205000EABA4FF0010B91E7214607221E48F4F738
:1020600093F9FCF714B9214614221B48F4F78CF9B4
:10207000FDF7FABC21460A221748F4F785F9A5E4D2
:10208000214607221448F4F77FF9E2E5A81E4142F1
:1020900041410022B5FA85F300915B091146FF200A
:1020A000FBF7CEF815490020FBF7FEF94FF080430F
:1020B0005722C3F81C25642010F0AEF8BFF34F8FF1
:1020C0000F49104BCA6802F4E0621343CB60BFF3C0
:1020D0004F8F00BFFDE700BF4C640020227F00202F
:1020E0002F610020196100202E610020A87D0020B2
:1020F000389A0400847C0020B47D0020EC9B04000E
:1021000000ED00E00400FA05387F00202DE9F041E1
:1021100004460E461746984610F072F8044D4346A2
:1021200028603A4631462046BDE8F041FBF7CABC7C
:10213000B07D0020000000002DE9F0418CB000F0DF
:1021400025FB00F0B1FBBE4DBE4F287000F0B2FB86
:10215000BD4B4FF4612118703846F4F71FFA10F0A8
:102160004FF840F6B736044608E010F049F8001B77
:10217000B0424FF00A0006D810F04EF83846F4F797
:102180002BFA0028F1D0C82010F046F84FF4612156
:10219000AE48AF4F0FF07AFADFF850C3AD49A94807
:1021A0000A24012609234FF4612200948CF8006070
:1021B0000EF0C0FFA84906A80FF0E4FE06A909A882
:1021C0000FF006FFA54909A80FF0E8FFA4490FF09A
:1021D000E5FF0146A3480FF05BFF09A80FF050FF91
:1021E00006A80FF04DFFA04BA049964800220EF024
:1021F000A1FF9F4800F084FC00F00AFC00F050FBB7
:1022000001469B4800F0BEFC2978994800F0DEFCAE
:10221000974800F0DFFC0FF0F3FF386000F0ECFBB4
:10222000944801F0CDF84FF0160C1720132111221D
:102230001923CDE9030CCDE90121009318221423C1
:102240008D490020FBF730F94FF000080823009477
:10225000CDE90138072209219FED881ADFED880AB0
:102260009FED880A8848122302F046FF87490446FA
:1022700002464046FBF718F9002C00F09180844993
:102280007B48704C01F014F802E00A200FF0C4FF04
:102290002046F4F771F80028F7D00023012209A99D
:1022A000FE2008248DF82440FBF7A6FA79496548FA
:1022B0000EF028FF784B00221A70784E356815F022
:1022C000010536D1764C774920460FF05BFE754903
:1022D00004F10C000FF056FE724904F118000FF0E3
:1022E00051FE04F1280084F824500EF07BFE04F126
:1022F00030000EF077FE04F138000EF073FE04F1AA
:1023000040000EF06FFE04F148000EF06BFE6549D0
:1023100004F150000FF036FE01232046624A634963
:10232000A4F85C5084F85E5084F85F50336013F07A
:102330008FFB5F495F480FF0D5FE41F2873401E023
:102340000FF06AFF0FF05CFF3B68C31AA3424FF027
:102350003200F5D9434C564B2268029256490093FD
:1023600000224FF6FF70039001914148114600F0A2
:102370009FFC524B01221A700FF042FF504B00F5A8
:10238000EA40303018600FF03BFF22684D4B4E4959
:102390002C481E2400940EF0CDFE0CB0BDE8F08158
:1023A0009FED4A0A384841F2883106F0D7FD22A352
:1023B000D3E90023009046492046FBF775F83146E3
:1023C000314806F0A1FE434902461E480EF0B2FE17
:1023D0004148FBF711F9804688B94049244800F08C
:1023E00067FF06244346324609A9FE208DF82440A3
:1023F000FBF702FA4FF47A700FF00EFFFAE7384954
:10240000214805F04DFF204614223649FBF74CF8D1
:102410002B781BB1204B01221A704EE7FAF730FEE1
:102420000028F7D13049124800F042FF4FF47A708B
:102430000FF0F2FEFAE700BF000000C0CCCCFC3F7A
:10244000B47D00204C640020DC7E0020A09600209B
:10245000047F0020A09C0400D49C0400DC9C0400A9
:10246000E09C0400247F00206C9E0400EC9C04008F
:1024700030610020708100200C9D0400CDCCCC3F49
:102480000000FA420000D943387F0020489D040034
:102490005C9D0400709D0400857C0020207C002051
:1024A000247C0020089D0400006000204DD0020024
:1024B0009C9B0400E07E0020349E0400D07E00201F
:1024C000D87E0020989904003C9E04006666E63F92
:1024D000B89D0400D09D040020610020F89D0400F8
:1024E00031D00200089E0400249E0400A97D002033
:1024F00070B58B4C22688AB0BAB18A4BDB68DD01BB
:1025000004D5894B1968C80700F1898011F0F2F8E9
:10251000864B2268A0FB0301830A43EA8153844966
:1025200008689B1A984238BF0B607E4BDB68D90164
:1025300003D57D4B1A68D20747D411F0DBF87B4BEB
:10254000A0FB0301830A43EA81537A4A236013788C
:102550001BB1794B1B78002B64D0784C784E794DA9
:1025600009E02046F3F7EAFE0096C1B22B460022AE
:102570007548FAF73BFB2046F3F7BAFE0028F0D186
:10258000724B1B7893B1724C6D4E6E4D09E0204634
:102590000FF002F80096C1B22B4602226D48FAF7FE
:1025A00025FB20460EF0F0FF0028F0D1FAF774FD6D
:1025B000FBF7C6F800F02EFA2A2013F0A3F838B182
:1025C000654C2378EBB90AB070BD5B689B09BCE72A
:1025D000624C0FF015FE23689842F1D90FF010FEFF
:1025E000C83020600FF00CFE5B4C5D4D237800F589
:1025F000EA4030302860032B71D8DFE803F04A53FB
:10260000594D574D0FF0FCFD2B68C01A00280DDB0B
:10261000544800F091FE002323700AB070BD5B683F
:102620009B097CE71370FAF7B1FE96E74E4D0FF069
:10263000E7FD2B68C01AB0F5FA6FC4D90FF0E0FDC2
:1026400023782860012B39D0022B4CD00FF0D8FD15
:10265000464D474E4749A5FB003407A80FF092FCB2
:102660003368A409002B53D14FF0FF33424843494C
:1026700000680390C8680290D1E90105079A0090AC
:1026800001952146374800F055FD07A80FF0F8FCEA
:1026900099E7344800F064FE334A002101231160B9
:1026A0002370AFE7304A0021022311602370A9E7AD
:1026B0002D4A0021032311602370A3E72E482F4BDE
:1026C00004682F48D3E901122E4B02944FF6FF7491
:1026D000019000930394234800F0EAFA73E7224B39
:1026E00000221A608EE72848234C457B037A246831
:1026F000D0E900120395B0F80B50029590F90A50FA
:10270000407A0494CDE90005164800F061FC5AE7D0
:102710000FF076FD3368C31AA5FB03239B09A5E7D9
:10272000347F0020F0ED00E0001000E040420F0098
:10273000307F0020227F0020847C00204C64002019
:102740007DDA02000D210300B87D0020A97D002064
:10275000A0960020887C0020D07E0020F87E0020FB
:10276000D87E002030610020F07E0020D34D621022
:10277000B07D0020089D0400247F0020087F0020F9
:102780009C9C04009C9B04002061002030B53C4CC4
:1027900023789DB00BB11DB030BD3A480EF0FAF968
:1027A00028B9384809F028F936480EF0F3F93549C8
:1027B00003A809F05BFA03A80022334909F06AFA7A
:1027C00000284ED1314B187000252E49019503A8E1
:1027D00009F04CFA2A462E4903A809F05BFA50BBCF
:1027E0008DF804002B4B27491870002503A802958B
:1027F00009F03CFA2A46284903A809F04BFAA0B18F
:10280000032202A903A809F005FB1CAB20EAE07033
:10281000034403A803F8685C09F01CFB9DF808005A
:10282000A0F13100B0FA80F040091C4A0123107079
:1028300023701DB030BD032201A903A809F0EAFAF4
:102840001CAB20EAE070034403A803F86C5C09F0B9
:1028500001FB9DF80400A0F13100B0FA80F04009BE
:10286000C0E70A4D1722294603A809F0D3FA20EA47
:10287000E073002203A8EA5409F0ECFAA4E700BFD1
:102880001C810020B4810020749E0400048100207B
:10289000809E04001D8100208C9E04000081002089
:1028A0000048704704810020014B1878704700BF32
:1028B0001D810020014B1878704700BF0081002067
:1028C00010B5184C002818BF04469AB021461822AB
:1028D000154814F0A6FE08B91AB010BD2346134AD5
:1028E0001148182114F03AFE0F4814F092FE1049D6
:1028F0000446104809F0B0F80E4901A809F0B6F9ED
:1029000001A801220A4909F0C5F90028E4D02246AD
:10291000054901A809F0B8F801A809F09BFA1AB016
:1029200010BD00BF089D040004810020709E0400BB
:10293000749E0400B4810020144A1378834219D095
:1029400010B500289AB0034614BF31243024104932
:10295000104813708DF8034009F07EF80D4901A866
:1029600009F084F901A80122094909F093F910B985
:102970001AB010BD704701220DF1030101A809F042
:1029800083F801A809F066FA1AB010BD0081002092
:102990008C9E0400B4810020144A1378834219D01D
:1029A00010B500289AB0034614BF312430241049D2
:1029B000104813708DF8034009F04EF80D4901A836
:1029C00009F054F901A80122094909F063F910B985
:1029D0001AB010BD704701220DF1030101A809F0E2
:1029E00053F801A809F036FA1AB010BD1D81002075
:1029F000809E0400B4810020704700BF0020704713
:102A0000704700BF704700BF704700BF002070478D
:102A1000704700BF704700BF704700BF2DE9F04707
:102A2000DFF8D88086B000224FF4FC642023814672
:102A3000CDE900348A4640461146F02308F036FBC3
:102A40004FF0FC6340460321C8F8143007F078FDCE
:102A500099F80020284B0DF11607002A08BF994667
:102A600005AE00230DF1120504AC1A464946404656
:102A7000CDE90267CDE9004507F068FDBDF91630E4
:102A8000BDF81220C3F1200303EBD3734FF0040C05
:102A9000C2EB630349464046A8F810C0A8F81230BC
:102AA0000EF0D8FABAF1000F1AD00121404607F013
:102AB00047FD00231A4651464046CDE90267CDE95D
:102AC000004507F043FDBDF814301622C3F1EC03B6
:102AD00051464046A8F81030A8F812200EF0BAFA75
:102AE0004FF6FF7301210548C8F8143007F028FDA0
:102AF00006B0BDE8F08700BF6C9E04002081002076
:102B000038B501210546032012F05CFD01210F209C
:102B100012F058FD0121022012F054FD0021032083
:102B200012F0D4FD00210F2012F0D0FD012102206F
:102B300012F0CCFD104C0A200FF06EFB0F4800F095
:102B40003FFC0023F0222046872108F0BDFD2046EF
:102B5000032108F05FFD2046094908F021F8002113
:102B6000204607F013F84FF6FF7100220123616140
:102B7000E2762B7038BD00BF2081002084810020C8
:102B8000005A6202044B054A002918BF0B46013067
:102B9000182114F0E3BC00BF089D0400709E0400DF
:102BA00030B4C1619DF808509DF90C40BDF910107A
:102BB00080F82020BDF9142080F8285080F82940A2
:102BC00043624185828530BC704700BF80F82E107B
:102BD000704700BF2DE9F84F03780BB9BDE8F88FB7
:102BE000002183462D482E4E894680464FF0230A09
:102BF00006F0CCFF4B461FFA89F500240FFA8AF73E
:102C000008E00134A3B21CB205EBE402402B92B2FF
:102C10000FD0B35CE24302F007021341DB07F0D5AB
:102C2000A11D09B24FF6FF733A46404607F076FE03
:102C3000E7E709F108090AF1010AB9F5007F1FFA6F
:102C40008AFA02D019F80630D5E7144C40F2FF7327
:102C500020460221636107F073FC124B2361124985
:102C600020460EF0F7F99BF801306BB102212046A7
:102C700007F066FC4FF6FF720C4B62610BF101012D
:102C8000204623610EF0E6F90121044807F058FCC4
:102C90004FF6FF736361BDE8F88F00BF208100200D
:102CA000989E04005400330098A004005400510082
:102CB000037803B970472DE9F043DFF8F88297B045
:102CC00004460D4640460021164606F05FFF209957
:102CD000601CFFF7A3FE94F82E30002B40F0F88024
:102CE000A94AAA4BC8F810201F9A0221002A08BF3F
:102CF0001A4640461F9240F2FF7907F021FC1F99C7
:102D0000C8F8149040460EF0A5F94FF6FF770A2256
:102D1000294606A8C8F814700FF082F906A909A878
:102D20000FF056F99A4909A80FF038FA0A22054619
:102D300031460CA80FF074F90CA928460FF002FADE
:102D4000944BC8F8103005460221404607F0F8FBC6
:102D50009149C8F8149040460EF07CF92946404647
:102D6000C8F814700EF0BCF90CA80FF089F909A886
:102D70000FF086F906A80FF083F9B4F92A5015F57B
:102D8000004F00F08A80B4F92C0013F045F87AA3C4
:102D9000D3E9002313F0AAF8804A2B46CDE90001BD
:102DA00028210CA814F0DAFB0CA909A80FF0EAF806
:102DB0007B4BC8F810300121404607F0C1FB794930
:102DC000C8F8147040460EF045F909A94046C8F805
:102DD00014700EF085F909A80FF052F9E069002887
:102DE00058D0636A704A94F820100291A2FB032322
:102DF0009B09039313F000F861A3D3E9002313F0B8
:102E000075F86A4ACDE9000128210CA814F0A6FB48
:102E10000CA909A80FF0B6F8654B6648C8F8103041
:102E2000012107F08DFB40F2FF765E496148C8F84A
:102E300014604FF6FF750EF00DF909A95D48C8F84A
:102E400014500EF04DF909A80FF01AF994F9292041
:102E500094F8283000922821574A0CA814F07EFBE1
:102E60000CA909A80FF08EF8544B5248C8F810303E
:102E7000012107F065FB4B494E48C8F814600EF07D
:102E8000E9F809A94B48C8F814500EF029F909A827
:102E90000FF0F6F817B0BDE8F08349490CA80FF021
:102EA00071F83F4BC8F810304046012107F048FB4D
:102EB0003C49C8F8149040460EF0CCF80CA94046A6
:102EC000C8F814700EF00CF90CA80FF0D9F885E7CB
:102ED0004046032107F034FB0CAF09AE06AD0DF1FF
:102EE000160400234FF478401A46C8F81400CDE9C0
:102EF00002674046CDE90045324907F027FBBDF99E
:102F000024303049C3F1F00303EBD3735B1030225C
:102F10004046A8F81030A8F812200EF09BF8404662
:102F20000121BDF8309007F00BFB00234FF6FF7036
:102F30001A46C8F81400CDE902674046CDE90045BD
:102F4000214907F003FBBDF924301F49C3F1F00309
:102F500009F13C0903EBD3735B100FFA89F9404682
:102F6000A8F81290A8F810300EF074F817B0BDE869
:102F7000F08300BFAFF300809A9999999999B93F6E
:102F80008DEDB5A0F7C6B03E040026009C9B040062
:102F900010A1040004003E0018A10400D4A0040005
:102FA00004005400089D0400D34D6210E8A0040002
:102FB0000400620020810020FCA0040004006E00D8
:102FC000C8A00400A0A00400A8A004000000000005
:102FD0002DE9F04F95B004789DF878A09DF97CB06C
:102FE000BDF880809DF88490002C00F08480464CD1
:102FF00005910546002120460493164606F0C6FDBD
:10300000681C2299FFF70AFD404A226140F2FF77CF
:103010002046022107F094FA3D49676120460EF0F0
:1030200019F8059B4FF6FF751846656112F0E4FE2E
:1030300033A3D3E9002312F059FF364ACDE900014A
:1030400018210AA814F08AFA0AA907A80EF09AFF14
:10305000314B23612046022107F072FA2F49676144
:1030600020460DF0F7FF07A9204665610EF038F8FD
:1030700007A80FF005F8049B294A0093282133463E
:10308000CDE901AB0AA814F069FA0AA907A80EF065
:1030900079FF244B23612046012107F051FA224990
:1030A000656120460DF0D6FF07A9204665610EF048
:1030B00017F807A80EF0E4FF1C4ACDF8009043462D
:1030C00018210AA814F04AFA0AA907A80EF05AFF14
:1030D000174B23612046012107F032FA124967613C
:1030E00020460DF0B7FF204607A965610DF0F8FFF7
:1030F00007A80EF0C5FF15B0BDE8F08FAFF3008054
:103100008DEDB5A0F7C6B03E20810020040026005A
:1031100040A1040048A1040004003C0054A10400A4
:1031200058A1040004004E00089D040074A104008E
:1031300004005A00027802B97047F0B54F4C8FB0C6
:103140000D4606460021204606F020FD1799701C0A
:10315000FFF764FC4A4B23612046022107F0F0F997
:1031600040F2FF774749676120460DF073FF4648FC
:10317000464B474AA0FB05167609A0FB06104009FE
:10318000C6EB061CC0EB0010A6EB8000A3FB0513EA
:10319000A5EB8C06CDE900064FF6FF75DB0A08A803
:1031A0001821656114F0DAF908A905A80EF0EAFE05
:1031B000384B23612046022107F0C2F920463649E8
:1031C00067610DF047FF05A9204665610DF088FF96
:1031D00005A80EF055FF0A22149902A80EF020FF50
:1031E00002A905A80EF0F4FE05A82C490EF0D6FFA2
:1031F0000A220646159908A80EF012FF08A93046C3
:103200000EF0A0FF264B236106460221204607F060
:1032100097F92046234967610DF01CFF314620468F
:1032200065610DF05DFF08A80EF02AFF05A80EF0FD
:1032300027FF02A80EF024FF169908A80A220EF014
:10324000EFFE194A2261169A4FF6205320460121BB
:10325000002A18BF1F4607F073F9002320461349C0
:10326000E382A7820DF0F6FE08A9204665610DF005
:1032700037FF08A80EF004FF0FB0F0BD208100203A
:10328000040026001CA1040089888888C5B3A29187
:1032900024A1040004003C0034A1040010A1040097
:1032A0000400520018A104000400640038A10400C6
:1032B000037803B9704730B51A4C83B020460D46E9
:1032C000002106F063FC00224FF478411223CDE97F
:1032D000003120461146F02307F0E8FE124B134A56
:1032E000636120460121226107F02AF92046104936
:1032F0000DF0B0FE4FF6FF73636185B10D4B236196
:103300002046022107F01CF9294620460DF0FAFE5E
:103310002046012103B0BDE8304007F011B903B0E9
:1033200030BD00BF20810020FFFF00F80200050033
:1033300088A1040002001A0008B5037803B908BD8B
:1033400001210F2012F0C2F90121032012F0BEF971
:1033500001210248BDE8084008F000BB20810020A0
:1033600008B5037803B908BD0021032012F0AEF9B7
:103370000021044808F0F2FA00210F20BDE80840BF
:1033800012F0A4B92081002010B5094C094982B07F
:103390000223009320460C230B2208F07BF9064AF7
:1033A0000649204602B0BDE8104012F051BB00BFF4
:1033B000208100208481002000600020192A030061
:1033C000437C03B1704730B5012285B042740321BC
:1033D000FF22019304468DF803208DF806208DF816
:1033E0000510827B417B8DF800204FF080451A4606
:1033F00002958DF80110057BC3736946037403932E
:103400008DF8025011F0F6FAA37B1F2B86BF03F054
:103410001F030C4A4FF0A04203F5E07340F2013164
:1034200042F82310637B1F2B86BF03F01F0305495F
:103430004FF0A04103F5E07340F2033241F823203E
:1034400005B030BD0003005010B5044611F01AFC61
:103450000023637410BD00BF10B483B002AB03E956
:1034600006009DF805309DF80410026813F1FF3343
:1034700018BF012300240229C2F800451C4603742A
:10348000C17332D003292DD0012925D0224B0099B8
:10349000B3FBF1F3B3F5007FC2F854451FD2FF2B05
:1034A0000FD87F2B24D83F2B25D81F2B26D80F2BA6
:1034B00027D8072B02D819498A4225D04FF000415E
:1034C00001E04FF080610723C2F82415C2F80035EF
:1034D00003B05DF8044B704743F00204D6E74FF0A9
:1034E0000071F0E743F00604D0E743F00404CDE7B1
:1034F0004FF00061E7E74FF08051E4E74FF00051F3
:10350000E1E74FF08041DEE7042B34BF4FF0A051DC
:103510004FF02061D7E700BF0090D00300F00240D9
:1035200003680022C3F80025704700BF002B3AD083
:103530002DE9F047814684B00D4617461E464FF6EA
:10354000FF784FF0000A4645344628BF4446002D18
:1035500014BF2346002300950297361B01938FB1B9
:10356000002269464846039411F0EEFB05B125445C
:103570002744002EE7D104B0BDE8F087CDE900551F
:103580000295361B002269464846CDF80CA011F082
:10359000DBFB4DB94645344628BF4446002EEDD1ED
:1035A00004B0BDE8F08770472544002ECBD1E2E798
:1035B00010B586B006AB012403F8111D002202A944
:1035C0000293CDE90343059411F0BEFB9DF807007B
:1035D00006B010BD1149124A1248134B70B4D46C96
:1035E0000860906D8C734873D2E92840D56DD2F88D
:1035F000AC600D73002201250D711E730B4D9C7381
:103600005873CA730A741A71DA731A741D604A7493
:103610008A605A749A6070BC704700BF7081002045
:10362000DCB0040000F00240848100200030024041
:103630002DE9F047154D089EAC4607468A4691464F
:103640009846BCE80F003C464FF0000E44F804EBEF
:103650000FC49CE807001C3584E807000FCD07F174
:103660003004C7E908A9C7F82880FE620FC42B6898
:1036700023603020C7F844E011F0E2F8044601F07E
:10368000C7F83C603846BDE8F08700BF90A1040051
:1036900010B50446006803685B6C98472068216A8F
:1036A000036882689B6898472068216A03680269FA
:1036B000DB689847004B10BD60610020006803681C
:1036C0009B6C18472DE9F04F057C83B00446407C85
:1036D0000D9F0C9E0196ED0805EBD0053D44284654
:1036E000894690469B4611F0ADF80646284611F0F3
:1036F000A9F88246207C08285FFA89F35FFA88F1EE
:1037000032D843EA0102638932704B4506F1010069
:1037100034D03A46A18913F0B0F8206803685B6B97
:1037200098472068216A0368C268DB689847206868
:1037300003682A4631469D6B5346A8472068216A94
:1037400003680269DB68984720680368DB6B984769
:1037500023894B4517D0304611F076F8504603B018
:10376000BDE8F04F11F070B843EA18226389717018
:10377000D2B24B4506F102003270CAD159463A46E0
:1037800013F057F8C9E7217C01983A460AEBD101BA
:1037900013F04FF8DFE700BF2DE9F04790F804C0C1
:1037A00084B004460F4616461D46BCF1000F00F0DB
:1037B000B480427C53B2002BB8BF0733DB10013B0F
:1037C0005BB2002B0DF10808C0F2BB80B0F80AE034
:1037D0004146D800013B5BB24EFA00FCB3F1FF3F1B
:1037E00001F801CBA0F10800F4D194F810C04FEA21
:1037F000DC0C0CF1FF335BB2581C09D00139D80046
:10380000013B27FA00F05BB201F8010F581CF6D11A
:103810000CEBD20707EB050A504611F013F881466E
:1038200047B1013FFFB2013741463A4613F001F874
:1038300009EB070031462A4612F0FBFFE36A2068D5
:103840000133036865D05B6A984706460BE0206841
:1038500003685B6D9847206803685B6A9847E36973
:10386000801B984263D22068E16A03681B6998470D
:103870000028ECD1504610F0E5FF064620680368AA
:103880005B6B98472068216A0368C268DB689847C9
:103890002068036852469F6B49463346B847206804
:1038A000216A03680269DB68984720680368DB6B5C
:1038B0009847E36A2068013303683ED01B6A012100
:1038C0009847206803685B6A984707460BE02068C2
:1038D00003685B6D9847206803685B6A9847E369F3
:1038E000C01B98420CD22068E16A03681B699847A4
:1038F0000028ECD163691BB115B1E27CB05C98473C
:10390000484610F0A1FF304604B0BDE8F04710F083
:103910009BBFDB6932219847ACE74189CDE900C301
:1039200013463A46FFF7CEFE04B0BDE8F08748469E
:1039300004B0BDE8F04710F087BFDB69012198476C
:10394000D8E7414651E700BF2DE9F04F83B0044668
:103950000C9F807C9DF838500195D51905EBD0055A
:1039600028469DF834A0009116469B4610F06AFF49
:1039700080465EB106F1FF395FFA89F909F1010964
:1039800000994A4612F055FF08EB0900A27CA18974
:1039900007EBD20212F071FFBAF1000F1DD0E26AFC
:1039A0002068013203687CD05B6A984781460DE04D
:1039B000206803685B6D9847206803685B6A9847D6
:1039C000E369A0EB0900984280F085802068E16AF5
:1039D00003681B6998470028EAD1284610F032FF97
:1039E0008146206803685B6B98472068216A0368FA
:1039F000C268DB689847206803682A4641469D6B89
:103A00004B46A8472068216A03680269DB6898472B
:103A100020680368DB6B9847BAF1000F20D0E26A98
:103A20002068013203685FD01B6A01219847206833
:103A300003685B6A984705460BE0206803685B6D86
:103A40009847206803685B6A9847E369401B98427F
:103A500051D22068E16A03681B6998470028ECD1BD
:103A6000636913B30FB3E27C19F802009847A17C95
:103A700006EBD10105463A464944584612F0D9FEB4
:103A8000404610F0E1FE484610F0DEFEFDB9019B15
:103A9000E3B1A569DDB120462B4603B0BDE8F04F88
:103AA0001847DB693221984797E7A17C06EBD101E3
:103AB0003A464944584612F0BCFE404610F0C4FE57
:103AC000484610F0C1FE019B002BE2D11D4628465E
:103AD00003B0BDE8F08F404610F0B6FE6FF43075CD
:103AE000284603B0BDE8F08FDB6901219847636980
:103AF000002BB7D1D9E7A17C06EBD10149443A4666
:103B0000584612F096FE404610F09EFE484610F0D1
:103B10009BFE6FF43075284603B0BDE8F08F00BF00
:103B200090F811C02DE9F04F04464FFA8CF00028B0
:103B3000B8BF07301D46C310013B83B05BB2002BFA
:103B40009DF830609DF8347090460CDBDA0001A8D7
:103B5000013B5BB241FA02FEB3F1FF3F00F801EB1B
:103B6000A2F10802F4D14FEADC0B0BEB050A504638
:103B700010F068FE8146BBF1000F09D001AA12F8CF
:103B8000013B00F8013BA0EB0903DBB29B45F6D8F3
:103B900041462A4612F04DFEE6B1E26A2068013243
:103BA000036871D05B6A984780460CE02068036820
:103BB0005B6D9847206803685B6A9847E369A0EBF0
:103BC0000800984271D22068E16A03681B6998472F
:103BD0000028EBD1504610F035FE8046206803687F
:103BE0005B6B98472068216A0368C268DB68984766
:103BF0002068036852464946D3F838A04346D04768
:103C00002068216A03680269DB68984720680368B6
:103C1000DB6B984706B3E26A2068013203684DD037
:103C20001B6A01219847206803685B6A984706462B
:103C30000BE0206803685B6D9847206803685B6A47
:103C40009847E369801B98423FD22068E16A036885
:103C50001B6998470028ECD16369CBB1C5B1E27C00
:103C600018F8020098470546484610F0EDFD40461A
:103C700010F0EAFDADB99FB1A56995B120462B467C
:103C800003B0BDE8F04F1847DB6932219847A1E740
:103C9000484610F0D9FD404610F0D6FD002FEBD17C
:103CA0003D46284603B0BDE8F08F484610F0CCFDF5
:103CB0006FF43075284603B0BDE8F08FDB69012151
:103CC00098476369002BC9D1E2E7484610F0BCFD74
:103CD000404610F0B9FD6FF43075284603B0BDE8DA
:103CE000F08F00BF2DE9F04F83B00446DDF830803F
:103CF0009DF834909DF838B0019102EB08073846E2
:103D000015469A4610F09EFD06463DB1013DEDB2C6
:103D1000013501992A4612F08CFD70195146424630
:103D200012F087FDB9F1000F1BD0E26A2068013262
:103D3000036874D05B6A984705460BE02068036807
:103D40005B6D9847206803685B6A9847E369401B8E
:103D5000984276D22068E16A03681B699847002878
:103D6000ECD1384610F06EFD0546206803685B6BA9
:103D700098472068216A0368C268DB689847206812
:103D800003683A4631469F6B2B46B8472068216A44
:103D900003680269DB68984720680368DB6B984713
:103DA000B9F1000F20D0E26A20680132036851D0D7
:103DB0001B6A01219847206803685B6A9847074699
:103DC0000BE0206803685B6D9847206803685B6AB6
:103DD0009847E369C01B984243D22068E16A0368B0
:103DE0001B6998470028ECD16369E3B1B8F1000F73
:103DF00019D0E27CA85C98470746304610F024FDB5
:103E0000284610F021FDC7B9BBF1000F14D0A769F7
:103E10009FB120463B4603B0BDE8F04F1847DB6931
:103E2000322198479DE7304610F00EFD284610F0ED
:103E30000BFDBBF1000FEAD15F46384603B0BDE889
:103E4000F08F304610F000FD6FF43077384603B045
:103E5000BDE8F08FDB69012198476369002BC5D16C
:103E6000E1E7304610F0F0FC284610F0EDFC6FF46E
:103E70003077384603B0BDE8F08F00BF2DE9F04140
:103E8000457C6BB2002BB8BF0733DB10013B5BB244
:103E9000002B82B004460CDBC689DA0001A9013B85
:103EA00046FA02F05BB201F8010B581CA2F10802BD
:103EB000F5D1A77CED0805EBD7070137384610F0A0
:103EC000C1FC064645B101AA12F8013B00F8013BCE
:103ED000831BDBB29D42F7D8A27CA189D2080132B4
:103EE00012F0CBFCE36A20680133036800F08580A0
:103EF0005B6A984780460CE0206803685B6D9847D2
:103F0000206803685B6A9847E369A0EB0800984261
:103F100077D22068E16A03681B6998470028EBD1D3
:103F2000384610F08FFC8046206803685B6B98472A
:103F30002068216A0368C268DB68984720680368C4
:103F40003A4631469F6B4346B8472068216A03686A
:103F50000269DB68984720680368DB6B9847E36A6F
:103F600020680133036837D01B6A01219847206815
:103F700003685B6A984707460BE0206803685B6D3F
:103F80009847206803685B6A9847E369C01B9842BA
:103F900040D22068E16A03681B6998470028ECD189
:103FA0006369FBB1E27C18F802009847A37C08EB38
:103FB000D303074630465D5D10F046FC404610F0E6
:103FC00043FC2FB967691FB12846B8470027E08036
:103FD000384602B0BDE8F081DB690121984763698A
:103FE000002BDFD1A37C08EBD30330465D5D10F0DE
:103FF0002BFC404610F028FCE4E7DB6932219847AF
:104000008EE7304610F020FC6FF43077384602B06F
:10401000BDE8F081304610F017FC404610F014FC6B
:104020006FF43077384602B0BDE8F0812DE9F04FEB
:1040300085B01546109A9DF8444001948A4604467E
:10404000AF180293002B40F0FB80837C07EBD30773
:10405000384610F0F7FB0646002D00F0C98046EA0E
:104060000A035A0740F00B810B2D40F20881002D06
:1040700014BF2B46012303934FEAD30B721CAAF102
:10408000080C31460023FCE9028901335FFA83FE04
:104090001046F345E1E8028900F1070002F1080249
:1040A000F1D8039901F0F8038B4206EB03023BD0F1
:1040B00003F1010C5FFA8CFC1AF80310F15465450A
:1040C00002F1010030D9991CC9B21AF80C005070E5
:1040D0008D4202F1020027D9D81C1AF80110917004
:1040E000C1B28D4202F103001ED9181D1AF8011049
:1040F000D170C1B28D4202F1040015D9581D1AF8D1
:1041000001101171C1B28D4202F105000CD90633C4
:10411000DBB21AF8011051719D4202F1060003D979
:104120001AF803309371D01D029B002B60D0109AB7
:104130000E9912F07EFB019B002B63D1384610F0E4
:1041400081FB8046206803685B6B98472068216A82
:104150000368C268DB689847206803683A463146BE
:104160009F6B4346B8472068216A03680269DB6891
:10417000984720680368DB6B9847019B0BB3E26AA2
:1041800020680132036800F086801B6A012198478D
:10419000206803685B6A984707460BE0206803685D
:1041A0005B6D9847206803685B6A9847E369C01BAA
:1041B000984277D22068E16A03681B699847002813
:1041C000ECD167693FB1109B002B6ED0E37C18F8EF
:1041D0000300B8470746029B002B3ED0304610F044
:1041E00033FB404610F030FB384605B0BDE8F08F99
:1041F000109BA27CA18903EBD20212F03EFB019B33
:10420000002B9BD0E26A20680132036821D05B6AF0
:10421000984780460CE0206803685B6D98472068EB
:1042200003685B6A9847E369A0EB080098421DD2D7
:104230002068E16A03681B6998470028EBD17DE795
:10424000384610F0FFFA0646002D7FF408AF3046DE
:104250006DE7DB693221984770E7A17C05EBD1015E
:104260004144DDE90F0212F0E4FAB7E7304610F0FE
:10427000EBFA6FF43077384605B0BDE8F08F0AF1FD
:10428000FF3A30461AF8013F00F8013B831BDBB2CE
:104290009D42F7D848E7DB69012198476769002FFD
:1042A00091D198E76FF4307795E71F4693E700BF09
:1042B0002DE9F041067986B005460C46002E3FD028
:1042C000477C78B20028B8BF0730C010013840B230
:1042D000002804A93EDBB5F808800E464FEAC00C62
:1042E000013840B248FA0CFEB0F1FF3F06F801EB8E
:1042F000ACF1080CF4D195F810E04FEADE0E0EF1A7
:10430000FF3040B2B0F1FF3F0BD0013E4FEAC00C8E
:10431000013840B224FA0CFCB0F1FF3F06F801CF9F
:10432000F4D100240126029201930EEBD702284615
:10433000039600942346FFF779FE06B0BDE8F081AE
:104340000189CDE9003233462246FFF7BBF906B0BA
:10435000BDE8F0810E46CEE790F811C02DE9F0439C
:1043600005464FFA8CF00028B8BF0730C01001385E
:1043700087B040B200289DF838E09DF83C600DF110
:1043800014090CDB4F46C400013840B241FA04F86E
:10439000B0F1FF3F07F8018BA4F10804F4D100202D
:1043A000CDE9023E0192009003464FEADC02494605
:1043B0002846FFF73BFE20B91EB1AB690BB128467A
:1043C000984707B0BDE8F0832DE9F04F8BB0072B7D
:1043D0009DF858509DF850809DF8547005959DF8B3
:1043E0005CB000F22F81B8F1070F00F22B8143453A
:1043F000C0F028811E4603799146002204460D46EE
:104400008DF81F20002B00F00681427C53B2002B58
:10441000B8BF0733DB10013B5BB2002B08A9C0F229
:104420000F81B0F808A08E46D800013B5BB24AFA73
:1044300000FCB3F1FF3F0EF801CBA0F10800F4D16E
:1044400094F810C04FEADC0C0CF1FF335BB2581C3F
:104450000AD00EF1FF3ED800013B25FA00F05BB216
:104460000EF8010F581CF6D101200DF11F0A002390
:10447000CDE902000CEBD202CDE9003A2046FFF76D
:10448000D5FDFF22731CC8F1080802FA03F342FAB3
:1044900008F843EA08039DF81F60DB43DBB289EAB2
:1044A0000602134203D1BBF1000F00F0A18026EAFF
:1044B000030603EA0909237946EA09068DF81E6016
:1044C000002B00F0B280627C53B2002BB8BF0733E0
:1044D000DB10013B5BB2002B08A9C0F2B680B4F838
:1044E0000A8008464FEAC30C013B5BB248FA0CFE57
:1044F000B3F1FF3F00F801EBACF1080CF4D194F8F4
:1045000010C04FEADC0C0CF1FF335BB2B3F1FF3F9C
:104510000BD001384FEAC30E013B5BB225FA0EFE09
:10452000B3F1FF3F00F801EFF4D1002001230CEBC1
:10453000D2020DF11E0CCDE900C0CDE902332046B8
:10454000FFF774FD206803689B6A98474FF47A79F7
:1045500009FB07F983464FF000080127206803682C
:104560009B6A9847A0EB0B0048454FD223798DF802
:104570001F80002B40D0617C4BB2002BB8BF0733AB
:10458000DB10013B5BB2002B3EDBB4F808C0DA0065
:1045900008A8013B5BB24CFA02FEB3F1FF3F00F802
:1045A00001EBA2F10802F4D1227CD208531E5BB2C7
:1045B000B3F1FF3F0BD001384FEAC30C013B5BB2B4
:1045C00025FA0CFCB3F1FF3F00F801CFF4D102EB68
:1045D000D102CDE90277CDE9008A002308A920465F
:1045E000FFF724FD9DF81F30059A73401A42B5D19C
:1045F00000200BB0BDE8F08F21892A46CDE900A745
:104600002046FFF75FF8EDE708A8CDE76FF00F0051
:104610000BB0BDE8F08F01220DF11F0A0189CDE931
:1046200000A22A46FFF74EF82BE761890093012389
:1046300001932A460DF11E032046FFF743F881E758
:104640008E46FDE66FF00A00D3E7084657E700BF45
:10465000F8B5446C24B906E0914205D0183402D074
:104660002278002AF8D1F8BD0646043400F130055E
:1046700000F1440755F8041B002904DB3068226868
:104680000368DB689847AF4204F10404F2D1F8BD37
:1046900021B1034B880143F001031847704700BF65
:1046A00030A2040008467047704700BF006AFEF75A
:1046B00087BE00BF006AFEF7C7BE00BF72B1F8B583
:1046C0004C1E0746A6185D1E14F8011F386AFEF737
:1046D0006FFFB44205F8010FF6D1F8BD704700BF77
:1046E00010F0C0BD4B1C02D0C8B20CF03FBD7047EB
:1046F00008461146421C03D01A46C0B20CF0FCBD5D
:10470000704700BF006AFEF70BBF00BF00F1240333
:1047100093E80600006AFEF79FBE00BF08461146F8
:10472000421C02D01A4610F03FBD0020704700BF67
:1047300008B50A4BDB68D90103D5094B1A68D207C3
:1047400008D40EF0D7FF074BA0FB0323900A40EAE2
:10475000835008BD5868800908BD00BFF0ED00E037
:10476000001000E040420F000DF04ABD08460DF079
:1047700053BD00BF4B1C02D008460DF067BB70470D
:1047800008461146421C02D01A460DF055BA704731
:104790004B1C02D0084610F0B5BF0020704700BF88
:1047A0004B1C084602D0114610F090BF704700BF66
:1047B0004B1C084602D0114610F004BF704700BFE2
:1047C00010B53021044610F041F8204610BD00BF5E
:1047D00090F82C2002B9704702680449126C8A4292
:1047E00002D1006AFEF730BE104700BFB546030095
:1047F00090F82C2002B9704702680449126B8A4273
:1048000002D1006AFEF7DCBD104700BFAD460300D1
:1048100030B585B00125002303210422CDE9012113
:1048200000952A461946044604F080FF07480849C7
:10483000084A20600023204684F8295084F82C5030
:10484000C4E9081284F8283005B030BDC8A10400BE
:104850007081002080841E004AB116290B466FF03B
:104860000800A8BF16238342B8BF0346137009315E
:10487000C9B21F298CBF6FF00C000020704700BF29
:10488000704700BF10B54FF4E47104460FF0DEFF2F
:10489000204610BD9FED167AB4EEC70AF1EE10FA6D
:1048A00023D49FED147AB4EEC70AF1EE10FA1CDCA3
:1048B00038B5D0ED587A70EE677AB3EE047AF0EE40
:1048C000E77AF4EEC77AF1EE10FA054610EE104AD8
:1048D00006DA00EE104A2846BDE8384004F05ABC1B
:1048E00002F01CFA0028F4D038BD6FF00B007047BE
:1048F000000016430000704430B50368124A9B6DF7
:10490000934283B005460C4614D10931CBB21F2B1C
:1049100017D80E4B03EB410013F8112090F901104A
:1049200000241309284602F00F02009404F0FEFB55
:1049300003B030BD002298470028F9D104F10901E5
:10494000E7E76FF00C00F3E75948030068A20400A2
:10495000F0B52DED028B85B005689DF8346080F8C8
:104960005461C0ED540AD5F80851474E9DF9307096
:104970008DF80C10B5428DED020A8DF80D208DF8E2
:104980000E308DF80F7056D1044602F0D3FC18B1EA
:1049900005B0BDEC028BF0BD23683C4ADB6B9DED9E
:1049A000028A934255D1DFED3A7AB4EEE78AF1EE0E
:1049B00010FA59D4DFED377AB4EEE78AF1EE10FA47
:1049C00052DCD4ED587A78EE677AB3EE047AF0EEE2
:1049D000E77AF4EEC77AF1EE10FA32DAB0EE480A6E
:1049E000204604F0D7FB0028D2D10121204602F056
:1049F00007FA0028CCD1236827495A6D9DF90F503A
:104A00008A422DD19B6D254A934230D105F109038D
:104A1000DAB21F2A34D8224A02EB430112F81320DB
:104A200091F9011000251309204602F00F020095AC
:104A300004F07CFBACE702A9A84705B0BDEC028BF3
:104A4000F0BDB0EE480A204602F068F90028C5D053
:104A50009EE7B0EE480A20469847002898D1C4E760
:104A600029462046904793E76FF00B0090E70246F7
:104A700029462046984700288AD105F10903CAE74C
:104A80006FF00C0084E700BFC54B0300954803009E
:104A90000000164300007044F94803005948030021
:104AA00068A2040030B52DED028B91ED010A83B0B0
:104AB0000D46044602F020FC18B103B0BDEC028B99
:104AC00030BD2368394ADB6B95ED008A93424FD1A4
:104AD000DFED377AB4EEE78AF1EE10FA58D4DFED65
:104AE000357AB4EEE78AF1EE10FA51DCD4ED587A5B
:104AF00078EE677AB3EE047AF0EEE77AF4EEC77AEE
:104B0000F1EE10FA2CDAB0EE480A204604F042FB2F
:104B10000028D2D10121204602F072F90028CCD120
:104B2000236825495A6D95F908508A4233D19B6D07
:104B3000224A934223D105F10903DAB21F2A32D85F
:104B40001F4A02EB430112F8132091F901100025CE
:104B50001309204602F00F02009504F0E7FAACE7D3
:104B6000B0EE480A204602F0D9F80028CBD0A4E7DE
:104B7000B0EE480A2046984700289ED1CAE7024670
:104B8000294620469847002897D105F10903D7E721
:104B90006FF00B0091E72946204603B0BDEC028B75
:104BA000BDE8304010476FF00C0086E795480300E1
:104BB0000000164300007044F94803005948030000
:104BC00068A2040030B52DED028B0C4683B08B79C2
:104BD0004A790979054602F0ADFB18B103B0BDEC86
:104BE000028B30BD2B683A4ADB6B94ED008A93420E
:104BF0004FD1DFED387AB4EEE78AF1EE10FA58D4EF
:104C0000DFED357AB4EEE78AF1EE10FA51DCD5ED3E
:104C1000587A78EE677AB3EE047AF0EEE77AF4EE3B
:104C2000C77AF1EE10FA2CDAB0EE480A284604F002
:104C3000B1FA0028D2D10121284602F0E1F800287B
:104C4000CCD12B6825495A6D94F907408A4233D15B
:104C50009B6D234A934223D104F10903DAB21F2A40
:104C600032D8204A02EB430112F8132091F90110C7
:104C700000241309284602F00F02009404F056FAAB
:104C8000ACE7B0EE480A284602F048F80028CBD03E
:104C9000A4E7B0EE480A2846984700289ED1CAE704
:104CA0000246214628469847002897D104F1090377
:104CB000D7E76FF00B0091E72146284603B0BDEC23
:104CC000028BBDE8304010476FF00C0086E700BF54
:104CD000954803000000164300007044F9480300A3
:104CE0005948030068A20400F0B52DED028B04467C
:104CF0004D4B056880ED541A16460F4684F85461F2
:104D000093E80700D5F80051484E87B003ABB54291
:104D100083E807008DF81470CDED040A8DED030AC9
:104D200058D1B0EE600A204602F0E6FA18B107B09A
:104D3000BDEC028BF0BD23683D4ADB6B9DED038A21
:104D4000934256D1DFED3B7AB4EEE78AF1EE10FAEA
:104D50005AD4DFED397AB4EEE78AF1EE10FA53DC7B
:104D6000D4ED587A78EE677AB3EE047AF0EEE77A0B
:104D7000F4EEC77AF1EE10FA33DAB0EE480A2046C4
:104D800004F008FA0028D2D10121204602F038F8B8
:104D90000028CCD1236829495A6D9DF914508A42C4
:104DA0002ED19B6D264A934231D105F10903DAB227
:104DB0001F2A35D8234A02EB430112F8132091F938
:104DC000011000251309204602F00F02009504F09F
:104DD000ADF9ACE719462046A84707B0BDEC028BF9
:104DE000F0BDB0EE480A204601F098FF0028C4D07C
:104DF0009DE7B0EE480A20469847002897D1C3E7C0
:104E000029462046904792E76FF00B008FE7024655
:104E1000294620469847002889D105F10903C9E7AA
:104E20006FF00C0083E700BF38A20400A54A03001E
:104E3000954803000000164300007044F948030041
:104E40005948030068A2040030B52DED028B0C46D2
:104E500083B091ED031AD4ED020A498A94ED010A58
:104E6000054602F0C3F918B103B0BDEC028B30BDAA
:104E70002B683A4ADB6B94ED008A93424FD1DFED09
:104E8000387AB4EEE78AF1EE10FA58D4DFED357ACD
:104E9000B4EEE78AF1EE10FA51DCD5ED587A78EEEF
:104EA000677AB3EE047AF0EEE77AF4EEC77AF1EEC1
:104EB00010FA2CDAB0EE480A284604F06BF9002804
:104EC000D2D10121284601F09BFF0028CCD12B68CC
:104ED00025495A6D94F910408A4233D19B6D234A7B
:104EE000934223D104F10903DAB21F2A32D8204AAF
:104EF00002EB430112F8132091F901100024130969
:104F0000284602F00F02009404F010F9ACE7B0EE6E
:104F1000480A284601F002FF0028CBD0A4E7B0EEF3
:104F2000480A2846984700289ED1CAE702462146EB
:104F300028469847002897D104F10903D7E76FF076
:104F40000B0091E72146284603B0BDEC028BBDE87B
:104F5000304010476FF00C0086E700BF9548030013
:104F60000000164300007044F9480300594803004C
:104F700068A204002DE9F041574DDFF878C12DED0E
:104F8000028B06468E46174698460FCD88B003AC76
:104F90000FC4336886ED542A86F85481D3F8F8306C
:104FA0002A6822606345F0EE607ACDED040A8DF840
:104FB0001CE08DED051ACDED061AADF81E708DEDD5
:104FC000030A5ED1F0EE410A3946B0EE611AB0EE46
:104FD000670A304602F00AF920B108B0BDEC028B36
:104FE000BDE8F08133683D4ADB6B9DED038A934257
:104FF00057D1DFED3B7AB4EEE78AF1EE10FA5BD4DD
:10500000DFED387AB4EEE78AF1EE10FA54DCD6ED33
:10501000587A78EE677AB3EE047AF0EEE77AF4EE37
:10502000C77AF1EE10FA34DAB0EE480A304604F0EE
:10503000B1F80028D1D10121304601F0E1FE00286D
:10504000CBD1336828495A6D9DF91C408A422FD133
:105050009B6D264A934232D104F10903DAB21F2A2A
:1050600036D8234A02EB430112F8132091F90110BC
:1050700000241309304602F00F02009404F056F8A1
:10508000ABE703A93046984708B0BDEC028BBDE8FA
:10509000F081B0EE480A304601F040FE0028C3D04F
:1050A0009BE7B0EE480A30469847002895D1C2E702
:1050B00021463046904790E76FF00B008DE702469F
:1050C000214630469847002887D104F10903C8E7F4
:1050D0006FF00C0081E700BF44A204009548030074
:1050E0000000164300007044F948030059480300CB
:1050F00068A20400494E03002DE9F0412DED028B1A
:105100005F4DDFF898C186B004468E4616461F46AE
:1051100095E80F009DF84080256884ED541A84F8C6
:105120005481D5F8F08002AD85E80F00E0459DF987
:105130003820BDF83C308DF810E08DF811608DF806
:1051400012708DED020ACDED030A8DF81320ADF833
:1051500014306BD13A463146204601F0EBFF20B1C6
:1051600006B0BDEC028BBDE8F08123689DF81010FD
:10517000D3F8E830204698470028F1D123689DED08
:10518000030AD3F8E430204698470028E8D1236882
:105190003C4ADB6B9DED028A934257D1DFED3A7AB0
:1051A000B4EEE78AF1EE10FA59D4DFED387AB4EEB6
:1051B000E78AF1EE10FA52DCD4ED587A78EE677A8D
:1051C000B3EE047AF0EEE77AF4EEC77AF1EE10FA75
:1051D00034DAB0EE480A204603F0DCFF0028BFD1E5
:1051E0000121204601F00CFE0028B9D1236828498E
:1051F0005A6D9DF913508A422DD19B6D254A9342D9
:1052000030D105F10903DAB21F2A35D8224A02EB60
:10521000430112F8132091F90110002513092046CB
:1052200002F00F02009503F081FF99E7294620461E
:10523000C04706B0BDEC028BBDE8F081B0EE480A75
:10524000204601F06BFD0028C3D089E7B0EE480A84
:1052500020469847C2E729462046904780E76FF0EE
:105260000B007DE7024629462046984700287FF438
:1052700077AF05F10903C9E76FF00C0070E700BFD5
:1052800058A2040095480300000016430000704433
:10529000F94803005948030068A20400A152030022
:1052A00030B52DED028B0C4683B08B898A7A497A12
:1052B000054601F03FFF18B103B0BDEC028B30BDD5
:1052C0002B68217AD3F8E830284698470028F3D194
:1052D0002B6894ED010AD3F8E4302846984700285B
:1052E000EAD12B683A4ADB6B94ED008A93424FD1A6
:1052F000DFED387AB4EEE78AF1EE10FA57D4DFED3D
:10530000367AB4EEE78AF1EE10FA50DCD5ED587A31
:1053100078EE677AB3EE047AF0EEE77AF4EEC77AC5
:10532000F1EE10FA2CDAB0EE480A284603F032FF0C
:105330000028C1D10121284601F062FD0028BBD11F
:105340002B6826495A6D94F90B408A4227D19B6DF0
:10535000234A93422ED104F10903DAB21F2A33D82B
:10536000204A02EB430112F8132091F901100024A6
:105370001309284602F00F02009403F0D7FE9BE7C2
:10538000B0EE480A284601F0C9FC0028CBD093E7CC
:10539000B0EE480A2846984700288DD1CAE7214632
:1053A000284603B0BDEC028BBDE8304010476FF0DB
:1053B0000B0081E7024621462846984700287FF4E3
:1053C0007BAF04F10903CBE76FF00C0074E700BF7B
:1053D000954803000000164300007044F94803009C
:1053E0005948030068A20400F0B52DED028B012995
:1053F0008BB0044600F0E980C0F08180022978D1AA
:105400000368AE4AD3F80C51954240F00881AC498C
:10541000AC4AC0F8501105920A2100224FF483755E
:105420008DF81B10ADF8185080F85421D3F80821DE
:10543000A54901238A428DF81A3040F00C811A46A2
:10544000062101F077FF002855D123689F4ADB6BC6
:105450009DED058A934240F01B81DFED9D7AB4EE0D
:10546000E78AF1EE10FA00F11881DFED9A7AB4EED6
:10547000E78AF1EE10FA00F31081D4ED587A78EE55
:10548000677AB3EE047AF0EEE77AF4EEC77AF1EEDB
:1054900010FA80F2EF80B0EE480A204603F07AFE60
:1054A00048BB0121204601F0ABFC20BB23688A49A0
:1054B0005A6D9DF91B508A4240F083809B6D874A4C
:1054C000934240F0ED8005F10903DAB21F2A00F2A1
:1054D000F180834A02EB430112F8132091F9011085
:1054E00000251309204602F00F02009503F01EFE6E
:1054F00001E06FF013000BB0BDEC028BF0BD07684C
:10550000784BD7F8FC509D4240F09680764EDFF8FD
:10551000B0C1C4F850C10FCE05AD0FC5002384F84B
:105520005431D7F8F830714A9FED711A316829600B
:1055300093428DED081A40F091801021F1EE040A9B
:105540009FED6C0A204601F051FE0028D3D123685C
:105550005E4ADB6B9DED058A934240F09480DFED5F
:105560005C7AB4EEE78AF1EE10FA00F19680DFED96
:10557000597AB4EEE78AF1EE10FA00F38E80D4ED9A
:10558000587A78EE677AB3EE047AF0EEE77AF4EEC2
:10559000C77AF1EE10FA65DAB0EE480A204603F059
:1055A000F9FD0028A7D10121204601F029FC00289F
:1055B000A1D1236848495A6D9DF924508A423FF48D
:1055C0007DAF29462046904795E706684A4BD6F8B6
:1055D000F4509D4213D1494B394FC4F850710FCB51
:1055E000002705AD84F8547185E80F00D6F8F03037
:1055F0002946204698470BB0BDEC028BF0BD0A212E
:10560000082200238DE80E009FED3D1ADFED3D0AD4
:105610009FED3D0A122307220921A8476BE70021CD
:105620000A220123CDE90021DFED350A9FED360A7C
:105630001A460621A8475EE700239FED312ADFEDD9
:105640002C1ADFED2C0A9FED300A10220A21B1EE50
:10565000041AA8474FE705A990474CE705A920463B
:10566000984748E7B0EE480A204601F057FB00286B
:1056700092D040E7B0EE480A204601F04FFB0028E8
:105680003FF409AF37E7B0EE480A2046984788E76D
:10569000B0EE480A2046984702E76FF00B002AE771
:1056A000024629462046984700287FF424AF05F19A
:1056B00009030EE76FF00C001DE700BF514903001E
:1056C000CDCCCC3F0000D943C54B03009548030027
:1056D0000000164300007044F948030059480300D5
:1056E00068A20400754F030044A20400494E030061
:1056F00033331C439A999940F950030058A204008F
:10570000CDCCCC3F0000FA420000D94310B504468E
:1057100001F0EAF9034A044B2260C4F858312046EC
:1057200010BD00BFB8A20400A8A2040070B5074BCA
:1057300005460FCB84B02E686C4684E80F00D6F87F
:10574000A03021462846984704B070BDC8A3040085
:1057500010B582B0036800220092DC6940F2722228
:1057600002236FF07F41A04702B010BD82B0F0B4B9
:10577000012904A880E80C009DF81E209DF81F3028
:105780003AD00FD3022904D06FF01300F0BC02B05E
:1057900070479DF81130032B00F2BF80DFE803F063
:1057A000B2ACA876BDF81C109DED046ADFED5C5A22
:1057B00007EE902ADB0006EE901AB8EEE77A07EEC5
:1057C000903A099BF8EEE66ADB0076EE876AF8EE1F
:1057D000E77A07EE103A76EEA77AB8EE477A66EEE9
:1057E000256A37EE877AF0BCC7EE267A02B0FCEE67
:1057F000E77A17EE900A70479DF81010DDED056A04
:105800009DF8204042F21070884007EE100AF2EE38
:10581000047AB8EE477A66EEA76A481FC7EE267A82
:10582000C0B2022835BF1925112500260826FCEE36
:10583000E77A17EE900A24BB8C00E4B2099F07EBCD
:105840004303C1EB4301002A06EB81030CBF142183
:1058500000211944BDF81C209DF81860631E09B290
:105860000029A8BF5B18083293FBF4F39BB206FB38
:10587000032305EB8303F0BC00FB03F0800802B0B8
:10588000704701F13E04A400E4B2D7E7099B03EBA3
:1058900043039BB22349A1FB0321490901EB810288
:1058A00001EB410102EB8202A3EB011352009BB218
:1058B00092B213B1023313449AB29DF81C101A4BE2
:1058C0009FED1A7AC1EBC10001EBC00102EB41026E
:1058D00092B203FB02F307EE903AF8EE677AF0BC5F
:1058E00067EE877A02B0FCEEE77A17EE900A70470F
:1058F000099B5B009BB2CDE7099B03EB4303C3F31A
:105900004F03C7E7099B0A4A03EB43035B000433D9
:10591000A2FB0323C3F38F03BCE76FF0090035E755
:105920006F12833AABAAAAAA00127A00AD37063BDF
:10593000CDCCCCCC07EE901A9FED057AF8EE677AC5
:1059400067EE877AFCEEE77A17EE900A704700BFA1
:105950006F12833D036889B2D3F8EC30184700BF5B
:105960000368D3F8DC301847D0F86801704700BFEF
:1059700000F00E03062B0BD0082B0CD00A2B0CD0FA
:105980000138C0B2FD288CBF6FF0010000207047C5
:105990006FF430707047024870470248704700BF8C
:1059A0003EFDFFFF3DFDFFFF704700BFA9B110B5F1
:1059B0000C4602F0E5FA01280CD005D3032806D1E5
:1059C00002232370002010BD0020207010BD6FF056
:1059D000130010BD2070002010BD6FF00200704752
:1059E00008B50221D0F86801FEF732FE4FF0FF3013
:1059F00008BD00BF30B504460D4683B0D0F868013D
:105A000094F86411FEF724FE25B12946204602F0E1
:105A10008DFA48B901220023D4F86801D121CDE9DB
:105A200000221A46FEF77CF803B030BD00B583B003
:105A30008AB200231146009302F03CFA03B05DF8ED
:105A400004FB00BF00B585B004AA002322F8043D82
:105A50000123D0F868011221CDE900330223FEF7BB
:105A60007BFCBDF80C0040BA80B205B05DF804FBC9
:105A70002DE9F04186B000240646FF270225D0F824
:105A800068010394CDE901572346224640F6E2011E
:105A90000094FEF799FCD6F8680123462246CDE92A
:105AA0000274CDE9004540F6E501FEF78DFC6FF08C
:105AB0007F41304602F034F9D6F86831186803683F
:105AC0000A21DB6998472546274601230DF1170275
:105AD00040F6190130468DF8177002F0B3F99DF8C1
:105AE000170000F00100A04001342843082CC5B283
:105AF000EBD133684FF0FF08022430461B6998470A
:105B0000D6F8680103970097CDE9014800230122E8
:105B100040F6E201FEF758FCD6F868010397CDE99C
:105B2000014800970023012240F6E501FEF74CFCF6
:105B3000284606B0BDE8F08138B590F83810022943
:105B4000044626D0032903D06FF01805284638BD37
:105B500090F86411D0F86801FEF77AFD0021204624
:105B600002F0C8F8054630B1F0E7D4F8683118689B
:105B700003685B6D9847D4F868311868D96A036880
:105B80001B6998470028F0D1002384F83830284654
:105B900038BDD0F86801FEF75BFDD4F8A4112046AB
:105BA00002F0BEF80023054684F83830EFE700BF66
:105BB00010B5D0F868310446186803681B69984727
:105BC000C1B22046BDE8104003F060BC10B54FF4F0
:105BD000E47104460EF03AFE204610BD10B503688D
:105BE00044F2FF31D3F8EC300446984700B110BDC1
:105BF000236820461B69BDE810401847F0B583B004
:105C00000E46054602F0BCF9012836D12B6828461D
:105C10001B699847044610B1204603B0F0BD02212D
:105C2000D5F86801FEF714FDB168284603F018FCAA
:105C3000F1680746284603F013FC009482B223461D
:105C4000B9B2284602F036F904460028E4D12B68A0
:105C500044F2FF31D3F8EC30284698470446002838
:105C6000DAD17068F478B378727831780190009462
:105C7000284602F06DF80446CEE76FF01304CBE738
:105C800010B5044602F07CF9012802D0BBEE040AEC
:105C900010BD204602F0BCFA000A030654BFC0B291
:105CA00060F0FF0010F0B8F80022044B10F01EF96D
:105CB00010F02EFB00EE100A10BD00BF0000D03F18
:105CC00008B502F0A5FAC0B210F0A6F80022044B05
:105CD00010F00CF910F01CFB00EE100A08BD00BF1C
:105CE0000000E0BF10B584B0044602F049F9012875
:105CF00003D194F87031012B10D004AA002322F8AC
:105D0000043D0123D4F868011321CDE900330223B7
:105D1000FEF722FB9DF80C0004B010BDD4F89C01E6
:105D200004B010BDF0B52B4B2B4F04460FCB2568AC
:105D3000D5F8946087B002ADBE4285E80F003FD130
:105D4000204602F01DF9012841D1236820461B6935
:105D50009847054610B1284607B0F0BD0221D4F897
:105D60006801FEF775FC0499204603F079FB05995C
:105D70000646204603F074FB009582B22B46B1B272
:105D8000204602F097F805460028E4D1236844F243
:105D9000FF31D3F8EC302046984705460028DAD189
:105DA00003989DF80B50019000959DF80A309DF8DE
:105DB00009209DF80810204601F0CAFF0546CAE7F1
:105DC00029462046B0470546284607B0F0BD6FF08B
:105DD0001305C0E7C8A30400FD5B0300F0B503682A
:105DE00083B01B6905469847044610B1204603B0AE
:105DF000F0BD95F87031012B0AD02B682846D3F8F6
:105E0000EC3044F2FF3198470446204603B0F0BD21
:105E1000284602F0B5F801280646EED102AA03464C
:105E200002F8024D40F60211284602F003F804463B
:105E30000028DBD102AF334607F8010D40F64411CC
:105E40003A46284601F0FEFF04460028CED19DF8D0
:105E50000740334644F002043A4640F644112846CF
:105E60008DF8074001F0E6FF04460028BED1C4E7E4
:105E70002DE9F041044684B0D0F8680116460F467B
:105E8000FDF7FCFF2368324AD3F88430934205467D
:105E90005AD104AA002322F8043D0123D4F8680152
:105EA0001221CDE900330223FEF756FABDF80C00AB
:105EB00040BA80B26FF430739D423CD0A5BB43061C
:105EC00036D400F0300020280CBF6FF006084FF0E9
:105ED0000008204602F054F804AA002322F8043DEA
:105EE0000123D4F868011321CDE900330223FEF722
:105EF00033FA9DF80D309DF80C2016B1B24228BF40
:105F00003246D2B23946204601F0C0FF054658B9A4
:105F100023682046D3F8EC3044F2FF319847B8F1BB
:105F2000000F14BF45460546284604B0BDE8F08181
:105F30006FF00608CDE710F4007F18BF6FF005057D
:105F4000284604B0BDE8F08120469847B2E700BF7C
:105F5000455A030010B584B0044602F011F8012838
:105F600003D06FF0130004B010BD22681349D2F8BB
:105F700084208A421ED104AA0346002122F8041D6F
:105F8000D4F868011221CDE900330223FEF7E4F9C9
:105F9000BDF80C0040BA80B2C30508D410F0800FE1
:105FA0000CBF4FF0FF306FF00E0004B010BD04487E
:105FB00004B010BD20469047EEE700BF455A0300ED
:105FC00042FDFFFF2DE9F0410F46016884B00969E9
:105FD000044616461D46884728BB6DB92368454DC3
:105FE000DB6F002E14BF3146FF212046984700EB9F
:105FF0008000A5FB0035AD0907EE905A9FED3E7A73
:106000002368F8EE677A002267EE877A0092FCEE4A
:10601000E77AD3F81C8017EE901A022340F272221E
:106020002046C04710B104B0BDE8F081D4F8683113
:10603000186803685B6A984780460FE0D4F86831B7
:10604000186803685B6D9847D4F86831186803686E
:106050005B6A9847A0EB0800854232D3D4F86831D8
:106060001868596A03681B6998470028E6D02368B6
:1060700020461B6998470346002836D123681F4AEB
:10608000D3F8843093422DD104AA002322F8043D92
:106090000123D4F868011221CDE900330223FEF771
:1060A0005BF9BDF80C0040BA80B2626B2368104205
:1060B00012D11B6B324639462046984704B0BDE8E2
:1060C000F081236820461B699847034618B16FF496
:1060D00030729342A7D12368DB6A204698476FF05D
:1060E0000500A0E720469847DFE76FF4307293423F
:1060F00099D1C3E7D34D621000008042455A030096
:10610000F0B50368484AD3F89430934285B004460A
:106110005CD10E4601F034FF012852D1236820469D
:106120001B699847054610B1284605B0F0BD02210D
:10613000D4F86801FEF78CFAB168204603F090F9B4
:10614000F1680746204603F08BF9009582B22B4692
:10615000B9B2204601F0AEFE05460028E4D123681E
:1061600044F2FF31D3F8EC3020469847054600282A
:10617000DAD17568F078B37872783178CDE90005B6
:10618000204601F0E5FD054635B1CDE7D4F868318C
:10619000186803685B6D9847D4F868311868596AC5
:1061A00003681B6998470028F0D023681F4AD3F87A
:1061B0009830934220462CD101F0E2FE012803469C
:1061C00007D06FF01305284605B0F0BD9847054687
:1061D000DAE722681649D2F884208A4220D104AA3C
:1061E000002122F8041DD4F868011221CDE9003302
:1061F0000223FEF7B1F8BDF80C0040BA80B2C30527
:106200000CD410F0800F0CBF4FF0FF356FF00E056F
:106210008AE798470546284605B0F0BD054D83E757
:1062200020469047EBE700BFFD5B0300555F03008E
:10623000455A030042FDFFFF2DE9F0470F46016874
:1062400084B0096904461646984688470546D8B979
:1062500094F86D31042B06D9072E40F2C48094F8CF
:106260006F31012B50D0FF2E50D823683146DB6FA1
:1062700020469847824620684346456A324639465A
:106280002046A847054618B1284604B0BDE8F08767
:10629000204601F075FED4F86831564EDFF85C8177
:1062A0008146186803685B6A98470AEB8A0AA6FB6E
:1062B0000A36B6090746053607E0D4F8683118688B
:1062C000596A03681B69984718BBD4F86831186885
:1062D00003685B6D9847D4F86831186803685B6A97
:1062E0009847C01B8642E8D2236843499A6A8A428B
:1062F00058D1D3F8EC3044F2FF31204698470028BB
:1063000049D06FF00405BFE7FD2EACD96FF003054F
:10631000BAE7B9F1030F226851D1D2F8843043456E
:1063200045D10123D4F86801ADF80C50CDE9003314
:1063300003AA02231221FEF70FF8BDF80C0040BAA1
:1063400080B210F00103226839D1D2F8842042458E
:1063500030D1ADF80C300123D4F8680103AACDE99F
:10636000003312210223FDF7F7FFBDF80C305BBAB2
:106370005A04AAD5D4F8C411204601F00F0101F047
:10638000B1FB0028A1D1236844F2FF31D3F8EC30EF
:106390002046984799E7236820461B6998476FF085
:1063A000040571E7204690476FF004056CE720462E
:1063B0009847C6E720469047430486D5DAE7936AB4
:1063C0000D498B4212D1D2F8EC3044F2FF31204615
:1063D0009847054600287FF457AF236820461B697D
:1063E0009847054650E76FF01D054DE72046984752
:1063F000054649E7D34D6210DD5B0300455A0300B3
:106400002DE9F04F8FB00F46054601F0B9FD08AEFB
:106410000DF1100C0024012874600894B4600494F9
:10642000ACF8044056D00346A0B1032800F0218107
:10643000022840F0DD8095ED5F7A9FEDC96ADFEDBF
:10644000C97AB8EE477A2346C6EE076AA346CDED71
:10645000086A1AE0D5ED5F7A9FEDC16A95F8872149
:10646000B8EE677AD5ED607AC6EE076A12F0FB02E5
:10647000F8EE677ACDED086A40F0B6800123B5F8F2
:106480008C2195F888B1ADF810202968B64AD1F86A
:10649000788090454FF0000400F0AF80A646224679
:1064A0008DF813308DF812B08DF814409CE803007D
:1064B0008DF828E00A9B0190ADF80810CDED097A1F
:1064C000039700931146284696E80C00C0470FB08A
:1064D000BDE8F08F95F86DE1BEF1040F7FD9BEF1F4
:1064E000070F08BF4FF0080E2A6895F86F3195F82E
:1064F000709195F86EA1D2F878809B4A95F86C114E
:106500008DF82010003318BF0123A9F1010B1AF1F7
:106510000004B5F87211ADF81010BBFA8BFB18BF70
:10652000012490454FEA5B1BD5ED5D7A40F09F80DA
:10653000CDED097A8DF828E096E807000EAD05E963
:1065400007009DF82C508DF812B042F21072AA404C
:1065500006EE902AB2EE047AF8EE666A27EE877AA3
:106560008DF81330C6EE877A8DF814409CE803004E
:106570006A1FD2B2022A069035BF192111210022CA
:106580000822FCEEE77A17EE900ABAF1000F00F04D
:10659000968005F13E04A400E4B207EB4303B9F191
:1065A000010FC5EB430302EB830314BF1422002247
:1065B0001344BDF818501AB2631E002AA8BF9B18D6
:1065C00005F1080293FBF4F39BB20EFB032E01EBE3
:1065D0008E0E00FB0EF080080FB0BDE8F08F0EF1BC
:1065E000040E5FFA8EFE7FE7022A08BF022346E709
:1065F0006FF013000FB0BDE8F08FCDED097A8DF884
:10660000284096E807008DF813308DF814408DF877
:1066100012B00EAC04E907009CE8030080B207EE5C
:10662000900AFF00F8EEE76A07EE907A07EE10BADC
:10663000F8EE677AB8EEC77A76EEA77A1BB2DB007F
:1066400077EE877A07EE103ADDED0B6A9FED476A29
:10665000B8EEC77A66EE866A37EE877AC7EE267A94
:10666000FCEEE77A17EE900A0FB0BDE8F08F01223A
:1066700016E729683C4BD1F8788095F8A9118DF878
:10668000201095F8A8118DF8211095F8AF118DF80C
:106690002210984595F8AA118DF8101058D196E857
:1066A00007000EAB03E907009CE803009DF82D30BE
:1066B0000690032B49D8DFE803F03E393605AC00DD
:1066C000E4B26AE707EB4707BFB2294AA2FB0732E9
:1066D000520902EB820302EB4202A7EB021703EB23
:1066E00083035A00BFB292B217B102373A4492B252
:1066F0009DF818101F4B9FED207AC1EBC10001EBF4
:10670000C00102EB410292B203FB02F307EE903AA2
:10671000F8EE677A67EE877AFCEEE77A17EE900A72
:106720000FB0BDE8F08F7F00BFB2CEE707EB4707A1
:10673000C7F34F07C9E707EB47077F000F4B043745
:10674000A3FB0737C7F38F07BFE76FF0090043E7E5
:106750002346A346A646DFED037A0222A0E600BF49
:1067600000007A49000000006D5703006F12833A61
:10677000ABAAAAAA00127A00AD37063BCDCCCCCC8E
:106780002DE9F0410229C8B00E46174604465DD0F7
:10679000032956D15368FF2B00F2748101F0F0FBFE
:1067A0000128054600F0E080002800F0B2800228B1
:1067B00000F0E980032840F06881002344F20102E0
:1067C00000931146204601F075FB00283BD102469C
:1067D0000146204601F0F8FCA8BB032D00F0EA803A
:1067E00003463A793968204601F03CFB58BB2368E0
:1067F00044F2FF31D3F8EC3020469847054610BBF1
:1068000008AA012340F6890120468DF8205001F0A6
:1068100019FBC0B9204601F0B3FB012800F04B8101
:106820009DF8200040F004008DF8200008AA012304
:1068300040F68901204601F0FDFA20B984F838605D
:1068400001E06FF0180048B0BDE8F08190F87031B9
:10685000012B00F08280236820461B69984700289E
:10686000F1D13A686FF07F439A4203D0BB6843F49A
:106870000073BB607968204602F0F2FDB9680546F6
:10688000204602F0EDFD002382B2A9B2009320461B
:1068900001F010FB0028D6D102460146204601F047
:1068A00093FC0028CFD1236844F2FF31D3F8EC30B9
:1068B000204698470028C6D1204601F061FB0128F8
:1068C00000F0E980002840F0E08094F88A01B4F8F4
:1068D0008C1194F8842194F8873194F888C194F845
:1068E00089E1002840F0D48094F89C81CDF808E03C
:1068F0000025CDE90308CDE900C5204601F00AFCDA
:106900003B685A1C04BF6FF07F433B60C4F8A4315E
:1069100094E797F804C094F88A0194F8873194F8C2
:106920008421B4F88C110195CDF810C094F889C178
:10693000039094F888010090CDF808C0204601F03B
:10694000E9FB00287FF47FAF00900346012240F26C
:106950000121204601F0AEFA37E7D368002B3FF45F
:106960007AAFC0F89C3176E794F8700194F8A0C132
:106970003B7994F86F21B4F87211CDE9000C2046F0
:1069800001F09EFBDDE77968D4F87C31C800642B08
:1069900080B241F6705E43F20F7C40F2E14300901A
:1069A00040F62F12C9B204BF73466246204601F07A
:1069B000DDFBC6E7204600F0C3FF00287FF443AFAD
:1069C00094F8AA31C3F10403002B0ADD05462046E2
:1069D00001F062F894F8AA310135C3F10403AB4227
:1069E000F5DC0025FF22002108A80FF046FFC4F8BF
:1069F000BC51C4F8C051C4F8C451D7E9001204F521
:106A0000E07004F5DE7307AFCDE90130009708AB05
:106A10002046079500F0DEFC00287FF414AF034603
:106A200008A93A78204601F01DFA00287FF40BAF40
:106A30003B68D4F8C0018DF8193001218DF8181089
:106A40008DF81A0006AA032340F28531204601F092
:106A5000F1F900287FF4F7AE94F8C031102B1F46EF
:106A600028BF1027002B3FF4C2AE054602E0BD420E
:106A70003FF4BDAEE9B2204601F034F801350028FC
:106A8000F5D0E0E66FF00300DDE64FF0FF30DAE628
:106A90004FF0FF082AE794F8700194F8A05194F899
:106AA0009C3194F86F21B4F87211CDE900052046AD
:106AB00001F006FB24E7D4ED5D7ADFED096A9FED76
:106AC000097A9DF8200077EEE67AF0EEE77AF4EEA8
:106AD000C77AF1EE10FA3FF6A3AE00F0FB00A3E692
:106AE0000000FA436F12833AF8B504460F4602F0ED
:106AF00091FC3848384B0069C4F85031002240F20C
:106B00000163A4F8A831C4F8AB0100230320C4F842
:106B10006021C4F87421C4F8902130492160012219
:106B200084F84D3184F85431C4F8583184F85C311C
:106B3000C4F86C3184F87031A4F87231C4F87C3137
:106B4000C4F88031C4F88431A4F8883184F88A31DB
:106B5000A4F88C31C4F8943184F8983184F89931D0
:106B600084F89A31C4F89C3184F8A031C4F8A43177
:106B700084F8AF3184F8640184F8AA0184F878219C
:106B8000FF25C4F8B0310220042122610822A5604B
:106B9000606120254020A161E26180214FF4807274
:106BA000C4F8B431A4F8B831C4F8BC31C4F8C03169
:106BB000C4F8C431C4E909501023C4E90B12084ECB
:106BC00023624FF40073C4F8687166606363204603
:106BD000F8BD00BFC8A30400CDCCCC3FE8A304009F
:106BE0000024743F10B4032ABDF8044013D80929C7
:106BF00080F8A82112D85A1E032A80F8A91110D8AB
:106C0000B4F5007F80F8AA310ED2A0F8B841002078
:106C10005DF8044B70476FF00900F9E76FF007006B
:106C2000F6E76FF00A00F3E76FF06900F0E700BFE6
:106C300070B5D0F86831044618680D46996A036843
:106C400082689B689847D4F868311868996A036825
:106C5000C268DB689847D4F8683118680368012176
:106C6000DB699847D4F868311868996A0368026943
:106C7000DB68984715B90025284670BDD4F86831FF
:106C8000186803685B6A9847064611E0D4F86831D3
:106C9000186803685B6A9847801BB0F57A7F4FF0ED
:106CA0000A01E9D2D4F8683118680368DB699847AB
:106CB000236820461B69984705460028E6D1DAE795
:106CC00000B585B0B9B904AA012302F8011DD0F8B6
:106CD00068011521CDE90033FDF73EFB9DF80F302B
:106CE00000EE103AB8EE400AFEEE007A20EE270AD7
:106CF00005B05DF804FB01F08BFAC0B20FF08CF820
:106D00000022054B0FF0F2F80FF002FB00EE100A24
:106D100005B05DF804FB00BF0000E0BF30B5FDEE3C
:106D2000C07A2DED048B17EE903A85B0A3F286322F
:106D300000211A2A0546ADF808100BD84EF6E113CB
:106D4000ADF80830284602A901F00AF905B0BDECFB
:106D5000048B30BDA3F25F32072A04D84DF6D73337
:106D6000ADF80830EEE7A3F20B32082A08D9A3F5F4
:106D7000EB72282A09D848F27513ADF80830E1E71C
:106D80004CF2C153ADF80830DCE7A3F5D7730A2BFA
:106D900031D9B1EE049AB0EE408A30EE490AF5EEF0
:106DA000008A20EE280A0EF09FFE38EE098AFCEEDB
:106DB000C07A28EE280ACDED017A0EF04FFE9DF83C
:106DC0000440FCEEC07AE207CDED017A9DF8043074
:106DD00001D4013CE4B2D9075CBF0133DBB22846E1
:106DE00003A98DF80C408DF80D3001F0B9F805B00D
:106DF000BDEC048B30BD46F66B73ADF80830A1E7EF
:106E0000F0B583B002AC002304F8013D0F462246E2
:106E1000012340F6D801064601F014F878B99DF830
:106E2000075077B925F01E0545F008052246304683
:106E3000012340F6D8018DF8075000F0FBFF03B0A6
:106E4000F0BD45F01E05F1E7F0B583B002AC0023BC
:106E500004F8013D0F462246012340F236710646F2
:106E600000F0F0FF80B99DF80750012F0CBF05F02E
:106E7000FB0545F0040522463046012340F23671F9
:106E80008DF8075000F0D6FF03B0F0BDF0B585B027
:106E9000044601F075F8F0B9D4F87C31D4F86811E3
:106EA000B3F5966F46D0FF260225B3F5167F4FF057
:106EB0000303039000930846CDE901564FF0040305
:106EC00047D0082240F2D161FDF77EFA024630B188
:106ED000104605B0F0BD0022104605B0F0BDD4F854
:106EE00068010423CDE90262CDE9005540F69B011B
:106EF000FDF76AFA02460028EAD10427D4F86801AF
:106F00000392CDE90156102200973B4640F6B801A6
:106F1000FDF75AFA02460028DAD1D4F868010623B0
:106F2000CDE90262CDE9007540F2AC61FDF74CFAA3
:106F30000246CDE70423FF25022402460390CDE953
:106F400001450846009340F6B801FDF73DFA0246B8
:106F5000BEE7182240F2D161FDF736FA024600285A
:106F6000B6D10423D4F868010392CDE901561A463C
:106F7000009540F69B01FDF727FA02460028A7D1AD
:106F80000427D4F868010392CDE9015600973B46E7
:106F900040F6B801FDF718FA0246002898D1D4F857
:106FA00068010623CDE90262CDE90075502240F266
:106FB000AC61FDF709FA02468AE700BF2DE9F0410E
:106FC000044684B0D0F868018846FCF761FBD4F829
:106FD00068311868596AD0E900329B689847D4F83C
:106FE00068311868D96AD0E900329B689847D4F8AC
:106FF00068314D4A10211974D4F868310821597448
:10700000D4F868110123CB74D4F868111D200881CD
:10701000D4F868110D204881D4F8681100258D81BD
:10702000D4F86811C020C881D4F868110B71D4F865
:1070300068315A61D4F858710A26237B002B46D157
:107040006B4610224FF44871D4F86801CDE9005521
:10705000CDE90255FDF72CF969460622384610F0B5
:10706000E0FA0A21F8B994ED540AB5EEC00AF1EE3F
:1070700010FA06DD41F28831204601F06FFF054627
:1070800068B94146204602F093F8054620BB94F8C3
:107090005431002B40D1204601F0D2FE054628464F
:1070A00004B0BDE8F081D4F8683118680368DB6982
:1070B0009847731E13F0FF06BFD1D4F86801FCF7A0
:1070C000FDFA6FF00105284604B0BDE8F08101210A
:1070D0002046FFF7ADFDB3E7236820461B699847BC
:1070E000204601F0B3F8114B9D42D8D18306D6D586
:1070F0009FED0F0A41F2883184ED540A204601F0D9
:107100002DFF05460028CAD14146204602F050F81E
:1071100005460028C3D1BAE7204601F08DFE05469A
:10712000284604B0BDE8F081715903003DFDFFFF22
:1071300000000000F0B52A4DC0F874511D4606232A
:10714000284E80F85C310F460023FF2183B0C0F841
:107150006C61C0F89C11A0F87251C0F8943180F8AD
:107160007031012104461646FFF728FF08B103B02D
:10717000F0BD02463946204601F0D8F90028F6D184
:1071800031464422204601F007FA0028EFD1236857
:1071900029461B6E204698470028E8D19FED120A29
:1071A000204601F01DFA0028E1D10121204601F01E
:1071B000ABFF0028DBD10123009341F60F5241F2CF
:1071C00021030221204601F075FD0028CFD123685C
:1071D0001B6D0146204603B0BDE8F040184700BFD4
:1071E0000000FA43090300010000704270B545F247
:1071F00055332DED048B4CF6CC42C0F87C311A236C
:107200003A4EC0F8802180F885310922062384B0E7
:107210000D46A0F88C11C0F8906180F8862180F8A6
:10722000873100210446B0EE408AF0EE608AB0EE6D
:10723000419AFFF7C3FE18B104B0BDEC048B70BDDA
:107240002368B0EE480A1B6C204698470028F3D10B
:107250002368B0EE680A5B6C204698470028EBD1A3
:10726000B0EE490A204601F01DFC0028E4D19FED54
:10727000200A204601F0B4F90028DDD12368294610
:107280001B6E204698470028D6D11A4A2368908A58
:10729000DB6D04A9022221F8040D2046984700283E
:1072A000CAD1236801469B6C204698470028C3D169
:1072B00023680146DB6C204698470028BCD1FF219B
:1072C000204601F075FD0028B6D10125009541F258
:1072D000210341F60F520221204601F0EBFC002869
:1072E000AAD12946204601F00FFFA5E733331C43FE
:1072F00000007042C8A3040010B502212DED028BDE
:107300000446B0EE408AFFF759FE10B1BDEC028B87
:1073100010BD2368B0EE480A1B6C20469847002831
:10732000F4D1BDEC028B20460121BDE8104001F0F4
:10733000EBBE00BF70B50D4686B080F8AF310321BB
:1073400004461646FFF73AFE08B106B070BD9FED41
:107350001F0A204601F044F90028F6D101212046F9
:1073600001F0D2FE0028F0D1CDE90300CDE9010003
:107370000090034602460146204600F0CBFE00285E
:10738000E3D10B22236884F88501C4F8800184F8D6
:1073900086211B6C9FED0E0A204698470028D4D109
:1073A000032E0DD8092D84F8A8610CD803224FF4C0
:1073B000807384F8A95184F8AA21A4F8B831C4E7ED
:1073C0006FF00900C1E76FF00700BEE700007042F0
:1073D0000000FA3E2DE9F04FADF52B7D1C460590DF
:1073E0000892D2B18D18013D0139601EFF231A1198
:1073F00011F8016F82EA531282EAD3025E4002F072
:10740000010282EAD312370942EA430347EA061629
:107410008D42DBB200F8016FE9D1DDF820C0CE4823
:1074200062464FF6FF7E0025102747F25B56214645
:10743000C0E9016E0770961C6746C56002F06EF8E1
:10744000E319C0F30722E255294658704FF4187229
:10745000F300A55512A81E4609930FF00EFA03215A
:10746000BE480B9502F0A8F80BAB0093B21D12AB0F
:107470002146BA4802F0A4F82946FF2220460FF020
:10748000FCF9059B93F8A8C1BCF1030F00F04C82F6
:10749000B34BDDF82C800FCB0EAF3E4607C626F867
:1074A000023BBCF1020F4FEA134333709CBFAD4B5C
:1074B00013F80C50B8F1000F00F0398200218A4611
:1074C00008464FF001096FEA0A0303F0070317F8B3
:1074D00000C0CA4309FA03F34FEAD10E4FEADA06B5
:1074E00002F007025BB2BCF1000F12D00DF1480CA4
:1074F0000AF1010A1CF80EC014F906E04CFA02F277
:1075000012F0010F43EA0E020ABF2EEA0303A2554E
:10751000A3550130A84200F0B38101318845D2D192
:107520000AF10702D208214612A8CDF82CA00FF0CC
:1075300080F9059B93F8AA31C3EBC30203EBC202A7
:10754000520092B29446BAF1000F00F087800022F8
:10755000013292B202FB02F15145F9D30FFA8AF1DE
:107560004FEA420E00294FEA520204911FFA8EFEA2
:10757000079273DD0020CDF808A0039007464FF076
:107580000109E2464FEADA026FEA0A03A15CCDF88C
:1075900018A003F0070309FA03F321EA03010AF133
:1075A0000103A154DA10DB43A15C03F0070309FADD
:1075B00003F321EA0303A354049B6FF00208302B6A
:1075C000A8EB0A08A8BF30230AF1020BDDF81CA0C3
:1075D0009C460026C0F3CF0212A9A8EB06038D5CDF
:1075E0000BEB0601C910C24303F0070302F00702C8
:1075F00045FA02F209FA03F365565BB212F0010F85
:1076000025EA030208BF62547044029A18BF2B4354
:1076100080B218BF635490420AEB070309D39FB2AC
:10762000039BBE4503F101039DBF9FB238460397FC
:107630003846013633B26345CCDB049BDDF818A035
:10764000303B1BB20CF1020CE244002B04931FFAF6
:107650008AFA97DC059B93F8AA31D446059A9DF8DF
:10766000207092F8A851B2F8B80192F8AF6192F880
:10767000A9118DF83070EA0042EA8602061146EA46
:10768000411642EAD1026FF0710101FB03C142F0E1
:1076900002028DF83260304E8DF831202F27020122
:1076A0004FF0FF0C08200B910021D2B23070C6E9D8
:1076B000017CF160002B00F0ED80DFF8B0900291CA
:1076C0000E4609F1280AA9F127080EAF0125013B52
:1076D0005B1A22F00C0242EA83030CA904221E4822
:1076E0008DF8333001F01AFF4FF0000B8DF83400A5
:1076F00002211A48A7F808B0C7E900BB01F05CFFF7
:107700003B4628220CA9CDF800B0144801F058FFE0
:107710003B4628220CA9CDF800B0104801F050FFDC
:10772000F208F343A15C104803F0070305FA03F3E2
:1077300021EA0301731CA154DA10DB43A15C03F0BE
:10774000070305FA03F321EA030306F1020CA3542D
:107750006FEA0C0C0CE000BF9C8100209881002097
:10776000D8A40400FCA40400FFA4040027A504007E
:107770004378C21CD908A2EB0802324417F801E092
:10778000D208DB430CF0070103F007034EFA03F3C2
:1077900005FA01F114F902E013F0010F49B24EEAC3
:1077A000010300F101000ABF2EEA0101A354A15414
:1077B00048450CF1FF3CDBD106F14A0C5D486FEA0D
:1077C0000C0C437800F12302D908A2EB08023244E2
:1077D00017F801E0D208DB430CF0070103F00703C0
:1077E0004EFA03F305FA01F114F902E013F0010F68
:1077F00049B24EEA010300F101000ABF2EEA01017D
:10780000A354A15450450CF1FF3CDAD16FF02A0E7D
:10781000DDF814C00396AEEB060E06F12A0B00202D
:107820000CEBD00200EB0B0192F8AB61C908AEEB98
:107830000003C24303F0070302F0070246FA02F214
:1078400005FA03F3665612F0010F5BB246EA030233
:1078500000F101000ABF26EA0303625463542028A2
:10786000DED1059B029A039E93F8AA31013272364B
:1078700093420292B6B20AD99DF83320029926E7C4
:10788000013141454FF000007FF41DAE48E6059AF6
:1078900092F8A851099A063292B2032D06D8DFE871
:1078A00005F03934310202EB420292B2224DA5FBBF
:1078B0000210400902F12F0400EB800100EB4000B0
:1078C000A2EB0012A5FB045401EB8101B69803EB77
:1078D0005413490092B203608BB212B102321A44BF
:1078E00093B2059A92F8AA11722212FB0133B5994C
:1078F000DA1D0B60B49BD20800201A600DF52B7DB9
:10790000BDE8F08F520092B2D0E702EB4202C2F320
:107910004F02CBE702EB4202520008490432A1FBBE
:107920000212C2F38F02C1E7DDF82CA002E6C246C4
:107930004246F8E527A50400ABAAAAAACDCCCCCC38
:1079400070B4524D524B8BB0064603930FCD05AC2D
:107950000FC42A6896F8A93196F8AF1122600AAAD6
:1079600002EB430300294FF0060243F63611ADF84F
:1079700010104848A6F8B22114BF0821342149F25A
:107980008E5233F8143CB3FBF1F33C2B0290ADF86C
:107990000420A6F8B03109D02ED9B92B68D01DD853
:1079A000562B48D0632B46D03E2B20D1B6F8B831A9
:1079B0000AAA02EB931203F03F0112F81C2CA6F85E
:1079C000B421B3F5C07F4FF03802A6F8B611A6F87F
:1079D000B2210CD200200BB070BC7047B3F5C37F4E
:1079E0003AD040F29312934236D0C62B40D06FF07B
:1079F00069000BB070BC70471C2B06D016D9232B26
:107A000003D02F2B01D01E2BF1D1B6F8B8310AAA22
:107A100002EB9311B3F5C07F03F03F0211F81C1C79
:107A2000A6F8B411A6F8B621D4D3E0E70A2BECD01F
:107A3000162BDCD1E9E7B6F8B8310AAA02EBD3126B
:107A4000002012F8202CA6F8B42103F07F03A6F83A
:107A5000B6310BB070BC7047B6F8B831A6F8B63185
:107A60004FF484720020A6F8B4210BB070BC7047AC
:107A7000B6F8B8310AAA02EB1322DBB212F8242CB2
:107A8000A6F8B421A6F8B631A4E700BFE8A4040024
:107A9000212D30334144474810B4B0F8B231B0F82A
:107AA000B621B0F8B04103F001015B0819B1B0F89C
:107AB000B4114B409BB29A4282EA030107D0A14223
:107AC000F1D8A0F8B2315DF8044B08467047A342E4
:107AD00001D91346E7E7A0F8B231194608465DF828
:107AE000044B7047D0F8C031002B00F08680F0B511
:107AF000B0F8B231B0F8B641B0F8B05183B003F08D
:107B000001025B081AB1B0F8B42153409BB29C4209
:107B100084EA030269D0AA42F1D8013A92B214B2BF
:107B2000B4EB550FA0F8B23190F8AF31A8BF521B9B
:107B300005F00105A8BF14B20135002B59D11A2355
:107B400003FB05F54FF4D043D0ED587A9FED357A1D
:107B5000D0F8C46190F8AA2167EE877A9642FCEECD
:107B6000E77A17EE907A03FB1473A3EB452504D252
:107B7000921BD30758BF05F5807501EB41060446FB
:107B80002A0E280C760004230F464FEA152C8DF898
:107B900004208DF8050006F28A310DEB0302204621
:107BA0008DF807508DF806C000F044F9D8B937BBFE
:107BB0007320054606F562718DF801000026022348
:107BC0006A4620468DF8006000F034F958B904F593
:107BD000DE710EC94D1B013A0133C4F8BC51C4F823
:107BE000C021C4F8C43103B0F0BDAB4212D9234662
:107BF00085E7AD004FF48053A6E71846704794F828
:107C0000AA31BB4208D8D4F8BC01312807D885B2C4
:107C1000C0B2CFE71A4680E772200546CAE7322095
:107C20000546C7E700008049014801F0C1BC00BF1C
:107C30009881002030B5012185B00446D0F8680154
:107C4000FCF706FD04AA042302F8013D0023D4F842
:107C500068018421CDE900330123FBF761FFD4F8EB
:107C600068310546186803680121DB699847284692
:107C700005B030BD30B5044685B00121D0F86801AB
:107C800094F84D51FCF7E4FC0023D4F868011A463F
:107C9000CDE900331946FBF743FF04AA0123D4F8CA
:107CA000680102F8045D8021CDE90033FBF738FF5D
:107CB00005B030BD30B5044685B00D46D0F868013A
:107CC0000121FCF7C5FC0023D4F868011A46CDE970
:107CD00000331946FBF724FF04AA0123D4F86801F6
:107CE00002F8045D8021CDE90033FBF719FF05B0F0
:107CF00030BD00BF30B585B001230D0C0C0A8DF8E6
:107D00000E10D0F868018DF80C50CDE9003303AAAD
:107D1000032383218DF80D40FBF702FF05B030BD32
:107D200030B585B000220123D0F868018DF80E101F
:107D30000D0C01920C0A009303AA032382218DF8F3
:107D40000C508DF80D40FBF7EBFE05B030BD00BFC9
:107D5000F0B585B0DDED0B7A9FED277A9DF82860B0
:107D6000F8EE677A054667EE877A95F86C41FCEE87
:107D7000E77AFF2917EE900A4FEA10478DF80C704A
:107D80004FF002078DF80E0004F10D044FEA1020A9
:107D90008DF8087018BF8DF80810FF2A8DF809407B
:107DA0008DF80D0018BF8DF809200A20FF2B4FF029
:107DB0000104ADF80A0002AA18BF8DF80A30D5F800
:107DC0006801FF2E4FF00703CDE900444FF0880112
:107DD00018BF8DF80B60FBF7A3FE034640B9D5F83A
:107DE00068011A46CDE90044C521FBF799FE034618
:107DF000184605B0F0BD00BF6F12833D10B50024DA
:107E000084B061F3070463F30F249DF81830D0F8B1
:107E1000680162F3174404AA63F31F64012342F864
:107E2000044D9521CDE900330423FBF779FE04B01E
:107E300010BD00BF08B5D0F86801FBF7ADFC00200D
:107E400008BD00BF38B504461D46D0F8680113468A
:107E50002A46FCF72DFAD4F86801BDE83840FCF753
:107E60000DB800BF10B586B00124D0F868018DF8B8
:107E7000153000920B46CDE9014402220E2405A9DB
:107E80008DF81440FBF72EFF06B010BD10B586B07C
:107E90000124D0F868018DF8153000920B46CDE929
:107EA000014402221E2405A98DF81440FBF74CFD65
:107EB00006B010BD70B51D4684B00123D0F868012E
:107EC000BDF820408DF80910CDE900330823D940D2
:107ED0008DF8081022FA03F18DF80F408DF80B2071
:107EE00025FA03F68DF80A10240A19460DEB030251
:107EF0008DF80D508DF80C608DF80E40FBF710FEDC
:107F000004B070BD30B5022385B001220C460D0AC5
:107F1000D0F868018DF80D40CDE90022194603AA7A
:107F20008DF80C50FBF7FCFD05B030BD70B584B08A
:107F300001230E0E0D0C0C0A8DF80F10D0F86801FD
:107F40008DF80C60CDE9003303AA042386218DF857
:107F50000D508DF80E40FBF7E3FD04B070BD00BF7F
:107F600000B5012383B00A46D0F868019821CDE915
:107F700000330223FBF7D4FD03B05DF804FB00BF20
:107F800000B585B004AAFF2302F8013D0123D0F813
:107F900068011121CDE90033FCF7DEF99DF80F00EF
:107FA00005B05DF804FB00BF30B585B001230D4678
:107FB00004468DF80D20D0F868018DF80C50CDE9FD
:107FC000003303AA02238E21FBF7AAFD08B984F827
:107FD000985105B030BD00BF30B585B090F87841FC
:107FE0009DF820509CB190F86C4190ED5D6A0125A0
:107FF00005FA04F407EE904AF8EE677AB3EE007AD9
:10800000C7EE866AF4EEC76AF1EE10FA18DB80F864
:108010006E51002461F3070462F30F2463F31744E5
:1080200004AA65F31F64012342F8044DD0F86801E7
:108030008B21CDE900330423FBF772FD05B030BD81
:10804000002580F86E51E4E770B584B0D0F868017F
:10805000089C8DF80B208DF80C3001220B0CCDE91B
:1080600000228DF808300A0A08238DF80A108DF8CE
:108070000920260C250A0DEB03028B218DF80F40F9
:108080008DF80D608DF80E50FBF74AFD04B070BD01
:1080900030B585B001238DF80F200D0C0C0A8DF83A
:1080A0000E10D0F868018DF80C50CDE9003303AA0A
:1080B00004238B218DF80D40FBF732FD05B030BD58
:1080C0002DE9F04385B00C469DF834509DF8308082
:1080D000294616461F468146FEF7B6FEB0B9012373
:1080E000D9F868018DF80940CDE90033240A062348
:1080F00002AA8C218DF808408DF80A808DF80B704B
:108100008DF80C608DF80D50FBF70AFD05B0BDE849
:10811000F08300BF70B586B00C0A8DF80E200122E6
:108120008DF81330D0F868019DF828309DF8306044
:108130008DF80D10CDE900229DF82C209DF83450CB
:108140008DF80C408DF80F309DF838408DF81020D8
:10815000092303AA8C218DF814608DF811508DF835
:108160001240FBF7DDFC06B070BD00BF70B584B0F7
:108170000546BDF820408DF808108DF80A201946F4
:10818000120A01238DF809200A0AD0F868018DF837
:108190000C10260A8DF80B20CDE9003302AA8C21A1
:1081A0008DF80E408DF80D60FBF7BAFC044638B927
:1081B000D5F8680106230DF10902F021FBF7ECFA6E
:1081C000204604B070BD00BF00B585B001238DF816
:1081D0000C108DF80D20D0F8680103AACDE900330A
:1081E0008F210223FBF79CFC05B05DF804FB00BF68
:1081F00000B585B004AA012302F8041DD0F8680177
:108200009621CDE90033FBF78BFC05B05DF804FB4C
:1082100010B5012384B0002403AAD0F86801ADF89A
:108220000C40CDE90033142103238DF80E40FCF7F8
:1082300093F89DF80D309DF80C209DF80E001B0260
:1082400043EA0243184304B010BD00BF00B585B037
:1082500004AA002322F8043D0123D0F86801172165
:10826000CDE900330223FCF777F89DF80C009DF868
:108270000D3043EA002005B05DF804FB00B585B081
:1082800004AA002322F8043D0123D0F86801072145
:10829000CDE900330223FBF743FC05B05DF804FB96
:1082A0002DE9F041D0F868311C680F46596A2368FF
:1082B00005469A6D5E6920469047D5F868311B687F
:1082C00001463A462046B4465B69BDE8F041604746
:1082D00070B5D0F868311C68596A236820469A6DD9
:1082E0009D6990472B4601462046BDE870401847DF
:1082F00030B583B00D460446FFF742FE012814D185
:108300006B1F072B0ED894F86E0194F86D3194F81A
:108310005C2184F86C51294600902046FFF75CFEF2
:1083200003B030BD6FF00800FAE76FF01300F7E715
:1083300010B52DED028B82B0B0EE408A0446FFF7F7
:108340001FFE80BBB5EEC08AF1EE10FA25D4DFED3A
:10835000177AB4EEE78AF1EE10FA21D4DFED147A41
:10836000B4EEE78AF1EE10FA1ADC9FED120A28EE5D
:10837000008AFCEEC87A17EE900AC4F8800194F8DF
:10838000853194F88621D4F87C1100902046FFF7BF
:108390005BFE02B0BDEC028B10BD40F27520ECE735
:1083A0006FF06500F5E76FF01300F2E79A99193F57
:1083B000000048436F1283442DE9F04102680F4DDD
:1083C000D2F8DC40AC4215D1D0F868311D680E46B9
:1083D000596A2B6804469A6D5F6928469047D4F81D
:1083E00068311B68014632462846BC465B69BDE8D9
:1083F000F04160472346BDE8F0411847A1820300E1
:1084000002680B49D2F8E0208A420FD170B5D0F84B
:1084100068311C68596A236820469A6D9D699047A7
:108420002B4601462046BDE870401847104700BF64
:10843000D182030030B52DED028B85B0B0EE408ABD
:108440000446FFF79DFD012868D1B5EEC08AF1EE24
:1084500010FA49D4DFED337AB4EEE78AF1EE10FA80
:1084600042DCDFED317AB6EE007AE8EE077AFCEE18
:10847000E77ACDED037A9DF80C300F2B3AD00AD96C
:108480003E2B43D022D97D2B38D0FA2B2CD106207D
:1084900084F85C0109E0052B34D01FD9072BF7D0F5
:1084A0000A2B21D1092084F85C0194F86E5194F8CC
:1084B0006D3194F86C1184ED5D8A0246009520467A
:1084C000FFF78AFD05B0BDEC028B30BD142B21D027
:1084D0001F2B09D1032084F85C01E6E7032B03D1AD
:1084E000002084F85C01E0E76FF0070005B0BDEC08
:1084F000028B30BD022084F85C01D6E7052084F8A9
:108500005C01D2E7082084F85C01CEE7042084F8FF
:108510005C01CAE70A2084F85C01C6E76FF013002B
:10852000D0E700BF0000FF430AD7233C70B582B0FC
:108530000D4616460446FFF723FD012828D1281FC3
:10854000C3B2042B21D86EB984F86D3194F86E0152
:1085500094F85C2194F86C1100902046FFF73CFDE4
:1085600002B070BD042810D8DFE800F00B07070F39
:108570000300072384F86D31E8E784F86D512B463A
:10858000E4E7002384F86D31E0E76FF00900E7E7E6
:108590006FF01300E4E700BF2DE9F04182B00E4612
:1085A00017468046FFF7ECFC012815D126F00F0591
:1085B00007F00F0445EA171544EA06144046022363
:1085C00001AA4FF4E8618DF804508DF80540FFF7DB
:1085D00031FC02B0BDE8F0816FF01300F9E700BF95
:1085E000B5EEC00AF1EE10FA1BD4DFED0F7AB4EE4F
:1085F000E70AF1EE10FA14DC00B5DFED0C7A20EE9C
:10860000270A83B0FCEEC07A02AA17EE901A012363
:1086100002F8011D40F6E701FFF70CFC03B05DF81E
:1086200004FB6FF01000704700000C43CDCCCC3E33
:1086300000B583B002AA002302F8013D40F6E7012D
:108640000123FFF7FFFB9DF8073000EE103AB8EE6C
:10865000400AF0EE047A20EE270A03B05DF804FB2E
:10866000F0B587B00D460446FFF78AFC012833D0E9
:10867000002843D194F88801ABB28342A8BF0346D7
:10868000A9B21F2BA4F88C1116DD072294F88A5189
:1086900084F8842194F8873194F88971ADB994F8FD
:1086A0009CC100900026CDE9035C0297204601960C
:1086B000FFF730FD07B0F0BD172BDAB208DC0F2A48
:1086C00008D8002A18BF0422E0E74FF0FF0CE8E7C3
:1086D0000622DBE70522D9E794F8A01194F870018F
:1086E00094F89C3194F86F210191A9B2A4F8721109
:1086F00000902046FFF7E4FC07B0F0BD4FF0FF30DC
:10870000D8E700BF10B52DED028B82B0B0EE408AE5
:108710000446FFF735FC90B3032822D002284FD13E
:10872000DFED297AB4EEE78AF1EE10FA45D4DFEDF9
:10873000277AB4EEE78AF1EE10FA3EDC9FED247A58
:10874000C7EE087A16222046FCEEE77A17EE901A5A
:10875000C4ED5F7AFFF79CFC38B302B0BDEC028B2E
:1087600010BDDFED1C7AB4EEE78AF1EE10FA24D4E6
:10877000DFED197AB4EEE78AF1EE10FA1DDC9FED19
:10878000147AD4F8800194F8853194F88621C7EEE4
:10879000087AFCEEE77AC4ED5F7A17EE901A009043
:1087A0002046FFF751FC0028D7D1204602B0BDEC8F
:1087B000028BBDE81040FEF769BB6FF06400CCE7A8
:1087C0006FF01300C9E700BFCDCCCC3D9A99193F9B
:1087D00000007A4923DBF93E355EFA3E70B52DED97
:1087E000028B88B003AC84E80E0003689DED048A18
:1087F000D3F8CC309DF838600DF11F01054698473D
:10880000044658B9032E9DF81F3015D0B34212D03C
:108810002B6828461B69984728B10446204608B0B3
:10882000BDEC028B70BD2B683146D3F8C8302846AA
:1088300098470028F1D13346002B5AD0012B14D091
:10884000022BEBD14FF4807300939DF80D209DF81F
:108850000C1003232846FEF7C5F904460028DDD195
:108860009DF80E3085F8AF31D8E72B684B4AD3F826
:10887000E8309DF80C40934279D12846FFF780FB01
:1088800001287FD1631F072B00F2828095F86E01CB
:1088900085F86C4195F86D3195F85C210090214682
:1088A0002846FFF799FB0446002CB7D12B68B0EEA1
:1088B000480AD3F8E4302846984704460028ADD14A
:1088C00028469DF81440FFF75BFB01285AD1231F6F
:1088D000DBB2042B5FD895F86E0195F85C2195F812
:1088E0006C1185F86D3100902846FFF775FB044642
:1088F00094E72B689DED030A1B6C284698470446B5
:1089000000288BD12B68264A5B6C934234D12846D1
:10891000FFF736FBB0BBB5EEC08AF1EE10FA23D4F8
:10892000DFED207AB4EEE78AF1EE10FA2DD4DFED18
:108930001E7AB4EEE78AF1EE10FA26DCDFED1B7A40
:1089400028EE278AFCEEC87A17EE900AC5F8800157
:1089500095F8853195F88621D5F87C110090284648
:10896000FFF772FB044659E740F27520EEE7214617
:1089700028469847044697E7B0EE480A28469847A5
:1089800004464BE76FF0130448E76FF0650445E7D2
:108990006FF0080442E76FF009043FE7F18203003B
:1089A000318303009A99193F000048436F128344B2
:1089B00000B52DED028B85B00DF1100C0CE90E0009
:1089C0009DF820309DED028A032B2DD04FF0FF3013
:1089D0001BBBDDED017A9FED2F7AF4EEC77AF1EE45
:1089E00010FA4BD4DFED2C6AF4EEE67AF1EE10FAD1
:1089F00044DCB4EEC78AF1EE10FA42D4DFED277AF8
:108A0000B4EEE78AF1EE10FACCBF6FF065000020FB
:108A100005B0BDEC028B5DF804FB012B10D005B056
:108A2000BDEC028B5DF804FB036808A9D3F8CC30D9
:108A300098470028F3D19DF82030002BEDD1C8E7EE
:108A40009DF80430053B072B21D8B5EEC08AF1EE26
:108A500010FA19D4DFED127AB4EEE78AF1EE10FACB
:108A600012DC9DF80C30043B042B94BF00206FF007
:108A7000090005B0BDEC028B5DF804FB6FF06400EB
:108A8000CDE76FF06500CAE76FF00700C7E76FF04A
:108A90000800C4E79A99193F000096430000484334
:108AA0000000FF43F0B52DED028B93B0B0EE408A8D
:108AB0000746FFF765FA002848D1274C05460FCC3A
:108AC00002AE0FC694E8030046F8040B383C317040
:108AD0000FCC08AE0FC60FCCB2EE040A28EE008A07
:108AE0000FC6BCEEC88A94E8030018EE103A86E878
:108AF00003009BB2284608AA32F8021B8B421ED301
:108B000001301428F8D107EE903A9FED147AF8EE70
:108B1000E77AF4EEC77AF1EE10FA1AD8092387F84B
:108B20008531D7F8800197F88621D7F87C1100901D
:108B30003846FFF789FA13B0BDEC028BF0BD12ABDB
:108B4000184410F8403C87F88531EAE76FF01300CD
:108B5000F1E76FF06700EEE778A5040000F09145BB
:108B600030B583B00C460546FFF70AFA08B1032872
:108B700026D1042C27D8DFE804F013171B1F0300AD
:108B80000B2485F88641D5F8802195F88531D5F8F4
:108B90007C11009228462246FFF756FA03B030BDFA
:108BA000002385F88631EEE7082485F88641EAE758
:108BB000092485F88641E6E70A2485F88641E2E73C
:108BC0006FF01300EAE76FF06900E7E7F0B589B0EE
:108BD0000E4614460546FFF7D3F970BB082C32D871
:108BE000E4B2324623464FF4D8612846FFF722F913
:108BF00058BBB5F88C11E400E4B2A1420B46A8BF03
:108C000023461F2B85F888413DDD072295F88A0110
:108C100085F8842195F8873195F88971002842D12B
:108C200095F89CC102970026CDE9030C00942846D4
:108C30000196FFF76FFA09B0F0BD012807D00328AD
:108C40002DD1042C28D06FF0680009B0F0BD012CA4
:108C5000F9D828463478FFF793F901281FD124F07A
:108C60000F032401284644F0040443F0040507AA36
:108C700002234FF4E8618DF81C508DF81D40FFF77A
:108C8000D9F809B0F0BD172BDAB20FDC0F2A0FD8D4
:108C9000002A18BF0422B9E73368C5F8AB316FF07A
:108CA000130009B0F0BD4FF0FF0CBBE70622ADE7A3
:108CB0000522ABE72DE9F04188B00D4616461F4668
:108CC00004469DF83880FFF75BF900283FD1012D5D
:108CD00059D062D3022D51D1B8F1000F61D00620D6
:108CE00084F8870194F88A31B4F88C1194F88421BF
:108CF00094F888C194F889E1002B4BD194F89C81B9
:108D0000CDF808E00025CDE90338CDF800C00346D2
:108D100001952046FFF7FEF968BB350A07AA022332
:108D200040F2BC6120468DF81D608DF81C50FFF7A5
:108D300081F800BB07AA204602233C0A40F2BE612C
:108D40008DF81D708DF81C40FFF774F813E00128B2
:108D50002BD194F8A02194F8700194F89C31B4F8C8
:108D6000721101922A1C18BF012284F86F21009011
:108D70002046FFF7A5F908B0BDE8F0816FF42F7029
:108D800008B0BDE8F081B8F1000FA9D0042084F844
:108D90008701A7E74FF0FF08B2E7012084F88701B9
:108DA000A0E784F8875128469CE74FF0FF30E2E7C0
:108DB000F0B587B00D460446FFF7E2F8C8B994F85D
:108DC00089C194F8887194F8873194F88421B4F8B3
:108DD0008C11019001260495CDE902C6009720462A
:108DE000FFF798F918B984F88A61C4F89C5107B064
:108DF000F0BD6FF01300FAE710B582B00446FFF73C
:108E0000BFF8012814D194F8A03194F86F21B4F878
:108E100072110193002300932046FF23FFF750F9BE
:108E200020B9FF2384F87001C4F89C3102B010BD52
:108E30006FF01300FAE700BF0021FFF7D9B900BFB8
:108E40000121FFF7D5B900BFF0B589B00D46044642
:108E5000FFF796F8002855D1DDB994F88A0184F817
:108E60008951B4F88C1194F8842194F8873194F8DE
:108E7000886160B994F89C7100960025CDE90307DC
:108E8000CDE901552046FFF745F909B0F0BDFF27B0
:108E9000F2E7012384F8893107AA4FF4D76120460D
:108EA000FEF7D0FF0028F0D19DF81C5025F00105F9
:108EB00045F00105FF2607AA02234FF4D76120469B
:108EC0008DF81C508DF81D60FEF7B4FF0028DCD132
:108ED00094F88A01B4F88C1194F8842194F88731BD
:108EE00094F8887194F889C108B994F89C61CDF818
:108EF00008C00025CDE90306009720460195FFF73D
:108F000009F9C2E76FF01300BFE700BF10B50446D0
:108F1000FFF736F801280ABF84F878016FF01300D4
:108F2000002010BD30B583B00D460446FFF728F889
:108F3000012810D194F8700194F89C3194F86F21B5
:108F4000B4F8721184F8A051CDE900052046FFF76E
:108F5000B7F803B030BD6FF01300FAE730B52DED70
:108F6000028B036885B01B690446B0EE408A0D464B
:108F700098472046FFF76AF9830654D49FED587A44
:108F8000F0EEC87AF4EEC77AF1EE10FA4FD9DFEDC1
:108F9000557A78EE677AF0EEE77AF4EEC77AF1EE7A
:108FA00010FA26D800238DF80C3007EE905A9FED6A
:108FB0004E7AC4F89451F8EE677A012367EE877A07
:108FC000D4F86801FCEEE77ACDE9003317EE901A89
:108FD00004230D0C0C0A8DF80F1003AA97218DF8AD
:108FE0000D508DF80E40FAF79BFD05B0BDEC028BDD
:108FF00030BDDFED3E7A78EE677AF0EEE77AF4EE98
:10900000C77AF1EE10FA1AD9DFED397A78EE677A7D
:10901000F0EEE77AF4EEC77AF1EE10FA13D80223F5
:109020008DF80C30C1E72046FFF728F9A6E7204667
:109030000121FDF7FDFD05B0BDEC028B30BD012324
:109040008DF80C30B1E7DFED2B7A78EE677AF0EE31
:10905000E77AF4EEC77AF1EE10FA0ED9DFED267A50
:1090600078EE677AF0EEE77AF4EEC77AF1EE10FA6E
:1090700007D804238DF80C3097E703238DF80C30C4
:1090800093E7DFED1E7A78EE677AF0EEE77AF4EE9A
:10909000C77AF1EE10FA03D805238DF80C3084E777
:1090A000F0EE087A78EE677AF0EEE77AF4EEC77AB7
:1090B000F1EE10FA03D806238DF80C3075E7DFEDDA
:1090C000107A78EE677AF0EEE77AF4EEC77AF1EE8E
:1090D00010FA03D807238DF80C3066E7094884E7B7
:1090E0006F12833ACDCCCC3F6F12833D9A99D93F12
:1090F0006666E63FCDCC0C409A991940CDCC2C4009
:109100003333534041FDFFFF10B584B0D0F86841C0
:1091100080F8991104AA012302F8011D2046CDE927
:1091200000339D21FAF7FCFC04B010BD2DE9F04797
:1091300084B004AC002504F8015D894616469846C3
:109140002246012340F6E70105469DF83070FEF700
:1091500079FE10B104B0BDE8F0874FF0010A434634
:109160003A463146CDF800A02846FEF747FE0028D3
:10917000F0D15FFA89F104222846FEF715FF002896
:10918000E8D153462246284640F6E701FEF752FE54
:10919000E0E700BFDFED057A80ED580A20EE270AF0
:1091A000FCEEC07A17EE901AFEF7C0BE00008049B0
:1091B0002DE9F041037B84B006460C4623B1002222
:1091C0001146FFF701F800BB04AFD6F8680107F8B5
:1091D000084D01243A46CDE9004423468A21FAF796
:1091E0009FFC90B996F84D31D6F868010194002B98
:1091F00014BF30252025234600943A4693218DF84C
:109200000850FAF78DFC034610B104B0BDE8F081B8
:1092100096F86C21D6F86801ADF80C300D320321B8
:109220008DF80E308DF809208DF80810CDE9004436
:109230000A2507233A468821ADF80A50FAF770FC50
:1092400080460028E1D1336844F2FF31D3F8EC3096
:1092500030469847CDF80080054643464246414691
:109260003046FEF727FE284300B20028CDD1D6F8BD
:1092700068112346CDE900403A4608467F248921FB
:109280008DF80840FAF74CFC0028BED1D6F86831BA
:10929000186803680521DB69984705E0D6F868314E
:1092A000186803685B6D9847D6F868311868D96A02
:1092B00003681B6998470028F0D1D6F86801FAF7CF
:1092C000DDFDA2E76FF01800704700BF6FF01800D7
:1092D000704700BF6FF01800704700BF6FF01800B4
:1092E000704700BF6FF01800704700BF6FF01800A4
:1092F000704700BF6FF01800704700BF6FF0180094
:10930000704700BF6FF01800704700BF6FF0180083
:10931000704700BF84B004A800E90E006FF0180089
:1093200004B0704700207047BBEE090A704700BFC9
:1093300082B08DE80C00002002B07047002070471A
:109340006FF01800704700BF6FF01800704700BF43
:1093500000207047704700BF704700BF704700BFD4
:109360006FF01800704700BF0368044A5B699342BE
:1093700002D16FF01800704700211847DD920300FA
:1093800030B585B0056801920022CDE90222D5F8FA
:10939000D0500C4A009195428DF8083003D16FF0FF
:1093A000180005B030BD6A4603210446A8470028CE
:1093B000F7D12368044AD3F8D4309342EFD0204643
:1093C0009847EEE761930300D592030070B50568F6
:1093D0000E4ED5F8D05084B0B5420192089A009153
:1093E000CDE9023203D16FF0180004B070BD6A46B7
:1093F00002210446A8470028F7D12368044AD3F87D
:10940000D4309342EFD020469847EEE761930300B3
:10941000D592030070B5114B03600446012600216C
:109420000D460673282210300DF027FAA563294651
:1094300004F13C004FF480720DF01FFA4FF07E53A0
:10944000C4F83C51C4F8405184F84451C4F8485120
:1094500084F84C51A6606360204670BD9CA5040052
:10946000002370B41E46012505FA03F20A4200EB00
:10947000830403F1010303D022691F2A18BF164396
:10948000202BF1D1304670BC704700BF38B590F842
:109490004C316BB9D0F83C51D0F84821D0F840415C
:1094A00041EA45010A40A242C0F83C112BD038BD28
:1094B00090F83A5090F83930054401249C4095F9D1
:1094C0003C2064B2D1B922EA0402D2B285F83C2031
:1094D000591CC9B2082980F83910E8D10446104651
:1094E00000F002F994F83A30E1180022013381F8D3
:1094F0003C0084F83A3084F8392038BD2243D2B297
:1095000085F83C20E4E7012280F83A3080F83B30CF
:1095100080F8393080F84C2138BD00BF2DE9F84380
:109520005FEAC2090646846820D0002588462F4697
:109530000FE031784B1E24FA03F313F0010F18BF2C
:10954000736805F101054FEA440418BF5C404D45BE
:109550000DD06B07EDD1337C18F807000137B3B994
:109560003178A1F1080398404440E3E70178F068BE
:10957000737C604013B100F0B7F831784FF0FF33DF
:10958000C1F1200123FA01F10840BDE8F883082168
:1095900000F0AAF8E4E700BF044B0022082119708C
:1095A000C3E90122DA601A745A7470479C81002062
:1095B00000220270427070470023417003707047B0
:1095C000002900F08A80002B00F087802DE9F04F01
:1095D00083B0002A7FD04FF0000890F801A0C34666
:1095E000C146CDE900120AE0072C057050D0019A5F
:1095F00008F10108D14490451FFA89F950D04FEA8B
:10960000D805009A0678575D3549364A6FEA08044E
:1096100004F007042741BAF1020F18BF964607F07D
:1096200001074FEA960508BF8E46C7F1010C5EF8A8
:1096300025504FEA8C0C6FEA060E5FFA8CFC0EF098
:10964000030E0CEBCE0C25FA0CF54FF0020204FBD6
:109650000AFC05F00F0404FA0CF412FB06764BEA40
:10966000040B06F03F0508F00704BDD106F00F0615
:10967000072C0670BBD11C464FEA1B2504F8025B81
:1096800083F801B090F801A023464FF0000BAEE73D
:10969000BAF1030FEFD14FEA1B441C700133EAE724
:1096A00018F0070F0BD0BAF1030F03D14FEA1B429A
:1096B0001A7001334FEA1B2283F801B01A700C9B19
:1096C0002BB10020C3F8009003B0BDE8F08F18461E
:1096D00003B0BDE8F08F9146F1E74FF0FF307047DF
:1096E00078A6040088A6040099B10022F0B40546CB
:1096F0004F1E1046012606FA02F32B40BC1AD34037
:109700000132A340D4B2A14240EA0300F3D8F0BC36
:1097100070470846704700BF704700BF704700BFE2
:10972000704700BF08467047704700BFF0B4094C4F
:10973000094F2568049EC360C0E901120599069A85
:10974000076000230661C0E90512C36105B9206006
:10975000F0BC7047B0810020D0A60400704700BF65
:10976000704700BF10B404682469A4465DF8044B38
:10977000604700BF30B40468BDF808500295A46B80
:10978000A44630BC604700BF30B40468BDF8085040
:109790000295E46BA44630BC604700BF704700BF31
:1097A00001F0030101298176B0F90830B0F90A20EF
:1097B00004D0032902D08381C28170478281C38192
:1097C000704700BF2DE9F04385B099420446076811
:1097D000BDF93060BDF8348023D0B2421D4611D0AF
:1097E0007B69DFF884904B4536D1CDE900682B4684
:1097F000BE6A2046B0472368DB6A4B4527D105B0D7
:10980000BDE8F08399421FDDCDF830800131FE6B59
:109810004B1B1BB229462046B44605B0BDE8F043B9
:109820006047B2420CDDCDF83080531CBD6B9B1BF2
:109830001BB232462046AC4605B0BDE8F043604757
:10984000334616461A46EEE70D461946DCE7204633
:1098500005B0BDE8F0431847CDE9021298472768E4
:10986000DDE90212C1E700BF619703002DE9F04F67
:10987000D0F800C01F46DCF814601A4B83B09E423B
:109880000546BDF93090BDF834A00C4690461FD176
:109890002744BC4214DADFF850B0DCF82060CDF881
:1098A00000A05E4521464B464246284601D1DCF8E1
:1098B0003860013424B2B047BC42D5F800C0ECDBBC
:1098C000DCF82C30074A934206D103B0BDE8F08F94
:1098D000B047D5F800C0DBE7284603B0BDE8F04F3D
:1098E000184700BF61970300759703002DE9F04FFB
:1098F000D0F800C01D46DCF814A02D4B83B09A456B
:109900000446BDF93090BDF834708846164641D102
:10991000DCF824B0DFF89CA00097D34508BFDCF842
:109920003CB02B46324641462046D8472368D3F800
:1099300024B0009709F1FF323244D34512B232D13C
:10994000D3F83CA041462B462046D0472368DFF899
:1099500068A0D3F820B00097D34508BFD3F838B03B
:1099600032464B4641462046D8472368691E1D6A49
:1099700000975545414408BF9D6B32464B4609B29E
:109980002046A84723680A4ADB6A934206D103B0FF
:10999000BDE8F08FD047D4F800C0B9E7204603B047
:1099A000BDE8F04F18472B4641462046D847CDE743
:1099B0006197030089970300759703002DE9F04F25
:1099C00085B01E46BDF93850BDF83CA0AB1A002B3F
:1099D0009046A6EB0102B8BF5B42002AB8BF5242D4
:1099E0009342074679DCAE464446AC46404635468F
:1099F0008846764621469946A8455CDDA8EB0504D5
:109A0000A4B2A0EB0C0002944FF6FF7C24B204EB4E
:109A1000D47480EAE079B142C8BF4FF0010CA9EBE1
:109A2000E0796410CDF80CC09342304B01931FFADB
:109A300089F933DCD7F800C0019BDCF818B09B45EE
:109A40002946534608BFDCF810B0A4EB090432469F
:109A50003846D847A3B21CB20135002C2DB205DA26
:109A6000039A1644029AD41836B224B2A845E1DA11
:109A700005B0BDE8F08FDCF810B0D847A4EB0904BE
:109A8000A3B21CB20135002C2DB205DA039A16449C
:109A9000029A9C1836B224B24545E9DCD7F800C0DA
:109AA000019BDCF818B09B452A46534631463846A0
:109AB000E1D0D847E2E7A5EB080080B204B204EB9E
:109AC000D474B14202904FEA640428460E464546DB
:109AD00007DA012103918046A6E7B446084691467D
:109AE0008AE74FF6FF71039180469DE76597030073
:109AF0002DE9F04FD0F800C0DFF888E0DCF84060D6
:109B000083B07645BDF93080BDF834A028D19146A8
:109B10001F461B4ADCF81430934205460C462BD1F5
:109B20002744BC4214DADFF860B0DCF82060CDF8DE
:109B300000A05E45214643464A46284601D1DCF84E
:109B40003860013424B2B047BC42D5F800C0ECDB29
:109B5000DCF82C300A4A934209D103B0BDE8F08FFB
:109B6000B446CDE90C8A03B0BDE8F04F6047284603
:109B700003B0BDE8F04F18479847D5F800C0CFE7CD
:109B8000619703006D980300759703002DE9F04F6E
:109B9000D0F800C0284BDCF84040B0F90C80B0F998
:109BA0000E709C4283B0894633D1DCF81430DFF864
:109BB0008CB05B4505463AD1B8F1000F22DD002498
:109BC000DFF87CA0A64609E0DCF838600134B04735
:109BD0000FFA84FEF045D5F800C013DDDCF82060F4
:109BE000CDF80090564571463B464FF0000228469E
:109BF000EAD001340022B0470FFA84FEF045D5F8D0
:109C000000C0EBDCDCF82C305B450BD103B0BDE8C9
:109C1000F08F0022CDE9007143461146A04703B002
:109C2000BDE8F08F284603B0BDE8F04F18479847CD
:109C3000D5F800C0C0E700BF6D980300619703002E
:109C4000759703002DE9F04FD0F800C01646DCF8F8
:109C50001450304A85B095420746BDF838B00C46DE
:109C60004DD19BB203F1FF39DCF828502A4A1FFA84
:109C700089F909EB040895420FFA88F810D0CDE96C
:109C8000006B4346324621463846A847D7F800C005
:109C9000DCF82C301F4A934237D105B0BDE8F08F75
:109CA000444526DDC3F101031FFA83F90FFA89F554
:109CB000234605EBD57544466D109846174BDCF8E6
:109CC00018A09A4532465B46214638460FD1DCF84B
:109CD00010A0D0470134002D24B203DA013E4D44D8
:109CE00036B22DB2A045D7F800C0E7DAD0E7D047AA
:109CF000F0E70FFA89F505EBD5756D10DEE70393F4
:109D0000A847D7F800C0039BABE7384605B0BDE8CD
:109D1000F04F184761970300BD9903006597030052
:109D20002DE9F04FD0F800C09046DCF81440424ACC
:109D300085B094420646BDF838900F466ED1DCF8E7
:109D400028503E49013B1FFA88F213449BB28D42D2
:109D50001CB250D1444528D066DAD31A9BB21DB24A
:109D600005EBD575A04503934FEA65053BDBDFF8AE
:109D7000D0A010E0DCF810B0D8470134002D24B298
:109D8000ABB204DA039A013F9D183FB22DB2A04551
:109D9000D6F800C027DBDCF818B0D3454B46224686
:109DA00039463046E6D0D847E7E7DFF894A03D468D
:109DB0004FF00008BB46DCF818705745224608BF34
:109DC000DCF8107029464B463046B8470135B8F1EB
:109DD000000FB8BF04F1FF342DB2B8BF24B2AB45B9
:109DE000D6F800C0E7DADCF82C30134A934210D1E1
:109DF00005B0BDE8F08F42463B46CDE90049394603
:109E00003046A847D6F800C00B4ADCF82C30934205
:109E1000EED0304605B0BDE8F04F18470393A04799
:109E2000D6F800C0039B8AE7104621461A464446EE
:109E30000346884691E700BF61970300BD99030080
:109E40006597030070B4002461F30F0462F31F44AC
:109E5000094A02604FF0FF36002240F2011501214D
:109E60008460C46046610583C17642600261827687
:109E70000277026270BC704738AC04002DE9F04FE5
:109E800097B083460D91016ABDF880000290BDF83D
:109E9000840003909DF8880006909DF88C0008903F
:109EA0000592002900F0EB800A7AD1E900109B1A94
:109EB000DBB200EBC30230F833300793937804939E
:109EC000D378109392F905301593069B0A91012BD4
:109ED00092F9064040F2CB80BDF954300E9323B284
:109EE0001293AE4BDBF800C009931A46DCF814302D
:109EF000934240F04D81109B002B00F08B80BDF809
:109F000014301393002223440C92149392460B9224
:109F1000049B002B76D00B9B129A089913981A4435
:109F200002FB01021499CB181BB211930FFA82F9AC
:109F30000C9B002509E00135049AEDB24FEA4A0A6C
:109F4000AA425FFA8AFA434658D95A1C5B075FFA5D
:109F500082F806D1079A0A99531C9BB211F802A005
:109F600007931AF0800FE6D0069ABDF83430012A24
:109F700059D00E9A0699DCF81C60BDF9207054196E
:109F8000874A04FB0134964224B20BB260D1DCF85C
:109F90004060844A96425BD1DCF81430099A9342BF
:109FA00060D1069B2344A34203931DDD7E4B0593A2
:109FB0000F950BE0029D0095DCF83860B047013446
:109FC000039BDBF800C024B2A3420CDDDCF8206068
:109FD000059DAE4221463B464A465846EAD0029B82
:109FE00000933B46EAE70F9DDCF82C30099A934238
:109FF000A1D058469847DBF800C09CE70C9B13445F
:10A00000DBB20C930B9B109A0133DBB29A420B9399
:10A010003FF67EAFDCF82C30099A934240F0B380D3
:10A0200017B0BDE8F08F089A012AA2D1159ADCF882
:10A03000184013445D4A5919944208BFDCF8104097
:10A04000029B119A09B25846A047DBF800C072E79C
:10A05000029A2146CDE9007258464A46B047DBF8DD
:10A0600000C068E758469847DBF800C099E7089BAE
:10A07000012B3FF631AF002312930E9331E7BBF96A
:10A080000C200D998A42CBDDBBF90E200598824247
:10A09000C6DDBDF81840062212FB0412002ABFDDFF
:10A0A000089A00EBC202002ABADD9BF81C201AB9FC
:10A0B000AF2B84BF0133DBB2384ADBF800C0099212
:10A0C0001146DCF814208A4240F08C81384ABDF8F1
:10A0D00034100F9103EB8303D3180D93BDF81830A0
:10A0E0000E9300230B910C930D9ABDF92C3012F8AE
:10A0F000018B0D92069A07939F180823049300265C
:10A10000B94618F0010F55D00699BDF81420012961
:10A11000B3B200F0F2800899DCF81C4011FB03F3A5
:10A1200013441F4A94421DB20FFA81FABDF9183048
:10A1300040F00681DCF840401A4A944240F0008129
:10A14000DCF81430099A934240F02281079C4C4578
:10A1500070DA0A960AE0029E0096DCF83870013444
:10A1600024B2B8474C45DBF800C062DADCF8207056
:10A170000D4EB742214653462A465846EBD0029B25
:10A1800000935346EBE7584617B0BDE8F04F184729
:10A1900058469847DBF800C0ADE600BF6197030062
:10A1A000F19A03006D98030075970300659703000B
:10A1B00030A70400DDE90232934241D00699BDF890
:10A1C00014200129B3B200F0C5800899DCF81C40C6
:10A1D00011FB03F313448F4A94421DB20FFA81FA24
:10A1E000BDF9183040F0CD80DCF840408A4A9442F6
:10A1F00040F0C780DCF81430099A934240F0CD80DB
:10A20000079C4C4516DA0A96DCF82070834EB7425C
:10A21000214653462A46584640F08680039E0096C3
:10A220000134DCF8387024B2B8474C45DBF800C084
:10A23000EADB0A9EDCF82C30099A934240F0A380B6
:10A24000049B013B013613F0FF0376B24FEA580836
:10A2500004937FF456AF0B9B0E9A13440C9A013271
:10A260009BB2052A0C920B937FF43EAFDDE90232DC
:10A2700093423FF4CFAE069B012B00F0A0800E9BD3
:10A280000F99DCF81C60634A03EB83031944089BB5
:10A2900096424FEAC3050CB2BDF9183040F0A980D0
:10A2A000DCF840605C4A964240F0A380DCF8143051
:10A2B000099A934240F0A980069B23449C421E4683
:10A2C00070DADFF85881DDF814900AE0039F0097F8
:10A2D000DCF83870013424B2B847B442DBF800C06F
:10A2E00060DADCF82070474521462B464A4658463E
:10A2F000ECD0039B00932B46ECE7089901297FF4EF
:10A300000AAF13440C990F9ADCF8184051181AB28E
:10A31000434B9C4208BFDCF81040029B09B25846F0
:10A32000A047DBF800C08BE7039B00930134534642
:10A3300024B2B847A145DBF800C03FF765AF78E726
:10A34000029A0799CDE900A258462A46A047DBF8B1
:10A3500000C075E7089901297FF437AF13440C99C1
:10A360000F9ADCF8184051181AB22D4B9C4208BFC6
:10A37000DCF81040039B09B25846A047DBF800C048
:10A380005EE7039ADDE758469847DBF800C057E7D9
:10A3900058469847DBF800C0D8E658469847DBF89F
:10A3A00000C02DE7DCF82C30099A93423FF435AE1B
:10A3B00058469847DBF80030099ADB6A2DE6089B7F
:10A3C000012B7FF45CAF0F9900920531059ADCF800
:10A3D0002040082309B25846A047DBF80030099A0C
:10A3E000DB6A1AE6049358469047DBF800C0049BEA
:10A3F0006CE6039A2146CDE900525846059AB047CB
:10A40000DBF80030099ADB6A07E658469847DBF824
:10A4100000C051E7F19A03006D980300759703009F
:10A42000659703002DE9F041036A84B00446002BD0
:10A430004FD00A2941D00D2947D01A7A914244D3EE
:10A44000987A884241D38A1A5D68B4F91060207EF8
:10A45000D2B205EBC205AF7857B3EA7842B394F8AD
:10A460001BC0B4F9122094F819E0BCF1000F0FD012
:10A4700095F905C0B4F90C80674400FB07674745B0
:10A4800006DD002626821B7B03FB0E2212B26282AF
:10A49000B4F816C0CDF80CE0A78A02900B4620460F
:10A4A0003146CDE9007CFFF7E9FCB4F91060207E6D
:10A4B000297901FB0060208207E0002202821B7BD9
:10A4C000428A417E01FB03234382012004B0BDE8A0
:10A4D000F0810A292CD00D29F7D0C67EB0F9107072
:10A4E000B4F91220007E657E66B10626B4F90CC070
:10A4F00016FB0076664505DD02EBC50212B26282EC
:10A5000023821F46E68A0395A58A02900B462046C1
:10A510003946CDE90056FFF7B1FC237E228A03EBD2
:10A52000430302EB43030120238204B0BDE8F08122
:10A53000428A417E038202EBC1034382C5E700BF2A
:10A54000002908BF01210176417670472DE9F04FBF
:10A5500087B09846109C2280119CA4F80080139C20
:10A5600000232380129C4FF0FF3947F6FF7B4F46B4
:10A57000DA46238011F8014B002C5ED0036A002BD1
:10A5800073D00A2C00F0A8800D2CF3D093F808E0CB
:10A590007445EFD39D7AA542ECD3A4EB0E0E5C6814
:10A5A000057E02955FFA8EFE04EBCE0E457E039586
:10A5B0009EF80250019590F81BC09EF80350049538
:10A5C0009EF8045005951FFA88F49EF905509EF9EF
:10A5D00006E0BCF1000F40F08E8093B200931A4663
:10A5E000BDF80830019E05FB0325039AADB20EFBB2
:10A5F000024406FB035C049EA4B206FB02460CF177
:10A60000FF3C0FFA8CFC013E0FFA84FE36B2059C2B
:10A61000009A67452DB2B8BF6746B14504FB0322D7
:10A62000B8BFB14611F8014BAA45A8BFAA46F345E9
:10A63000A8BFF34612B2002CA0D1BA4507DC109A8D
:10A640007B1CA2F800A0129AA3EB0A031380CB454F
:10A6500008DC119A09F10103A2F800B0139AA3EBE8
:10A660000B03138007B0BDE8F08F0A2C3CD00D2CF3
:10A6700080D0047E90F81BE0457E04EB4406760013
:10A6800002EB060CBEF1000F0BD0B0F90CE0E64572
:10A6900007DA08EBC508B4461A460FFA88F81E46D2
:10A6A00000E096B208230CF1FF3C13FB0583013B4D
:10A6B000BC45C8BF0FFA8CF74B45C8BF0FFA83F9EA
:10A6C00004EB44049245A8BF924606EB4404C345FC
:10A6D000A8BFC34622B24DE7427E1B7B02FB038824
:10A6E0000FFA88F8002245E7427E08EBC2080FFA0D
:10A6F00088F81A463EE7019E05EB060CB0F90C609F
:10A700000096029E06FB0C2C009EB4457FF765AFB9
:10A710001B7B039A03FB0244A4B200230FFA84F8C4
:10A7200000931A465CE700BF10B590F83430044639
:10A730004BB194F93600002804DB0021BDE810403D
:10A740000AF0C4BF10BD00F1280393E80600406A78
:10A75000F8F782FEEDE700BF10B5044690F9360029
:10A76000002802DB01210AF0B1FF94F8343003B174
:10A7700010BD606ABDE81040F8F7D2BE03683B4ADE
:10A780005B69934270B504460D466DD190F8343044
:10A79000002B5DD094F93600002802DB00210AF07E
:10A7A00095FF002D47D194F83D5094F937000021D2
:10A7B0000AF08CFF94F83430002B3FD0012B2FD1BE
:10A7C000082694F9243018462B064FF0000148BFA4
:10A7D00001210AF07BFF012194F926000AF076FF9F
:10A7E000013E002194F926006D000AF06FFF16F07B
:10A7F000FF06EDB2E5D1012194F937000AF066FFBA
:10A8000023681B4ADB6A93422AD194F93600002858
:10A8100002DB01210AF05AFF94F834309BB170BD7D
:10A8200094F9250000210AF051FF012194F9250037
:10A830000AF04CFFDFE794F83C50B6E72946606A1F
:10A84000F8F7B6FED7E7606ABDE87040F8F768BE73
:10A8500000F1280393E80600406AF8F7FDFD99E748
:10A860002046BDE87040184798479AE729A703009B
:10A8700059A7030000290FDBF0B51C46B0F90C30D6
:10A880008B4283B0054605DD002A03DBB0F90E30AC
:10A89000934202DC03B0F0BD7047036801260096C6
:10A8A0005F6D92B2334689B2B84795F8343053B3EE
:10A8B000012B1BD1102695F92430184623044FF0A4
:10A8C000000148BF01210AF001FF012195F926008E
:10A8D0000AF0FCFE013E002195F926000AF0F6FE82
:10A8E000640016F0FF06A4B2E5D1D3E795F9250080
:10A8F00000210AF0EBFE95F92500314603B0BDE8D2
:10A90000F0400AF0E3BE210A686AF8F751FE686A6F
:10A91000E1B203B0BDE8F040F8F74ABE2DE9F041DE
:10A920000E1E82B00CDB1D46B0F90C30B34204465B
:10A9300006DD002A174603DBB0F90E30934202DC35
:10A9400002B0BDE8F0810368394A5B6993426DD17A
:10A9500090F83430002B5CD094F93600002802DBEC
:10A9600000210AF0B3FE23684FF00108CDF8008003
:10A97000B1B2BAB25E6D20464346B04794F8343067
:10A98000002B3DD0012B30D1102694F924301846ED
:10A990002B044FF0000148BF01210AF097FE01216E
:10A9A00094F926000AF092FE013E002194F9260057
:10A9B0000AF08CFE6D0016F0FF06ADB2E5D12368FB
:10A9C0001C4ADB6A93422CD194F93600002802DB42
:10A9D00001210AF07BFE94F83430002BB0D1606A7C
:10A9E00002B0BDE8F041F8F79BBD94F925000021C5
:10A9F0000AF06CFE414694F925000AF067FEDEE796
:10AA0000290A606AF8F7D4FDE9B2606AF8F7D0FD68
:10AA1000D5E700F1280393E80600406AF8F71CFD2B
:10AA20009AE7204602B0BDE8F041184798479AE7F8
:10AA300029A7030059A703002DE9F04112B20446EB
:10AA400009B21D469DF918709DF91C609DF9208082
:10AA5000FFF7F8F90022084984F8358084F8367049
:10AA600084F8376084F83420A263A287656221608D
:10AA700022642046BDE8F08190AC0400F8B504469D
:10AA8000444D90F93600002918BF0D46002817469E
:10AA900007DB01210AF096FD012194F936000AF046
:10AAA00015FE012194F937000AF08CFD012194F97B
:10AAB00037000AF00BFE94F8346076BB606A364BC0
:10AAC000A5620122984284F82C70276384F82D2017
:10AAD00040D0324B98423DD094F93500002838DB05
:10AAE00001210AF06FFD012194F935000AF0EEFD15
:10AAF000642007F091FB002194F935000AF0E6FD8F
:10AB0000642007F089FB94F9350001210AF0DEFD8D
:10AB1000C820BDE8F84007F07FBB012E1DD0012101
:10AB200094F925000AF04EFD94F9250001210AF060
:10AB3000CDFD94F926000028CEDB01210AF042FD6C
:10AB400094F9260001210AF0C1FD94F9350000288E
:10AB5000C6DAF8BDF8F734FCBEE7314694F92400B4
:10AB60000AF030FD002194F924000AF0AFFD3146CF
:10AB700094F926000AF026FD94F9260000210AF037
:10AB8000A5FD94F925000028A6DB00210AF01AFD96
:10AB9000A2E700BF0024F40070810020848100201F
:10ABA000012390F83020816280F82C2080F82D302D
:10ABB000704700BF02B970472DE9F843B0F90C5057
:10ABC0006D00954228BF15464FEA4509064648469E
:10ABD0008846174607F03AFB044680B398FA98F87F
:10ABE0001FFA88F3002D73D06A1E012A71D9002143
:10ABF00063F30F0163F31F4168082246002301330A
:10AC0000834242F8041BFAD325F00103AB4206D07D
:10AC10005A1C954224F8138001D924F81280AF42BF
:10AC20004B464FF00002214655D87B00706A002247
:10AC3000F8F77CFC2046BDE8F84307F021BB96F806
:10AC400034304FEA18295FFA88F56BB9013F49465D
:10AC5000706AF8F7ADFC013F2946706AF8F7A8FC66
:10AC60007A1CF4D1BDE8F883012B13D0A945F9D0A3
:10AC7000013F002196F925000AF028FD013F01213E
:10AC800096F925000AF022FD7B1CF2D1EAE70024A8
:10AC9000002FE7D0013F454696F9243015F4004FC8
:10ACA00018464FF0000118BF01210AF00FFD0134D2
:10ACB000012196F926000AF009FDA4B2002196F9B7
:10ACC00026006D000AF002FD102CADB2E4D1DEE7E3
:10ACD000FEE700239CE77F1B706AF8F727FC002F34
:10ACE0009DD1A7E72DE9F04F83B0BDF93050BDF8F5
:10ACF0003470002B58D0002D56D0002B06461C4631
:10AD000055DBB6F90C308B424EDD002D05DAADB2C5
:10AD100001322A446D4212B22DB2B6F90E009042B1
:10AD200042DD1FFA81FE0EEB04081FFA88F808F1D5
:10AD3000FF3C0FFA8CFCBCF1000F35DB1FFA82F9E7
:10AD400009EB050B1FFA8BFB0BF1FF3A0FFA8AFA9E
:10AD5000BAF1000F28DB0029BCBF0FFA88F44FF0CE
:10AD6000000E002ABCBF0FFA8BF54FF000096345B7
:10AD7000DCBFA3EB0E0424B25045DCBFA0EB0905F9
:10AD80002DB23368AAB2009271464A46D3F8548075
:10AD90003046A3B2C04704FB05F23946304603B043
:10ADA000BDE8F04FFFF706BF03B0BDE8F08F9CB2DF
:10ADB00001312144B6F90C3009B264428B4224B20D
:10ADC000A3DCF1E7F0B583B00029BDF8206036DBE5
:10ADD0001C46B0F90C308B42054630DD002C2ED0DD
:10ADE00005DAA4B201322244644212B224B2B5F9A7
:10ADF0000E30934223DD1FFA82FC0CEB0407BFB236
:10AE0000781E00B200281ADB002ABCBF3CB24FF00B
:10AE1000000C8342DCBFA3EB0C0424B22B68A2B26B
:10AE200000925F6D6246284689B20123B8472246E8
:10AE30003146284603B0BDE8F040FFF7BBBE03B083
:10AE4000F0BD00BFF0B583B0002ABDF8206038DB4C
:10AE50001C46B0F90E309342054632DD002C30D04E
:10AE600005DAA4B201312144644209B224B2B5F931
:10AE70000C308B4225DD1FFA81FC0CEB0407BFB2BE
:10AE8000781E00B200281CDB0029BCBF3CB24FF08A
:10AE9000000C8342D8BFA3EB0C044FF001012B68D8
:10AEA0000091D8BF24B261465F6D284692B2A3B22A
:10AEB000B84722463146284603B0BDE8F040FFF7C8
:10AEC00079BE03B0F0BD00BF2DE9F04383B0161E7C
:10AED000BDF8287051DB1D46B0F90E30B342044670
:10AEE0004BDD002D49D005DAADB2013129446D4268
:10AEF00009B22DB2B4F90C308B423EDD1FFA81F855
:10AF000008EB050080B2421E12B2002A35DB002990
:10AF1000BCBF05B24FF000089342D8BFA3EB0805B1
:10AF20002368244A5B69D8BF2DB293423AD194F882
:10AF300034307BB394F93600002802DB00210AF09C
:10AF4000C5FB23684FF00109CDF80090B2B241462D
:10AF50005E6D2046ABB2B0472A4639462046FFF721
:10AF600029FE2368144ADB6A93421ED194F9360005
:10AF7000002805DA94F8343033B103B0BDE8F0832B
:10AF800049460AF0A3FBF5E7606A03B0BDE8F04369
:10AF9000F8F7C6BA04F1280393E80600606AF8F7E8
:10AFA0005BFAC7E720469847CBE7204603B0BDE8E9
:10AFB000F043184729A7030059A703002DE9F041E2
:10AFC00082B00E1EBDF820704FDB1D46B0F90C306C
:10AFD000B342044649DD002D47D005DAADB2013257
:10AFE0002A446D4212B22DB2B4F90E3093423CDDC8
:10AFF0001FFA82F808EB050080B2411E09B2002951
:10B0000033DB002ABCBF05B24FF000088B42D8BF2B
:10B01000A3EB08052368234A5B69D8BF2DB293428E
:10B0200038D194F834306BB394F93600002802DB41
:10B0300000210AF04BFB2368AAB20092B1B242464B
:10B040005E6D20460123B0472A4639462046FFF769
:10B05000B1FD2368144ADB6A93421ED194F936008D
:10B06000002805DA94F8343033B102B0BDE8F0813D
:10B0700001210AF02BFBF5E7606A02B0BDE8F04160
:10B08000F8F74EBA04F1280393E80600606AF8F76F
:10B09000E3F9C9E720469847CDE7204602B0BDE86E
:10B0A000F041184729A7030059A703002DE9F04FE5
:10B0B00083B0BDF93050BDF83470002B7BD0002D2B
:10B0C00079D0002B06461C4678DBB6F90C308B4253
:10B0D00071DD002D05DAADB201322A446D4212B2A3
:10B0E0002DB2B6F90E00904265DD1FFA81F808EB2B
:10B0F000040E1FFA8EFE0EF1FF3C0FFA8CFCBCF121
:10B10000000F58DB1FFA82F909EB050B1FFA8BFBC6
:10B110000BF1FF3A0FFA8AFABAF1000F4BDB002964
:10B12000BCBF0FFA8EF44FF00008002ABCBF0FFA24
:10B130008BF54FF000096345D8BFA3EB08043368D3
:10B140002C4A5B69D8BF24B25045DCBFA0EB09058F
:10B150002DB293424AD196F83430002B39D096F96B
:10B160003600002802DB00210AF0B0FA3368AAB2E8
:10B17000009241464A46D3F854803046A3B2C047B5
:10B1800004FB05F239463046FFF714FD33681A4ACE
:10B19000DB6A934225D196F93600002802DB0121B3
:10B1A0000AF094FA96F834302BB9706A03B0BDE80F
:10B1B000F04FF8F7B5B903B0BDE8F08F9CB201319C
:10B1C0002144B6F90C3009B264428B4224B280DCCF
:10B1D000F1E706F1280393E80600706AF8F73CF9F6
:10B1E000BDE7304603B0BDE8F04F184730469847FA
:10B1F000BCE700BF29A7030059A703002DE9F843C6
:10B200000D4690F83410044690469946002900F007
:10B21000A48094F93600002802DB00210AF056FAD7
:10B22000002194F937000AF051FA94F83430002BD9
:10B2300000F09B80012B43D1082694F924302A0684
:10B2400018464FF0000148BF01210AF03FFA0121E2
:10B2500094F926000AF03AFA013E002194F92600FA
:10B260006D000AF033FA16F0FF06EDB2E5D10121C8
:10B2700094F937000AF02AFAB9F1000F32D000270A
:10B2800012E094F8273094F92500002B55D10021C5
:10B290000AF01CFA012194F925000AF017FA08F1C6
:10B2A000010801374F451DD094F83430022BE8D007
:10B2B00098F8005013BB2946606AF8F779F9EEE771
:10B2C000002194F925000AF001FA012194F92500E2
:10B2D0000AF0FCF9012194F937000AF0F7F9B9F105
:10B2E000000FCCD194F93600002802DB01210AF0CE
:10B2F000EDF994F834305BB3BDE8F883012B08BF57
:10B30000082637D194F9243018462B064FF0000157
:10B3100048BF01210AF0DAF9012194F926000AF068
:10B32000D5F9013E002194F926006D000AF0CEF90E
:10B3300016F0FF06EDB2E5D1B1E700210AF0C6F93B
:10B34000012194F9250008F102080AF0BFF9A8E7E5
:10B35000606ABDE8F843F8F7E3B800F1280393E822
:10B360000600406AF8F778F853E72946606AF8F76C
:10B370001FF97CE794F9250089E700BF2DE9F84320
:10B380000D4690F83410044616469846002900F001
:10B390009F8094F93600002802DB00210AF096F91C
:10B3A000002194F937000AF091F994F83430002B19
:10B3B00000F09680012B52D1082794F924302A06F8
:10B3C00018464FF0000148BF01210AF07FF9012122
:10B3D00094F926000AF07AF9013F002194F9260039
:10B3E0006D000AF073F917F0FF07EDB2E5D1012106
:10B3F00094F937000AF06AF9B8F1000F23D000275A
:10B4000011E094F8273094F92500002B51D1013632
:10B4100000210AF05BF9012194F925000AF056F9A0
:10B42000013747450FD094F83430022BE9D006F1AC
:10B4300001093578F3B92946606A0137F8F7B8F899
:10B4400047454E46EFD194F93600002802DB012132
:10B450000AF03CF994F83430ABB3BDE8F88394F9C2
:10B46000250000210AF032F9012194F925000AF0A3
:10B470002DF9BCE7012B38D1082694F92430184661
:10B480002B064FF0000148BF01210AF01FF90121EE
:10B4900094F926000AF01AF9013E002194F92600D9
:10B4A0006D000AF013F916F0FF06EDB2E5D14E4635
:10B4B000B6E700210AF00AF9012194F925000236C5
:10B4C0000AF004F9ACE7606ABDE8F843F8F728B879
:10B4D00000F1280393E80600406AF7F7BDFF58E73C
:10B4E0002946606AF8F764F881E794F925004E462A
:10B4F0008EE700BF70B506460C4690F93700002174
:10B500000AF0E4F896F83430A3B3012B21D10825D2
:10B5100096F92430184623064FF0000148BF012158
:10B520000AF0D4F8012196F926000AF0CFF8013D7F
:10B53000002196F9260064000AF0C8F815F0FF050E
:10B54000E4B2E5D196F937000121BDE870400AF078
:10B55000BDB896F9250000210AF0B8F896F9250043
:10B5600001210AF0B3F896F937000121BDE87040D7
:10B570000AF0ACB82146706AF8F71AF896F9370065
:10B580000121BDE870400AF0A1B800BF70B590F885
:10B59000343005460E4643B3012B1AD12024002136
:10B5A00095F924308E42B8BF012118460AF08EF872
:10B5B000012195F926000AF089F8013C002195F94E
:10B5C00026000AF083F814F0FF044FEA4606E6D19D
:10B5D00070BD002190F925000AF078F895F9250052
:10B5E0000121BDE870400AF071B8090E406AF7F712
:10B5F000DFFFC6F30741686AF7F7DAFFC6F30721F2
:10B60000686AF7F7D5FFF1B2686ABDE87040F7F7EE
:10B61000CFBF00BF30B501F0030183B00023022982
:10B620008176B0F94A40B0F94C208DF8073028D027
:10B63000032920D0012912D0C02590F8441090F899
:10B6400045308481C2818DF80750018743870123EB
:10B650000DF107023621FFF7D1FD03B030BD90F8A0
:10B66000451090F84730A025C48182818DF807509D
:10B6700001874387EBE7602590F8481090F8443045
:10B68000F2E790F8471090F848308481C281018732
:10B690004387DCE710B584B0CDE900239DF918405D
:10B6A00002940B464FF4A072F021044600F0DAF841
:10B6B000044B23602046002384F8473084F8483048
:10B6C00004B010BD14AD040070B50D4682B080F812
:10B6D000463000210446164600F004F9F02D48D00B
:10B6E000872D39D0C6F5A071C5F1F00301EBD171FA
:10B6F00003EBD373C1F34701C3F3470384F8481046
:10B7000084F8451084F8473084F84430A4F84A504F
:10B71000A4F84C601F49204600F0BEF823681E4A7A
:10B720001B6B934231D194F8445094F84500D4F8FF
:10B730004A10E1600023A37602AA65F30F0360F3C9
:10B740001F43C025A36302F8015D20460123362173
:10B75000FFF754FD02B070BDF02EC3D1282142F690
:10B760003502342384F84810A4F8442084F8473084
:10B77000CCE7F02EB6D100234FF4A04284F8483035
:10B7800084F84730A4F84420C0E7204600219847B9
:10B7900002B070BDE8AC040015B60300054B90F88C
:10B7A0004620002908BF194642F22103016483871D
:10B7B000FFF764B90048E801F8B5078F448FBDF87A
:10B7C0001850394489B2224492B20B44013B5419B7
:10B7D000064643EA0145013C2A2144EA0244FFF7B8
:10B7E00089FE29463046FFF7D1FE30462B21FFF770
:10B7F00081FE21463046FFF7C9FE30462C21BDE8C8
:10B80000F840FFF777BE00BF10B501F0030182B02A
:10B8100000230229817690F8444090F845208DF865
:10B8200007301CD0032914D001290CD0C023048771
:10B8300042878DF8073001230DF107023621FFF70B
:10B84000DDFC02B010BDA023448702878DF80730CD
:10B85000F1E76023448702878DF80730EBE7048720
:10B860004287E8E730B585B09DF920409DF9245026
:10B8700000949DF92840CDE901540446FFF7DCF817
:10B88000044B236020460023A4F8443084F846305B
:10B8900005B030BD74AD04002DE9F041013111F85F
:10B8A000015C8046013DEDB28C1CFF2D22464046D6
:10B8B00015D04F78097807F07F063346FFF75EFD15
:10B8C0003B0604EB0601EDD5A05DFF2801F1010464
:10B8D00008BF4FF4FA7006F09FFC2146E2E7BDE88E
:10B8E000F08100BF03681B4A1B6D93422DE9F041B4
:10B8F00080460C462AD11849016442F2210383870D
:10B9000090F84620FFF7BAF8F4B12578611C013DA4
:10B91000EDB28C1CFF2D2246404615D04F78097899
:10B9200007F07F063346FFF729FD3B0604EB0601CF
:10B93000EDD5A05DFF2801F1010408BF4FF4FA70B6
:10B9400006F06AFC2146E2E7BDE8F0810021984755
:10B95000DAE700BF9DB703000048E80100294FF077
:10B96000000314BF102111211A46FFF707BD00BFC5
:10B97000704700BF10B5A421044608F067FF2046B9
:10B9800010BD00BF38B50A4B04460D46442240F8AE
:10B990000C3B00210AF071FF0023A560237104F124
:10B9A0005401012006F00AFF2065204638BD00BF83
:10B9B000D4AD040070B504460E46006D4FF0FF3163
:10B9C00007F06AF9257955B98EB1A660314604F1C0
:10B9D0000C0003F029FAB0FA80F56D0925710023F7
:10B9E000206D1A46194606F00FFD284670BDA66860
:10B9F000002EF4D0EAE700BF70B505464FF0FF31E6
:10BA0000006D07F049F92B7905F10C06F3B100231D
:10BA10002B71304603F00AFB044668B9A96830462A
:10BA200004F07CFA044638B93046A96803F0FCF902
:10BA3000044608B901232B710023286D1A461946C4
:10BA400006F0E2FCB4FA84F0400970BD3046A96803
:10BA500004F064FA0446EFE738B504460D46006D7D
:10BA60004FF0FF3107F018F9294604F10C0004F0FB
:10BA7000DFFE002305461A46206D194606F0C4FC79
:10BA8000B5FA85F0400938BD70B5036904460D4626
:10BA9000186D4FF0FF31164607F0FEF8237D4BB1CD
:10BAA000002522690023106D19461A4606F0ACFCE9
:10BAB000284670BD2069A1692A4633460C3002F041
:10BAC00055FA20EAE075ECE770B50369044682B0E8
:10BAD0004FF0FF31186D07F0DFF8257D45BB206979
:10BAE000A1690C3003F04EF902AA0646206902F85B
:10BAF000015D0123A1690C3003F0A2F80028206940
:10BB0000A169C8BF9DF80750324600F10C004FF004
:10BB10000003D8BF4FF0FF3503F002F9226900237C
:10BB2000106D19461A4606F06FFC284602B070BD2B
:10BB30004FF0FF35F2E700BF38B5036904464FF018
:10BB4000FF31186D07F0A8F8237D4BB1002522695D
:10BB50000023106D19461A4606F056FC284638BDDB
:10BB60002069A1690C3003F00FF905462069A1692D
:10BB70000C3003F007F92D1AE9E700BF10B503698F
:10BB800004464FF0FF31186D07F086F8237D23B986
:10BB90002069A1690C3004F041FD22690023106D79
:10BBA00019461A46BDE8104006F02EBC70B5036970
:10BBB000044682B04FF0FF31186D07F06DF8257D17
:10BBC00055B122690023106D19461A4606F01CFC77
:10BBD0004FF0FF3002B070BD2069A1690DF107027E
:10BBE00001230C3003F02CF8226906462B46106D19
:10BBF00029462A4606F008FC002ECCBF9DF8070017
:10BC00004FF0FF3002B070BD30B50368164A5B6874
:10BC100083B093428DF807101ED1036904464FF09C
:10BC2000FF31186D07F038F8237D53B100252269E4
:10BC30000023106D19461A4606F0E6FB284603B0AD
:10BC400030BD2069A1690C3001230DF1070202F01B
:10BC50008DF920EAE075EAE701220DF10701984726
:10BC60000546284603B030BD89BA030030B4084CFD
:10BC7000016100224FF47A758560C0E900420275C7
:10BC800080F8202080F86020C0E9062230BC704790
:10BC9000E4AD04002DE9F0410369044694B00D467B
:10BCA000186D4FF0FF31904606F0F6FFA16989B19B
:10BCB0002069267D0C30002E51D002F043F9A06996
:10BCC00006F0DEFAE0690023A36108B106F0D8FAB5
:10BCD0000023E361206901AA0C30294603F05EF8D5
:10BCE000074660BB9DF804302669112B5BD02C20E1
:10BCF00006F0ACFAA06180B301462A4606F10C00BA
:10BD000002F072F8002857D10123237528460BF062
:10BD100080FC013006F09AFA2946E0610BF05FFCE6
:10BD200026692F2128460BF0AFFC203400B1451CBA
:10BD30002946204640220BF086FC012503E0871CA3
:10BD4000266913D000250023306D1A46194606F0E7
:10BD50005BFB284614B0BDE8F0810546F3E704F02C
:10BD6000D7FCA06906F08CFAA661B3E7B8F1010F21
:10BD7000E8D1382006F06AFAA0610028EDD001462B
:10BD800040F2031306F10C002A4604F093FB074629
:10BD900078BB2069A1690C3002233A4602F0C0FF4B
:10BDA00026692775BDE7B8F1000F0CD0B8F1010F77
:10BDB000B7D140F2031707E0A06906F061FA3D46EB
:10BDC000A7612669BFE70127382006F03FFAA06186
:10BDD0000028C2D001463B4606F10C002A4604F07A
:10BDE00069FB30B9B8F1010F266909D0002323752A
:10BDF00097E7A069002506F043FAA5612669A2E746
:10BE00000246022306F10C00A16902F089FF2669AF
:10BE1000ECE700BF70B5036904460D46186D4FF09E
:10BE2000FF31164606F038FF237D4BB1002522690D
:10BE30000023106D19461A4606F0E6FA284670BD32
:10BE40002069A1692A4633460C3002F0F9FE054606
:10BE5000EDE700BF70B5036904464FF0FF31186D80
:10BE600006F01AFFA16981B12069257D0C30ADB1C2
:10BE700002F068F8A06906F003FAE0690023A36104
:10BE800008B106F0FDF90023E36122690023106D7B
:10BE900019461A46BDE8704006F0B6BA04F038FC00
:10BEA000A06906F0EDF9A561EFE700BF2DE9F047C5
:10BEB000804600681646026A82B0B2420B9F4AD999
:10BEC0000C461D468FB92DE0B5FBF1F201FB125275
:10BED000D0F8049052B3AA1AA36826606260009159
:10BEE0003146C847F8B9D8F80000236841699E4236
:10BEF000EAD163689D42E7D3CA189542E4D2A2EB27
:10BF00000509B945A1680A9828BFB946EB1A194432
:10BF10004A46BF1A0AF08DFC0A9B4B444D440A93D3
:10BF2000002FE0D1002002B0BDE8F087B942D2D89E
:10BF3000B7FBF1FA01FB1A7AA7EB0A0700970A9BF5
:10BF40002A463146C8470028EDD10A9B3B443D4470
:10BF50000A935746E4E7034B034A044812210AF0C8
:10BF6000BBFB00BF84AE040000AE0400A4AE04001E
:10BF70002DE9F04F85B00392002B5AD08846016816
:10BF8000C9695C1EA1F108090E9BB4FBF9F50746CF
:10BF9000B3FBF9F6BDB3681E02920AF021FA851CC4
:10BFA000A4EB8505029AB5FBF9F56EBBB5424AD9FB
:10BFB0000DF10C0A4FF004094FF0010B0AE0012AC1
:10BFC0004BD93B681B6A9A4247D80BFA04F42D1BE5
:10BFD000B54238D9AC1BB4FA84F495FAA5F3C4F190
:10BFE0001F04B3FA83F39C4228BF1C46CDE900A985
:10BFF000A30041463846FFF759FF039A0028DED0D8
:10C0000005B0BDE8F08FF6B1701E02920AF0E8F9B3
:10C010000E9B861CA3EB8606B6FBF9F630460AF0AB
:10C02000DFF90E9B029A06FB1939A9EB80030E93E8
:10C03000BCE70F994FF0FF320A60109A1846136060
:10C0400005B0BDE8F08F0F9B1A60109B1A460E9B3F
:10C050001360002005B0BDE8F08F034B034A04488D
:10C060004FF48F610AF038FB14AF040020AE0400D7
:10C07000A4AE04002DE9F04F0446D2E900038FB0CE
:10C08000002608900291099304F11409B3460DF1BA
:10C09000280A08AB494653F826701023CDE900A3BF
:10C0A0003A4600232046FFF701FF002839D1BBF1B3
:10C0B000000F63D10B9B23F00043132B54D922684C
:10C0C000D269934250D80EAB4FF0FF3143F81C1D9C
:10C0D000102218465146039304F0E8FC0B9B23F012
:10C0E0000042102A25D0CDE904B610250DF11B0819
:10C0F0001646DDF80CB004E0584604F0D7FCAE421A
:10C1000015D00123CDE900833A462B464946204607
:10C11000FFF7CCFE0122414615440028ECD0DDE9B2
:10C1200004B610F1340F1FD00FB0BDE8F08FDDE979
:10C1300004B6079B751CBBB905F001050DF1380C61
:10C140000CEB850C029D03959AE80F006F605CF87C
:10C15000187CAF602F46BC461C351027CCF80C70FD
:10C1600085E80F004FF0010B7EB1BBF1000F14BF4B
:10C1700000206FF033000FB0BDE8F08F029A0A9BE9
:10C18000D2699B1A002B95DAEEE7012681E700BF02
:10C190002DE9F04F984603681B6A87B04345109E0F
:10C1A000DDE911A740F2D780002F4AD081468B46A7
:10C1B0001546DBF8003043454ED0013340F0C580D2
:10C1C000D9F800008269B6FBF2F302FB1363002B7F
:10C1D0003BD1BA4239D8B7FBF2F302FB1373039396
:10C1E000FB1A009302938468534632464146A047A7
:10C1F000002840F0A380029B002D00F09B80DBB163
:10C200005446371B9A4408E014F8013B9DF8172068
:10C210009A4240F09180A2450ED0012301930DF186
:10C220001703009342463B1929464846FFF73EFE56
:10C230000028E9D0C0F28280029B039F1E44002F99
:10C24000B7D1002007B0BDE8F08FF31ACBE9008327
:10C25000DBF800304345B0D1DBF80420B242ACD863
:10C26000D9F800108C691444B442A6D9A41BBC426E
:10C27000DBF8080028BF3C46B21A1044514622465B
:10C280000AF0D7FAD9F80000D0F818C02644B6FB57
:10C29000FCF30CFB13633F1BA244002BCFD1DBF854
:10C2A00000104B1CCBD0DBE90123CDF800C0846823
:10C2B000A047002842D1D9F80030DBF808009A697D
:10C2C0006DB3DBE9001352B382181B1ACDF808B026
:10C2D000CDF80C801096044693460E46984607E02B
:10C2E00014F8013B9DF817209A4225D1A34528D088
:10C2F000012301930DF117030093324608EB040369
:10C3000029464846FFF7D2FD0028E9D0DDE902B80A
:10C31000109E13DBD9F80030DBF808009A69FF2182
:10C320000AF0ABFA4FF0FF33CBF80030002F7FF468
:10C3300040AF86E79A447FE76FF0330007B0BDE86F
:10C34000F08FDDE902B8109EE4E7064B064A074885
:10C35000B7210AF0C1F9064B034A04489C210AF0B0
:10C36000BBF900BF68AE040010AE0400A4AE040028
:10C3700084AE04002DE9F04F90460268126A83B043
:10C380004245DDF830900D9E6CD91EB382460F46B3
:10C390001D463B68984527D001335DD1DAF800008F
:10C3A0008269B5FBF2F302FB1353BBB9B24215D855
:10C3B000B6FBF2F402FB1464361B0096D0F808B00A
:10C3C0004B462A464146D84728B9B144354426460B
:10C3D000002EDED1002003B0BDE8F08FEB1AC7E9D4
:10C3E00000833B689845D7D17968A942D4D8DAF858
:10C3F000002092690A44AA42CED9541BB442B868BC
:10C4000028BF3446691A0844224649460AF011FA00
:10C41000DAF8000082692544B5FBF2F302FB1353FE
:10C42000361BA144002BD3D139684B1CD0D0D7E99F
:10C4300001C3009284686246A0470028CBD1DAF895
:10C440000030B8689A69FF210AF017FA4FF0FF33FD
:10C450003B60002E9DD1BDE7054B064A0648B7213B
:10C460000AF03AF9054B034A03489C210AF034F9D3
:10C4700068AE040010AE0400A4AE040084AE040054
:10C480002DE9F04F934691B000240122CDE905310A
:10C490005B46CBE909429A468346DAF828300133F5
:10C4A00000F00F810AF1240251465846FFF7E2FDE1
:10C4B000079000287AD15246DAF80C30DA469346D3
:10C4C000DBF8201021F00042043A03F10C00824214
:10C4D00028BF0AF1140980F0AA80002980F2ED80BB
:10C4E0000AF11409DBE909234FF000080A920B93C3
:10C4F00047460AAB494653F82860102301930CAB1A
:10C500000093324600235046FFF7D0FC00283FD16D
:10C510002FB10C9BDBF81C209B1A002B65DB0D9BBD
:10C5200023F00043132B60D9DAF80020D26993423C
:10C530005BD810AB4FF0FF3143F81C1D102218469A
:10C540000CA9029304F0B2FA0D9B23F00042102ACA
:10C5500032D00397CDF8108010240DF12305174633
:10C56000DDF8088004E0404604F0A0FAA74221D09C
:10C570000123CDE900533246234649465046FFF792
:10C5800095FC0122294614440028ECD0DDE903780B
:10C5900010F1340F29D05B46D3469A46831C40F0F5
:10C5A0009380DAF8243001337FF477AF079811B025
:10C5B000BDE8F08FDDE90378099B08F10104A3B918
:10C5C0000CAB10AD0FCB04F0010405EB8404102577
:10C5D00054F8184CCBF808400BF11C04CBF804605D
:10C5E000CBF80C5084E80F000127B8F1000F1AD0E7
:10C5F000002F5BD0DBF82010DBF8182021F000437F
:10C60000043B143210201B2BCBF81820CBF80C0065
:10C610000CD80029FFF666AF5B46D3469A46034620
:10C62000059A1360BDE74FF0010862E70346059DD8
:10C63000DBF80420281D0C24CDE9000449465046AF
:10C64000FFF734FC0028A6D16B79A979EA79DBF8E9
:10C650000C00286004330B4413440344CBF80C3023
:10C660006A79AC79E879DBF8181004322244024484
:10C670000A44CBF818202A7902F07002202A7FF4AD
:10C680001FAF0598069C81682268914208D0C06857
:10C690006468A04204D0A14202D082427FF410AF6D
:10C6A00001230793079811B0BDE8F08F6FF03303B3
:10C6B0000793079811B0BDE8F08F5A46D3469246CB
:10C6C000AEE70023079371E707906FE72DE9F04F7E
:10C6D000A3B001230691002417A90BAACDE90B43AF
:10C6E0008346FFF7C7FC079000287DD1209B0133CC
:10C6F0007AD0219B013377D020AA17A95846FFF79B
:10C70000B9FC00286FD11A9CDA461F9A22F0004328
:10C71000043B04F10C018B4228BF0AF1140B80F09A
:10C720009380002A80F28B800AF1140BDDE920232C
:10C7300000250D920E93A8464FF010090DAB5946F7
:10C7400053F82560CDF8049013AB009332460023D4
:10C750005046FFF7ABFB00283FD1B8F1000F04D0E3
:10C76000139B1E9A9B1A002B57DB149B23F000434C
:10C77000132B52D9DAF80020D26993424DD822AB5C
:10C780004FF0FF3143F8601D102213A918460393A0
:10C7900004F08CF9149F27F00042102A2AD0CDE92A
:10C7A000048510240DF127071546DDF80C8004E000
:10C7B000404604F07BF9A5421AD00123CDE900736D
:10C7C0003246234659465046FFF770FB0122394650
:10C7D00014440028ECD0DDE9048510F1340F1CD09E
:10C7E000831CD34682D00790079823B0BDE8F08F12
:10C7F000DDE904850A9B6C1C7BB913AB0FCB22AF20
:10C8000004F0010407EB840407E90F0054F8543CDA
:10C810001896CDE919394FF001089DB1B8F1000F14
:10C8200041D01F991D9A21F00043043B143210247B
:10C830001B2B1D921A9407D80029FFF677AFD34619
:10C840000F9453E7012579E710A80C25CDE90005E1
:10C85000189A234659465046FFF728FB0028BFD1B7
:10C860009DF841209DF842509DF843001A9C1D9967
:10C870009DF940300F9404322A4402441444002BA2
:10C880000A441A941D92FFF640AF0822069911A897
:10C8900009F0C0FF00287FF438AF01230793079801
:10C8A00023B0BDE8F08F6FF033030793079823B0F0
:10C8B000BDE8F08F2DE9F04F97B01C460C9340F681
:10C8C000220382462468536010460892DAE9012365
:10C8D000D3460A948260C3608A460A9DBF492846AF
:10C8E0000AF0E6FE2B4603440446BC490993184669
:10C8F0000AF07DFE0128079000F07281022800F006
:10C900007881099B079A9D18CDE90A550124B349FE
:10C9100028460AF0CDFE05442846B0490AF067FED5
:10C9200078B1022802D001340544F0E72B782E2B91
:10C93000F9D16B782E2BF6D1013CF5D1AB1C0A93C3
:10C94000CBE7099B1878002800F088800C9A1360C8
:10C95000089A1379222B40F05B8102F108031A46F2
:10C96000514658460D93FFF785FB002876D1524675
:10C97000DAF80C30DA469346DBF8201021F000425A
:10C98000043A03F10C00824228BF0AF1140980F036
:10C99000A480002980F294800AF1140912ABD046D9
:10C9A0000393CA46DBE9092300255F4610921193E1
:10C9B000A946AB4610AB514653F82B5010230193B8
:10C9C000039B00932A4600234046FFF76FFA002896
:10C9D00041D1B9F1000F04D0129BFA699B1A002BC8
:10C9E00058DB139B23F00043132B53D9D8F80020B6
:10C9F000D26993424ED816AB4FF0FF3143F81C1D5D
:10CA0000102218460399049304F050F8139B23F066
:10CA10000042102A27D0CDF81490CDF818B0102479
:10CA20000DF13B069146DDF810B004E0584604F0E5
:10CA30003DF8A14515D00123CDE900632A462346E0
:10CA400051464046FFF732FA01223146144400288D
:10CA5000ECD0DDE9059B10F1340F1BD017B0BDE819
:10CA6000F08FDDE9059B0F9B0BF1010493B9039B4C
:10CA70007D600FCB04F0010416AE06EB8404102594
:10CA800054F8184CBC6007F11C04FD6084E80F00EA
:10CA90004FF00109BBF1000F19D0BB46B9F1000FEF
:10CAA00076D0396ABA6921F00043043B1432102071
:10CAB0001B2BBA61F8600DD80029FFF673AF03464F
:10CAC000089A6FF00100136017B0BDE8F08F4FF0C7
:10CAD000010B6FE7D1460346C246089FDBF80420EE
:10CAE0000C20391DCDE9001049465046FFF7DEF90C
:10CAF0000028B3D17B79BA79F879DBF80C403C6037
:10CB00000433134403442344CBF80C307D79B879C3
:10CB1000FE79DBF818102A1D024432440A44CBF88F
:10CB200018203A7902F07F01112902D022297FF4DE
:10CB300023AF07998E427FF41FAF04342C44044482
:10CB4000DBF8046000295FD0099DCDF80CB012AB72
:10CB5000641B0127DDF82CB0984607E015F8013B6F
:10CB60009DF848209A4216D15D4519D0CDE900873D
:10CB70006319324649465046FFF798F90028EDD030
:10CB8000D346DDF80CA0FFF669AF089B1A790CE0DC
:10CB90006FF0330062E7DDF80CB0DBF80C30EBE649
:10CBA000089BD3461A79DDF80CA013067FF595AEE5
:10CBB000DBF8043001330BD0DBF80830013307D049
:10CBC0000D995846FFF782FD002824D1089B1A7959
:10CBD000089B02F07F021A717FE600BF40AF04009D
:10CBE0002B5D2E2B7FF48DAE099B079A13440A937D
:10CBF00073E6099B1B782E2B7FF483AE099B5B7831
:10CC00002E2B7FF47EAEEFE75B46D3469A46CCE709
:10CC10006FF0130022E7FFF621AF6FF001001DE770
:10CC20002DE9F04F4468013493B000F08B808468A4
:10CC30000134824600F08680904689460021012317
:10CC40000A910AAA41460B93FFF714FA00287AD1F9
:10CC500043460AF1140BC8469946D9F82430581CAB
:10CC600070D0D9F82820511C6CD0D8F80010994207
:10CC70006CD0D8F80400904268D0834266D09142CC
:10CC800064D0CDE90C32002503950EAFCDF81080AD
:10CC90000CAB594653F825601023CDE9007332469A
:10CCA00000235046FFF702F9002840D1039B2BB127
:10CCB0000E9BD9F81C209B1A002B3BDB0F9B23F00B
:10CCC0000043132B36D9DAF80020D269934231D8C9
:10CCD00012AB4FF0FF3143F8241D1022184639469D
:10CCE000059303F0E3FE0F9B23F00042102A33D09C
:10CCF0000695CDF81C9010240DF123081546DDF89B
:10CD0000149004E0484603F0D1FEA54222D001234E
:10CD1000CDE900833246234659465046FFF7C6F810
:10CD20000122414614440028ECD0DDE9065910F1F7
:10CD3000340F08D165B3DDE90338002B8DD16FF0D6
:10CD4000330000E0002013B0BDE8F08F012013B0E5
:10CD5000BDE8F08FDDE90659099B6C1C002BE9D179
:10CD600097E80F0004F001040DF1480C0CEB84046B
:10CD7000C9F8046054F8184CC9F80840102609F1A5
:10CD80001C04C9F80C6084E80F0001230393D1E769
:10CD900001257DE72DE9F04F4FF0010BA1B0814651
:10CDA0008A464FF00008D9E90C52D9F8384013E010
:10CDB0005109531C601ED9F83C60C9F83430C9F8D9
:10CDC000380056F8217002F01F010BFA01F13942C8
:10CDD00000F0718104461A469542E9D1002C00F01A
:10CDE0001383D9F80020D9F82C30D9F83C00D2E9C7
:10CDF00008121D44944228BF1446B5FBF1F301FB11
:10CE00001355C9F83480C9F83040D208C9F82C50FD
:10CE1000002109F032FDD9F804300133C3D0D9F82C
:10CE200008300133BFD015AA01230592524609F1FB
:10CE30001407CA46CDF834800E9300249146DAF8E0
:10CE40000060DAF82C20316ADAF830508A1A14447B
:10CE5000B4FBF1F001FB1040A84212D2DAF83C100A
:10CE6000440900F01F0351F824200BFA03F3134385
:10CE700041F82430316ADAF82C200E9BDAF8305071
:10CE80008A1A1A44B2FBF1F301FB1322AA420BD215
:10CE90005409DAF83C0002F01F0250F824100BFA93
:10CEA00002F30B4340F824300DAA05995046FFF7D2
:10CEB000E1F8002840F0BA81CDF81C900C26B94664
:10CEC000189B12AC1CE0169ACDE900464946504624
:10CED000FEF7ECFF002840F0A9819DF849309DF84D
:10CEE0004A209DF84B001899043313449DF84820BC
:10CEF000034402F070020B44102A189300F0898258
:10CF00001D9A22F00042043A03F10C019142DAD951
:10CF1000DDE91E43601C4F46CDE90D43DDF81C9052
:10CF200001D0591C8BD14B46D1469A46D9F80C50AA
:10CF3000002D3FF438AFCDF824A0AA46DAF81C3013
:10CF4000DA0340F19C81DAF81440002C00F097815C
:10CF5000D9F80010CD69013C083DB4FBF5F3069308
:10CF600053B1581E059109F03BFA05990230A4EB24
:10CF70008004B4FBF5F30693DAF810300593D9F882
:10CF80002C400B6AD9F83000059A1A44141BB4FBE4
:10CF9000F3F203FB124383420BD25C09D9F83C0045
:10CFA00003F01F0350F824200BFA03F3134340F857
:10CFB0002430069B002B00F0608103F00103C3F1D5
:10CFC00002030A6A07939D00059B934280F0128139
:10CFD0000FAF002408461A4620E0D9F81430059A0D
:10CFE00046699A4200F0CF82B4FBF6F2436806FB32
:10CFF00012429C46002A00F0EC820599D9F81C30B8
:10D00000C9F81410A21AC9F8182000966646B0474D
:10D01000002840F00B81D9F80000059ADAF82C308E
:10D020009A42DAD1DAF83020A242D6D88369134482
:10D03000A342D2D91B1BDAF83410AB4228BF2B46CF
:10D04000A21A11441E461A463846AD1A09F0F1FBE1
:10D0500034443744D9F80000002DDED1079B5D1E13
:10D06000012D0146036AD9E90B4019D10F9A121B11
:10D07000D618B6FBF3F203FB1262824210D25409B7
:10D08000D9F83C0002F01F0350F8242005FA03F3FE
:10D09000134340F82430D9F82C400B6AD9F83000FB
:10D0A00020AA02EB8505DDE90626921B069255F8BB
:10D0B000442C059269E7D9F80000D9F82C10076ACA
:10D0C0000A44AB42B2FBF7F107FB112206921BD0D8
:10D0D000590903F01F0256F82110012707FA02F23E
:10D0E0000A4211D0023C0AE0590903F01F0256F827
:10D0F00021100BFA02F20A4204F1FF3404D001338A
:10D10000AB42C9E90D34EFD1C3680699984703468D
:10D11000079038B113F1340F3FF443AE184621B0F5
:10D12000BDE8F08FDAF82830D9F80000002B00F0C5
:10D130008180DAF82440036A09F114029C420892C3
:10D1400058D215AB0593079F09F1200309933D467B
:10D15000DDF8148017E0D9F8143041699C424FD0B3
:10D16000B5FBF1F201FB1252002A54D0D9F81C3061
:10D170000091AA1AC9E9054246682146B04700282D
:10D1800054D1D9F80000DAF82C309C42E3D1DAF817
:10D190003030AB42DFD886691E44AE42DBD9DAF8C4
:10D1A0003410761B012E28BF0126EB1A324640466A
:10D1B00019443544B044C6F1010609F03AFB002E8B
:10D1C000DFD101230293059BDDE90821CDE900733E
:10D1D0004846069BFEF7DCFF002849D1DAF82830E4
:10D1E000D9F800000137BB4224D9DAF82440036A99
:10D1F0009C42ACD3AC4BAD4AAD48122109F06CFA5D
:10D20000D9F81830AB42ABD85E18AE42A8D9761B1D
:10D21000D9F81C10C6E70129A8D80123009321469C
:10D2200043462A464468A0470028CAD0079021B048
:10D23000BDE8F08F8269D9F82810DAF8340009F0D7
:10D24000F8FAD9E90813D9F80020D9F8280092692A
:10D25000CAE90B13FF2109F010FB4FF0FF33C9F8A7
:10D2600020300798069BCAF8243021B0BDE8F08F23
:10D2700010F1340F3FF495ADD8E7DAF81C309B037A
:10D2800040F1B980DAF82040002C00F0B480D9F8E1
:10D290000010CD69013C083DB4FBF5F3069353B192
:10D2A000581E059109F09CF805990230A4EB800402
:10D2B000B4FBF5F30693DAF824300593D9F82C4043
:10D2C0000B6AD9F83000059A1A44141BB4FBF3F228
:10D2D00003FB124383420BD25C09D9F83C0003F0F4
:10D2E0001F0350F824200BFA03F3134340F82430B3
:10D2F000069B002B7FD003F00103C3F102030A6AEF
:10D3000007939D00059B9342BFF474AF0FAF0024B9
:10D3100008461A4620E0D9F81430059A46699A4220
:10D3200000F04481B4FBF6F2436806FB12429C46CF
:10D33000002A00F064810599D9F81C30C9F814104E
:10D34000A21AC9F8182000966646B04700287FF454
:10D350006DAFD9F80000059ADAF82C309A42DAD18C
:10D36000DAF83020A242D6D883691344A342D2D936
:10D370001B1BDAF83410AB4228BF2B46A21A11440B
:10D380001E461A463846AD1A09F053FA344437445B
:10D39000D9F80000002DDED1079BD9F82C405D1E86
:10D3A000012D0146036AD9F8300019D10F9A121BDA
:10D3B000D618B6FBF3F203FB1262824210D2540974
:10D3C000D9F83C0002F01F0350F8242005FA03F3BB
:10D3D000134340F82430D9F82C400B6AD9F83000B8
:10D3E00020AA02EB8505DDE90626921B069255F878
:10D3F000442C059268E7DAF800A0BAF1000F7FF438
:10D400009DADDDF824A0CEE46FF01B030793184612
:10D4100085E6149C002C3FF454ADDAF80010CD6979
:10D42000013C083DB4FBF5F3089353B1581E069137
:10D4300008F0D6FF0699831CA4EB8303B3FBF5F336
:10D440000893139B0693DAF82C500B6ADAF83040F5
:10D45000069ACDF82C9008461A44551BB5FBF3F2FA
:10D4600003FB1253A3420BD25C09DAF83C1003F021
:10D470001F0351F824200BFA03F3134341F824301F
:10D48000089B002B00F0E78003F00103C3F10203C7
:10D49000026A09939C00069B9342BFF4ABAE0DF168
:10D4A0003C09002520E000BF84AE040000AE04006B
:10D4B000A4AE04004368B5FBF1F201FB12529C4696
:10D4C000002A00F0B280069FCAF81470AA1ADAF88F
:10D4D0001C30CAF81820009139466746B847002822
:10D4E0007FF4A4AEDAF80000DAF81430069A416945
:10D4F0009A42DFD1DAF81830AB42DBD85A18AA4288
:10D50000D8D9521BDAF81C10A242A5EB030328BF9E
:10D510002246484619441746A41A154409F089F9C9
:10D52000B944DAF80000002CDED1099BDAF82C505F
:10D53000DAF83040591E0129036A19D10F9A521B9B
:10D540001A44B2FBF3F703FB1722A24210D2DAF817
:10D550003C50570902F01F0355F8274001FA03F326
:10D56000234345F82730DAF82C50036ADAF83040C4
:10D5700020AA02EB8101DDE90827D21B089251F8AD
:10D58000442C069268E7D9F81830A3423FF62CAD38
:10D590009A19A2427FF628AD121BD9F81C10AA4294
:10D5A00028BF2A46E31A164619444DE5D9F8183023
:10D5B000A3423FF6B7AE9A19A2427FF6B3AE121B52
:10D5C000D9F81C10AA4228BF2A46E31A1646194465
:10D5D000D8E6B542FFF411ADB5FBF6F306FB1353E5
:10D5E000ED1A089300953B46224605996646B047DA
:10D5F00000287FF41BAE2F442C44089D2AE5B54239
:10D60000FFF499AEB5FBF6F306FB1353ED1A08933E
:10D6100000953B46224605996646B04700287FF4B0
:10D6200005AE2F442C44089DB2E68C42FFF44BAF6C
:10D63000B4FBF1F701FB1743E41A0A9300944B463D
:10D640002A4606996746B84700287FF4EFADA14403
:10D6500025440A9C65E7DDF82C9031E42DE9F04F74
:10D66000D0E90C63A1B04FF0010901F1040801F108
:10D670000C0204460392CA460491C3464FF00008C8
:10D680002746B96B0FE05A090139581CFD6BB96385
:10D69000786355F8224003F01F0209FA02F2224291
:10D6A00000F0658103469E42EDD1002900F0BA8169
:10D6B0003A68FB6AD2E908021E44914228BF11462B
:10D6C000B6FBF0F300FB13663963C7F83480D20869
:10D6D000FE620021F86B09F0D0F87B68013300F09E
:10D6E0009881BB68013300F09481CDE90D8A07F180
:10D6F0001406CDF814B001230024B3463E68FA6A3C
:10D70000306A3D6B821A1444B4FBF0F100FB114106
:10D71000A9420FD2F86B4C0901F01F0350F82420E6
:10D7200009FA03F3134340F82430FA6A306A0E9B77
:10D730003D6B821A1A44B2FBF0F300FB1323AB4299
:10D740000AD25809F96B03F01F0351F8202009FA97
:10D7500003F3134341F820300DAA15A93846FEF70C
:10D7600089FC002840F050815B460C26BB461F46D2
:10D77000189B12AC1CE0169ACDE900463946584673
:10D78000FEF794FB002840F03F819DF849309DF85A
:10D790004A209DF84B001899043313449DF8482003
:10D7A000034402F070020B44102A189300F03D81EC
:10D7B0001D9A22F00042043A03F10C019142DAD999
:10D7C0003B465F469B46DDE91E43601CCDE90D43A9
:10D7D00001D0591C92D1FD68DDF814B0002D00F085
:10D7E0001881CDF828B0AB460CE09B0304D5DBF8DC
:10D7F0002040002C40F0F681DBF800B0BBF1000FB8
:10D8000000F00581DBF81C30DA03EED5DBF81440BC
:10D81000002CEAD03B68DD69013C083DB4FBF5F221
:10D82000079252B1501E059308F0DAFD0230A4EBC6
:10D830008004B4FBF5F30793059BDBF810200592F9
:10D84000FC6A1A6A386B0599CDF818B011440C1BA4
:10D85000B4FBF2F102FB114282420AD25409F86B86
:10D8600002F01F0250F8241009FA02F20A4340F8AD
:10D870002420079A002A00F0A28202F00102C2F1DD
:10D880000202196A08929500059A8A4280F09F82E6
:10D890000DF13C0B0024069A0599D26A914222D0E0
:10D8A0007A6905985969904200F07181B4FBF1F2F0
:10D8B000586801FB12428446002A00F07B81FE6911
:10D8C00005987861A21ABA61184600913346059905
:10D8D0006646B047002840F09780069A0599D26ABC
:10D8E0003B689142DCD1069A106BA042D8D89A6965
:10D8F0000244A242D4D90993069B121B596BAA4237
:10D9000028BF2A46201A164601445846AD1A08F088
:10D9100090FF099B3444B344002DBCD1089A551E96
:10D92000012DD7E90B401A6A16D10F99091B114432
:10D93000B1FBF2F602FB161181420DD2FC6B4E09CF
:10D9400001F01F0254F8260005FA02F2024344F8DF
:10D950002620D7E90B401A6A20A901EB8505DDE9ED
:10D960000716891B079155F8441C05916EE7396825
:10D97000FA6A096A1344B3FBF1F201FB12334BF864
:10D98000043BD7E90C63B3423C461BD0590903F072
:10D990001F0255F821100AFA02F20A4212D0B86B9F
:10D9A00001380AE0590903F01F0255F8211009FA5D
:10D9B00002F20A4200F1FF3004D00133B342C4E95D
:10D9C0000D30EFD1039A5A457FF458AEDDF810B010
:10D9D00004210BF11C03DBF804202046CDE90031C3
:10D9E000002304F11401FEF761FAA8B9DBF81C303A
:10D9F0004FF0FF32CBE90922142001331021CBE98B
:10DA00000730CBF80C10002021B0BDE8F08FDDF816
:10DA100028B0D7E90C6334E610F1340FE6D021B01A
:10DA2000BDE8F08F6FF01B00EEE7149C002C3FF474
:10DA3000A0AEDBF80010CD69013C083DB4FBF5F366
:10DA4000089353B1581E069108F0CAFC0699831C2E
:10DA5000A4EB8303B3FBF5F30893139B0693DBF866
:10DA60002C500B6ADBF83040069A0B9708461A4494
:10DA7000551BB5FBF3F203FB1253A3420BD25C0917
:10DA8000DBF83C1003F01F0351F8242009FA03F3DC
:10DA9000134341F82430089B002B00F08E8103F0E3
:10DAA0000103C3F10203026A09939D00069B93429E
:10DAB00080F08D810FAB0793002718E04368B7FB18
:10DAC000F1F201FB12729C46002A00F05E81069C76
:10DAD000CBF81440BA1ADBF81C30CBF818200091B0
:10DAE00021466446A04700288ED1DBF80000DBF811
:10DAF0001430069A41699A42E0D1DBF81830BB42F3
:10DB0000DCD85A18BA42D9D9D21BDBF81C100798B6
:10DB1000FB1AAA4228BF2A4619441446AD1A1744D4
:10DB200008F087FE079B23440793DBF80000002DD5
:10DB3000DDD1099BDBF82C50DBF83040591E012960
:10DB4000036A19D10F9A521BD718B7FBF3F203FBE4
:10DB50001272A24210D25509DBF83C4002F01F02BB
:10DB600054F8253001FA02F2134344F82530DBF86B
:10DB70002C50036ADBF8304020AA02EB8101DDE97A
:10DB80000827D21B089251F8442C06926FE7BA6915
:10DB9000A2423FF68BAE5018A0427FF687AE001B24
:10DBA000F9690993A84228BF2846A21A11440646DB
:10DBB0000246AAE68D42FFF482AEB5FBF1F601FB08
:10DBC0001652AD1A0992184600955B4622460599F1
:10DBD0006646B04700287FF417AFAB442C443B683F
:10DBE000099D99E63B68DD69013C083DB4FBF5F20F
:10DBF000069252B1501E059308F0F2FB0230A4EBDE
:10DC00008004B4FBF5F30693059BDBF82420059212
:10DC1000FC6A1A6A386B0599CDF81CB011440C1BCC
:10DC2000B4FBF2F102FB114282420AD25409F86BB2
:10DC300002F01F0250F8241009FA02F20A4340F8D9
:10DC40002420069A002A00F0BF8002F00102C2F1EF
:10DC50000202196A08929500059A8A4280F0B780FC
:10DC60000DF13C0B0024079A0599D26A914220D00D
:10DC70007A690598596990425FD0B4FBF1F258680F
:10DC800001FB12428446002A68D0FE69059878613B
:10DC9000A21ABA6118460091334605996646B04704
:10DCA00000287FF4B1AE079A0599D26A3B68914289
:10DCB000DED1079A106BA042DAD89A690244A242D8
:10DCC000D6D90993079B121B596BAA4228BF2A4633
:10DCD000201A164601445846AD1A08F0AAFD099BC1
:10DCE0003444B344002DBED1089A551E012DD7E906
:10DCF0000B401A6A16D10F99091B1144B1FBF2F6B9
:10DD000002FB161181420DD2FC6B4E0901F01F027D
:10DD100054F8260005FA02F2024344F82620D7E917
:10DD20000B401A6A089E20A901EB85050699891BFC
:10DD3000069155F8441C059170E7BA69A2429CD837
:10DD40005018A04299D9001BF9690993A84228BF2D
:10DD50002846A21A114406460246BCE78D4294D3D7
:10DD6000B5FBF1F601FB1652AD1A09921846009563
:10DD70005B46224605996646B04700287FF444AECC
:10DD8000AB442C443B68099DACE78D42FFF49FAE49
:10DD9000B5FBF1F401FB1453ED1A0A930095079BB0
:10DDA00006993A466446A04700287FF42DAE079BAB
:10DDB0002B442F4407930A9DB7E60B9FD8E4DDF868
:10DDC00018B0DBF81C3010E5DDF81CB014E5034B8F
:10DDD000034A0448122108F07FFC00BF84AE04000F
:10DDE00000AE0400A4AE04002DE9F04F95B014ABD2
:10DDF000054643F8342DD0E90162C1E901620CAA5D
:10DE00000C46FEF757FD834600285FD19DF834305D
:10DE1000222B40F08E80DDE90E23CDE90A2305F1A7
:10DE20001408814602900DF1400A03900AAB414666
:10DE300053F829701023CDE900A33A460023284661
:10DE4000FEF734F800283DD1029B23B1109BE26914
:10DE50009B1A002B58DB119B23F00043132B53D943
:10DE60002A68D26993424FD814AB4FF0FF3143F880
:10DE70002C1D102218465146049302F017FE119BE8
:10DE800023F00042102A27D0CDE9059410260DF189
:10DE9000230B1446DDF8109004E0484602F006FE1D
:10DEA000B44217D00123CDE900B33A463346414688
:10DEB0002846FDF7FBFF0122594616440028ECD006
:10DEC000DDE9059410F1340F1ED08346584615B095
:10DED000BDE8F08FDDE90594099B09F101069BB9C6
:10DEE0009AE80F0006F001060DF1500C0CEB8606C7
:10DEF000676056F8286CA660102704F11C06E760DE
:10DF000086E80F0001230293B9F1000F14D0DDE978
:10DF1000023BA3B1D4E901122B69216162610E2198
:10DF200010225846A161E26023602C6115B0BDE863
:10DF3000F08F6FF0130BC9E74FF0010976E76FF030
:10DF4000330BC3E7026942B18A4203D107E0994229
:10DF500007D01A461368002BF9D10020704700F152
:10DF600010020B6813600020704700BF2DE9F04FCE
:10DF7000A9B00992CA690A9302F00304012C00F0C7
:10DF8000268454038A46834602F4003300F1E88273
:10DF9000100507D5DAF81420DAF82010914238BFBE
:10DFA000CAF82020002B00F0E5820A9B1846002BBF
:10DFB00000F0F1810AF12C0305930A9B0B93D046E4
:10DFC0004FF00109DA46D8F81C30990300F19F811F
:10DFD000D8F82010002940F0F482D3465BF8143BB7
:10DFE0001D6ACAF83850D8E90823CDF83080069267
:10DFF0001493D0464FF0000AD8E90C1413E06209DC
:10E00000631C681ED8F83C60C8F83430C8F8380083
:10E0100056F8227004F01F0209FA02F23A4200F0A8
:10E02000C18105461C46A142E9D1002D00F0F182D4
:10E03000D8F80020D8F82C30D2E9080219449542CB
:10E0400028BF1546B1FBF0F300FB1311C8F82C10E4
:10E05000C8F834A0C8F83050D2080021D8F83C00E5
:10E0600008F00BFCD8F80430013300F02082D8F817
:10E070000830013300F01B8201231DADCDF854A000
:10E08000169300240C272E46D8F800C0D8F82C2070
:10E09000DCF82000D8F83050821A1444B4FBF0F1B8
:10E0A00000FB1141A94213D2D8F83C004C0901F001
:10E0B0001F0350F8242009FA03F3134340F82430D7
:10E0C000DCF82000D8F82C20169BD8F83050821AA3
:10E0D0001A44B2FBF0F300FB1323AB420BD25809F6
:10E0E000D8F83C1003F01F0351F8202009FA03F37D
:10E0F000134341F8203015AA31464046FDF7BAFFD8
:10E10000002840F0BD811AAC0D96209B1CE01E9AA1
:10E11000CDE9004759464046FDF7C8FE002840F0CB
:10E12000AF819DF869309DF86A209DF86B002099B9
:10E13000043313449DF86820034402F070020B443A
:10E14000102A209300F06A82259A22F00042043AB5
:10E1500003F10C019142DAD9DDE92643621C0D9EE0
:10E16000CDE9154301D05D1C8ED1D8F80C50002D9F
:10E1700000F09D81CDF83CB0AB460CE0990304D58E
:10E18000DBF82040002C40F03B83DBF800B0BBF113
:10E19000000F00F08A81DBF81C30D803EED5DBF8E5
:10E1A0001440002CEAD0D8F80010CD69013C083D9D
:10E1B000B4FBF5F3089353B1581E079108F010F91A
:10E1C00007990230A4EB8004B4FBF5F30893DBF865
:10E1D00010300793D8F82C400B6AD8F83000079A13
:10E1E0001A44141BB4FBF3F203FB124383420BD219
:10E1F0005C09D8F83C0003F01F0350F8242009FA0A
:10E2000003F3134340F82430089B002B00F00484F0
:10E2100003F00103C3F102030A6A0D939D00079BFB
:10E22000934280F0F38317AF00240846DBF82C30CC
:10E23000079A9A4224D0D8F81430079A46699A422D
:10E2400000F0AB82B4FBF6F2436806FB12429C4638
:10E25000002A00F0BF820799D8F81C30C8F81410C3
:10E26000A21AC8F8182000966646B047002840F069
:10E270000781DBF82C30079AD8F800009A42DAD1EF
:10E28000DBF83020A242D6D883691344A342D2D906
:10E290001B1BDBF83410AB4228BF2B46A21A1144DB
:10E2A0001E461A463846AD1A08F0C3FA34443744BD
:10E2B000D8F80000002DB9D10D9B5D1E012D01463F
:10E2C000036AD8E90B4017D1179A121BD618B6FB70
:10E2D000F3F203FB126282420ED25409D8F83C00DA
:10E2E00002F01F0350F8242005FA03F3134340F80B
:10E2F0002430D8E90B400B6A0D9E28AA02EB850555
:10E30000089A921B089255F8442C079268E7D34666
:10E31000D8F828505BF8143BDE69B5423FF460AE94
:10E32000D8F824400B9B059F761B9E4228BF1E46B3
:10E330002346099C0CE010F1340F40F03681414631
:10E340005046FEF727FD002840F02F81D8E9093517
:10E35000CDE9014600955A4639465046FDF718FF6B
:10E360000028E8D1D8F82020D8F82830DAF80010B2
:10E3700032443344096AC8F82020C8F82830099A82
:10E380000B9BCAF8381032449B1B09920B937FF405
:10E390001AAE0A98C246DAF81C3023F40023CAF8F1
:10E3A0001C3075E0D8F80000D8F82C20076A144417
:10E3B0008B42B4FBF7F207FB124420D04FEA531C08
:10E3C00003F01F0256F82CC04FF0010E0EFA02F2B5
:10E3D00012EA0C0F13D0023D0CE04FEA531C03F07D
:10E3E0001F0256F82CC009FA02F212EA0C0F05F1CE
:10E3F000FF3504D001338B42C8E90D35EDD1012C36
:10E4000040F2F282A742C0F0EF82C36821469847EB
:10E41000002840D1069BD8F80070002B00F0D08176
:10E420001A46FB69561EA3F1080AB6FBFAF5002D41
:10E4300040D1721C9342069251D01346002A00F03C
:10E44000A7819A4600251DAE059F0EE00123CDE968
:10E450000163009523465A4639464046FDF798FE2B
:10E46000C8B90135AA4500F0CC800123CDE900638D
:10E47000149A2B4659464046FDF718FD0028E5D072
:10E48000DDF830A0DAF81C3043F40023CAF81C3061
:10E4900029B0BDE8F08F10F1340FF1D14FF0FF3308
:10E4A000C8F82030D8F83850A4E5DDF83CB0D8F8EA
:10E4B0003850A1E5681E069307F092FF851CA6EB75
:10E4C0008505B5FBFAF5284607F08AFF05FB1A66B5
:10E4D000069BA6EB8006721C93420692ADD16E1C81
:10E4E00096FAA6F3B3FA83F30793013300250DF1EF
:10E4F000500A08930426AF005A46CDE901A60097BA
:10E50000234605994046FDF743FE149A0028C2D1E0
:10E51000079BAB4209D0CDE900A63B465946404691
:10E52000FDF7C4FC0028ABD1149A012A40F26382A3
:10E53000D8F800703B6A9342C0F05D82089B0135B9
:10E54000AB42D8D8C246DDF830809D00C8E9094505
:10E55000D8F81C30FE6943F40033C8F81C30E1E6FB
:10E560004FF0FF3522F48024CD62CC61FBB9120557
:10E570003FF510ADDAF82040DAF814309C427FF60F
:10E5800014ADCAF82030002501230DF14F02514689
:10E5900058468DF84F50FFF7E9FC0028FFF678AF9A
:10E5A000DAF820309C42EFD8FFE4C2466AE700F078
:10E5B00043FA00287FF46CAFDAF81C2002F4003331
:10E5C000E6E4013908F1240008F12804D8E904231D
:10E5D0000091CDE9010405995046FDF7C9FC0028DA
:10E5E000E3D1DAF80030D8F834009A69D346FF2135
:10E5F00008F043F94FF0FF325BF8143BC8F82C20C9
:10E60000EEE4C246DDF83080DAF80070C8E909456A
:10E610009EE7DDF830A06FF01B0033E71C9E002E54
:10E620003FF492ADD8F80010CD69013E083DB6FB2D
:10E63000F5F30E9353B1581E079107F0D1FE0799D9
:10E64000831CA6EB8303B3FBF5F30E931B9B07938D
:10E65000D8F82CC0D8F83050079A0B6ACDF844B0DF
:10E66000084661461A44511AB1FBF3F203FB121338
:10E67000AB420BD25D09D8F83C1003F01F0351F8F0
:10E68000252009FA03F3134341F825300E9B002B94
:10E6900000F0B88103F00103C3F10203026A0F9393
:10E6A0009E00079B934280F0B18117AB08934FF017
:10E6B000000B1AE04368BBFBF1F201FB12B29C466F
:10E6C000002A00F07981079DC8F81450ABEB0202D4
:10E6D000D8F81C30C8F81820009129466546A8478C
:10E6E00000287FF4CDAED8F80000D8F81430079A8F
:10E6F00041699A42DED1D8F818305B45DAD85A1809
:10E700005A45D7D9A2EB0B02D8F81C100898ABEBEE
:10E710000303B24228BF324619441546B61A934441
:10E7200008F087F8089B2B440893D8F80000002EC7
:10E73000DBD10F9BD8F82C10D8F830505E1E012E7C
:10E74000036A1AD1179A521A02EB030CBCFBF3F2BC
:10E7500003FB12C2AA4210D25509D8F83C1002F0AD
:10E760001F0251F8253006FA02F2134341F8253012
:10E77000D8F82C10036AD8F8305028AA02EB860C7F
:10E78000DDE90E26921B0E925CF8442C079269E795
:10E79000C2461546DDF8308038E7D8F81830A34275
:10E7A0003FF650AD9A19A2427FF64CAD121BD8F835
:10E7B0001C10AA4228BF2A46E31A1646194471E5DE
:10E7C000C246DDF830801D46C8E90943C0E66FF057
:10E7D00008005DE6B542FFF43EADB5FBF6F306FB7F
:10E7E0001353ED1A0E9300953B4622460799664651
:10E7F000B04700287FF444AE2F442C440E9D57E5CB
:10E80000D8F80010CD69013C083DB4FBF5F308933E
:10E8100053B1581E079107F0E3FD07990230A4EBAE
:10E820008004B4FBF5F30893DBF824300793D8F8A1
:10E830002C400B6AD8F83000079A1A44141BB4FB1A
:10E84000F3F203FB124383420BD25C09D8F83C007D
:10E8500003F01F0350F8242009FA03F3134340F890
:10E860002430089B002B3FF490AC03F00103C3F16C
:10E8700002030A6A0D939D00079B934280F0C680B5
:10E8800017AF00240846DBF82C30079A9A4222D0B2
:10E89000D8F81430079A46699A4267D0B4FBF6F26A
:10E8A000436806FB12429C46002A70D00799D8F8AC
:10E8B0001C30C8F81410A21AC8F818200096664632
:10E8C000B04700287FF4DCADDBF82C30079AD8F88D
:10E8D00000009A42DCD1DBF83020A242D8D883690C
:10E8E0001344A342D4D91B1BDBF83410AB4228BF1E
:10E8F0002B46A21A11441E461A463846AD1A07F096
:10E9000098FF34443744D8F80000002DBBD10D9B4C
:10E91000D8F82C405D1E012D0146036AD8F830005E
:10E9200019D1179A121BD618B6FBF3F203FB126229
:10E93000824210D25409D8F83C0002F01F0350F86C
:10E94000242005FA03F3134340F82430D8F82C4070
:10E950000B6AD8F830000D9E28AA02EB8505089AAC
:10E96000921B089255F8442C079266E7D8F81830A5
:10E97000A34293D89A19A24290D9121BD8F81C101E
:10E98000AA4228BF2A46E31A16461944B5E7B542FB
:10E990008CD3B5FBF6F306FB1353ED1A0E930095DB
:10E9A0003B46224607996646B04700287FF468AD8B
:10E9B0002F442C440E9DA6E78E42FFF484AEB6FB96
:10E9C000F1F501FB1563F61A10930096089B079961
:10E9D0005A466546A84700287FF452AD089B334449
:10E9E000B3440893109EA0E60D4B0E4A0E4840F229
:10E9F0008C4107F071FE0D4B0A4A0B4840F2D3419F
:10EA000007F06AFEDDF844B0FFF77FBB084B094A08
:10EA10000548122107F060FEDBF81C30FFF7AEBBA3
:10EA200068AF040030AE0400A4AE040014AF0400CC
:10EA300084AE040000AE04002DE9F04F8A4699B080
:10EA4000064606F11404DAF8207005942C22002101
:10EA50000AA8079707F011FF94E807004FF0FF3569
:10EA6000DAE904340DF154097561DAF820500E9397
:10EA700089E80700DAF81410129701238D420F94E9
:10EA800011936DD29F033BD4129A0F9B9A4247D2A7
:10EA90000DF127080DF14C0B1BE03368149DDF6965
:10EAA000BD421BD07C1B012C28BF0124CDF8008067
:10EAB000139A01942B4649463046FDF7F7F9A044D6
:10EAC00060BB129A149B2244AF421C4412921494CD
:10EAD00026D1119B5C0349463046DED4DDE90E4366
:10EAE00014AD0092CDE901B52246FDF741FAA8B96F
:10EAF000119B3268149DD76943F480231193D1E7A9
:10EB00005D0305D523F480234FF0FF321193159256
:10EB10000AA93046FFF790FF0028B5D000281CDB7B
:10EB200001230DF1270251463046FFF71FFA002856
:10EB300013DB7369013303D04FF0FF331593736117
:10EB4000DAF82020DAF814309A4209D2119B03F047
:10EB50000302022A96D16FF0080019B0BDE8F08FC9
:10EB60000DF1270B4FF00109DAF82C104B1C4AD09D
:10EB70003068DAF834308469DAF830200094846838
:10EB8000A04720BB3368DAF82C809A69DAE90C7563
:10EB9000002A4DD02C46CDF818A015443F1BDDF8B7
:10EBA00014A007E014F8013B9DF827209A421AD1DF
:10EBB000AC421BD0CDE900B93B1942465146304624
:10EBC000FDF774F90028EDD0DDF818A032DA10F165
:10EBD000340FC2D151463046FEF7DCF80028C3D0CE
:10EBE00019B0BDE8F08FDDF818A0F3E7DDF818A044
:10EBF0003368DAF834009A69FF2107F03EFE4FF0DF
:10EC0000FF33CAF82C30DAF81C3023F40033DAE989
:10EC1000082143F48033CAF81C30079BCAF810104F
:10EC20000020CAF81420CAF8203019B0BDE8F08FCF
:10EC30002846E1E73368DAF834009A69DCE700BF78
:10EC40002DE9F04F0D46C969074601F0030002287F
:10EC500087B061D08803904647D42A6A69698A429E
:10EC60003FD2891A99420E4628BF1E460596002EAD
:10EC70004ED005F12C0905F1280B05F1240A1AE004
:10EC80003C68AB6AE469A3421AD0E41AB44228BFD4
:10EC900034466A6ACDF80080019449463846FDF74B
:10ECA00005F9A044F0B92A6AAB6A22442344361B12
:10ECB0002A62AB622CD0EB695B0349463846DFD44D
:10ECC000D5E904430092CDE901AB2246FDF750F9A6
:10ECD00040B9EA693968AB6ACC6942F48022EA61DA
:10ECE000D3E7002007B0BDE8F08F4A0305D521F433
:10ECF00080214FF0FF32E961EA62294638460593E8
:10ED0000FFF79AFE059B0028A7D007B0BDE8F08F5B
:10ED1000059807B0BDE8F08F6FF00800E2E700BF8C
:10ED200070B50C46C96916464A031D4605D521F43F
:10ED300080214FF0FF33E161E3628B0304D521466C
:10ED4000FFF77AFE00B170BD15B93046266270BD7E
:10ED5000012D03D0022D07D0206A70BD002E206A3D
:10ED60000BDB3044206270BD002E6069F9DA73421B
:10ED70008342F6D96FF0150070BD73429842F0D20D
:10ED8000F8E700BF086A7047CB6948699B0303D561
:10ED90000B6A984238BF1846704700BFF0B595B06F
:10EDA00014AB154643F8441D05AA09A90646FDF70C
:10EDB00081FD044610B1204615B0F0BD4C2201463D
:10EDC000284607F05AFD9DF818302B70112B04BF10
:10EDD000089B6B607268079B934205F108071BD084
:10EDE0000898B168884217D08B4215D0824213D060
:10EDF00005999DF819009DF81A300A9A0097043178
:10EE000001449DF81B0001900B44304606F11401AB
:10EE1000FDF74CF80446CEE7024B1B882B812046B9
:10EE200015B0F0BD40AF040030B58B6A016099B0F9
:10EE30000446002B73D0C361C86A8A69002879D060
:10EE4000A062FF2107F019FD4FF0FF332168236214
:10EE50006361486AC30640F0C480002800F0B380B4
:10EE60000B6B002B6ED0E363D1E90503B3FBF0F22B
:10EE700000FB1232002A40F0C280C869B0FBF3F2F6
:10EE800003FB1203002B40F0B3804FF0FF35A0F1DD
:10EE90000802B5FBF2F22A44B2FA82F2C2F1200271
:10EEA000B0EB820FC0F096800A6AA263C4E90155F4
:10EEB000C4E90333012584F84030C4E90B336363AC
:10EEC00002AA0DA92046CDE90235FDF7D3F8054683
:10EED00060B123689A6A002A44D0DA6A002A3CD0DA
:10EEE0001B6B002B35D0284619B030BD202105AB57
:10EEF000CDE900310E9A102304F114012046FCF7ED
:10EF0000D5FF05460028E4D1404B0B9ADDE9060108
:10EF10009A42C4E901012AD06FF03305D9E7486964
:10EF200003F0E0F9E061002833D02168C86A8A69FB
:10EF3000002885D1104603F0D5F9A06248B32368B4
:10EF40009A697EE7C00803F0CDF9E06308B3216851
:10EF50008AE7E06B03F0D8F9C5E7A06A03F0D4F9BB
:10EF60002368BDE7E06903F0CFF92368B5E70C9AA1
:10EF7000A3F18773A3F580639A42CDD10A9B1A0C43
:10EF8000012A02D06FF01505A3E79BB2012BF9D837
:10EF9000A9E723689A6A8AB1DA6A52B11B6B13B186
:10EFA0006FF00B059FE7E06B03F0AEF96FF00B0518
:10EFB00099E7A06A03F0A8F92368EFE7E06903F096
:10EFC000A3F92368E8E7124B124A134840F61401EC
:10EFD00007F082FB114B0F4A0F4840F6240107F05F
:10EFE0007BFB0F4B0B4A0C4840F6130107F074FBF8
:10EFF0000C4B084A08484FF4026107F06DFB0A4BBE
:10F00000044A054840F61F0107F066FB6C697474FA
:10F01000B8AF04005CAE0400A4AE040030B004003D
:10F0200098AF040000B00400D0AF040003689A6AEF
:10F0300010B5044652B1DA6A7AB11B6B0BB10020ED
:10F0400010BDE06B03F060F9002010BDC06903F053
:10F050005BF92368DA6A002AEFD1A06A03F054F959
:10F060002368EAE742680121013280F8401004D0A9
:10F070008368013301D001F09BB80020704700BFC6
:10F080002DE9F04F88468246C869D1E90141A9B00F
:10F090000130C8F804100792C8F81C00C8F80840EE
:10F0A00004937BB11E465068D3681546D8F82020DB
:10F0B0001B1A022E134403D1E8696A6903449B1AA0
:10F0C000C8F82030DAF8000000230693CDE90D14CB
:10F0D000C3689847D1460546002800F0798115F1AC
:10F0E000340F40F037810D9B4FF0FF32C9F82020DC
:10F0F000002B00F04482012B0E9A00F04082012A7E
:10F1000040F23D820127BB464FF0000AD9E90C537B
:10F11000D9F8381012E05A090139581CD9F83C4086
:10F12000C9F83810C9F8340054F8226003F01F02FF
:10F1300007FA02F2324200F0118103469D42EAD101
:10F14000002900F02282D9F80020D9F82C30D2E929
:10F1500008021D44914228BF1146B5FBF0F300FBA5
:10F160001355C9F83010C9F834A0D208C9F82C508A
:10F170000021D9F83C0007F080FBD9F804300133B6
:10F18000C4D0D9F808300133C0D0012309F11405E7
:10F19000CDF80C80CDF83CA010930024A846D9F8F7
:10F1A0000060D9F82C20306AD9F83050821A144403
:10F1B000B4FBF0F100FB1141A94212D2D9F83C0096
:10F1C0004C0901F01F0350F8242007FA03F31343FE
:10F1D00040F82430306AD9F82C20109BD9F83050F0
:10F1E000821A1A44B2FBF0F300FB1323AB420BD29A
:10F1F0005809D9F83C1003F01F0351F8202007FAF2
:10F2000003F3134341F820300FAA1DA94846FCF729
:10F2100031FF002840F09D800C26209B16AC1CE09E
:10F220001E9ACDE9004641464846FCF73FFE0028BD
:10F2300040F08F809DF859309DF85A209DF85B0072
:10F240002099043313449DF85820034402F07002BF
:10F250000B44102A209300F0A081259A22F000424E
:10F26000043A03F10C019142DAD9DDE92643601C2E
:10F27000CDE90F4301D0591C91D1D9F80C40DDF8EC
:10F280000C80002C3FF442AFCDF82880C846A14640
:10F29000D9F81C30DA0304D5D9F81440002C40F01A
:10F2A00037829B0304D5D9F82040002C40F0EC8233
:10F2B000D9F80090B9F1000FEAD1C146DDF82880F5
:10F2C00024E7DAF80430013300F04984DAF8083032
:10F2D00001331DAC0DAE00F044842246314611AB23
:10F2E0005046FDF7CDF8002833DB00F03A84D8E92A
:10F2F0000103119E159621460C360C2413909DF89F
:10F300004B001996149312AE169418941A90002478
:10F310001C904A460123504617961B94FFF7B0FEF7
:10F32000B8B90D98DAF80420904200F00E840E9BD4
:10F33000DAF808108B4200F00884884200F0058457
:10F340009A4200F002845046FFF78CFE002800F03D
:10F3500088830546284629B0BDE8F08FD9F800001B
:10F36000D9F82C20016A1344B3FBF1F201FB1231EE
:10F37000C8F80410D9E90C329A4221D0560902F09B
:10F380001F0554F826600BFA05F5354218D0D9F858
:10F39000385005F1FF3C654601279C462B460AE0A4
:10F3A000560902F01F0554F8266007FA05F53542A4
:10F3B00003F1FF3304D001326245C9E90D23EFD1D7
:10F3C00001230693C3689847054600287FF487AE5B
:10F3D0000DF1A00A4FF0FF334AF84C3D08F11C0430
:10F3E00021465046102201F061FBD8F80420009419
:10F3F00009F1200310241946039301942B46484633
:10F40000FCF7B8FF834628B110F1340F3FF46BAE20
:10F4100005469FE709F11403264605930127D8F80E
:10F42000203023F00043043BA34232D9049B9B4588
:10F4300007DA4FEA0B13079AD518D358B34200F0F6
:10F4400086801DAB00930E9A019733460599484676
:10F45000FCF72CFD00287FF47CAF01221DA950464B
:10F4600001F024FB1DABD8F8042003990093019709
:10F4700023464846FCF77EFF002840F08C80D8F8F1
:10F48000203023F000430134043BA34206F101067F
:10F49000CCD80420D8F8042003990190CDF800A01E
:10F4A00023464846FCF766FF054600287FF417AE62
:10F4B000D9F82010D9F800004FF0FF339942C9F86D
:10F4C000143017D08469D9E9092300948468A047CF
:10F4D000054600287FF403AED9F80030D9F828009B
:10F4E0009A69FF2107F0C9F94FF0FF33D9F80000FE
:10F4F000C9F8203003699847054600287FF4EFAD2E
:10F50000D8F820704FF0FF3327F000471D93043FD9
:10F51000D8F80430039309F1140B00F096820646E4
:10F5200011AC08E00136012221461DA801F0BEFA07
:10F53000B74200F08A820123CDE90043039A3346A3
:10F5400059464846FCF7B2FC0028EBD001E7D5E964
:10F550000212504601F0AAFAD5E90231D8F8042087
:10F560004846CDE9003123460399FCF703FF90B9E3
:10F570006A68EB680BF1010B16441C444FE76FF00F
:10F580003305284629B0BDE8F08F6FF01B052846EB
:10F5900029B0BDE8F08F0546A1E5189C002C3FF48A
:10F5A0003DAED9F80010CD69013C083DB4FBF5F043
:10F5B000002800F0AD820138059106F011FF059991
:10F5C000831CA4EB8303B3FBF5F30893179B05930C
:10F5D000D9F82CC0D9F83040059A0B6ACDF82C80A8
:10F5E000084661461A44511AB1FBF3F203FB1213A9
:10F5F000A3420BD25C09D9F83C1003F01F0351F869
:10F60000242007FA03F3134341F82430089B002B0E
:10F6100000F0918203F00103C3F10203026A09932F
:10F620009D00059B934280F0808211AB06934FF0C2
:10F6300000081AE04368B8FBF1F201FB12829C4615
:10F64000002A00F04D82059CC9F81440A8EB020284
:10F65000D9F81C30C9F81820009121466446A0470B
:10F6600000287FF476AED9F80000D9F81430059A56
:10F6700041699A42DED1D9F818304345DAD85A1890
:10F680004245D7D9A2EB0802D9F81C100698A8EB7E
:10F690000303AA4228BF2A4619441446AD1A9044CF
:10F6A00007F0C7F8069B23440693D9F80000002D05
:10F6B000DBD1099BD9F82C10D9F830405D1E012D03
:10F6C000036A1AD1119A521A02EB030CBCFBF3F233
:10F6D00003FB12C2A24210D25409D9F83C1002F026
:10F6E0001F0251F8243005FA02F2134341F8243086
:10F6F000D9F82C10036AD9F8304028AA02EB850CFF
:10F70000DDE90825521B08925CF85C2C059269E73C
:10F71000D8F80010CD69013C083DB4FBF5F0002895
:10F7200000F0FA810138039106F05AFE0399023085
:10F73000A4EB8004B4FBF5F30693D9F810300393DF
:10F74000D8F82C400B6AD8F83000039ACDF8149002
:10F750001A44141BB4FBF3F203FB124383420BD293
:10F760005C09D8F83C0003F01F0350F8242007FA86
:10F7700003F3134340F82430069B002B00F0DF8195
:10F7800003F00103C3F102030A6A08939D00039B7F
:10F79000934280F0CA810DF1440900240846059B7C
:10F7A000039ADB6A9A4224D0D8F81430039A466947
:10F7B0009A4200F02481B4FBF6F2436806FB124241
:10F7C0009C46002A00F076810399D8F81C30C8F8CE
:10F7D0001410A21AC8F8182000966646B0470028F0
:10F7E0007FF4B7AD059B039ADB6AD8F800009A4214
:10F7F000DAD1059B1A6BA242D6D883691344A3427F
:10F80000D2D905991B1B496BAB4228BF2B46A21AC4
:10F8100011441E461A464846AD1A07F00AF8344409
:10F82000B144D8F80000002DB9D1089BD8F82C407D
:10F8300001465D1E012DD8F830000B6A19D1119ACE
:10F84000121B1A44B2FBF3F603FB1622824210D2BB
:10F85000D8F83C40560902F01F0354F8260005FA78
:10F8600003F3034344F82630D8F82C400B6AD8F849
:10F870003000089E28AA02EB8505069A921B069284
:10F8800055F85C2C039263E7D8F80010CD69013C71
:10F89000083DB4FBF5F0002800F03C8101380391ED
:10F8A00006F09EFD03990230A4EB8004B4FBF5F34F
:10F8B0000593D9F824300393D8F82C400B6AD8F874
:10F8C0003000039ACDF818901A44141BB4FBF3F2DD
:10F8D00003FB124383420BD25C09D8F83C0003F0CF
:10F8E0001F0350F8242007FA03F3134340F8243091
:10F8F000059B002B00F0158103F00103C3F1020307
:10F900000A6A08939D00039B934280F00E810DF1DB
:10F91000440900240846069B039ADB6A9A4223D0D6
:10F92000D8F81430039A46699A427BD0B4FBF6F2B9
:10F93000436806FB12429C46002A00F0A58003990A
:10F94000D8F81C30C8F81410A21AC8F8182000966D
:10F950006646B04700287FF4FCAC069B039ADB6A3E
:10F96000D8F800009A42DBD1069B1A6BA242D7D886
:10F9700083691344A342D3D906991B1B496BAB423D
:10F9800028BF2B46A21A11441E461A464846AD1AF5
:10F9900006F04FFF3444B144D8F80000002DBAD12E
:10F9A000089BD8F82C405D1E012D0146036AD8F84B
:10F9B000300019D1119A121B1A44B2FBF3F603FB63
:10F9C0001622824210D2D8F83C40560902F01F039A
:10F9D00054F8260005FA03F3034344F82630D8F818
:10F9E0002C400B6AD8F83000089E28AA02EB850547
:10F9F000059A921B059255F85C2C039264E7D8F89F
:10FA00001830A3423FF6D7AE9A19A2427FF6D3AE82
:10FA1000121BD8F81C10AA4228BF2A46E31A164621
:10FA20001944F8E6D8F81830A3423FF67FAF9A1988
:10FA3000A2427FF67BAF121BD8F81C10AA4228BF47
:10FA40002A46E31A16461944A0E71D9A159B9A42C6
:10FA50007FF449AB5346CA469946069B002B7FF478
:10FA600030ACDAF81030002B3FF474ACD8E9011256
:10FA70005C688C4252D0986890424FD094424DD0EE
:10FA800081424BD01B68EEE7B542FFF458AFB5FB9F
:10FA9000F6F306FB1353ED1A099300954B462246E5
:10FAA00003996646B04700287FF453ACA9442C4420
:10FAB000099D71E7B542FFF487AEB5FBF6F306FB8F
:10FAC0001353ED1A099300954B4622460399664657
:10FAD000B04700287FF43DACA9442C44099DA0E622
:10FAE0008D42FFF4B0ADB5FBF1F401FB1453ED1AF8
:10FAF0000A930095069B059942466446A047002854
:10FB00007FF427AC069B2B44A84406930A9DCCE5C2
:10FB100008905BE50590CCE606900EE6C3E901127D
:10FB2000B0E7DDF81890FFF7C3BB194B194A1A4824
:10FB3000122106F0D1FDDDF82C80FFF76EBBDDF859
:10FB40001490D9F81C30FFF7ACBBD8F80430CAF8D1
:10FB50000430D8F80830CAF80830FFF7F4BB1DAC01
:10FB60000DAE314622465046FDF75AF80028FFF602
:10FB7000F0AB3FF476AF2146D8E90104002326908C
:10FB80001A4650462794FFF77BFAFFF7DFBB00BF0A
:10FB900084AE040000AE0400A4AE04002DE9F04FD2
:10FBA0009DB000F1140882468B4691460593474666
:10FBB00099F8053099F8060099F80740DAF800201E
:10FBC000DBF82010D2690433034423440B449342EE
:10FBD00040F28A80002980F2A180DBE909234FF0FE
:10FBE0000008CDE9028909920A9309AB394653F816
:10FBF00028501023019311AB00932A46002350464E
:10FC0000FCF754F900283DD1029B2BB1119BDBF886
:10FC10001C209B1A002B59DB129B23F00043132B53
:10FC200054D9DAF80020D26993424FD80DF1700907
:10FC30004FF0FF3349F8503D102211A9484600F01B
:10FC400035FF129E26F00043102B25D0CDF81080F2
:10FC500010240DF11F06984604E0484600F026FFE8
:10FC6000A04517D00123CDE900632A462346394633
:10FC70005046FCF71BF90122314614440028ECD011
:10FC8000DDF8108010F1340F20D0034618461DB067
:10FC9000BDE8F08FDDF81080089B08F10104ABB9D6
:10FCA00011AB0FCB04F001041CAE06EB8404CBF8BF
:10FCB000045054F84C4CCBF8084010250BF11C04B0
:10FCC000CBF80C5084E80F0001230293B8F1000F29
:10FCD00007D0DDE90239002B7FF46AAF6FF0330300
:10FCE000D4E74FF0010880E74D460B1F45F8043B71
:10FCF000059F139500261193159311AA5946504656
:10FD00000C250223CDE91774129616961495FFF769
:10FD1000B7F9034618461DB0BDE8F08F5D460FCD1C
:10FD200011AC0FC40FCD0FC495E8070084E807009D
:10FD300059465046FDF792FC03460028A6D1DBF851
:10FD400020201A99CBF824104846043A1B99CBF886
:10FD5000281040F8042B0A9399F807100E93059B7E
:10FD60000F93099202230D9210910B900C2409AA73
:10FD7000594650460C94FFF783F90346002885D175
:10FD8000DBE90114199A1A9142F0004511A91A46AB
:10FD9000504619951B94FFF773F9034676E700BFA9
:10FDA0002DE9F041537996790D460433D1793344E6
:10FDB00014462A6A0B4403F1140122F000428A42DD
:10FDC0008EB0064664D003AF206804933A46039091
:10FDD0000027012329463046CDE90577FFF750F982
:10FDE00000284FD1F36823B34FF0FF370BE0D3F86F
:10FDF00008E0D5F808C0E64509D0624507D071454E
:10FE000005D01B68ABB15A6869688A42EFD1DA68DD
:10FE100021688A4239D0F4D9617994F806E094F8DF
:10FE200007C0043171446144521ADA601B68002B28
:10FE3000E9D1336953B925E09F68AE68B74209D06C
:10FE4000B24207D0B94205D01B68DBB15A68696875
:10FE50008A42F1D1D96822689142F5D96279A779AD
:10FE6000E67904323A4432448A1ADA606279A77930
:10FE7000E679996904323A4432448A1A9A611B68D5
:10FE8000002BE3D10EB0BDE8F081C3E90177B8E7FC
:10FE90004368013324D08368013321D0002203AFAB
:10FEA00001230192394601AA0293FCF7E3F890BBC3
:10FEB0000C9B5A1C15D0DDF834C0BCF1FF3F0CAAD6
:10FEC000394630460DD0D5F804E09E4509D0D5F826
:10FED0000880E04505D0434503D0E645E5D100E084
:10FEE00003AF0B9A002A06DB6379A179E279043328
:10FEF0000B44134468E7D5E90831AC6A0C9163F010
:10FF0000004500231540394630461A460B950D949E
:10FF1000FFF7B6F8B6E70028B4DBE2E72DE9F047D3
:10FF20008B6A0160A6B00446002B62D0C361C86A28
:10FF30008A69002869D0A062FF2106F09EFC4FF07C
:10FF4000FF33226823626361536AD90640F004815B
:10FF5000002B00F0FA80106B00285FD0E063D2E93C
:10FF60000553B3FBF5F105FB1131002940F0098180
:10FF7000D169B1FBF3F503FB1515002D40F0FA80B4
:10FF80004FF0FF36A1F10803B6FBF3F33344B3FAA5
:10FF900083F3C3F12003B1EB830FC0F0E480526A16
:10FFA00025612946D208C4E9026584F8405066609C
:10FFB00006F063FC2368E562D3E90823934228BF77
:10FFC0001346C4E90C35A26310A92046FDF746FB91
:10FFD000054600282AD023689A6A002A7FD0DA6A68
:10FFE000002A77D01B6B002B70D0284626B0BDE8C6
:10FFF000F087486902F076F9E061002800F08A8015
:020000024000BC
:100000002168C86A8A69002895D1104602F06AF909
:10001000A06200287ED023689A698DE7D80802F094
:1000200061F9E063002875D0226898E71BA9204693
:10003000FDF714FB05460028CDD1034602461BA957
:100040002046FFF71DF805460028C4D12068504916
:100050001C9AADF82250D0E9073603C90EAF87E8E5
:100060000300A9460B9310251D9B0C96082041F216
:100070002E464FF001116260099219923422ADF8B8
:100080002060A3600A931A930795AA468DF823006F
:100090000D9118924FF0020808AF2026012303AA01
:1000A00010A92046CDE903A6CDE90576FEF7E8FFC5
:1000B0000546C8B110F1340F8DD1B8F1010F16D13A
:1000C000B9F1000F16D16FF0330584E7E06B02F051
:1000D0001BF98AE7A06A02F017F9236882E7E06952
:1000E00002F012F923687AE74FF00109E5E74FF0D3
:1000F0000108D3E7002310A901AA2046CDE9013861
:10010000FBF7B8FF054600287FF465AF23681A6A3D
:10011000A26361E723689A6A92B1DA6A5AB11B6BEB
:100120002BB16FF00B05284626B0BDE8F087E06BD9
:1001300002F0EAF8F5E7A06A02F0E6F82368EEE7D5
:10014000E06902F0E1F82368E7E7124B124A13482E
:1001500040F6140106F0C0FA114B0F4A0F4840F662
:10016000130106F0B9FA0F4B0B4A0C4840F6240174
:1001700006F0B2FA0C4B084A08484FF4026106F048
:10018000ABFA0A4B044A054840F61F0106F0A4FAF0
:100190007CB00400B8AF04005CAE0400A4AE040060
:1001A00098AF040030B0040000B00400D0AF0400E9
:1001B0002DE9F04FBBB083462C22002119A806F090
:1001C0005CFB4FF00043282224A80021219306F075
:1001D00054FBDBF800301B6A01222E92002B00F04A
:1001E0004981002303932DAA24A95846FBF742FF17
:1001F000079048BB219B002B7ADBDBF804300133EE
:1002000000F04281DBF80830013300F03D810DAB96
:100210002FAA22A95846FCF733F9002813DB00F077
:1002200033810F9C229B109D239A9C4200F03881C1
:10023000944200F03B81002319A958461A46CDE9A3
:100240002245FEF71DFF079007983BB0BDE8F08FF1
:1002500003460C2001900EA80090259A594650465E
:10026000FBF724FE002840F0AD809DF839209DF872
:100270003A309DF83B50279C2A989DF838100D94F1
:1002800004321A442A44A31802442A920A062793E5
:1002900030D5DAF804300133D34610D0DAF808301C
:1002A00001330CD00FA95046FCF710FA0028CADB26
:1002B00040F0D7809DF838100D9C9DF83B5011946C
:1002C00001F07F0104F10C0200208DF838100EA916
:1002D0000C2615921391CDE91705012311AA24A923
:1002E0005846169512961496FEF7CAFE0028AAD113
:1002F000279BDA462C9921F00042043A03F10C00C6
:10030000904240F2BE80002980F2A7800AF1140BCF
:10031000DDE92D2300250B920C93A8464FF0100920
:100320000BAB594653F82570CDF804902FAB0093D2
:100330003A4600235046FBF7B9FD00283FD1B8F1FB
:10034000000F04D02F9B2B9A9B1A002B72DB309B43
:1003500023F00043132B6DD9DAF80020D2699342C1
:1003600068D83AAB4FF0FF3143F8C01D1022184651
:100370002FA9049300F09AFB309B23F00042102A2F
:1003800044D0CDE9058510240DF127061546DDF88A
:10039000108004E0404600F089FBA54234D00123E0
:1003A000CDE900633A46234659465046FBF77EFDA9
:1003B0000122314614440028ECD0DDE9058510F116
:1003C000340F37D0831CD3467FF43DAF24AD0FCD1F
:1003D00019AC0FC40FCD0FC495E8070084E80700DF
:1003E000DBF80030039A1B6A01329A42039241D231
:1003F0002D9B01333FF428AF2E9B01337FF4F3AEE6
:1004000007983BB0BDE8F08FDDE905850A9B6C1CC1
:1004100083B92FAB0FCB2BAE04F0010486E80F009D
:100420003AAB03EB8404259754F8BC3CCDE926395C
:100430004FF001089DB1B8F1000F1BD02C992A9AFA
:1004400021F00043043B143210201B2B2A922790EA
:100450003FF6FEAE0029FFF65BAFD346B6E70125B7
:100460005EE70DAA24A95846FFF79AFC00283FF43E
:100470003FAFE8E66FF03303079307983BB0BDE862
:10048000F08F0AF1140BE4E6DDE92D54002319A9DD
:1004900058461A46CDE92254FEF7F2FD0790D3E6FE
:1004A000AA423FF425AF94427FF4C5AEAB427FF43D
:1004B000C2AE1DE72DE9F0431F4691B003F00303E0
:1004C000012B0C460092054603D090F84030002BDB
:1004D0004ED001AA05A96B462846FCF7EBF9064663
:1004E00000283FD19DF80830222B00F09380BB05F7
:1004F00000F18D80DDE9062001996260039AA06019
:100500000023C4E906372362C4E90312049B636134
:100510007A0506D5002B3DD14FF0FF320023C4E908
:1005200004232B68586B4FF0FF32E262002859D049
:10053000EB68002B61D16063E36903F003034FF0C4
:10054000FF36012BE66205D02B68FF219A6906F081
:1005500094F9E662EB68236000263046EC6011B047
:10056000BDE8F083023019D0304611B0BDE8F08309
:1005700043680122013380F84020AAD08368013308
:10058000A7D0FFF715FE06460028A2D0304611B0CE
:10059000BDE8F08347F48037E761BDE7DDF8009000
:1005A0002F21484607F00EF880460028DCD1F905D7
:1005B000DAD540F611034846ADF808308DF80A80C8
:1005C00007F027F84FF0FF368DF80B004B4601AAD5
:1005D00005A92846CDE90368FFF7E0FA064600289A
:1005E00088D0C1E7E26902F00302012A08D09869C5
:1005F00001F078FE606300289ED16FF00B06B3E730
:10060000586901F06FFE6063002895D1F5E76FF03F
:100610001006A9E76FF01406A6E700BF2DE9F04128
:10062000CB690C4659039AB0064605D523F48023BE
:100630004FF0FF32E361E2629A030AD52146304669
:10064000FEF7FAF9054618B128461AB0BDE8F08160
:10065000E36903F41023B3F5803F04D00025284656
:100660001AB0BDE8F08163680133F7D0A3680133A5
:10067000F4D00FA9221D3046FBF7FCFC05460028EC
:10068000E2D1E068049504AF4FF00C080346CDE9D1
:1006900000780390C7E90155109A06F1140130461D
:1006A000FBF704FC05460028CED19DF81030112B35
:1006B00020D1039B22690997304603F10C070D9561
:1006C00066699DF81350079305920FA9012307AAA5
:1006D0000C950E95CDF82080CDF828800B970696C6
:1006E000FEF7CEFC05460028AED1E36923F4803343
:1006F000E361A9E7034B044A044840F2136105F0A3
:10070000EBFF00BF48AF040040AE0400A4AE0400FD
:10071000F0B5CB690C4659039BB0054605D523F4CB
:1007200080234FF0FF32E361E2629A0322D5214633
:100730002846FEF781F90646D8B1EA6842B19442EC
:1007400003D163E09C4263D01A461368002BF9D1B1
:10075000A36923B11B6813B130461BB0F0BD2B68F1
:100760005B6B002BF8D1606B01F0CEFD30461BB007
:10077000F0BDE36903F41023B3F5803F01D00026F8
:10078000DBE763680133FAD0A3680133F7D00FA920
:10079000221D2846FBF76EFC06460028CDD1E068F6
:1007A000039004A90C270346CDE90017109A04967C
:1007B00005F114012846CDE90566FBF777FB0646EF
:1007C0000028BAD19DF81030112B24D1039B0D9035
:1007D00004AA6069099203F10C029DF8136008975E
:1007E0000A97079327690B9206900FA9012307AA7E
:1007F00028460C960E960597FEF742FC0646002802
:100800009BD1E36923F48033E36196E705F10C02A1
:10081000236813609CE7034B034A044840F21361CA
:1008200005F05AFF48AF040040AE0400A4AE040037
:10083000F0B590F84030ADB0044601917BB9436803
:100840000122013380F8402009D08368013306D0AB
:10085000FFF7AEFC054610B128462DB0F0BD0BA940
:1008600001AB07AA2046FCF725F805460028F3D17E
:100870009DF82030222B00F0BF809DF821309DF89C
:1008800022009DF82310139A043303440B4403F110
:10089000140122F000428A4200F0948021AE0798B1
:1008A000229332462190002601230BA92046CDE950
:1008B0002366FEF7E5FB002840F09780E36823B34A
:1008C0009DF821609DF822109DF82320DDF81CC0C2
:1008D0000E440436DDE90C0716444FF0FF3E08E0F5
:1008E0009968B94208D0BA4206D0884204D01B6841
:1008F0005BB15A688242F3D1DA68624579D084BF2D
:10090000921BDA601B68002BF3D1236923B39DF897
:1009100021109DF822009DF82320DDF81CC0014421
:100920000431DDE90C67114408E09868B84208D04A
:10093000BA4206D0864204D01B686BB15A68B242F4
:10094000F3D1DA686245F7D99869521A401ADA6029
:1009500098611B68002BF1D19DF82030222B7FF489
:100960007BAF6368013326D0A368013323D0002016
:100970000123059005AA0BA920460693FBF77AFBF5
:100980000546A8B17CE0159A511C14D017999942DC
:1009900079D01898904276D0834274D0914272D028
:1009A00014AA0BA92046FBF765FB0546002867D172
:1009B000149B581CE7D13A4B3A4A3B4840F26E71BF
:1009C00005F08AFE6368013344D0A368013341D047
:1009D000002021AE01230390314603AA2046049350
:1009E000FBF748FB30B3002827DA054628462DB030
:1009F000F0BDC3E901EE7AE709AA16A92046FBF784
:100A000039FB00283FF439AF0546EFE72B9A571C16
:100A100013D00C99994210D00D9890420DD083427A
:100A20000BD0914209D02AAA31462046FBF722FB7F
:100A30000028D8D12A9B5A1CE8D1299A002A0BDB1E
:100A40009DF821309DF822109DF8232004330B449B
:100A5000134424E721AEF0E7DDE9133163F00040F1
:100A6000104000232A91299031461A46159E2B9654
:100A70002046FEF705FB00283FF46EAF0546B5E7BC
:100A8000002DFFF6E9AE2046DDE91F5400230BA937
:100A90001A46CDE91454FEF7F3FA0546DCE600BF2A
:100AA00088B0040050AE0400A4AE0400E2B170B4FB
:100AB000013A04680D4D8E18013911F8013F83EA9F
:100AC000040202F00F028E4255F8222082EA14142A
:100AD00084EA131303F00F0355F8233083EA141448
:100AE000EBD1046070BC7047704700BF8CB004004D
:100AF00010B5034B03600446FAF73AFF204610BDD9
:100B0000D4B0040010B5054B03600446FAF730FF7B
:100B10002046A42103F09AFE204610BDD4B0040064
:100B200008B500F023F9002008BD00BF70B501F53D
:100B3000ED51CC0182B004F18006FF250122204650
:100B40000DF1070114448DF8075000F015F9A64285
:100B5000F4D1002002B070BD08B501F5ED5102EBF3
:100B6000C1101946029A00F007F9B0FA80F0400966
:100B7000404208BD08B501F5ED5102EBC111184620
:100B8000029A00F011F90028CCBF00200120404259
:100B900008BD00BF38B500210546FAF70BFF98B92C
:100BA0004FF46D24204600F007F904F5805458B145
:100BB000B4F5742FF6D12846FAF71EFF2846002117
:100BC000BDE83840FAF7F6BE38BD00BF10B5074C97
:100BD00007492046FAF7D6FE064B23602046064A10
:100BE0000649BDE8104004F033BF00BFB4810020C7
:100BF000BC610020D4B0040000600020F10A0400B1
:100C000029DF704728DF704712DF704708B505F00D
:100C100001FEB0FA80F0400908BD00BF10B51446CF
:100C200005F007FE204610BDF0B5194E316883B0BF
:100C3000054629B3174F2D0B14242846FFF7E2FF72
:100C4000034698B90DF107008DF80730FFF7DCFF78
:100C50009DF8073013B9012003B0F0BD4FF0FF310C
:100C6000306802F019F83B68022BF4D0012001F043
:100C7000D3FA631E13F0FF04DFD1002003B0F0BDF0
:100C80000322012001F07EFB30600028D2D1F4E77E
:100C9000589200200C6200202DE9F04FDFF8C8A028
:100CA000DFF8C09083B0904604460D465708D6083A
:100CB0004FF0140B324629462046FFF7A1FF0346AA
:100CC00068BB0DF107008DF80730FFF79DFF9DF819
:100CD0000730D3B93D443C44DFF88CA0214F4FF09E
:100CE0001409324629462046FFF78AFF034668BBAF
:100CF0000DF107008DF80730FFF786FF9DF80730EC
:100D0000DBB9404603B0BDE8F08F4FF0FF31DAF8B1
:100D1000000001F0C1FFD9F80030022BDAD0012029
:100D200001F07AFA0BF1FF3313F0FF0BC2D14FF051
:100D30000008404603B0BDE8F08F4FF0FF31DAF80D
:100D4000000001F0A9FF3B68022BDAD0012009F175
:100D5000FF3901F061FA19F0FF09C2D14FF0000824
:100D6000E7E700BF0C62002058920020014800F025
:100D7000A5B800BFF461002010B4094CA0420AD30A
:100D8000B0F5742F07D213465DF8044B0A460146AE
:100D9000044800F049B84FF0FF305DF8044B70474D
:100DA00000600200F461002013460A460146014833
:100DB00000F0A4B8F4610020F0B5194E316883B09A
:100DC000054629B3174F2D0B14242846FFF71AFFA9
:100DD000034698B90DF107008DF80730FFF714FFAF
:100DE0009DF8073013B9012003B0F0BD4FF0FF317B
:100DF000306801F051FF3B68022BF4D0012001F074
:100E00000BFA631E13F0FF04DFD1002003B0F0BD26
:100E10000322012001F0B6FA30600028D2D1F4E7B5
:100E2000589200200C6200202DE9F04F83B001930E
:100E3000002B3CD0DFF8809005460E4690461F46BA
:100E4000C6F30B0ACAF580542B69BC4206EA090BAB
:100E500028BF3C465B4520D0184601334FF48052F2
:100E600013D0EB6813B16969984770B9232004F077
:100E70006BFC2B68286998476B68D5E904014FF42F
:100E800080529847232004F075FCC5F810B05946ED
:100E9000AB6868694FF480529847686941462246BA
:100EA000504405F0C6FC3F1B2644A044C8D101981D
:100EB00003B0BDE8F08F00BF00F0FFFF38B5036955
:100EC0005A1C1AD0C56804462DB118464FF48052FA
:100ED0006169A84770B9232004F036FC23682069B3
:100EE00098476368D4E904014FF48052984723205F
:100EF00004F040FC4FF0FF33236138BD2DE9F84387
:100F000004691D46631C06468846174607D1B36828
:100F1000394640462A4698472846BDE8F883944219
:100F200024D92A4494428368F2D204F5805297422D
:100F3000EED2E41B22463946404698474FF480598A
:100F400008EB04002A1B00219145736928BF9146D4
:100F50004A4619444C4405F06CFCA542DCD9B36800
:100F6000391908EB04002A1B9847D5E704F580538C
:100F70009A42CCD2391BC1F580592A4640460024FA
:100F8000E2E700BF08B50121262004F01BFB012188
:100F9000262004F09BFB00212A20BDE8084004F035
:100FA00011BB00BF2DE9F84380460F46051D00F137
:100FB0000709002615F8011B0A22384600F060F8E0
:100FC0002E210446384600F057F84D45204406448B
:100FD000F0D198F8071038460A2200F051F8304452
:100FE000BDE8F883024A026000224260704700BFF9
:100FF000A4B1040010B4002461F3070462F30F24C9
:101000009DF80410044A63F3174461F31F64C0E9B8
:1010100000245DF8044B7047A4B10400014AC0E904
:1010200000217047A4B10400F8B5174682B1054607
:101030000E46002402E00134A74207D02B6816F8C0
:10104000011B1B68284698470028F4D12046F8BDAC
:101050001446FBE769B170B5054608460C4606F034
:10106000D8FA2B680246214628465B68BDE87040E6
:1010700018470846704700BF03681B68184700BF41
:10108000F0B506688BB01AB9336898470BB0F0BD5D
:101090000AAF0B46D2B20021022A07F8041D05460A
:1010A0002CBF14460A241846B0FBF4F204FB1201CC
:1010B000CBB2092903F130018ABF3733CBB2DBB29F
:1010C000104607F8013D002AEED1384606F0A1FA95
:1010D000736802463946284698470BB0F0BD00BFFA
:1010E00038B503688A685B680968044698472368CE
:1010F00003495B680546022220469847284438BDCC
:10110000A8B10400036870B505460C465E6849B195
:10111000084606F07EFA214602462846B0472B686C
:101120005E680446284602220149B047204470BD4B
:10113000A8B104000EB430B5C2B045A9054651F8B7
:10114000042B01910B4602A84FF4807106F0EEFAD1
:101150002B68044602A95B68284622469847204629
:1011600042B0BDE8304003B0704700BF114B124A97
:101170001968BFF35B8F4968BFF35B8F914200D062
:1011800070470E4AD2F80015C9070FD530B40C4C81
:10119000012500204FF0FF312560C2F8000530BC6A
:1011A000C2F860151868044904F054BB1868024975
:1011B00004F050BB5C920020546F6E65002002402A
:1011C000042002402F2901D90020704770B5434EFA
:1011D0003368BFF35B8F0C465B684149BFF35B8F9D
:1011E0008B4288B0054606D0306804F0EDFA10B99D
:1011F000002008B070BD3268394BBFF35B8F526876
:10120000BFF35B8F9A4259D0364A374B52F82420AD
:10121000698AEC7DC3F860254FF0FF32C3F864257E
:101220000120C3F86825C3F86C250722C3F8000520
:10123000C3F80C250022C3F80425C3F8081505F1EE
:101240001401C3F81025C3F80042C3F80023C3F803
:101250002015C3F84015C3F82405C3F84405A96850
:10126000C3F828152149EE682C8AC3F84865C3F8ED
:101270002C25C3F84C25C3F814450A600B6801936C
:10128000019B4A6004311A4B0968029102991A6065
:101290001968039103995A605968049104999A60F6
:1012A000996805910599DA60D968069106991A61DD
:1012B00010331B680793079B08B070BD0A4BD3F827
:1012C0000025D207A0D50B4A0120106000214FF065
:1012D000FF32C3F80015C3F8602595E75C92002043
:1012E000546F6E65DCB0040000200240042102400F
:1012F0000C210240042002402DE9F843A1F114041E
:1013000046F294139C4215D8144606460D469AB9E7
:101310004FF000084FF00009634C64492368BFF3A5
:101320005B8F5B68BFF35B8F8B421CD0206804F03F
:101330004BFAC0B9BDE8F883B2F57A7F09D202FB57
:1013400001F3B3F57A7F04D24FF001084FF00009A2
:10135000E2E74FF47A720023A4FB050105F028F8B8
:1013600080468946D8E72268504BBFF35B8F5268AE
:10137000BFF35B8F9A42DDD14D4BD3F80025D207E6
:1013800009D54C4A0120106000214FF0FF32C3F80C
:101390000015C3F8602558EA09034749B1FBF5F188
:1013A00089B230D1454F464B7982C7E900896FF049
:1013B0007F486FF07F4943EA5103C7E902894FF63E
:1013C000FF70BB82082204233882BA75FB75314650
:1013D0003A48FFF7F7FE0028ACD023683349BFF343
:1013E0005B8F5B68BFF35B8F8B4204D0206804F097
:1013F000EBF900289ED0BB7D03F1804303F5083351
:1014000001221A6096E742464B4600205B084FEAED
:10141000320252EA030500F10100F7D1252889DCE8
:101420002748264FB9F1000F40EA510008BFB8F134
:10143000010FB882C7E9008979822CD0404649461D
:10144000002349084FEA300050EA010203F101038A
:10145000F7D11C4A5B00A2FB03235B0801259D40DA
:1014600018F1FF3049F1FF312A46002304F0A0FFB4
:1014700072B96A084FF00C0C6B1E9B1A0130013ACE
:101480001021FB603882BA6087F816C0F9759EE7B4
:101490004FF0080CF0E7C7E9022301210C221023CA
:1014A0003982BA75FB7592E75C920020546F6E65C5
:1014B000002002400420024048E801006092002021
:1014C0000080FFFFABAAAAAA024A034B92681A60E7
:1014D000704700BF186200205C92002090F823043F
:1014E000704700BF38B590F91D34002B04460DDB62
:1014F0005A0920320121234803F01F0301FA03F3A4
:1015000040F82230BFF34F8FBFF36F8F23694FF442
:101510008872C3F8082322690023C2F84431226983
:10152000C2F858312269012353602269D36001E077
:1015300003F098FE2369D3F85821002AF8D0D3F895
:101540004421002AF4D00025C3F8005522694FF049
:10155000FF33C2F80C352269C2F814352269C2F88B
:101560000835226904F11400C2F8103504F0F6F9C8
:10157000D4F8240401F046FDC4F8245484F823541C
:1015800038BD00BF00E100E0143004F0FFB900BF37
:10159000143004F005BA00BF143004F0E5B900BF00
:1015A00008B5D0F8240401F023FD002814BF4FF43F
:1015B0000070002008BD00BF90F8233403B97047C5
:1015C00010B54FF0FF310446D0F8240401F064FB5D
:1015D0000023D4F824041A461946BDE8104000F050
:1015E00013BF00BF10B50368104A5B6882B0934216
:1015F0008DF8071013D104464FF0FF31D0F82404C2
:1016000001F04AFB22699DF8073084F81D3201235E
:10161000C2F8483522691846936002B010BD012215
:101620000DF10701984702B010BD00BF311604004C
:101630002DE9F0472AB317468846064600F21D2AD0
:1016400000254FF001097C1BB4F5007F28BF4FF443
:1016500000744FF0FF31D6F8240401F01DFB08EBB5
:1016600005012246504605F0E4F83369C3F84845C1
:1016700033692544AF42C3F80890E4D82846BDE852
:10168000F08715462846BDE8F08700BF70B50468AE
:101690007D4A246A944240F0B68090F823240346A1
:1016A000002A40F0AF800D46016990F81F04C1F890
:1016B0000C05196993F81E04C1F8140593F8221457
:1016C000012900F0AF801969C1F86C25B5F5966F56
:1016D00045D9B5F5166F40F29B80B5F5965F40F29F
:1016E000AF80B5F5165F40F2AD80B5F5615F40F2B1
:1016F000AB80B5F5964F40F2A980B5F5E14F40F2C9
:10170000A78047F61222954240F2A480B5F5164F05
:1017100040F2A3804DF6C022954240F2A180B5F57B
:10172000614F40F2A080B5F5963F40F29F80B5F53D
:10173000E13F40F2A080B5F5613F40F29980534A05
:10174000954240F29E80B5F5E12F40F29780B5F5C5
:10175000612F8CBF4FF080524FF0706201E04FF468
:101760009E221969C1F824251A690821C2F80015BA
:101770001A6903F21D21C2F844151A690021C2F842
:1017800020111A6903F50771C2F834151A6901218D
:10179000C2F838151A6911601A694FF48870C2F8D6
:1017A000040393F91D24002A35DB5409603402F048
:1017B0001F02374801FA02F240F8242093F91D2451
:1017C000002A28DB0244602182F8001393F91D24CB
:1017D000002A07DB2E4802F01F0401215209A14014
:1017E00040F822100322002101201C4600F0CAFD0F
:1017F00000231A461946C4F8240400F005FE01230C
:1018000084F8233470BD23460022BDE87040184799
:101810004FF41D22A5E71F4902F00F021144602278
:101820000A76D3E71A6993F82004C2F810051A69FA
:1018300093F82104C2F808051A69C2F86C1545E747
:10184000154A8EE7154A8CE7154A8AE7154A88E754
:10185000154A86E74FF4000283E74FF41D0280E744
:101860004FF465027DE74FF46B027AE70F4A78E7A1
:101870004FF06C7275E74FF0EB7272E74FF0E86271
:101880006FE74FF080626CE7B118040090D003005E
:1018900000E100E0FCEC00E000B013000050270085
:1018A00000F03A0000A04E0000C0750000903A0120
:1018B00090F82334002B5BD110B5036990F81F44D6
:1018C000C3F80C45036990F81E44C3F8144590F81A
:1018D0002234012B036900F0A080C3F86C25B1F518
:1018E000966F46D9B1F5166F40F2A680B1F5965FB6
:1018F00040F2AC80B1F5165F40F2AA80B1F5615FAD
:1019000040F2A880B1F5964F40F2A680B1F5E14FC4
:1019100040F2A48047F61223994240F2A180B1F52B
:10192000164F40F2A0804DF6C023994240F29E80AF
:10193000B1F5614F40F29D80B1F5963F40F29C8039
:10194000B1F5E13F40F29A80B1F5613F40F29980F4
:10195000504B994240F29B80B1F5E12F40F29480C8
:10196000B1F5612F8CBF4FF080534FF0706302E0F0
:1019700070474FF49E230269C2F824350369082298
:10198000C3F80025036900F21D22C3F8442503694A
:101990000022C3F82021036900F50772C3F834253B
:1019A00003690122C3F8382503691A6003694FF4FB
:1019B0008871C3F8041390F91D34002B3FDB5C09D8
:1019C000603403F01F03344902FA03F341F8243072
:1019D00090F91D34002B32DB0B44602283F8002386
:1019E00090F91D34002B07DB2B4903F01F04012263
:1019F0005B09A24041F82320044603220021012074
:101A000000F0C0FC00231A461946C4F8240400F074
:101A1000FBFC012384F8233410BD90F82044C3F864
:101A20001045036990F82144C3F80845036942F062
:101A30000102C3F86C2552E74FF41D239BE7174AB8
:101A400003F00F031A4460231376C9E7144B92E79F
:101A5000144B90E7144B8EE7144B8CE7144B8AE73A
:101A60004FF4000387E74FF41D0384E74FF4650349
:101A700081E74FF46B037EE70E4B7CE74FF0EB738F
:101A800079E74FF06C7376E74FF0E86373E74FF058
:101A9000806370E790D0030000E100E0FCEC00E020
:101AA00000B013000050270000F03A0000A04E00E4
:101AB00000C0750000903A0110B5114C2369D3F8AD
:101AC00010213AB10022C3F81021D3F83C2572B995
:101AD00001221A60D3F8202102B910BD0021C3F8F9
:101AE0002011D4F82404BDE8104000F017BF94F88A
:101AF0001C1204F1140003F01FFF2369E8E700BF84
:101B00007892002010B5114C2369D3F810213AB116
:101B10000022C3F81021D3F83C2572B901221A60C3
:101B2000D3F8202102B910BD0021C3F82011D4F848
:101B30002404BDE8104000F0F1BE94F81C1204F13A
:101B4000140003F0F9FE2369E8E700BFA096002027
:101B50002DE9F8431D4D1E4CDFF884901D4F28469B
:101B600000264FF47A7840F8149BC5E9016803F029
:101B7000D7FEC4E901682046174B2B610223D7F832
:101B8000942085F81D3440F8149BD7F89C3085F8D4
:101B90001E2485F81F3485F82264C5F8246485F86E
:101BA000236403F0BDFED7E909230C4884F82264BE
:101BB0002821C4F8246484F82364206184F81D1467
:101BC00084F81E2484F81F34BDE8F883789200203E
:101BD000A0960020DCB004000020004000800240FD
:101BE000B4B1040008B50E4B1BB10E48E4F780FBFE
:101BF00090B90D4B1BB10D4803F0C8FE48B90C4B12
:101C00001BB10C4803F0C2FE00B908BDAFF3008061
:101C100008BDAFF30080F2E7AFF30080E9E700BF53
:101C2000000000004C640020000000008C920020A6
:101C300000000000B49600202DE9F0477C4F3D687D
:101C400006460C46904675B12F2E09D828F48073AD
:101C5000032BC8F3002224D0042B59D0022B3BD0F5
:101C60000020BDE8F08729462022724804F005FED6
:101C7000714A7249724B0D604FF0FF30C2E90000AB
:101C800040224D60C3F88020BFF34F8FBFF36F8FAA
:101C90006021C3F8802183F806131A6001233B609A
:101CA000D2E74FF40037674B634853F8265090F95A
:101CB00000102B0203F47C5343F001038D4243EAEE
:101CC00007030CD090F90160B54224D090F902705E
:101CD000BD4222D1022603E04FF44037E3E700265D
:101CE000B10001F1804101F5C0418555D1F81005E1
:101CF000504F524D47F8264020F0031020F47C50FE
:101D000003430120AA55C1F81035B040BDE8F08763
:101D10004FF48037C7E70126E2E790F903C0654535
:101D200049D090F904E075455BD090F905804545B0
:101D30006DD090F906904D4577D090F907A0AA454F
:101D400001D10726CCE7013123D13F49D1F8101545
:101D500089071ED10026B10001F1804101F5C04183
:101D60008555D1F81005334F344D47F8264020F003
:101D7000031020F47C500343C1F810350023C1F850
:101D800000310120304BAA55B040C3F80403BDE830
:101D9000F087013606D12C49D1F81415890701D1F5
:101DA0000126D8E7013708D12749D1F818158F0740
:101DB00003D10226CFE7032692E7BCF1FF3F06D10D
:101DC0002149D1F81C158E0701D10326C3E7BEF1C6
:101DD000FF3F08D11C49D1F82015890703D10426FB
:101DE000B9E704267CE7B8F1FF3F06D11649D1F8E0
:101DF00024158F0701D10526ADE7B9F1FF3F08D1C2
:101E00001149D1F828158E0703D10626A3E7052628
:101E100066E7BAF1FF3F7FF423AF0B49D1F82C15E9
:101E200089077FF41DAF072695E7062658E700BF10
:101E3000F89A0020D09A0020F09A0020C89A00203A
:101E400000E100E0DCB00400006000402F2825D84D
:101E5000264A274B52F8202093F900108A4238D0A6
:101E600093F901108A4236D093F902108A4234D095
:101E700093F903108A4232D093F904108A4230D089
:101E800093F905108A422ED093F906108A4206D0A3
:101E900093F90710914208BF072101D0704706212E
:101EA00070B40120134E144C144D8840C6F808033A
:101EB0008A00002002F1804244F82100FF2402F54C
:101EC000C0425C546854C2F8100570BCC2F80001EE
:101ED00070470021E4E70121E2E70221E0E7032166
:101EE000DEE70421DCE70521DAE700BFDCB004000F
:101EF000F09A002000600040D09A0020C89A00208C
:101F00002DE9F0431B4B1C4FD3F80463DFF86C80C2
:101F1000DFF86C9085B000240123A200A34002F1F9
:101F20008045334205F5C0450FD0D5F8003163B187
:101F3000E357013306D052F808201AB114F80930DB
:101F40007BB990470023C5F800310134082CE3D158
:101F5000BFF34F8F00BF00BF00BF00BF05B0BDE89B
:101F6000F08304AB002143F8041D0846009103F000
:101F700053FAE7E700600040F09A0020D09A002072
:101F8000C89A0020F8B500250446C0E900558560D0
:101F900091B108460E4605F03CFB0746411C284619
:101FA00000F084F950B1A368C4E9000703B90370D5
:101FB000A760314605F013FB2046F8BD206808B144
:101FC00000F05EF900232360C4E901332046F8BD28
:101FD00070B504468C424FF00000C4E90000A060D8
:101FE00001D00D680DB9204670BD8E68711C00F0DF
:101FF0005DF950B1A368C4E9000603B90370A66097
:10200000294605F0ECFA204670BD206808B100F0C2
:1020100037F900232360C4E90133204670BD00BFB7
:1020200030B504468BB000230846C4E90033A360F2
:1020300001A902F03FFB01A805F0EBFA0546206874
:1020400010B163689D4209D9691C00F02FF960B195
:10205000A368C4E900050BB903702068A56001A955
:1020600005F0BDFA20460BB030BD206808B100F085
:1020700007F9002320462360C4E901330BB030BDCB
:1020800010B50446006800F0FBF8204610BD00BF04
:10209000884270B5044609D00D68006845B908B19A
:1020A00000F0EEF80023C4E901332360204670BD40
:1020B0008E6810B163689E4209D9711C00F0F6F871
:1020C00058B1A368C4E900060BB903702068A66084
:1020D000294605F084FA204670BD20680028DFD12B
:1020E000E0E700BFF8B50446056849B915B12846D0
:1020F00000F0C6F800232360C4E901332046F8BD90
:1021000008460E4605F085FA074615B16368984201
:102110000BD92846791C00F0C9F8054660B1A368C0
:10212000C4E900070BB903702568A760314628464B
:1021300005F055FA2046F8BD20680028DAD000F0F6
:102140009FF8D7E770B50E6804461EB18D685DB97B
:10215000204670BD206808B100F092F8002323608B
:10216000C4E90133204670BD82680068154410B18F
:1021700063689D420BD9691C00F098F80028E9D0EB
:10218000A268C4E9000512B902702068A26831464D
:10219000104405F024FAA560DAE700BF70B50446E4
:1021A00031B108460D4605F034FA58B9204670BDE5
:1021B000206808B100F064F800232360C4E901330B
:1021C000204670BDA2682368861813B161688E42EC
:1021D0000DD91846711C00F069F803460028E7D0B5
:1021E000A268C4E9000612B902702368A2682946F1
:1021F000981805F0F4F9A660D8E700BFFEE700BF25
:1022000008B501F077FA4FF47A72A0FB0223900A26
:1022100040EA835008BD00BF014638B54FF47A72DA
:1022200000238002890D04F0C3F8054601F062FA2C
:102230000446E4F74DF801F05DFA001B854200D832
:1022400038BD281ABDE8384001F078BB10B5044607
:1022500001F0CEFD022804D02046BDE8104004F075
:10226000B7BA01F03FFA204604F0B2FA044601F092
:10227000DFFA0CB1204610BD03F006F8FAE700BF04
:1022800010B5044601F0B4FD02280AD144B101F0B2
:1022900029FA204604F0A4FABDE8104001F0C8BABB
:1022A00010BD2046BDE8104004F09ABA38B5044687
:1022B0000D4601F09DFD022805D029462046BDE8C7
:1022C000384005F033B901F00DFA2046294605F0F3
:1022D0002DF9044601F0ACFA0CB1204638BD02F0ED
:1022E000D3FFFAE710B5044601F0FCF9204604F0EC
:1022F0006FFA044601F09CFA0CB1204610BD02F0C2
:10230000C3FF204610BD00BF50B110B5044601F018
:10231000E9F9204604F064FABDE8104001F088BAFB
:10232000704700BF38B51C469DF8105043B30029D4
:1023300008BF1A460123C4E90F01226084F8463021
:1023400002F020F8D4E90F132268A26001FB03F128
:10235000CB1A134400200A44FF21A063E36084F8F1
:102360004410626084F8451004F1100003F022FB71
:1023700004F1240003F01EFB02F00EF884F84C5028
:10238000204638BDF8B5074615460E4669B100FB34
:1023900001F05030FFF7A6FF044690B3002200F191
:1023A000500380F84620036007E05020FFF79AFFB3
:1023B000044630B384F846602460C4E90F7601F027
:1023C000E1FFD4E90F132268A26001FB03F1CB1AED
:1023D000134400200A44FF21A063E36084F8441002
:1023E000626084F8451004F1100003F0E3FA04F190
:1023F000240003F0DFFA01F0CFFF84F84C502046B0
:10240000F8BD00242046F8BD2DE9F04F044685B004
:102410001D460192884601F0B5FFA26BE36BA84F01
:102420004FF000099A424E46C0F08B80022D00F01A
:1024300006810198002800F03081B9F1000F00F00A
:10244000958001F0A9FF01F04DF901F09BFF94F890
:102450004430FF2B08BF84F8446094F84530FF2BCC
:1024600008BF84F8456001F097FF01A902A801F0B8
:1024700067FC002840F0188101F084FFA26BE36B39
:102480009A4277D001F088FF01F07CFF94F8453044
:102490004FFA83FABAF1000F1ADD636AC3B104F18F
:1024A000240907E00AF1FF33DBB24FFA83FA7BB16C
:1024B000636A6BB1484601F0E9FB0028F2D001F0F5
:1024C00077FC0AF1FF33DBB24FFA83FA002BEFD12E
:1024D000FF2384F8453001F05FFF01F053FF94F8CB
:1024E00044304FFA83FABAF1000F1ADD2369C3B101
:1024F00004F1100907E00AF1FF33DBB24FFA83FA67
:102500007BB123696BB1484601F0C0FB0028F2D0D3
:1025100001F04EFC0AF1FF33DBB24FFA83FA002BD5
:10252000EFD1FF2384F8443001F036FF01F080F949
:1025300001F028FFA26BE36B9A424FF00109BFF450
:1025400075AF226CA66B002A40F0FC80256801362E
:10255000002D00F01881A663636A002B40F08C8088
:1025600001F01AFF012005B0BDE8F08F02A801F0CC
:10257000DBFB66E704F1100901F00EFF4846019904
:1025800001F008FB01F0FEFE94F845A04FFA8AFA2C
:10259000BAF1000F1CDD636AD3B104F1240B08E02B
:1025A0000AF1FF3A5FFA8AF34FFA83FA83B1636A5A
:1025B00073B1584601F06AFB0028F1D00AF1FF3AE6
:1025C00001F0F6FB5FFA8AF34FFA83FA002BEED1A3
:1025D000FF2384F8453001F0DFFE01F0D3FE94F8CC
:1025E00044304FFA83FABAF1000F06DC15E00AF125
:1025F000FF33DBB24FFA83FA7BB123696BB14846F4
:1026000001F044FB0028F2D001F0D2FB0AF1FF33C5
:10261000DBB24FFA83FA002BEFD1FF2384F844306A
:1026200001F0BAFE01F004F9002881D14FF0805387
:102630007B6040BFBFF34F8FBFF36F8F78E7226C93
:10264000A66B002A82D04146E06804F0F2F8236CC1
:10265000E26821685B421A448A42E26080F0898025
:1026600062681344E360022D00F083800136A663A4
:10267000636A002B3FF474AF04F1240001F006FB01
:1026800000283FF46DAF0E4B4FF080525A6040BFB0
:10269000BFF34F8FBFF36F8F62E7009001F07CFEB6
:1026A000009805B0BDE8F08F01F06CFE94F845503D
:1026B0006DB2002D18DD636AB3B104F1240607E0A2
:1026C00000ED00E0013DEBB25DB26BB1636A5BB15E
:1026D000304601F0DBFA0028F4D0013D01F068FB40
:1026E000EBB25DB2002BF1D1FF2384F8453001F04D
:1026F00053FE01F047FE94F844506DB2002D16DDF4
:102700002369A3B104F1100605E0013DEBB25DB20F
:102710006BB123695BB1304601F0B8FA0028F4D000
:10272000013D01F045FBEBB25DB2002BF1D1FF237F
:1027300084F8443001F030FE01F07AF8002005B052
:10274000BDE8F08F41465DBBA06804F072F8A36855
:10275000216C62680B44934206F10106A360FFF40A
:10276000FAAEA663636A2268A260002B3FF4F8AE5B
:1027700082E7002E7FF4EFAE0123A363636A002B90
:102780003FF4EEAE78E7606801F084FBA663636A0D
:102790006560002B7FF470AF00287FF474AFDFE634
:1027A000E06804F046F8236CE26821685B421A4452
:1027B0008A42E260BFF457AF52E700BFF8B50C465B
:1027C00079B300250123216081F84630C1E90F3536
:1027D000064601F0D7FDD4E90F322168A56303FB5B
:1027E00002F39A1A0A440B44FF27C4E90131E2605C
:1027F00084F8447004F1100084F8457003F0DAF8AE
:1028000004F1240003F0D6F801F0C6FDC4E9005538
:10281000E56084F84C602B462A4629462046FFF79F
:10282000F3FD2046F8BD00BF2DE9F0418C4682B093
:1028300004461746EFF31186402282F31188806B1D
:10284000E26B904221D3022B05D0002086F3118841
:1028500002B0BDE8F08194F84550226CD4F838807D
:102860006DB252BB236808F10108002B4FD06B1CDE
:10287000C4F8388037D001356DB284F84550012056
:1028800086F3118802B0BDE8F08194F84550226CBF
:10289000D4F838806DB2002AE4D073B9A06803F090
:1028A000C8FFA368216C62680B44934208F10108D9
:1028B000A360DCD32368A360D9E76146E068019395
:1028C00003F0B7FF206CE2682168019B404202449C
:1028D0008A42E26002D262681044E060022B10D0AB
:1028E00008F10108C3E7636A002BC8D004F1240093
:1028F00001F0CCF90028C2D0002FC0D001203860F0
:10290000A4E7B8F1000F08BF4FF00108AFE7606817
:10291000019301F0BFFA019B6360A8E738B5EFF3BC
:102920001184402383F31188826BC36B93420ED9C9
:1029300090F8453001325BB282635A1C0BD00133F0
:102940005BB280F84530012084F3118838BD002047
:1029500084F3118838BD436A002BF4D024300D462F
:1029600001F094F90028EED0002DECD00120286071
:10297000EAE700BF2DE9F047044684B0884601929B
:1029800001F000FDD4F83890B9F1000F40F09380C9
:10299000019B002B00F00A8102A801F0C5F9B34F9A
:1029A0004E4604F1240501F0F7FC00F09BFE01F017
:1029B000E9FC94F84430FF2B08BF84F8446094F895
:1029C0004530FF2B08BF84F8456001F0E5FC01A904
:1029D00002A801F0B5F9002840F0878001F0D2FC90
:1029E000A36B002B40F0E88001F0D6FC019928464B
:1029F00001F0D0F801F0C6FC94F845304FFA83F9A5
:102A0000B9F1000F06DC15E009F1FF33DBB24FFA34
:102A100083F97BB1636A6BB1284601F037F900286E
:102A2000F2D001F0C5F909F1FF33DBB24FFA83F9B7
:102A3000002BEFD1FF2384F8453001F0ADFC01F00D
:102A4000A1FC94F844304FFA83FABAF1000F1ADD72
:102A50002369C3B104F1100907E00AF1FF33DBB2C7
:102A60004FFA83FA7BB123696BB1484601F00EF946
:102A70000028F2D001F09CF90AF1FF33DBB24FFAE3
:102A800083FA002BEFD1FF2384F8443001F084FC5B
:102A900000F0CEFE00287ED14FF080537B6040BF17
:102AA000BFF34F8FBFF36F8F01F06CFCD4F83890F9
:102AB000B9F1000F76D0226C52B1E168636811441D
:102AC0009942E16024BF2168E160404603F0B1FE15
:102AD00009F1FF33A3632369002B40F0C98001F0A3
:102AE0005BFC012004B0BDE8F08701F04BFC94F8DA
:102AF00045304FFA83F9B9F1000F06DC15E009F112
:102B0000FF33DBB24FFA83F97BB1636A6BB12846BE
:102B100001F0BCF80028F2D001F04AF909F1FF33C6
:102B2000DBB24FFA83F9002BEFD1FF2384F8453055
:102B300001F032FC01F026FC94F844304FFA83FA9D
:102B4000BAF1000F1ADD2369C3B104F1100907E0DF
:102B50000AF1FF33DBB24FFA83FA7BB123696BB121
:102B6000484601F093F80028F2D001F021F90AF16B
:102B7000FF33DBB24FFA83FA002BEFD1FF2384F847
:102B8000443001F009FC00F053FE01F0FBFBA36BA5
:102B900063B101F001FC01F0F5FBD4F83890B9F114
:102BA000000F88D1019B002B7FF4FDAE01F0F4FBF8
:102BB000002004B0BDE8F08701F0EEFB01F0E2FB7D
:102BC00094F845304FFA83F9B9F1000F06DC15E0AF
:102BD00009F1FF33DBB24FFA83F97BB1636A6BB162
:102BE000284601F053F80028F2D001F0E1F809F18D
:102BF000FF33DBB24FFA83F9002BEFD1FF2384F8C8
:102C0000453001F0C9FB01F0BDFB94F844304FFAA8
:102C100083FABAF1000F1ADD2369C3B104F1100978
:102C200007E00AF1FF33DBB24FFA83FA7BB1236985
:102C30006BB1484601F02AF80028F2D001F0B8F84C
:102C40000AF1FF33DBB24FFA83FA002BEFD1FF23F7
:102C500084F8443001F0A0FB00F0EAFD01F092FBA3
:102C6000D4F83890B9F1000F9CD024E700ED00E0D3
:102C700004F1100001F00AF800283FF430AF054BD2
:102C80004FF080525A6040BFBFF34F8FBFF36F8F3A
:102C900025E700BF00ED00E02DE9F043044685B0D4
:102CA0000026019101F06EFBA36BB24FB046354692
:102CB000002B40F0F380019B002B00F05D81B8F108
:102CC000000F00F0FC8001F067FB00F00BFD01F04D
:102CD00059FB94F84430FF2B08BF84F8445094F813
:102CE0004530FF2B08BF84F8455001F055FB01A982
:102CF00002A801F025F800286CD101F043FBA36B7A
:102D0000002B40F0E08001F047FB2368002B00F02F
:102D10003C8104F124094846019900F03BFF01F091
:102D200031FB94F845304FFA83F8B8F1000F06DC18
:102D300015E008F1FF33DBB24FFA83F87BB1636A29
:102D40006BB1484600F0A2FF0028F2D001F030F845
:102D500008F1FF33DBB24FFA83F8002BEFD1FF23EA
:102D600084F8453001F018FB01F00CFB94F8443076
:102D70004FFA83F8B8F1000F1ADD2369C3B104F1EB
:102D8000100907E008F1FF33DBB24FFA83F87BB19B
:102D900023696BB1484600F079FF0028F2D001F0BA
:102DA00007F808F1FF33DBB24FFA83F8002BEFD1BD
:102DB000FF2384F8443001F0EFFA00F039FD0028D9
:102DC00064D14FF080537B6040BFBFF34F8FBFF3A0
:102DD0006F8F5BE001F0D6FA94F845304FFA83F834
:102DE000B8F1000F1ADD636AC3B104F1240907E0EA
:102DF00008F1FF33DBB24FFA83F87BB1636A6BB142
:102E0000484600F043FF0028F2D000F0D1FF08F15F
:102E1000FF33DBB24FFA83F8002BEFD1FF2384F8A6
:102E2000453001F0B9FA01F0ADFA94F844304FFAA8
:102E300083F8B8F1000F1ADD2369C3B104F110095A
:102E400007E008F1FF33DBB24FFA83F87BB1236967
:102E50006BB1484600F01AFF0028F2D000F0A8FF3E
:102E600008F1FF33DBB24FFA83F8002BEFD1FF23D9
:102E700084F8443001F090FA00F0DAFC01F082FAB4
:102E8000A36B002B00F08A8001F086FA01F07AFA39
:102E9000A36B4FF00108002B3FF40DAF2268013BFC
:102EA000A363002A00F09E802369002B40F08980F4
:102EB00001F072FA0126304605B0BDE8F08302A8A1
:102EC00000F032FFFFE601F067FA01F05BFA94F8D8
:102ED00045304FFA83F8B8F1000F1ADD636AC3B1C9
:102EE00004F1240907E008F1FF33DBB24FFA83F85D
:102EF0007BB1636A6BB1484600F0C8FE0028F2D08F
:102F000000F056FF08F1FF33DBB24FFA83F8002BD5
:102F1000EFD1FF2384F8453001F03EFA01F032FA98
:102F200094F844304FFA83F8B8F1000F1ADD2369A2
:102F3000C3B104F1100907E008F1FF33DBB24FFA27
:102F400083F87BB123696BB1484600F09FFE0028EF
:102F5000F2D000F02DFF08F1FF33DBB24FFA83F817
:102F6000002BEFD1FF2384F8443001F015FA00F074
:102F70005FFC8BE700ED00E0009301F00DFA009B91
:102F80001E46304605B0BDE8F08301F0FBF96068ED
:102F900000F03EFF064601F0FFF9BAE601F0FCF949
:102FA000002E88D001F0EEF9616A19B1236B19681F
:102FB000C1F10501606800F099FF002601F0ECF90D
:102FC00079E704F1100000F061FE00283FF470AFD3
:102FD000064B4FF080525A6040BFBFF34F8FBFF394
:102FE0006F8F65E700F0B8FF60605DE700ED00E01F
:102FF00010B5044601F0C6F9A46B01F0CDF92046E6
:1030000010BD00BF104B5A68904208D0DA68904259
:1030100008BF012204D090F8463093B170470022D7
:10302000002110B403EBC20443F8321090F846308C
:10303000616013B15DF8044B70475DF8044BFFF716
:1030400063B9FFF761B900BF8CA50020074B1A6870
:103050001AB19A6802B17047012210B403EBC2049E
:1030600043F8321060605DF8044B70478CA5002077
:1030700070B505460C46164601F084F995F84430C3
:10308000FF2B04BF002385F8443095F84530FF2B13
:1030900004BF002385F8453001F07EF9AB6B2BB9F6
:1030A0003246214605F1240000F0B0FD01F06AF936
:1030B00095F8454064B2002C16DD6B6AA3B105F1AA
:1030C000240605E0013CE3B25CB26BB16B6A5BB114
:1030D000304600F0DBFD0028F4D0013C00F068FE33
:1030E000E3B25CB2002BF1D1FF2385F8453001F04B
:1030F00053F901F047F995F8444064B2002C16DD0D
:103100002B69A3B105F1100605E0013CE3B25CB206
:103110006BB12B695BB1304600F0B8FD0028F4D0EC
:10312000013C00F045FEE3B25CB2002BF1D1FF237D
:1031300085F84430BDE8704001F02EB92DE9F0412A
:10314000044601F01FF9344A344D1368013313600B
:103150002B68002B2FD0324EE36A32682AB33148F5
:10316000314907680A689F4238BF03602F4801321F
:1031700003EB83030A6000EB8300E263211D02F08E
:1031800029FC01F009F933686BB12A68E36AD26A55
:103190009A4208D2264B4FF080525A6040BFBFF38C
:1031A0004F8FBFF36F8FBDE8F0812A68D26A9A42D1
:1031B00098BF2C60D3E72C601368012B02D0E36A20
:1031C000174ECCE71948DFF894801A4F144E02F0DE
:1031D000F1FB194802F0EEFB184802F0EBFB18482F
:1031E00002F0E8FB174802F0E5FB404602F0E2FB84
:1031F000384602F0DFFB144802F0DCFB134802F013
:10320000D9FB134802F0D6FB124B134AC2F80080D8
:103210001F60E36AA3E700BF6C9B0020FC9A0020BC
:10322000CC9B0020809B00207C9B0020089B0020E2
:1032300000ED00E0989B00201C9B0020309B0020AC
:10324000449B0020589B0020B89B0020E49B00205A
:10325000D09B0020049B0020009B0020849B00202A
:103260002DE9F843DDE90964002C60D016B9304639
:10327000BDE8F8830D469700984602233A4684F845
:103280005130814626633046A52103F0F6FA2A78AC
:10329000236B84F83420043F2A781F4427F0070763
:1032A00002B36B7884F835306B78DBB1AB7884F897
:1032B0003630AB78B3B1EB7884F83730EB788BB13C
:1032C0002B7984F838302B7963B16B7984F83930F5
:1032D0006B793BB1AB7984F83A30AB7913B1EB79C8
:1032E00084F83B30089D042D28BF04250026E562A4
:1032F0006564201D84F83B60A66402F067FBC5F19D
:10330000050504F1180002F061FBE66442464946F7
:10331000A561246184F850606462384600F0F6FFCD
:1033200020602046FFF70AFF2046BDE8F8832046CC
:10333000BDE8F8832DE9F0479600804630460D46FB
:103340009946099FFEF7CEFF002869D08246542097
:10335000FEF7C8FF044600285BD00023C0F830A069
:103360003246504684F85130A52103F086FA2A7877
:10337000236B84F83420043E2A781E4426F0070A82
:1033800002B36B7884F835306B78DBB1AB7884F8B6
:103390003630AB78B3B1EB7884F83730EB788BB15B
:1033A0002B7984F838302B7963B16B7984F8393014
:1033B0006B793BB1AB7984F83A30AB7913B1EB79E7
:1033C00084F83B30089D042D28BF04250026E562C3
:1033D0006564201D84F83B60A66402F0F7FAC5F12D
:1033E000050504F1180002F0F1FAE664A561246114
:1033F00084F8506064624A464146504600F086FFB9
:10340000206007B13C602046FFF798FE0120BDE830
:10341000F0875046FEF778FF4FF0FF30BDE8F087A9
:103420004FF0FF30F3E700BF70B504464C4E00F09C
:10343000A9FF002C39D0251D284602F0F5FAA36A11
:103440001BB104F1180002F0EFFA29464548464D39
:1034500002F0C0FA94F85030012B04BF002384F826
:10346000503000F099FF2B6893B93368A34200D025
:1034700070BD2B68DBB93B493C4A09681268914230
:1034800026D03B4B1B682BB33A4B01221A6070BD10
:1034900000F078FF384B1A68126892B9374B4FF03A
:1034A000FF321A6000F078FFDFE73468C3E7344B7F
:1034B0004FF080525A6040BFBFF34F8FBFF36F8F02
:1034C00070BD1A682D4BD268D26852681A60E9E75D
:1034D000336070BD274A13603268336812681B6B13
:1034E0009A4236D9274C28492268930098188000C0
:1034F0000858E0B9551EAB0058198000085830BB79
:10350000951EAB0058198000085800BBD51EAB00B3
:10351000581980000858D0B9151FAB005819800001
:103520000858A0B9053A9300981880000858134429
:103530009B00CD1808336868406868600B44984267
:1035400004BF40686860C3683360226070BD2A466B
:10355000EDE730683168343101F094FEC2E700BF16
:10356000FC9A0020D09B0020CC9B00206C9B00206C
:10357000789B0020FC9B0020009B0020B09B00203B
:1035800000ED00E0809B0020089B002080B170B51A
:103590001B4D2B6883420AD0044600F0F3FE194B02
:1035A00062699A4205D0BDE8704000F0F5BE70BD7A
:1035B0007047A36A144A9342F5D0002BF3D1261D1D
:1035C000304602F031FA114AE36A116810488B4222
:1035D00088BF136003EB830300EB8300314602F0E6
:1035E000F9F92B68E26ADB6A9A42DCD3094B4FF0A7
:1035F00080525A6040BFBFF34F8FBFF36F8FD2E747
:10360000FC9A0020D09B0020B89B0020809B0020CB
:10361000089B002000ED00E070B584B0002503AAEF
:1036200002A901A8CDE9015501F030FE019C002C52
:1036300046D00298002843D0039E20630223B600A0
:10364000A521324684F8513003F017F9236B1F4A45
:103650006263201D84F83850043E84F83B50E562D4
:10366000C4E911551E4402F0B1F904F1180002F04A
:10367000ADF926F007060523A3612A461449E5643F
:1036800030462461646284F8505000F03FFE2060B0
:103690002046FFF753FD0F4B1C6000F0DBFD0128B7
:1036A00011D1402383F311880B490C4A0C4B4FF086
:1036B000FF340C6010601D6000F03EFE04B070BD71
:1036C000044B00221A6004B070BD00BF49444C4551
:1036D000C1390400AC9B0020B09B0020CC9B002093
:1036E000F89B0020024A136801331360704700BF43
:1036F000789B0020014B1868704700BFF89B0020A2
:10370000024A136818441060704700BFF89B0020FD
:103710002DE9F04F3B4B1B6883B0002B42D13A4B55
:103720001F6801371F60002F4AD0384B01931B6878
:10373000BB423BD8364EDFF8EC80DFF8ECA0DFF878
:10374000EC90002525E03368DB68DC68636804F1F1
:10375000040B9F42584651D302F066F9A36A04F164
:1037600018000BB102F060F9E36AD8F8002003EB0F
:103770008300934259460AEB800088BFC8F80030A6
:1037800002F028F9D9F80030E26ADB6A9A4228BFD1
:10379000012533681B68002BD5D1019A4FF0FF3308
:1037A000136004E01B4A13680133136000251A4BB1
:1037B0001B68002B0CBF2846012003B0BDE8F08F2A
:1037C000134E164B3168164A18683060196013683A
:1037D0000133136033681B683BB90C4B01931A46E5
:1037E0004FF0FF3313601346A1E73368074ADB68E5
:1037F0000192DB685B681360134698E7019A1360D7
:10380000D5E700BF789B0020F89B0020B09B0020EC
:10381000009B0020749B0020FC9B0020049B002048
:10382000B49B0020809B0020089B0020FC9A002075
:103830002DE9F04700F0A6FD354B1A68013A1A60F1
:103840001C68002C57D1334B1B68002B53D0DFF87A
:10385000E0A0314E314FDFF8DC90DFF8DC803368D8
:1038600013B3F368DC68251D04F1180002F0DCF8DE
:10387000284602F0D9F8E36A3A6803EB83009342E2
:10388000294609EB800088BF3B6002F0A3F8D8F816
:103890000030E26ADB6A9A424FF00103DFD3CAF8D4
:1038A00000303368002BDCD13CB11D4B1A68126824
:1038B0003ABB1C4B4FF0FF321A601B4D2C6844B1D1
:1038C0000126FFF725FF08B1CAF80060013CF8D1D6
:1038D0002C60DAF8003073B1144B4FF080525A600C
:1038E00040BFBFF34F8FBFF36F8F012400F054FD33
:1038F0002046BDE8F087002400F04EFD2046BDE8DC
:10390000F0871A68074BD268D26852681A60D4E709
:10391000789B00206C9B0020B89B0020809B00209F
:10392000009B0020B09B0020749B002000ED00E075
:10393000FC9B0020089B0020FC9A002070B548B931
:10394000184B4FF080525A6040BFBFF34F8FBFF308
:103950006F8F70BD144A15491368154E01331360FB
:103960000D6804463068043002F05EF8336864196C
:103970005C600FD20F4B18683168043102F03AF8DE
:103980000D4B1A68944238BF1C60FFF751FF0028A6
:10399000D6D070BD094B18683168043102F02AF89E
:1039A000F3E700BF00ED00E0789B0020F89B0020CB
:1039B000FC9A0020009B0020B09B0020049B00206C
:1039C0002DE9F84F3C4E3D4D3D4CDFF80891DFF8B6
:1039D0000881DFF808B14FF0805A2368D3B100F0B6
:1039E000D1FCF368DF68381D02F01EF82B68013B3C
:1039F0002B602368013B236000F0CEFC97F8513028
:103A0000002B37D0012BE8D13846FEF77DFC236828
:103A1000002BE4D12B4B1B68012B06D9CBF804A05B
:103A200040BFBFF34F8FBFF36F8F00F041FED9F857
:103A3000003033BBD8F80030DB6A002BCDD1214BEE
:103A40001B68012BC9D8204B204A1B6812689B1A9F
:103A5000012BC2D91E4A136801331360D9F8003014
:103A6000BBB1D8F80030DB6A0BB9164B1B68FFF707
:103A7000DFFEB2E7386BFEF747FC3846FEF744FC42
:103A8000ABE7D8F80030DB6A002BA6D10D4B1B68E2
:103A9000A3E7D8F80030DB6A002BE8D1094B1B689C
:103AA000012BE4D8084B1868084B1B68C01A012882
:103AB000DDD900F0DDFCDAE7E49B00206C9B002000
:103AC000709B0020089B0020B09B0020F89B0020EA
:103AD000789B0020809B0020FC9A002000ED00E0F5
:103AE000274B1B68002B40D1264A70B5264C13602B
:103AF0002268236812681B6B9A423AD9234D2449E5
:103B00002A689300981880000858E0B9561EB30040
:103B100098198000085830BB961EB3009819800091
:103B2000085800BBD61EB300981980000858D0B9B9
:103B3000161FB300981980000858A0B9053A9300E1
:103B400098188000085813449B00CE1808337068FA
:103B5000406870600B44984204BF40687060C3685E
:103B600023602A6070BD3246EDE7064B01221A60E1
:103B7000704720682168343101F084FBBEE700BF44
:103B8000789B0020FC9B0020FC9A0020809B00205A
:103B9000089B002070B5174D2B680C4603F11801E7
:103BA00001F028FF144B1E682868043001F03CFF28
:103BB000631C17D02B68A4195C600BD20F4B1868DC
:103BC0002968043101F016FF0D4B1A68944238BF82
:103BD0001C6070BD0B4B18682968BDE8704004314B
:103BE00001F008BF296808480431BDE8704001F0C1
:103BF000F1BE00BFFC9A0020F89B0020009B002033
:103C0000B09B0020049B0020D09B002070B5194D74
:103C10002B680C46164603F1180101F0DBFE164B2B
:103C20005EB11B682868043001F0FEFE2968134865
:103C30000431BDE8704001F0CDBE1E682868043034
:103C400001F0F2FE2B68A4195C600BD20C4B1868D3
:103C50002968043101F0CEFE0A4B1A68944238BF3D
:103C60001C6070BD084B18682968BDE870400431BD
:103C700001F0C0BEFC9A0020F89B0020D09B0020E1
:103C8000009B0020B09B0020049B002038B5C36837
:103C9000DC6804F11805284601F0C6FE1A4B1B68C3
:103CA0002BBB251D284601F0BFFE184AE36A1168A8
:103CB00017488B4288BF136003EB8303294600EB50
:103CC000830001F087FE134BE26A1B68DB6A9A42AD
:103CD00082BF114B01201860104B1A68126898BF00
:103CE00000204AB90E4B4FF0FF321A6038BD29460A
:103CF0000C4801F06FFEE6E71A68094BD268D268FB
:103D000052681A6038BD00BF789B0020809B00205D
:103D1000089B0020FC9A0020FC9B0020009B0020B8
:103D2000B09B0020B89B0020034A044B12681B681C
:103D3000C0E90023704700BFB49B0020F89B00201F
:103D4000F8B50D46044600F01DFB2B681649581CBB
:103D50000A6813D0DFF854C0D4E90060DCF80070C2
:103D6000BE4201D090421AD9121A93420BD80023B6
:103D70002B60012500F010FB2846F8BD002500F05F
:103D80000BFB2846F8BDDCF800009B1A0A682B6084
:103D9000C4E90002002500F0FFFA2846F8BD01251D
:103DA00000F0FAFA2846F8BDF89B0020B49B0020EA
:103DB000014B01221A607047FC9B0020084B1868D9
:103DC00060B9084B1B6853B9074A084B10681B6859
:103DD000013B984214BF0120022070470020704729
:103DE000B89B0020FC9B0020D09B00206C9B0020F7
:103DF000054B1B6833B1054B1B68002B0CBF022021
:103E00000020704701207047CC9B0020789B002049
:103E100018B3F8B51C4CC36A2268D26A934214D214
:103E20008269002A04DB2268D26AC2F1050282613B
:103E3000164D426903EB830305EB83039A420DD0D1
:103E40002368DB6AC3620120F8BD2368406CDB6A2B
:103E500098422CBF00200120F8BD7047061D074680
:103E6000304601F0E1FD2268094BD06A1A68F86219
:103E7000904200D9186000EB800005EB80003146CD
:103E800001F0A8FD0120F8BDFC9A0020089B00204D
:103E9000809B002050B138B5C16A836C426C013BF5
:103EA0009142836400D01BB1002038BD00207047D0
:103EB000051D0446284601F0B7FD0A4A636C1168E7
:103EC000E362C3F105008B42A061074888BF13601D
:103ED00003EB830300EB8300294601F07BFD012007
:103EE00038BD00BF809B0020089B002048B1426C79
:103EF000C36A914238BF11468B4202D0826C012ABC
:103F000000D07047826970B5114DC162002A03EB81
:103F100083034269A8BFC1F1050105EB8303A8BF74
:103F200081619A4200D070BD061D0446304601F002
:103F30007BFD084BE06A1A68904288BF186000EB6E
:103F4000800005EB80003146BDE8704001F042BDC5
:103F5000089B0020809B0020044B1A681AB1196846
:103F60008A6C01328A641868704700BFFC9A00208E
:103F70002DE9F04FAD4EDFF8C482AD4D89B0336806
:103F80001C68002C00F08E80DB681C68FFF7AAFB21
:103F9000FFF7B0FBD8F80030984207465DD3844263
:103FA000C8F8000040F20B810022E11B2868FFF7EF
:103FB0005FF8FFF73DFC88B99E4A4FF0805353608D
:103FC00040BFBFF34F8FBFF36F8F07E0019B039993
:103FD00020469847009B002B80F2388128680022F9
:103FE0006946FEF7C7FC0028C9D0009B029C002B45
:103FF000ECDB636913B1201D01F016FDFFF77AFBBE
:10400000D8F800309842814643D3009BC8F800900E
:10401000092BE3D8012202FA03F313F4047F69D1D8
:1040200013F0C70F40F0A1809B06D7D594F82C3031
:10403000002BD3D12046FEF767F9CFE7DB68DC68B9
:10404000D3F800A004F10409484601F0EDFC636ACE
:1040500020469847E369012B36D033681A68002A56
:10406000ECD17549C8F800700A6832600B60FFF740
:10407000DFFBB3E7DB68DF68D3F800B007F1040AC1
:10408000504601F0D1FC7B6A38469847FB69012B0A
:1040900025D033681A68002AECD167490A68326073
:1040A0000B60B2E7FFF71EFBFFF724FBD8F80030E8
:1040B00083420746D1D8604BC8F800701B681A6865
:1040C000B2FA82F2520970E7A36953449A4549460D
:1040D00022D263602461306801F08CFCBDE7BB69CB
:1040E0005B449B45514627D27B603F61306801F0BD
:1040F00081FCCEE7019B246103EB09024A45A361E1
:1041000062602CD8002B3FF469AF4B4B211D18681F
:1041100001F070FC286862E72B68002B9DD000231B
:10412000CDE9043A0694FFF763FE00231A4604A97A
:104130002868FEF769F990E72B68002BA9D00023C7
:10414000CDE9043B0697FFF753FE00231A4604A966
:104150002868FEF759F99CE74B4500D998B13068BB
:10416000211D01F047FC286839E7019BA269246101
:1041700099182CBF0120002049456160ECD8A9EBBB
:1041800003039A42C1D8636A20469847E369012B2A
:104190007FF424AF019BA2692868134400283FF4F0
:1041A0001EAF0022CDE904230694FFF721FE002371
:1041B0001A4604A92868FEF727F928680FE7FFF7D1
:1041C00037FB3368DB68D3F80C9009F1040A5046DA
:1041D00001F02AFCD9F81C30012B04D0D9F8243086
:1041E00048469847FAE6D9F81830C9F81090E2180E
:1041F000BA42C9F8042004D95146306801F0FAFBEC
:10420000ECE73F1BBB421BD82B68002BE6D00023FA
:10421000CDE90434CDF81890FFF7EAFD00231A46E3
:1042200004A92868FEF7F0F8D8E700BF009C00203A
:10423000849E002000ED00E0049C0020309E0020C1
:10424000034B5146186801F0D5FBC7E7029CD0E646
:10425000049C0020F0B5204C89B000F093F825684C
:10426000FDB100F099F82068C8B1002407AA06A99A
:1042700005A8CDE9054401F017F8DDE90530022174
:10428000CDE90010079A0293144915482346FEF71A
:10429000E7FF144A0346001B18BF0120136009B052
:1042A000F0BD114F114E384601F084FB304601F04D
:1042B00081FB0F4A0F4900950F4B17600E600F4AA4
:1042C00010212020FEF72EF820600028C9D00C49CC
:1042D000FEF7BCFEC5E700BF849E0020E8B10400E5
:1042E000713F0400889E0020089E00201C9E002034
:1042F000009C0020049C0020349E0020089C00208C
:10430000E0B10400402383F31188FEE730B46FF07E
:1043100002034FF08075074C40F8045C40F80C4CE9
:1043200040F8081C40F8202C40F8243C30BC4438AD
:10433000704700BF054304000F4C08B5E02384F824
:10434000223000F077F80D4B0D4A00211960D4F8A7
:10435000883043F47003C4F88830536843F0404316
:104360005360236943F01003236100F04FF94023A9
:1043700083F31188FEE700BF00ED00E08C9E002073
:1043800030EF00E0402383F31188024A13680133C1
:10439000136070478C9E0020034A1368013B136032
:1043A0000BB983F3118870478C9E002041DF704762
:1043B00012DF704770B51B4B00251D6082B01B6873
:1043C0000193019BEFF31186402383F31188164A72
:1043D000164BD2F804451D601B680093009BFFF745
:1043E00089F9241A24F07F44012C0DD844B1FFF739
:1043F0008FF9054625B10E4B4FF080525A6040BFF1
:1044000086F3118802B070BDFFF7F2FC0228EED1EE
:10441000013CFFF77DF9013C631C45EA0005F8D13A
:10442000E8E700BF401101400010014000110140C9
:1044300000ED00E00B4B0C4930B41F200B4DC3F8CE
:10444000080501220224E020C3F804232A601A6030
:10445000C3F8444381F811034FF400330B6030BCC0
:10446000704700BF0010014000E100E0081001406B
:104470002DE9F041804684B0EFF3108272B6584CBB
:10448000A36883B9574B58480121A160D3F8801025
:1044900001402160C3F88000D3F8841061604FF0C0
:1044A000FF31C3F8841002B962B6504ED6F80475D5
:1044B000FFF784FC00283DD04D4A4E49424528BFB5
:1044C0004246BB1823F07F4301200025C6F80803AD
:1044D000C6F840350D600B6801934FF480330199A5
:1044E000C6F80433BFF34F8FB8F1000F54D13F4BE0
:1044F000404D41494FF48030C3F808030020286044
:104500002D680395039D08600968029101210298B6
:10451000C3F80413D3F804353249DB1B23F07F457D
:10452000954228BF15464FF40033012DC1F8803164
:1045300011D827D0A3685BB1EFF3108372B6294A74
:1045400021681160616851600022A26003B962B6FF
:1045500004B0BDE8F081681EFFF7D2F8274BDB6896
:10456000DA010FD5264A1368DB070BD5254B5168B6
:1045700003FB05F5A5F57425A5F51075AD0A01EB4E
:1045800085155560FFF7C4F80028D3D01E4B4FF0B7
:1045900080525A6040BFCDE7F1EE103A23F09F03FE
:1045A000E1EE103AF1EE103A0E4B04A84FF48061A0
:1045B0004026C3F88461C3F8841100F8045DFFF756
:1045C000F7FE9DF80C1039B920BFD3F80001D3F8DD
:1045D00004110143F8D08AE7FFF7E8FE87E700BF40
:1045E000A0A5002000E100E0FC06FFBD0010014096
:1045F000FDFFFF004011014000110140F0ED00E01F
:10460000001000E040420F0000ED00E007480068A5
:1046100080F3088862B661B6BFF34F8FBFF36F8F28
:104620004FF0E00080F3118800DF00BF006002005F
:10463000064B19680868B0E8F04F80F30988BFF3AB
:104640006F8F4FF0000080F311887047FC9A0020B4
:10465000EFF30980BFF36F8F144B1A681EF0100F31
:1046600008BF20ED108A20E9F04F10604DF8043D9E
:104670004FF0400080F31188BFF34F8FBFF36F8F6F
:10468000FFF72EFA4FF0000080F3118808BC19687C
:104690000868B0E8F04F1EF0100F08BFB0EC108AA9
:1046A00080F30988BFF36F8F704700BFFC9A00202A
:1046B000704700BF79B3931E222B2CD8F0B48AB078
:1046C00001AF3C4670B1B0FBF2F602FB1605EBB24F
:1046D000092D94BF30335733DBB2304604F8013B29
:1046E0000028F0D1302301E004F8013BBC42FBD0AC
:1046F0000FD94A1E234613F8010D02F8010FBB42E1
:10470000F9D1E41A0C440023084623700AB0F0BC27
:1047100070470C46F7E70020704700BF0A490B4A74
:104720000B4B9B1A03DD043BC858D050FBDC0948F7
:1047300009494FF0AD32026004300439FBD100F07A
:1047400055FCE1F785FD000010B504000060002075
:104750003064002000F8032000080000FEE7FEE7B8
:10476000FEE7FEE7FEE7FEE7FEE7FEE7FEE7FEE721
:1047700008B50020E1F7A6FDEDF7DEFC0E4B43B1D6
:104780000E4B7BB1EDF7B4FE00F06CFDFDF72AFA9D
:10479000F8E7EDF7ADFE00F065FDEDF7A9FE00F0DE
:1047A00061FDF6E7EDF7A4FE00F05CFDEDF7A0FE7D
:1047B00000F058FDF6E700BF00000000E51B040014
:1047C00000B583B000F0BAFEFCF7DCFB0E4B0193A2
:1047D00001234FF480620D4900930D480023FEF73A
:1047E000A9FD4FF4407000F05DFEFEF715FFBFF32A
:1047F0004F8F0849084BCA6802F4E0621343CB604C
:10480000BFF34F8F00BFFDE7909E0020F0B1040082
:104810007147040000ED00E00400FA0538B50748D0
:104820000C461546E1F7D8FE00B938BD2A462146A8
:104830000248BDE83840E1F7A7BD00BF4C64002046
:10484000FDF704BDFDF702BDFDF71ABDFDF718BD6C
:10485000084A094908B513681844884202D810600C
:10486000184608BD01F064FF0C2303604FF0FF33CE
:10487000184608BD1062002000F80320114B1A787A
:10488000EAB90178104810B40A464FF0804402F0AB
:104890000102C1F34001C4F88015C4F8782502680C
:1048A000D20706D4E021012280F80013C0F880214D
:1048B0000260012205481A705DF8044B70470448F5
:1048C000704700BF9CA5002000E100E00000AD0B98
:1048D0000C00AD0B0268074B4FF0804010B4002174
:1048E0004FF46074C0F80843196002B11A605DF8B3
:1048F000044B70479C9E00204FF080434FF4607241
:10490000C3F80423704700BF10B54FF0804386B052
:10491000D3F80443620705D5D3F8082103F584735F
:10492000002A4ED1A30603D52A4B1A68002A3FD18C
:10493000600603D5284B1A68002A2FD1210602D51C
:10494000264B1A680ABBE20502D5254B1A6892B9B4
:10495000A3050ED5234B1A685AB100221A601A68B3
:10496000214B0592059A1B68022006B0BDE8104055
:10497000184706B010BD00221A601B4A1B6804933A
:1049800001201368049A9847E2E700201860164A4D
:104990001B6803931368039A9847D4E700221A60B0
:1049A000124A1B68029301201368029A9847C5E7D0
:1049B000002018600D4A1B6801931368019A9847FC
:1049C000B6E700221A600A4A1B6800931368009A2F
:1049D0009847A7E714010040180100401C0100405F
:1049E00020010040240100409C9E0020989E002051
:1049F000949E00202DE9F04F04799D4DE600371973
:104A0000BF0005EB070E83B09EF81CC0BCF1000F81
:104A100040F0E58091F80CC00068EA51CEF804300F
:104A2000BCF1010F0B7840F2DE801F2B87BF03F033
:104A30001F08DFF840E298464FF0A04E012707FA22
:104A400008F7CEF808751F2B8BBF03F01F071F4612
:104A5000DFF820E24FF0A04E07F5E0774FF00108B5
:104A60004EF827804F78FF2F00F0E9801F2F8ABF74
:104A700007F01F09B946DFF8FC81009798BF4FF097
:104A8000A04809F5E07A4FF0010E0EFA09FE4FF04A
:104A90000309C8F80CE548F82A9091F802E0BEF145
:104AA000FF0F00F0D580BEF11F0F91F80EA088BF58
:104AB000DFF8C0B1CDF804E08EBF0EF01F08F0465D
:104AC0004FF0A04B08F5E0784FEA8A0A4BF828A08F
:104AD00006EB040805EB880888F820E091F803E06D
:104AE00088F81FE0BEF1FF0F2AD091F80490F0463D
:104AF000B9F1000F40F08680BEF11F0F87BF0EF0A6
:104B00001F0B5C4FF3464FF0A0474FF0010A0AFA23
:104B10000BFAC7F808A5BEF11F0F86BF0EF01F08DD
:104B2000DFF850A14FF0A04A08F5E07806EB040E3C
:104B30004FF0030B05EB8E0E4AF828B08EF81E904E
:104B400091F80DE0C0F80835009BD1F80880C0F856
:104B50000C351EF1000318BF0123019FC0F810752A
:104B6000BCF1020FC0F824857FD0BCF1030F79D0CF
:104B7000BCF1010F56D0C0F854358B79C0F8C03560
:104B8000002A58D040220723C0F80423C0F800357B
:104B90004A79000B43B25201002BD1B2C0B25BDBA9
:104BA0005A09920002F1604203F16043012702F5C5
:104BB000614203F5614300F01F0007FA00F083F83B
:104BC0000013C2F880011060344405EB84052A48C4
:104BD000002201236A772B7703B0BDE8F08F2748C6
:104BE00003B0BDE8F08F1F2B87BF03F01F08DFF86D
:104BF00084E098464FF0A04E012707FA08F7CEF858
:104C00000C7520E7BEF11F0F87BF0EF01F0B194F69
:104C1000F3464FF0A0474FF0010A0AFA0BFAC7F823
:104C20000CA578E743F00203C0F854358B79C0F83F
:104C3000C035002AA6D10723C0F80035C4E791F893
:104C400002E04FF0FF37BEF1FF0F00977FF42BAF6C
:104C50004FF0FF3701973BE7094B00F00F0003448B
:104C60001976B1E743F0060385E743F0040382E7D2
:104C7000A09E0020000300500000AD0B0500AD0B0E
:104C8000FCEC00E0F0B40479294A0368E1000D1956
:104C9000AD005659EEB11F0B7EB2002E11DB760926
:104CA00020360123DFF89CC007F01F0703FA07F73F
:104CB0004CF82670BFF34F8FBFF36F8F55590368C1
:104CC0003DB1081902EB80001A4DC3F80853407F2C
:104CD00010BB081902EB800090F82000FF280BD0D1
:104CE0001F288ABF00F01F004FF0A045124D00F5AD
:104CF000E070022645F82060104800258342C3F882
:104D0000005502D10E4B01201860214402EB8102B4
:104D100000231377F0BC704701205861D3F80401D9
:104D20000028FBD0081902EB800000254577D0E76A
:104D3000A09E0020520108000003005000F0024035
:104D400004F0024000E100E02DE9F04F0479644FE7
:104D50004FEAC40C0CEB04039B008646F8180E4681
:104D6000417F83B0002940F0918057F8039090462E
:104D7000B9F1000F04D012F0140F04BF01234377E0
:104D80000CEB040507EB850596E80F0095F81FA0CE
:104D900005F10C0BBAF1FF0F8BE80F0010D0AA7FC2
:104DA0005346002A76D0BAF11F0F86BF0AF01F03C0
:104DB0004C494FF0A041012202FA03F3C1F8083533
:104DC00032686AB102F06043B3F1005F08D0644416
:104DD00007EB8407002344487B7703B0BDE8F08FDE
:104DE000B16821B101F06043B3F1005FEFD1DEF8AB
:104DF00000307568F068C3F844250022C3F84855B0
:104E0000C3F83415C3F83805C3F81821D3F81821AE
:104E10000192019A18F0010218BF0122C3F850252F
:104E200018F0020218BF012218F0080FC3F840253D
:104E300004BF01221A61B9F1000F0BD02B484022A8
:104E400018F0040F14BFC3F80823C3F8042303B0F9
:104E5000BDE8F08FD3F81821002AFBD0BAF1FF0F7C
:104E60002CD0644407EB8407BB7F4BB3BAF11F0F10
:104E700084BF0AF01F0A1B4A1C4898BF4FF0A0428B
:104E8000012303FA0AF3C2F80C35A6E7184803B069
:104E9000BDE8F08FBAF11F0F4FF0010288BF0AF092
:104EA0001F0302FA03F388BF0E49326898BF4FF020
:104EB000A041C1F80C35002A84D191E70B488CE75A
:104EC000BAF11F0F84BF0AF01F0A064A074898BFAD
:104ED0004FF0A042012303FA0AF3C2F808357CE739
:104EE000A09E0020000300500A00AD0B0000AD0B97
:104EF0000B00AD0B194BD3F8182102B970470021F4
:104F0000174AC3F81811D3F81811D37F82B0FF2BBA
:104F1000019101990DD0917F99B11F2B86BF03F0AC
:104F20001F0310484FF0A040012101FA03F3C0F81D
:104F30000C35002353771372D2E900310A4802B0CE
:104F400018471F2B86BF03F01F0306484FF0A040F1
:104F5000012101FA03F3C0F80835EAE70030024006
:104F6000A09E002000030050A89E00201B4BD3F8F9
:104F7000182102B970470021194AC3F81811D3F853
:104F8000181192F8433082B0FF2B019101990ED095
:104F900092F84210A9B11F2B86BF03F01F031148DE
:104FA0004FF0A040012101FA03F3C0F80C350023B3
:104FB00082F8413082F82C30D2E909310A4802B037
:104FC00018471F2B86BF03F01F0306484FF0A04071
:104FD000012101FA03F3C0F80835E8E700F00240C8
:104FE000A09E002000030050CC9E0020604B1B6858
:104FF00030B45C1C37D05F4A082B126800F08F80F9
:105000005B4B5C4A1B681268082B15D0591C23D0D7
:10501000584A1268082B12D0574AD2F8883043F405
:105020007003C2F88830BFF34F8FBFF36F8F534BBD
:10503000534A1A6030BC7047002A00F08280032A6D
:10504000EAD84FF08043D3F80024D20744BF6FF072
:105050000102C3F80024DFE74A4A4B4B12681B7871
:10506000C2F30312D6E7484A464B12781B68082A57
:10507000C3F3031301D1032B53D9424A424B1268A5
:105080001B78C2F30312082BBAD1032AB8D84FF009
:1050900080523E4BD2F80414C3F82015D2F80814FD
:1050A000C3F82415D2F80C14C3F82815D2F810143C
:1050B000C3F82C15D2F81414C3F83015D2F818140C
:1050C000C3F83415D2F81C14C3F84015D2F82014D4
:1050D000C3F84415D2F82414C3F84815D2F828149C
:1050E000C3F84C15D2F82C14C3F85015D2F830146C
:1050F000C3F85415D2F83414C3F86015D2F8381434
:10510000C3F86415D2F83C14C3F86815D2F84014FB
:10511000C3F86C15D2F84424C3F8702570E7032A4D
:105120000CD8134B1B684FF080420021581CC2F86A
:105130000C11C2F81011C2F838159ED00D4A126831
:10514000A1E7134C1349144D25601448144AFB245D
:10515000C1F8184501681268124C21F00F0102F0E5
:105160000F020A434FF400710260216050E700BF54
:10517000300100103401001000ED00E01462002046
:105180000090D003E80F00F0E00F00F000C00040F6
:105190008C56004000F0004048810300E40E0040BF
:1051A000580200104096024070B4284C284B2568E5
:1051B000284CA3FB05639B0C02FB03F254F8200070
:1051C000254B1F28A3FB02324FEA920234D8012359
:1051D000002903FA00F114BF084600204FF0A04454
:1051E00001E0013A25D0D4F810350B408342F8D0C5
:1051F00001E0013A1DD0D4F810350B408342F8D1BC
:10520000002002E00130824213D0D4F810650E4035
:10521000B342F7D070B1114A43F2C823A2FB05256F
:1052200003FB00F0AD0900F57A50B0FBF5F070BC5F
:105230007047002070BC704720380123002903FA12
:1052400000F114BF08460020054CCCE71462002092
:1052500083DE1B43DCB004004FECC44ED34D621020
:105260000003005008B5E1F733F8054B4FF08052CA
:105270005A6040BFBFF34F8FBFF36F8F08BD00BFB1
:1052800000ED00E0704700BF704700BF044B0360B3
:1052900010B46423034C0C6013605DF8044B70473A
:1052A000E89E00203C9F0020054B036010B44FF4A3
:1052B0008073044C0C6013605DF8044B704700BFB2
:1052C000CCA0002020A1002070B51F4C84B04FF06E
:1052D000FF3203A92068FDF74DFB0028F7D00398A3
:1052E000037A4568052B0DD8DFE803F0272A221C36
:1052F0001503D0E90361D0E90523C0690090304669
:10530000A847039803681BB11846FCF7B9FF039838
:10531000FCF7B6FFDBE7D0E90523D0E90301A84796
:105320000398EFE7D0E90412C068A8470398E9E7BB
:10533000D0E90301A8470398E4E7A8470398E1E709
:10534000C068A8470398DDE724A500202DE9F043B5
:105350002D4B2E4C5B6885B0C3F30803019001AF61
:105360002068002B44D0002339461A46FDF75CFA2A
:1053700001283AD0DFF89880D8F8000000224000D9
:105380000421FCF7FFFF064678B3DFF88890D9F8D0
:105390000000FEF749F8FEF7F5FF02E03046FDF7A2
:1053A00033F8002203A92068FDF7E4FA002305463C
:1053B000642203A90028F1D12068FDF723FE2660AE
:1053C000FEF7EAFFD9F80000FEF7E0F8D8F8003061
:1053D0000D4A20685B00C8F800305368C3F3080327
:1053E000394653B96422FDF70FF805B0BDE8F083E4
:1053F00039466422FDF708F8BAE72B462A46FDF73E
:1054000013FA05B0BDE8F08300ED00E024A500200C
:1054100020A5002028A500202DE9F8439DF8205064
:1054200006460F4691469846CDB1A8000C30FCF7D1
:105430000DFF044688B10023C0F804900572036094
:1054400006B177B92DB1AA00414604F10C0001F074
:10545000F0F92046FFF77AFF0120BDE8F88310201D
:10546000E5E73846FCF7F2FE81462060A0B13A46F7
:10547000314601F0DEF9002DEBD0691EC9B208EB10
:105480008101A8F1040353F8042FB24208BFC3F806
:1054900000909942F7D1D6E72046FCF7F1FE484646
:1054A000DBE700BF30B540230B4D83B0044600223C
:1054B000184604212B60FCF765FF084B084918606B
:1054C0000223CDE90031A2B2002306490648FDF7C8
:1054D00031FF03B030BD00BF20A5002024A500206F
:1054E00028A50020F8B10400C952040011DF70475C
:1054F00008B50446FFF7FAFF0D4B4FF080414FF01F
:10550000FF32C3F88020C3F88021C3F88420C3F899
:105510008421C1F81C45BFF34F8F0649064BCA686A
:1055200002F4E0621343CB60BFF34F8F00BFFDE78F
:1055300000E100E000ED00E00400FA054FF08043D8
:10554000194AD3F80014194830B41160D3F8005444
:10555000D3F80024164C17492A43C3F80024D4F882
:105560004025026001224FF40030C3F818259A60EC
:10557000C1F88000BFF34F8FBFF36F8F0E4C03F560
:1055800088334FF0A0454FF480304FF0FF31C3F81F
:105590004803C3F808035A609A60C5F80815C4F8B0
:1055A000081530BC704700BF2CA5002030A5002096
:1055B00000A0004000E100E00003005008B54E20CC
:1055C000FFF796FF2F281BD83C4B53F820301F2B9A
:1055D00086BF03F01F033A4A4FF0A0420E290FD8AE
:1055E000DFE801F0655F59534D474039322B241DE8
:1055F000160F080003F5E07340F2037142F8231020
:10560000704703F5E07340F2036142F823107047DE
:1056100003F5E07340F2035142F82310704703F59D
:10562000E07340F2034142F82310704703F5E07342
:1056300040F2033142F82310704703F5E07340F263
:10564000032142F82310704703F5E07340F2031181
:1056500042F82310704703F5E0734FF4403142F8ED
:105660002310704703F5E0734FF4003142F8231024
:10567000704703F5E073134942F82310704703F5B0
:10568000E073114942F82310704703F5E0730421D9
:1056900042F82310704703F5E0730C2142F8231001
:1056A000704703F5E073032142F82310704703F5B8
:1056B000E073002142F82310704700BFDCB0040003
:1056C00000030050040002000C0003002F2811D832
:1056D0000A4B53F820301F2B88BF03F01F034FF0F5
:1056E00001028CBF06484FF0A04002FA03F311B14B
:1056F000C0F808357047C0F80C357047DCB00400BE
:10570000000300502F2818D80D4B53F820201F2AD3
:105710008ABF0C494FF0A04102F01F02D1F81405D6
:1057200001239340034214BFD1F80425D1F810257A
:10573000134214BF0120002070470020704700BFB3
:10574000DCB00400000300502F280DD8074B53F89D
:1057500020201F2A86BF02F01F0205494FF0A041FA
:1057600001239340C1F80C35704700BFDCB0040042
:10577000000300502F280DD8074B53F820201F2A74
:1057800086BF02F01F0205494FF0A041012393405C
:10579000C1F80835704700BFDCB0040000030050BA
:1057A00030B401600022BFF35B8F4260BFF35B8FB8
:1057B00001688260FF254FF0FF340582C260827469
:1057C000C1F8644530BC7047214B5B6809B90020C3
:1057D000704710B4BFF35B8F4368BFF35B8F994290
:1057E00000F1040416D0BFF35B8F4368BFF35B8FF7
:1057F00083B90368D3F86025D3F86405D243002841
:10580000D3F868054FEAD272A8BF0132002805DB41
:10581000D3F86C3500205DF8044B7047D3F86C0565
:105820000028F7DA002AF5D1D3F80035002BF1D1A2
:10583000BFF35B8F54E8003F002B03D144E8001214
:10584000002AF7D1BFF35B8F0CBF01200020E2E7F5
:1058500000ED00E01F4B5B6809B90020704710B4F1
:10586000BFF35B8F4368BFF35B8F8B4200F104048F
:1058700003D000205DF8044B70470368D3F860251F
:10588000D3F86405D2430028D3F868054FEAD272F2
:10589000A8BF0132002802DBD3F86C35E9E7D3F862
:1058A0006C050028E5DA002AE3D1D3F80035002B97
:1058B000DFD1BFF35B8F54E8003F8B4203D144E854
:1058C00000200028F7D1BFF35B8F0CBF0120002020
:1058D000D0E700BF00ED00E008B509490948FFF72F
:1058E0005FFF09490948FFF75BFF09490948FFF7CE
:1058F00057FF09490948BDE80840FFF751BF00BFFD
:1059000000C0014034A500200010024048A500203E
:10591000002002405CA5002000D0024070A50020BD
:1059200008B54FF40072002100F0A7FF0022C0F874
:105930000022C0F8042208BDD0F8002210B4531C85
:10594000D0F80442C3F308039C4218BF81545DF8A9
:10595000044B18BFC0F80032704700BF0023C0F8E6
:105960000032C0F804327047D0F80432D0F8002278
:10597000934207D05A1CC35CC2F30802C0F8042249
:10598000184670474FF0FF30704700BFD0F8003224
:10599000D0F80402181A48BF00F50070704700BF25
:1059A000D0F80432D0F80022934214BFC05C4FF00C
:1059B000FF30704700F108034FF0FF310022816093
:1059C00002604360C0E90333704700BF00230361F6
:1059D000704700BF4368026810B49C688C609C6884
:1059E0004B600132616099605DF8044B08610260B0
:1059F000704700BF30B40D686B1C11D000F1080275
:105A000000E01A4653681C68AC42FAD904684B603F
:105A1000013499608A6051600861046030BC70474D
:105A200002695368F2E700BF42688168036910B4F5
:105A3000916081685C684A601A68844208BF596056
:105A4000013A002101611A6018685DF8044B704743
:105A50000B460146184600F05DBE000010EE102A0D
:105A600022F00041CB0D7F3B162B1CDC002B10EEEF
:105A7000100A21DB194919410A421CD0DFED187ABE
:105A800070EE277AF5EEC07AF1EE10FA13DD002AF7
:105A900004DD4FF4000242FA03F3184420EA010344
:105AA00000EE103A7047B1F1FF4F04D330EE000A18
:105AB00070479FED0C0A7047DFED097A70EE277A88
:105AC000F5EEC07AF1EE10FAF5DD002AF1DB0029DF
:105AD000F7EE007A18BFB0EE670A7047FFFF7F004D
:105AE000CAF249710000008010EE102A22F0004135
:105AF000CB0D7F3B162B1CDC002B10EE100A1EDB9F
:105B0000194919410A4227D0DFED187A70EE277A39
:105B1000F5EEC07AF1EE10FA1EDD002A04DA4FF439
:105B2000000242FA03F3184420EA010300EE103A9F
:105B30007047B1F1FF4F0FD330EE000A7047DFED31
:105B40000B7A70EE277AF5EEC07AF1EE10FA03DDEB
:105B5000002A02DB9FED060A70470029FFEE007A5B
:105B600018BFB0EE670A7047FFFF7F00CAF24971A5
:105B70000000000081F0004102E000BF83F000431C
:105B800030B54FEA41044FEA430594EA050F08BFD8
:105B900090EA020F1FBF54EA000C55EA020C7FEA9C
:105BA000645C7FEA655C00F0E2804FEA5454D4EB19
:105BB0005555B8BF6D420CDD2C4480EA020281EAE3
:105BC000030382EA000083EA010180EA020281EA1B
:105BD0000303362D88BF30BD11F0004F4FEA01316D
:105BE0004FF4801C4CEA113102D0404261EB41017C
:105BF00013F0004F4FEA03334CEA133302D0524202
:105C000063EB430394EA050F00F0A780A4F10104BD
:105C1000D5F1200E0DDB02FA0EFC22FA05F28018F7
:105C200041F1000103FA0EF2801843FA05F35941DD
:105C30000EE0A5F120050EF1200E012A03FA0EFC5C
:105C400028BF4CF0020C43FA05F3C01851EBE37186
:105C500001F0004507D54FF0000EDCF1000C7EEBA3
:105C600000006EEB0101B1F5801F1BD3B1F5001FE1
:105C70000CD349085FEA30004FEA3C0C04F1010400
:105C80004FEA445212F5800F80F09A80BCF1004F29
:105C900008BF5FEA500C50F1000041EB045141EAAB
:105CA000050130BD5FEA4C0C404141EB010111F4AC
:105CB000801FA4F10104E9D191F0000F04BF014657
:105CC0000020B1FA81F308BF2033A3F10B03B3F135
:105CD00020020CDA0C3208DD02F1140CC2F10C02C5
:105CE00001FA0CF021FA02F10CE002F11402D8BF23
:105CF000C2F1200C01FA02F120FA0CFCDCBF41EAEF
:105D00000C019040E41AA2BF01EB0451294330BDBD
:105D10006FEA04041F3C1CDA0C340EDC04F114049A
:105D2000C4F1200220FA04F001FA02F340EA030071
:105D300021FA04F345EA030130BDC4F10C04C4F1B7
:105D4000200220FA02F001FA04F340EA0300294697
:105D500030BD21FA04F0294630BD94F0000F83F4E1
:105D6000801306BF81F480110134013D4EE77FEAC4
:105D7000645C18BF7FEA655C29D094EA050F08BF10
:105D800090EA020F05D054EA000C04BF19461046F1
:105D900030BD91EA030F1EBF0021002030BD5FEA35
:105DA000545C05D14000494128BF41F0004130BD5D
:105DB00014F580043CBF01F5801130BD01F00045B1
:105DC00045F0FE4141F470014FF0000030BD7FEA24
:105DD000645C1ABF194610467FEA655C1CBF0B461F
:105DE000024650EA013406BF52EA033591EA030F36
:105DF00041F4002130BD00BF90F0000F04BF00212E
:105E0000704730B54FF4806404F132044FF0000560
:105E10004FF0000150E700BF90F0000F04BF0021D9
:105E2000704730B54FF4806404F1320410F000453F
:105E300048BF40424FF000013EE700BF42004FEA3A
:105E4000E2014FEA31014FEA02701FBF12F07F43B7
:105E500093F07F4F81F06051704732F07F4208BF6E
:105E6000704793F07F4F04BF41F40021704730B575
:105E70004FF4607401F0004521F000411CE700BFC1
:105E800050EA010208BF704730B54FF000050AE044
:105E900050EA010208BF704730B511F0004502D545
:105EA000404261EB41014FF4806404F132045FEA47
:105EB000915C3FF4D8AE4FF003025FEADC0C18BFF0
:105EC00003325FEADC0C18BF033202EBDC02C2F1E2
:105ED000200300FA03FC20FA02F001FA03FE40EA74
:105EE0000E0021FA02F11444BDE600BF70B54FF078
:105EF000FF0C4CF4E06C1CEA11541DBF1CEA135556
:105F000094EA0C0F95EA0C0F00F0DEF82C4481EABD
:105F1000030621EA4C5123EA4C5350EA013518BFDD
:105F200052EA033541F4801143F4801338D0A0FBCA
:105F300002CE4FF00005E1FB02E506F00042E0FB77
:105F400003E54FF00006E1FB03569CF0000F18BF7D
:105F50004EF0010EA4F1FF04B6F5007F64F5407425
:105F600004D25FEA4E0E6D4146EB060642EAC621B8
:105F700041EA55514FEAC52040EA5E504FEACE2E25
:105F8000B4F1FD0C88BFBCF5E06F1ED8BEF1004F28
:105F900008BF5FEA500E50F1000041EB045170BDA4
:105FA00006F0004646EA010140EA020081EA0301E8
:105FB000B4EB5C04C2BFD4EB0C0541EA045170BDE4
:105FC00041F480114FF0000E013C00F3AB8014F15E
:105FD000360FDEBF002001F0004170BDC4F10004A7
:105FE000203C35DA0C341BDC04F11404C4F1200528
:105FF00000FA05F320FA04F001FA05F240EA020083
:1060000001F0004221F0004110EBD37021FA04F6B8
:1060100042EB06015EEA430E08BF20EAD37070BD72
:10602000C4F10C04C4F1200500FA04F320FA05F0D1
:1060300001FA04F240EA020001F0004110EBD370D3
:1060400041F100015EEA430E08BF20EAD37070BD43
:10605000C4F1200500FA05F24EEA020E20FA04F31C
:1060600001FA05F243EA020321FA04F001F00041CB
:1060700021FA04F220EA020000EBD3705EEA430E3C
:1060800008BF20EAD37070BD94F0000F0FD101F06B
:106090000046400041EB010111F4801F08BF013CA4
:1060A000F7D041EA060195F0000F18BF704703F0E2
:1060B0000046520043EB030313F4801F08BF013D69
:1060C000F7D043EA0603704794EA0C0F0CEA135525
:1060D00018BF95EA0C0F0CD050EA410618BF52EADF
:1060E0004306D1D181EA030101F000414FF00000E5
:1060F00070BD50EA410606BF1046194652EA4306F3
:1061000019D094EA0C0F02D150EA013613D195EA66
:106110000C0F05D152EA03361CBF104619460AD1AE
:1061200081EA030101F0004141F0FE4141F47001B8
:106130004FF0000070BD41F0FE4141F4780170BDA8
:1061400070B54FF0FF0C4CF4E06C1CEA11541DBF0D
:106150001CEA135594EA0C0F95EA0C0F00F0A7F80F
:10616000A4EB050481EA030E52EA03354FEA01313C
:1061700000F088804FEA03334FF0805545EA13134F
:1061800043EA12634FEA022245EA111545EA106517
:106190004FEA00260EF000419D4208BF964244F1AE
:1061A000FD0404F5407402D25B084FEA3202B61ACD
:1061B00065EB03055B084FEA32024FF480104FF4A1
:1061C000002CB6EB020E75EB030E22BFB61A754615
:1061D00040EA0C005B084FEA3202B6EB020E75EBA8
:1061E000030E22BFB61A754640EA5C005B084FEA10
:1061F0003202B6EB020E75EB030E22BFB61A7546DD
:1062000040EA9C005B084FEA3202B6EB020E75EBE7
:10621000030E22BFB61A754640EADC0055EA060EA8
:1062200018D04FEA051545EA16754FEA06164FEAEB
:10623000C30343EA52734FEAC2025FEA1C1CC0D197
:1062400011F4801F0BD141EA00014FF000004FF024
:10625000004CB6E711F4801F04BF01430020B4F1E5
:10626000FD0C88BFBCF5E06F3FF6AFAEB5EB030C9D
:1062700004BFB6EB020C5FEA500C50F1000041EB9A
:10628000045170BD0EF0004E4EEA113114EB5C0467
:10629000C2BFD4EB0C0541EA045170BD41F480113A
:1062A0004FF0000E013C90E645EA060E8DE60CEA42
:1062B000135594EA0C0F08BF95EA0C0F3FF43BAF5F
:1062C00094EA0C0F0AD150EA01347FF434AF95EA16
:1062D0000C0F7FF425AF104619462CE795EA0C0FFA
:1062E00006D152EA03353FF4FDAE1046194622E7C7
:1062F00050EA410618BF52EA43067FF4C5AE50EAA1
:1063000041047FF40DAF52EA43057FF4EBAE12E790
:106310004FEA4102B2F1E04324BFB3F5001CDCF1C7
:10632000FE5C0DD901F0004C4FEAC0024CEA5070FF
:10633000B2F1004F40EB830008BF20F0010070472E
:1063400011F0804F21D113F13872BCBF01F0004031
:10635000704741F480114FEA5252C2F11802C2F163
:10636000200C10FA0CF320FA02F018BF40F00100E4
:106370004FEAC1234FEAD32303FA0CFC40EA0C0096
:1063800023FA02F34FEA4303CCE77FEA625307D1D3
:1063900050EA01331EBF4FF0FE4040F4400070470A
:1063A00001F0004040F0FE4040F40000704700BFA4
:1063B00053B94AB9002908BF00281CBF4FF0FF316C
:1063C0004FF0FF3000F086B9ADF1080C6DE904CE56
:1063D00000F01AF8DDF804E0DDE9022304B07047AC
:1063E000430803F05533C01A830803F0333300F039
:1063F0003330184400EB101000F00F3000EB002099
:1064000000EB0040000E70472DE9F047089E04465F
:106410008846002B4BD18A42154667D9B2FA82F2E0
:106420004AB1C2F1200701FA02F320FA07F79540BA
:1064300047EA030894404FEA154E230CB8FBFEF7D9
:106440001FFA85FC0EFB178843EA084307FB0CF193
:10645000994209D9EB1807F1FF3080F01B8199426E
:1064600040F21881023F2B445B1AA4B2B3FBFEF04A
:106470000EFB103344EA034400FB0CFCA44509D98D
:106480002C1900F1FF3380F00781A44540F204810C
:1064900002382C4440EA0740A4EB0C0400271EB14C
:1064A000D4400023C6E900433946BDE8F0878B425B
:1064B00009D9002E00F0EB800027C6E9000138461C
:1064C0003946BDE8F087B3FA83F7002F47D18B42F6
:1064D00002D3824200F2FA80841A61EB03030120A6
:1064E0009846002EE0D0C6E90048DDE702B9FFDE9D
:1064F000B2FA82F2002A40F08F80491B4FEA154E13
:106500001FFA85F80127B1FBFEFC230C0EFB1C11C2
:1065100043EA014308FB0CF1994207D9EB180CF14F
:10652000FF3002D2994200F2CD808446591AA3B2BC
:10653000B1FBFEF00EFB101443EA044408FB00F824
:10654000A04507D92C1900F1FF3302D2A04500F273
:10655000B6801846A4EB080440EA0C409FE7C7F158
:10656000200CBB4022FA0CFE4EEA030E01FA07F49F
:1065700020FA0CF521FA0CF34FEA1E482543B3FB31
:10658000F8F92C0C08FB19331FFA8EFA44EA03437E
:1065900009FB0AF49C4202FA07F200FA07F10BD950
:1065A0001EEB030309F1FF3080F087809C4240F22C
:1065B0008480A9F1020973441B1BADB2B3FBF8F050
:1065C00008FB103345EA034400FB0AFAA24508D948
:1065D0001EEB040400F1FF336BD2A24569D90238E7
:1065E000744440EA0940A0FB0289A4EB0A044C452C
:1065F000C2464B4654D351D0002E69D0B1EB0A05A8
:1066000064EB030404FA0CFCFD40FC404CEA050575
:10661000C6E90054002747E7C2F1200320FA03F738
:10662000954001FA02F021FA03F34FEA154E384380
:10663000010CB3FBFEF71FFA85F80EFB173341EA96
:10664000034107FB08F38B4204FA02F407D96918E7
:1066500007F1FF3C2FD28B422DD9023F2944CB1AA0
:1066600081B2B3FBFEF00EFB103341EA034100FBA5
:1066700008F38B4207D9691800F1FF3C17D28B420F
:1066800015D902382944C91A40EA07473BE737467B
:10669000304609E70746E7E61846FBE64145ABD238
:1066A000B8EB020A69EB0E0201381346A4E7604614
:1066B000E9E7184695E76746D1E781467CE7023867
:1066C0002C4447E7ACF1020C2B442FE7384608E78F
:1066D0003746E9E6704700BF1FB51C46094B1B68EB
:1066E0000546D86852B1084B0091CDE901320749FF
:1066F0002B46224600F036F801F0F4F8044B1A4617
:10670000F2E700BF2862002004B2040011B20400C6
:106710003FB2040010B5054C13462CB10A460146A1
:106720000220AFF3008010BD2046FCE7000000000F
:10673000014B1868704700BF2862002008B5074B5E
:10674000044613B10021AFF30080054B1868836A3B
:1067500003B19847204602F09DFF00BF00000000F3
:1067600040B204000EB403B5014603AB054853F82C
:10677000042B0068019300F069F902B05DF804EBA6
:1067800003B070472862002070B50D4E0D4CA41B5D
:10679000A4100025A54209D10B4E0C4C02F07CFF41
:1067A000A41BA4100025A54205D170BD56F82530C4
:1067B00098470135EEE756F8253098470135F2E75E
:1067C000F8630020F8630020F86300202C640020A8
:1067D000024B0146186800F0B5B800BF28620020DF
:1067E000024B0146186800F05FB800BF2862002025
:1067F00082B001B901A942B14BB113780B60127894
:10680000101C18BF012002B070471046FBE76FF064
:106810000100F8E730B50024A24201D1002007E0D2
:10682000035D01340D1915F8015CAB42F4D0581B1F
:1068300030BD10B5431E0A44914200D110BD11F87D
:10684000014B03F8014FF7E7884210B501EB020353
:1068500007D8421E99420AD011F8014B02F8014FA5
:10686000F8E78342F5D98118D21AD34200D110BD7E
:1068700013F8014D01F8014DF7E702440346934236
:1068800000D1704703F8011BF9E738B502FB01F4AA
:10689000214600F057F8054618B122460021FFF7BF
:1068A000ECFF284638BD000038B50546002945D024
:1068B00051F8043C0C1F002BB8BFE41802F0A0F8FC
:1068C0001F4A1368104633B9636014602846BDE858
:1068D000384002F096B8A3420CD92168621893425E
:1068E00004BF1A685B68636004BF521822600460CA
:1068F000ECE713465A680AB1A242FAD91968581847
:10690000A0420BD120680144581882421960DDD1A1
:10691000106852685A6001441960D7E702D90C2305
:106920002B60D3E7206821188A4204BF116852689F
:10693000626004BF091821605C60C7E738BD00BF12
:1069400084A5002070B5CD1C25F0030508350C2D5D
:1069500038BF0C25002D064601DBA94203D90C23C4
:106960003360002070BD02F04BF8214A14682146C4
:1069700091B9204C23681BB9304600F0DFFD206040
:106980002946304600F0DAFD431C24D10C23336045
:10699000304602F036F8E4E70B685B1B18D40B2B8B
:1069A0000FD90B60CD50CC18304602F02AF804F114
:1069B0000B00231D20F00700C31AD3D05A42E25027
:1069C000D0E78C424B6816BF636013600C46EBE760
:1069D0000C464968CCE7C41C24F00304A04205D04F
:1069E000211A304600F0AAFD0130CFD02560DBE748
:1069F00084A5002088A500209368013B002B10B4DB
:106A0000936008DA9469A34201DB0A2903D15DF897
:106A1000044B00F099BE1368581C106019700846AA
:106A20005DF8044B7047F8B506460F461446D51876
:106A3000AC4201D1002007E03A4614F8011B304671
:106A4000FFF7DAFF431CF3D1F8BD00002DE9F04F4A
:106A50009DB00C4617460393064618B183690BB9DF
:106A600001F07EFE7B4B9C4257D17468A3891807C6
:106A70005DD52369002B5AD00023099320238DF87C
:106A8000293030238DF82A304FF0010BB8464546A7
:106A900015F8013B0BB1252B54D1B8EB070A0BD0ED
:106AA00053463A4621463046FFF7BDFF013000F01D
:106AB000C280099B5344099398F80030002B00F0E2
:106AC000BA8000234FF0FF32CDE9052304930793EA
:106AD0008DF853301A93A846052218F8011B5E481A
:106AE00001F03EFF049B78BBD90644BF20228DF8FD
:106AF00053201A0744BF2B228DF853202A782A2AC4
:106B00002AD0079AA84600200A25414611F8013BE1
:106B1000303B092B69D960B324E0504B9C4201D132
:106B2000B468A3E74E4B9C4208BFF4689EE7214639
:106B3000304600F069FE00289ED04FF0FF301DB0B7
:106B4000BDE8F08FA846A2E7434A801A0BFA00F08E
:106B5000184304904546BEE7039A111D126803913D
:106B6000002A01DB079204E0524243F0020307923D
:106B7000049398F800302E2B0ED198F801302A2B70
:106B800038D1039B1A1D1B680392002BB8BF4FF02E
:106B9000FF3308F102080593324D98F800100322E4
:106BA000284601F0DDFE40B14023401B03FA00F00F
:106BB000049B034308F10108049398F800102A4845
:106BC0008DF82810062208F1010701F0C9FE0028FF
:106BD00037D0264B1BBB039B073323F00703083337
:106BE0000393099B4B44099350E705FB02320120B4
:106BF00088468AE7002308F10108059319460A250B
:106C0000404610F8012B303A092A03D9002BC3D093
:106C10000591C1E705FB012101238046F0E703ABA5
:106C200000932246124B04A9304600F0B7F8B0F1A9
:106C3000FF3F8146D5D1A3895B063FF57EAF09981A
:106C40007DE703AB00932246094B04A9304600F0D0
:106C50005BFBECE7C4B304004EB20400E4B30400F1
:106C6000A4B3040054B2040058B204009D6D0400A3
:106C7000276A04002DE9FF4755EC104B0D9FDDF806
:106C800030A0002D0E4691461946B8BF22462B462D
:106C900027F02007BBBF05F100431D4600232D232D
:106CA000B8BF1446462F0B7004D0452F00D10136D3
:106CB000022100E0032103AB019302AB00933246B3
:106CC000534645EC104B00F0A3FE472F804602D1FF
:106CD00019F0010F26D0462F08EB060911D198F8BC
:106CE0000030302B0AD1002200232046294602F032
:106CF00029FC18B9C6F10106CAF80060DAF80030BC
:106D00009944002200232046294602F01BFC38B992
:106D10003022039B4B4505D2591C03911A70F8E7AA
:106D2000CDF80C90039B0E9AA3EB0803404613602A
:106D300004B0BDE8F087F7B500290446BABF494260
:106D40002D232B23092904F8022B437020DD0DF19C
:106D500007031F460A2691FBF6F506FB1511303195
:106D6000092D03F8011C03F1FF32294609DC3031FB
:106D7000023B02F8011CBB42224604D3101A03B0A6
:106D8000F0BD1346E7E713F8012B04F8012BF2E7F7
:106D9000302319448370021DC170EFE72DE9F04FD5
:106DA0008DB00C46DDF8588016461F46054601F0AA
:106DB00061FD03680493184600F02BFC00230A933E
:106DC000D8F800300590073323F0070303F10802D9
:106DD00094F818A0D4F800B0C8F80020D3E9002334
:106DE000C4E91223D4E9128929F000430793CDF8AE
:106DF00018804FF0FF32A74BDDE9060102F0D4FB0B
:106E000070BB4FF0FF32A34BDDE9060102F0AEFB91
:106E100030BB002200234046494602F09DFB10B1E2
:106E20002D2384F843309C4A9C4BBAF1470F8CBF0A
:106E30009046984603232BF00402236122604FF012
:106E40000009009733460BAA2146284600F0E6F9D0
:106E5000013040F08D804FF0FF300DB0BDE8F08F75
:106E600042464B464046494602F09EFB10B18C4AD2
:106E70008C4BDAE761684B1C4BF480620AA83ED168
:106E8000062363600023CDE9020309AB009349ECBC
:106E9000108B0DF123032260CDF804A06168284611
:106EA000FFF7E8FE0AF0DF03472B804609D1099B74
:106EB000D81C02DB6268934247DDAAF1020A5FFA3E
:106EC0008AFABAF1650F099924D80139524604F1BA
:106ED00050000991FFF72FFF0A9A1318012A8146E3
:106EE000236102DC2268D10701D5013323619DF8BB
:106EF0002330002BA5D02D2384F84330A1E7BAF12D
:106F0000670F00F07781BAF1470FBBD10029B9D1E3
:106F10000123B6E7BAF1660F19D1002963680CDDC9
:106F2000216113B92268D20702D501330B442361D2
:106F3000099BA3654FF00009D9E713B92268D00770
:106F400001D50233F3E70123F1E74FF0670ADDE9EA
:106F50000932934205DB22682361D107E8D501336A
:106F6000E5E7002BD4BFC3F1020301231344DEE79E
:106F700023685A0507D42369424631462846B84754
:106F800001302BD167E7BAF1650F40F2DC800022B7
:106F90000023D4E9120102F0D5FA002833D00123EE
:106FA000414A31462846B84701303FF454AFDDE945
:106FB00009239A4202DB2368D8070FD5DDE90423B1
:106FC00031462846B84701303FF445AF4FF000083E
:106FD00004F11A090A9B013B434509DC23689B071E
:106FE00000F10381E0680B9B9842B8BF184634E774
:106FF00001234A4631462846B84701303FF42BAFBB
:1070000008F10108E6E7099B002B2BDC0123264A47
:1070100031462846B84701303FF41DAF099B23B9DC
:107020000A9B13B92368D907D8D5DDE90423314673
:107030002846B84701303FF40EAF4FF0000904F185
:107040001A0A099B5B424B4501DC0A9B94E701232A
:10705000524631462846B84701303FF4FCAE09F1AC
:107060000109EEE70A9AA36D9A42A8BF1A46002AC0
:10707000914607DD1346314642462846B84701305F
:107080003FF4E9AE04F11A034FF0000B29EAE97965
:10709000069315E0FFFFEF7F63B204005FB20400C8
:1070A0006BB2040067B204006FB204000123069AB9
:1070B00031462846B84701303FF4CDAE0BF1010B05
:1070C000D4F858A0AAEB09035B45EFDCDDE90923FE
:1070D0009A42D04415DB2368DA0712D40A9B099937
:1070E000A3EB0A02A3EB010A9245A8BF9246BAF1AC
:1070F000000F0EDC4FF000082AEAEA7A04F11A09C0
:1071000019E0DDE9042331462846B8470130E5D1CE
:10711000A1E65346424631462846B8470130E9D1F8
:1071200099E601234A4631462846B84701303FF4E4
:1071300092AE08F10108DDE909239B1AA3EB0A03CB
:107140004345EEDC4AE70A9A012A01DCDB073AD51F
:107150000123424631462846B84701303FF47BAE12
:10716000DDE9042331462846B847013008F101081B
:107170003FF471AE0A9B002203F1FF3AD4E91201F9
:10718000002302F0DFF9C8B953464246314628468B
:10719000B84701300ED15EE60123524631462846FB
:1071A000B84701303FF457AE08F101080A9B013B94
:1071B0004345F1DC4B4604F15002DEE64FF0000897
:1071C00004F11A0AF2E70123DFE701234A463146B8
:1071D0002846B84701303FF43EAE08F10108E368A5
:1071E0000B9A9B1A4345F0DCFCE64FF0000804F1D3
:1071F0001909F4E700293FF48BAE0023CDE902031F
:1072000009AB009349EC108B2260CDF804A00DF17E
:1072100023032846FFF72EFD804648E62DE9F04778
:1072200091461F468A680B69DDF820809342B8BFFB
:107230001346C9F8003091F8432006460C4612B1B7
:107240000133C9F800302368990642BFD9F80030ED
:107250000233C9F80030256815F0060507D104F19E
:10726000190AE368D9F800209B1AAB4228DC94F88D
:1072700043302268003318BF012392062DD404F155
:10728000430239463046C047013020D02368E568C4
:10729000D9F8002003F00603042B08BFAD1AA36839
:1072A00022690CBF25EAE57500259342C4BF9B1AED
:1072B000ED184FF000091A344D451AD1002008E0AE
:1072C0000123524639463046C047013003D14FF0C2
:1072D000FF30BDE8F0870135C3E7E1185A1C3020C4
:1072E00081F84300224494F8451082F84310023399
:1072F000C5E70123224639463046C0470130E6D073
:1073000009F10109D8E700002DE9F04301F1430C30
:107310000C46097E85B06E291746064698460C9A9B
:1073200000F0B38022D8632936D00AD8002900F0B3
:10733000B980582900F0838004F1420584F8421096
:1073400032E0642901D06929F6D120681368050666
:1073500003F104012AD51B681160002B03DA2D22EA
:107360005B4284F843206F480A2239E0732900F019
:107370009D8008D86F2920D07029DDD1236843F083
:107380002003236003E0752917D07829D4D178230E
:1073900084F84530644855E01368191D1B68116076
:1073A00004F1420584F8423001238CE01B6811602F
:1073B00010F0400F18BF1BB2CFE713682568181DE7
:1073C0001060280601D51B6802E06806FBD51B8803
:1073D00054486F2914BF0A220822002184F8431060
:1073E0006568A560002DC0F29580216821F0040138
:1073F0002160002B3DD1002D40F08E806546082A8B
:107400000BD12368DB0708D5236962689A42DEBF87
:10741000302305F8013C05F1FF35ACEB0503236192
:10742000CDF800803B4603AA21463046FFF7F6FE22
:1074300001304DD14FF0FF3005B0BDE8F083394841
:1074400084F84510136821681D1D1B6815600A0625
:107450000BD5CA0744BF41F0200121601BB9226847
:1074600022F0200222601022B7E74D0648BF9BB2EF
:10747000EFE76546B3FBF2F102FB1133C35C05F89D
:10748000013D0B460029F5D1B9E71368256861690C
:10749000181D106028061B6801D5196002E06A06F5
:1074A000FBD51980002323616546B9E71368191DD0
:1074B00011601D6862680021284601F051FA08B188
:1074C000401B606063682361002384F84330A7E7B2
:1074D00023692A4639463046C0470130AAD023687E
:1074E0009B0713D4E068039B9842B8BF1846A3E7F4
:1074F00001234A4639463046C04701309AD001350B
:10750000E368039A9B1AAB42F2DCEBE7002504F137
:107510001909F5E7002BACD1037884F8423004F167
:1075200042056CE771B2040082B20400024B0A46C5
:107530000146186801F042BD2862002038B5064CAB
:107540000023054608462360FDF782F9431C02D15B
:10755000236803B12B6038BDACA500200CB430B556
:10756000174B0C1E9DB01D6808DA8B232B604FF063
:10757000FF301DB0BDE8304002B070474FF40273D9
:10758000ADF8143014BF04F1FF332346049307937E
:107590004FF6FF7302900690ADF81630209A21AB9B
:1075A00002A92846019301F089FD431CBCBF8B232F
:1075B0002B60002CDDD0029B00221A70D9E700BF9F
:1075C00028620020C9B2034610F8012B1AB18A4282
:1075D000F9D118467047002918BF0023F9E7034680
:1075E00011F8012B03F8012B002AF9D1704770B56F
:1075F00003461A4612F8015B4DB14C1E01E0AE4243
:1076000005D014F8016F002EF9D11346F1E7181ACE
:1076100070BD034613F8012B002AFBD1181A01385C
:10762000704710B56AB10139841810F8013B11F8A0
:10763000012F934203D1A04201D0002BF5D1981A1B
:1076400010BD1046FCE770B50139044602B970BDA3
:10765000234611F8015F03F8015B561E2DB914444F
:10766000A342F4D003F8015BFAE71C463246EDE78B
:1076700010B5034601448B4202D01A785C1C0AB94B
:10768000181A10BD2346F6E738B503460D4669B90A
:10769000BDE83840FFF796BF431C0446294618460C
:1076A000FFF790FF0028F7D1204638BD0024F5E70A
:1076B00070B503461A4612F8015B3DB14C1E01E05D
:1076C000AE4205D014F8016F002EF9D1181A70BD22
:1076D0001346EFE730B5141E05469BB0184605DA91
:1076E0008B232B604FF0FF301BB030BD4FF4027383
:1076F000ADF80C3014BF04F1FF3323460293059319
:107700004FF6FF7300910491ADF80E3002461E9BB8
:107710006946284601F0D2FC431CBCBF8B232B607A
:10772000002CE1D0009B00221A70DDE707B5009322
:1077300013460A46014603480068FFF7CBFF03B033
:107740005DF804FB28620020F8B50E461446054695
:1077500018B183690BB901F003F8214B9C422AD17F
:107760006C68A369A360A3891A072ED5236963B344
:1077700023692068C01A6369F6B28342374604DC85
:107780002146284600F082FF28BBA368013BA36086
:1077900023685A1C22601E7063690130834204D042
:1077A000A389DB0719D50A2E17D12146284600F0F8
:1077B0006DFF90B10FE00B4B9C4201D1AC68D0E75C
:1077C000094B9C4208BFEC68CBE72146284600F0F5
:1077D0001BF80028CCD04FF0FF373846F8BD00BF6B
:1077E000C4B30400E4B30400A4B3040049B1FF2A05
:1077F00085BF8A2303600A704FF0FF3098BF0120D5
:107800007047084670470000324B70B51D68064649
:107810000C4625B1AB6913B9284600F0A1FF2E4BE9
:107820009C420FD16C68B4F90C309AB215072CD475
:10783000D00611D40922326043F04003A3814FF0F7
:10784000FF303EE0254B9C4201D1AC68EBE7244B76
:107850009C4208BFEC68E6E7510712D5616B41B165
:1078600004F14403994202D03046FFF71DF800238B
:107870006363A38923F02403A38100236360236946
:107880002360A38943F00803A38123694BB9A3892B
:1078900003F42073B3F5007F03D02146304601F096
:1078A0001BF8A28912F001030CD00023A3606369C6
:1078B0005B42A361236953B9B4F90C3013F0800023
:1078C000BAD170BD920758BF6369A360F2E7002088
:1078D000F7E700BF28620020C4B30400E4B304004B
:1078E000A4B3040008B5062001F006FD012001F054
:1078F000D1FE2DE9F74F03690C69A3428046C0F21F
:107900008280013C01F114074FEA840C00F1140657
:1079100057F8245056F8240006EB0C03013507EB0A
:107920000C090193B0FBF5F595B34FF0000A38460A
:10793000B646D34650F8042B93B205FB03A34FEA97
:10794000134A9BB2ABEB0303120CDEF800B005FB4D
:1079500002A213FA8BF34FEA124A1FFA82FBDEF8F7
:107960000020CBEB124202EB23429BB243EA0243DC
:1079700081454FEA224B4EF8043BDBD256F80C30DF
:1079800033B9019B043B9E421A4630D3C8F81040DD
:10799000404601F04DFA002825DB013530464FF016
:1079A000000C57F8042BD0F800E093B2ACEB0303C3
:1079B000120C13FA8EF3C2EB1E4202EB23429BB26F
:1079C00043EA0243B9454FEA224C40F8043BE8D26F
:1079D00056F8242006EB84032AB9043B9E421A463B
:1079E0000BD3C8F81040284603B0BDE8F08F1268EA
:1079F000043B002ACAD1013CC5E71268043B002AB7
:107A0000EFD1013CEAE70020EEE7000000000000B3
:107A10002DE9F04F57EC106B97B0456A069104467C
:107A20000B921293DDF88080CDE900673DB91020FC
:107A3000FAF70CFC6062C0E901550560C560636A35
:107A4000196851B15A684A60012393408B602046FF
:107A500001F00CF8636A00221A603B1EBBBF23F0E2
:107A60000043019300230122ACBFC8F80030C8F8DE
:107A70000020AF4BDDF8048033EA080314D1129ADA
:107A800042F20F731360009B23B9C8F31300002860
:107A900000F04285219BDFF8ACB2002B00F044855A
:107AA0000BF1030300F03EBDDDE900670022002377
:107AB0003046394601F046FD814668B1129A0123ED
:107AC0001360219B002B00F024859A4B219A03F12F
:107AD000FF3B136000F028BD14AA15A947EC106BFA
:107AE000204601F01CFAC8F30A550490002D7CD002
:107AF000C7F3130343F07F5BB2464BF4401BA5F280
:107B0000FF35CDF84C9000228B4B50465946FEF77E
:107B100035F881A3D3E90023FEF7E8F980A3D3E980
:107B20000023FEF72DF8064628460F46FEF774F9A7
:107B30007DA3D3E90023FEF7D9F902460B46304670
:107B40003946FEF71DF806460F4601F043FD0022B8
:107B5000824600233046394601F0FEFC48B15046CB
:107B6000FEF75AF932463B4601F0ECFC08B90AF13F
:107B7000FF3ABAF1160F59D8704901EBCA01DDE995
:107B80000023D1E9000101F005FD002850D00AF1E1
:107B9000FF3A00230F93149B5D1BB5F1010849BF09
:107BA000C5F10103002305934FF0000858BF05936A
:107BB000BAF1000F3EDB0023D044CDF838A0079384
:107BC000069B092B00F29080052BC4BF043B069353
:107BD000069BA3F10203CCBF00250125032B00F275
:107BE0008F80DFE803F07D7F3171DDE914531D44A0
:107BF00005F23240202813DDC0F14000009B08FA56
:107C000000F805F2124023FA00F048EA0000FEF7FF
:107C1000F3F801238246A1F1F87B013D139372E74B
:107C2000009BC0F1200003FA00F0F0E70123B1E768
:107C30000F90B0E7059BA3EB0A030593CAF100037D
:107C4000079300230E93BBE701230A930B9B002BA2
:107C500059DD02939946666A00227260042202F19D
:107C600014009842716853D9204600F0CBFE636A35
:107C70003060B9F10E0FD3F800B000F2E680002DAD
:107C800000F0E3809DED007BBAF1000F8DED107BDD
:107C900074DD2A4A0AF00F0302EBC30393ED007B65
:107CA0004FEA2A16F0068DED087B65D5244BDDE9F9
:107CB0001001D3E90823FEF743FACDE9000106F0ED
:107CC0000F0603251E4F4CE001230A930B9B5344E0
:107CD00003F1010902934B46012BB8BF0123BAE718
:107CE0000023B2E70023F0E70125002306930A955D
:107CF0004FF0FF3302939946002212230B92AAE71A
:107D000001230A93F4E70123029399461A46F5E703
:107D1000013171605200A2E761436F63A787D23FD0
:107D2000B3C8608B288AC63FFB799F501344D33F6A
:107D30000000F07F70B204000000F83F30B404008F
:107D400008B404009DB30400F10708D5DDE908017B
:107D5000D7E90023FEF7CAF8CDE90801013576100E
:107D60000837002EF0D1DDE90823DDE90001FEF738
:107D7000E7F9CDE900011AE00225A3E700F0A080B1
:107D8000CAF100069F4BA04F06F00F0203EBC2039F
:107D9000D3E90023DDE91001FEF7A8F8CDE90001E1
:107DA000361100230225002E7FD1002BE1D10F9B3D
:107DB000002B00F08780DDE900670022934B3046FE
:107DC000394601F0C9FB00287CD0B9F1000F79D009
:107DD000029B002B35DD0AF1FF3308933946002260
:107DE0008B4B3046FEF782F8CDE90001029F01354A
:107DF0002846FEF711F8DDE90023FEF777F80022A8
:107E0000844BFDF7BDFE0546A1F15076002F5DD1F4
:107E10000022814BDDE90001FDF7B0FE2A46334622
:107E2000CDE9000101F0B6FB002840F088822A4627
:107E300006F10043DDE9000101F08EFB002840F06F
:107E40007C82DDE91023CDE90023159B002BC0F2D5
:107E50005081BAF10E0F00F34C816A4B03EBCA0359
:107E600093ED007B0B9B002B8DED027B80F2D88085
:107E7000B9F1000F00F3D48040F05E820022664B1F
:107E800051EC170BFEF732F8DDE9002301F078FB27
:107E90004F464E46002840F0348231230BF1010555
:107EA0008BF800300AF1010A2FE2F20705D5D7E975
:107EB0000023FEF71BF8013501237610083772E71F
:107EC000022574E7CDF820A04F4691E74D4B03EB18
:107ED000C70353E902010A9B002B47D002460B4619
:107EE00000204E49FEF72CF92A463346FDF746FEA0
:107EF000CDE90C015D46DDE9000101F06BFB0646B2
:107F0000FDF78AFF02460B46DDE90001FDF736FE6C
:107F1000303605F8016BDDE90C23CDE9000101F0F5
:107F20001BFB002863D1DDE9002300203749FDF762
:107F300025FEDDE90C2301F00FFB002840F0B7809F
:107F4000A5EB0B039F427FF77CAF0022304BDDE9AE
:107F50000C01FDF7CBFF0022CDE90C012C4BDDE934
:107F60000001FDF7C3FFCDE90001C4E72A4633460F
:107F7000FDF7BCFFCDE90C010BEB07055E46DDE923
:107F8000000101F027FB0746FDF746FF30370246A8
:107F90000B46DDE90001FDF7F1FD06F8017BAE427D
:107FA000CDE900014FF0000226D11C4BDDE90C01A8
:107FB000FDF7E6FD02460B46DDE9000101F0EAFAB5
:107FC000002874D1DDE90C2300201449FDF7D6FD0B
:107FD00002460B46DDE9000101F0BEFA00283FF43D
:107FE00030AF15F8013C302B05F1FF3202D0DDF83F
:107FF00020A04AE01546F4E7054BFDF777FFCDE9F1
:108000000001BCE730B4040008B404000000F03FF5
:108010000000244000001C40000014400000E03F2D
:10802000DDE900675D46DDE9022330463946FEF7AB
:1080300087F801F0CFFA8046FDF7EEFEDDE9022376
:10804000FDF754FF02460B463046394608F130062C
:10805000FDF794FD05F8016BA5EB0B06B145024653
:108060000B4639D1FDF78CFDDDE9022306460F46AC
:1080700001F090FAC8B9DDE902233046394601F033
:1080800061FA10B118F0010F0FD10499204600F0E9
:10809000EDFC0023129A2B700AF101031360219B5F
:1080A000002B00F041821D603EE2CDF820A015F8C3
:1080B000012C392A05F1FF3308D19B450AD1089BD1
:1080C0000133089330238BF800305B461A78013275
:1080D0001A708CE71D46EAE700229B4BFDF706FF6E
:1080E0000022002306460F4601F02CFA00289AD001
:1080F000CBE70A9A002A00F08B80069A012A6EDCF0
:10810000139A002A67D003F23343079F059D059A0F
:1081100001211A4420460592984400F047FD064686
:10812000002D0CDDB8F1000F09DD4545059A2B4601
:10813000A8BF4346D21A0592ED1AA8EB0308079B85
:10814000EBB10A9B002B67D08FB131463A462046EF
:1081500000F0CCFD049A01460646204600F02FFDB3
:1081600004990890204600F081FC089B0493079B2B
:10817000DA1B04D00499204600F0B8FD04900121D8
:10818000204600F013FD0E9B0746002B00F0D08127
:108190001A460146204600F0A9FD069B012B074622
:1081A00040DC009B002B39D1019BC3F31303002B50
:1081B00036D1019B23F000431B0D1B052BB1059B02
:1081C0000133059308F10108012307930E9B002B4F
:1081D0002AD1012030E0149BC3F1360395E7079BB9
:1081E00009F1FF37BB42BFBF079B0797FA1A0E9BE7
:1081F000BBBF9B180E93DF1B0027B9F1000FB5BF63
:10820000059B059DA3EB09054B46B8BF00237EE700
:10821000079F059D0A9E83E7079AABE70023D4E7F3
:10822000009BD2E7002307933B6907EB83031869A0
:1082300000F06EFCC0F12000404410F01F0047D059
:10824000C0F12003042B3BDD059BC0F11C0003445F
:10825000059305448044059B002B05DD1A460499CF
:10826000204600F091FD0490B8F1000F05DD39467D
:108270004246204600F088FD07460F9B53B339461F
:10828000049800F0D5FD002824DA00230A2204997E
:10829000204600F002FC0A9B04900AF1FF3A002BF2
:1082A00000F04D81002331460A22204600F0F5FB04
:1082B000029B002B06464FDC069B022B4CDD11E097
:1082C000C9D0059A1C331A4405921D449844C2E74C
:1082D0000346F6E7B9F1000F38DC069B022B35DDCB
:1082E000CDF80890029B63B939460522204600F07C
:1082F000D4FB01460746049800F09AFD00283FF79A
:10830000CCAD0B9B5D466FEA030A4FF0000939467E
:10831000204600F0ABFB002E3FF4B7AEB9F1000FE2
:1083200005D0B14503D04946204600F09FFB3146B9
:10833000204600F09BFBA8E600273E46E1E7DDF87B
:1083400020A03E46A9E500BF000024400A9BCDF8CE
:108350000890002B00F0FA80002D05DD31462A46FA
:10836000204600F011FD0646079B002B4CD071689B
:10837000204600F047FB326902320546920006F1C2
:108380000C010C30FEF755FA01222946204600F078
:10839000FBFC009BCDF814B003F00103B14607933A
:1083A000064639460498FFF7A4FA4946054600F107
:1083B0003008049800F03CFD3246009039462046D3
:1083C00000F050FDC368024603BB014608900498C4
:1083D00000F02EFD089A034611462046089300F04F
:1083E00045FB089BA3B9069A92B9079A82B9B8F1DE
:1083F000390F29D0009B002B01DD05F13108059BC9
:108400005D1C83F8008082E73046C2E70123E3E782
:10841000009A002A04DB25D1069A1ABB079A0ABBE8
:10842000002BECDD01220499204600F0ADFC39461A
:10843000049000F0FDFC002803DCE0D118F0010FEF
:10844000DDD0B8F1390FD8D1059B059A5D1C3923D1
:10845000137015F8013C392B05F1FF324FD0013371
:10846000137054E7059A002B02F1010506DDB8F1FF
:10847000390FE9D008F10108059BC2E7029A05F817
:10848000018CA5EB0B03934221D000230A2204990F
:10849000204600F002FBB14504904FF000034FF07E
:1084A0000A024946204605D100F0F7FA8146064601
:1084B000059576E700F0F1FA3146814600230A225D
:1084C000204600F0EAFA0646F2E74FF000090122E2
:1084D0000499204600F058FC3946049000F0A8FCAE
:1084E0000028B6DC02D118F0010FB2D115F8013C1A
:1084F000302B05F1FF327FF40AAF1546F6E79345BE
:1085000005D131230AF1010A8BF80030FFE6154648
:108510009FE7DFF864B007E0219BDFF860B01BB194
:108520000BF10803219A1360584617B0BDE8F08F8D
:10853000069B012B7FF735AE0E9B079349E6029B06
:10854000002B03DC069B022B3FF7CCAE5D46394681
:108550000498FFF7CEF900F1300805F8018B029A74
:10856000A5EB0B039A42B0DD00230A2204992046B2
:1085700000F093FA0490EAE76FB2040094B30400A9
:108580008A892DE9F041054610070C4658D44B68FE
:10859000002B05DC0B6C002B02DC0020BDE8F08119
:1085A000E66A002EF9D0002312F480522F68216A67
:1085B0002B6032D0606DA3895A0705D56368C01A55
:1085C000636B0BB1236CC01A00230246E66A216A72
:1085D0002846B047431CA38906D129681D2948D8DD
:1085E000294ACA40D60744D500226260D9042269CC
:1085F000226004D5421C01D12B6803B96065616B10
:108600002F600029C9D004F14403994202D02846C2
:10861000FEF74AF900206063C0E701232846B0470F
:10862000411CC8D12B68002BC5D01D2B01D0162BA7
:1086300001D12F60B1E7A38943F04003A381ADE7E7
:108640000F69002FA9D093070E6808BF4B690F6010
:1086500018BF0023A6EB07088B60B8F1000F9CDD64
:1086600043463A46216AA66A2846B047002806DCF7
:10867000A38943F04003A3814FF0FF308EE7074406
:10868000A8EB0008E9E700BF0100402038B50B69FE
:1086900005460C46DBB118B183690BB900F060F8F0
:1086A0000C4B9C4209D16C68B4F90C307BB121466B
:1086B0002846BDE83840FFF763BF074B9C4201D115
:1086C000AC68F1E7054B9C4208BFEC68ECE7002082
:1086D00038BD00BFC4B30400E4B30400A4B3040075
:1086E000002310B50446C0E90033836081814366EE
:1086F000C281C0E904338361194608225C30FEF769
:10870000BCF8054B6362054BA362054BE362054B66
:108710002462236310BD00BF31930400539304000F
:108720008B930400AF930400014900F085B800BFAB
:108730008D86040070B54A1E682555430E4605F126
:108740007401FEF7FFF8044640B10021C0E90016AD
:108750000C30A06005F16802FEF78FF8204670BD6E
:10876000836910B5044633BBC0E912330365124B6D
:10877000124A1B688262984204BF0123836100F0A1
:108780001FF86060204600F01BF8A060204600F053
:1087900017F80022E06004216068FFF7A1FF0122C2
:1087A0000921A068FFF79CFF02221221E068FFF771
:1087B00097FF0123A36110BD40B204002987040084
:1087C000F8B51B4B1E68B369074613B93046FFF76F
:1087D000C7FF4836D6E90134013B03D5336833B1CE
:1087E0003668F7E7B4F90C506DB16834F4E704214A
:1087F0003846FFF79FFF30600028F1D10C233B6023
:1088000004462046F8BD0B4B6566C4E90055A560DB
:10881000C4E90335C4E905550822294604F15C0082
:10882000FEF72BF8C4E90D55C4E91255E9E700BF7E
:1088300040B204000100FFFF2DE9F843804689465D
:1088400000F14804002614B93046BDE8F883D4E9A5
:108850000175013F01D52468F5E7AB89012B07D9E4
:10886000B5F90E30013303D029464046C8470643C8
:108870006835EEE7044B1B68186A044B002808BFF4
:108880001846F030704700BF286200208C6200203C
:1088900070B50E46B1F90E10002996B014461D466B
:1088A00007DA00232B60B3891A0610D44FF48063D3
:1088B0000EE06A4600F0A2FD0028F2DB019A02F405
:1088C0007042A2F500535A425A412A60EEE7402313
:1088D0000020236016B070BD8B8973B59D070646D6
:1088E0000C4607D504F1470323602361012363612C
:1088F00002B070BD01AB6A46FFF7CAFF009905469A
:108900003046FEF71FF848B9B4F90C309A05EFD499
:1089100023F0030343F00203A381E3E70D4BB362AB
:10892000A389206043F08003A381009B6361019BC6
:1089300020615BB1B4F90E10304600F071FD28B132
:10894000A38923F0030343F00103A381A3891D43FB
:10895000A581CDE729870400000000000000000089
:1089600001F0FF01102A2BDB10F0070F08D010F8E0
:10897000013B013A8B422DD010F0070F42B3F6D1E4
:10898000F0B441EA012141EA014122F007047FF0FD
:1089900000070023F0E80256083C85EA010586EA54
:1089A000010685FA47F5A3FA87F586FA47F6A5FA90
:1089B00087F68EB9EED1F0BC01F0FF0102F007029C
:1089C00032B110F8013B013A83EA010313B1F8D147
:1089D0000020704701387047002D06BF3546033828
:1089E000073815F0010F07D1013015F4807F02BF61
:1089F000013015F4C03F0130F0BC0138704700BFB2
:108A00007047704770B5456A04460E463DB9102060
:108A1000F9F71CFC6062C0E901550560C560656A34
:108A2000EB6883B1636ADB6853F82600B8B90121AB
:108A300001FA06F56A1D92002046FDF726FF60B197
:108A4000C0E901650EE0212204212046FDF71DFF4B
:108A5000636AE860DB68002BE4D1002070BD026827
:108A600043F826200023C0E90333F7E770B5446AD2
:108A700006460D463CB91020F9F7E8FB7062C0E9E4
:108A800001440460C4603DB1736A6A68DB6853F8EE
:108A90002210296043F8225070BD2DE9F0410D6984
:108AA0001F4606460C4601F1140C0023DCF80000BA
:108AB00081B202FB01710F0C000C02FB007089B245
:108AC000013301EB00419D424FEA10474CF8041B73
:108AD000ECDCD7B1A368AB4212DC616830460131EF
:108AE000FFF790FF2269023204F10C0180469200E8
:108AF0000C30FDF79EFE21463046FFF7B7FF444697
:108B000004EB850301355F6125612046BDE8F081F6
:108B1000020C12040346B2B90304102013F07F4F75
:108B200004BF1B02083013F0704F04BF1B01043058
:108B300013F0404F04BF9B000230002B06DB5B00AC
:108B400003D5013070470020E8E720207047036814
:108B500013F0070201460BD0DA0723D4980749BF68
:108B60005B089B0801200B605CBF0B600220704714
:108B700098B2A8B91B0C102013F0FF0F04BF1B0AFA
:108B800008301A0704BF1B0904309A0704BF9B086A
:108B90000230DA0702D45B0806D001300B60704760
:108BA0001046E9E7002070472020704710B50C46BA
:108BB0000121FFF727FF01224461026110BD2DE969
:108BC000F74F14460A6923699A42B8BF0B46884694
:108BD000BCBFA0461C46D8F81070D4F81090D8F846
:108BE0000830D8F8041007EB0906B342B8BF0131CA
:108BF000FFF708FF00F1140505EB860E2B46002257
:108C0000734516D304F1140208F1140102EB890331
:108C100001EB87070093009B019293420CD8002E32
:108C200003DD5EF8043D002B5DD0066103B0BDE8B6
:108C3000F08F43F8042BE3E7B2F800B0BBF1000F6C
:108C400023D08946AC464FF0000859F8044BDCF8B5
:108C500000A0A3B21FFA8AFA0BFB03A34FEA144A3F
:108C6000DCF8004043444FEA14480BFB0A8404EB51
:108C70001344E2469BB243EA04434F454FEA14488B
:108C80004AF8043B2BD8CCF80480019BB3F802A02F
:108C90000432BAF1000F20D02B688946A8464FF065
:108CA000000BB9F800C0B8F802400AFB0C445C4461
:108CB000C4469BB243EA04434CF8043B59F8043BD6
:108CC000B8F804B01B0C0AFB03B303EB14434F4585
:108CD0004FEA134B05D8C8F8043004359BE7D44657
:108CE000B3E7E046DDE7013E99E700002DE9F843F0
:108CF000154612F0030206460F4607D0013A214CF2
:108D0000002354F82220FFF7C8FE0746AD1035D0E7
:108D1000746A3CB91020F9F799FA7062C0E901440D
:108D20000460C460D6F82480D8F808404CB940F2FA
:108D300071213046FFF73AFF0023C8F808000446C7
:108D400003604FF00008EB070AD53946224630464B
:108D5000FFF735FF394681463046FFF787FE4F461D
:108D60006D100BD0206838B9224621463046FFF7F7
:108D700026FF2060C0F800800446E4E73846BDE8DE
:108D8000F88300BFF8B404002DE9F0470C464FEA21
:108D9000621A236949680AEB0309A3680746164665
:108DA00009F10105AB4232DB3846FFF72BFE002309
:108DB000804600F114011A4653452BDB20692AEA4C
:108DC000EA7A04F1140316F01F0201EB8A0103EBA7
:108DD000800C25D0C2F1200E00201E688A469640E5
:108DE00030434AF8040B53F8040B9C4520FA0EF06C
:108DF00014D8486008B109F10205013D3846C8F8A9
:108E000010502146FFF732FE4046BDE8F0870131A1
:108E10005B00C7E741F823200133CDE75146DCE78B
:108E2000043953F8042B41F8042F9C45F9D8E4E7A2
:108E300003690A699B1A30B50CD1920014301431C1
:108E40008418114454F8045D51F8042D954203D060
:108E500005D30123184630BDA042F3D3FAE74FF003
:108E6000FF33F7E72DE9F0470D4607461146284640
:108E70001446FFF7DDFF061E08D131463846FFF7DE
:108E8000C1FD0123C0E90436BDE8F087A4BF234635
:108E90002C4638466168A6BF1D4600260126FFF70E
:108EA000B1FD2B69C660266905F1140904F11402AD
:108EB00002EB860709EB830800F114054FF0000E62
:108EC00052F804AB59F8044B1EFA8AF1A3B2C91A3E
:108ED000230CC3EB1A4303EB214389B24FEA234E21
:108EE000C84541EA0343944645F8043BE8D8BC45ED
:108EF00004D355F8043D83B10661C5E75CF8041B53
:108F00001EFA81F31A1402EB11429BB243EA0243A8
:108F10004FEA224E45F8043BE9E7013EE9E72DE937
:108F2000F7430E46012159EC108B1546FFF76AFDF9
:108F3000C9F30A540746C9F3130334BB0193B8F1CC
:108F4000000327D002A840F8083DFFF700FE009973
:108F5000F0B1019AC0F1200302FA03F30B43C240BF
:108F60007B610192019BBB61002B14BF0221012197
:108F70003961C4B1A4F2334404443460C0F1350013
:108F80002860384603B0BDE8F08343F48013D5E78A
:108F90007961E7E701A8FFF7DAFD019B7B61012119
:108FA00039612030E5E707EB8103A0F23240306001
:108FB0001869FFF7ADFDC0EB4110E1E7F8B50746D2
:108FC00014460E4621B91146BDE8F840FDF7BABC7B
:108FD00022B9FDF769FC25462846F8BD00F042FAA3
:108FE000A0420FD221463846FDF7ACFC05460028CA
:108FF000F2D031462246FDF71CFC31463846FDF7DB
:1090000053FCE9E73546E7E72DE9F0478E689E42D5
:1090100082460C469046994637D88A8912F4906F5A
:1090200031D0256809696F1A6569022305EB45058A
:1090300095FBF3F509F101033B449D4238BF1D4602
:10904000530530D52946FDF77DFC064650B90C2363
:10905000CAF80030A38943F04003A3814FF0FF30EA
:10906000BDE8F0873A462169FDF7E3FBA38923F4C5
:10907000906343F08003A381266165613E44ED1B4C
:109080002660A5604E464E4500D94E4632464146C2
:109090002068FDF7D9FBA3689B1BA36023681E44CF
:1090A00026600020DCE72A46FFF788FF06460028F6
:1090B000E2D121695046FDF7F7FBC8E72DE9F04FF3
:1090C0009DB0804603938B891D060C4616460FD52E
:1090D0000B696BB94021FDF735FC2060206128B990
:1090E0000C23C8F800304FF0FF30C7E04023636125
:1090F0000023099320238DF8293030238DF82A305E
:109100004FF0010B37463D4615F8013B0BB1252BBF
:109110003ED1B7EB060A0BD05346324621464046B5
:10912000FFF772FF013000F0A480099B53440993BC
:109130003B78002B00F09D8000234FF0FF32CDE9FB
:109140000523049307938DF853301A932F46052275
:1091500017F8011B4F48FFF703FC049BD0B9D90651
:1091600044BF20228DF853201A0744BF2B228DF8CC
:1091700053202A782A2A15D0079A2F4600200A253C
:10918000394611F8013B303B092B4DD9B8B10FE0FE
:109190002F46B8E73F4A801A0BFA00F018430490B4
:1091A0003D46D3E7039A111D12680391002A01DBA3
:1091B000079204E0524243F00203079204933B7883
:1091C0002E2B0CD17B782A2B33D1039B1A1D1B68C5
:1091D0000392002BB8BF4FF0FF33023705932E4D9B
:1091E000397803222846FFF7BBFB38B14023401BE8
:1091F00003FA00F0049B03430137049339782748AE
:109200008DF8281006227E1CFFF7AAFB002838D014
:10921000234B13BB039B073323F00703083303934C
:10922000099B4B4409936DE705FB023201200F4671
:10923000A6E700230137059319460A25384610F89A
:10924000012B303A092A03D9002BC8D00591C6E773
:1092500005FB012101230746F0E703AB00932246FB
:10926000104B04A94046FDF799FDB0F1FF3F814640
:10927000D6D1A3895B063FF536AF09981DB0BDE88E
:10928000F08F03AB00932246064B04A94046FEF73D
:109290003BF8EAE74EB2040054B2040058B20400AE
:1092A0009D6D0400099004001F2938B504460D4641
:1092B00004D9162303604FF0FF3038BD426C12B161
:1092C00052F821304BB9204600F030F82A460146CA
:1092D0002046BDE8384000F017B8012B0AD0591CD1
:1092E00003D1162303600120E7E7002442F825405C
:1092F000284698470020E0E7024B01461868FFF730
:10930000D3BF00BF2862002038B5074C00230546B4
:1093100008461146236000F0A5F9431C02D12368DA
:1093200003B12B6038BD00BFACA5002000F08AB9A6
:1093300010B50C46B1F90E1000F09CF80028ABBF38
:10934000636DA3891B1823F48053ACBF6365A381AD
:1093500010BD2DE9F0411F468B89DB0505460C4603
:10936000164605D502230022B1F90E1000F068F868
:10937000A389B4F90E1023F48053A38132463B46EF
:109380002846BDE8F04100F017B810B50C46B1F919
:109390000E1000F055F8431CA38915BF606523F437
:1093A000805343F48053A38118BFA38110BDB1F94A
:1093B0000E1000F013B8000038B5074C05460846FB
:1093C0001146002222601A46FBF728FA431C02D1FC
:1093D000236803B12B6038BDACA5002038B5064C1E
:1093E000002305460846236000F01CF9431C02D107
:1093F000236803B12B6038BDACA5002038B5074CFD
:109400000023054608461146236000F013F9431C6B
:1094100002D1236803B12B6038BD00BFACA500208A
:1094200038B5064C002305460846236000F012F9C3
:10943000431C02D1236803B12B6038BDACA50020CA
:1094400038B5074C054608461146002222601A46E8
:1094500000F010F9431C02D1236803B12B6038BD22
:10946000ACA5002051F8043C181F002BBCBF0B58C2
:10947000C018704738B5074C05460846114600220B
:1094800022601A4600F0FEF8431C02D1236803B1A3
:109490002B6038BDACA500204FF0FF3C06E000BFBC
:1094A0004FF0010C02E000BF4FF0010C4DF804CD6D
:1094B0004FEA410C7FEA6C5C4FEA430C18BF7FEA2D
:1094C0006C5C1BD001B050EA410C0CBF52EA430C5B
:1094D00091EA030F02BF90EA020F0020704710F1DB
:1094E000000F91EA030F58BF994208BF90422CBF6A
:1094F000D8176FEAE37040F0010070474FEA410C63
:109500007FEA6C5C02D150EA013C07D14FEA430C80
:109510007FEA6C5CD6D152EA033CD3D05DF8040BF1
:10952000704700BF8446104662468C461946634623
:1095300000E000BF01B5FFF7B7FF002848BF10F1FA
:10954000000F01BD4DF808EDFFF7F4FF0CBF01203F
:1095500000205DF808FB00BF4DF808EDFFF7EAFFBB
:1095600034BF012000205DF808FB00BF4DF808ED76
:10957000FFF7E0FF94BF012000205DF808FB00BF6B
:109580004DF808EDFFF7CEFF94BF012000205DF8F5
:1095900008FB00BF4DF808EDFFF7C4FF34BF012002
:1095A00000205DF808FB00BF4FEA410C7FEA6C5CCD
:1095B00002D150EA013C0AD14FEA430C7FEA6C5CCD
:1095C00002D152EA033C02D14FF0000070474FF045
:1095D000010070474FEA410212F5001215D211D571
:1095E0006FF47873B3EB625212D94FEAC12343F0A0
:1095F000004343EA505311F0004F23FA02F018BF22
:10960000404270474FF00000704750EA013005D1EA
:1096100011F0004008BF6FF0004070474FF00000AD
:10962000704700BF024B58221A604FF0FF3070475E
:10963000ACA50020024B58221A604FF0FF30704753
:10964000ACA50020024B58221A604FF0FF30704743
:10965000ACA50020024B58221A600020704700BFC2
:10966000ACA50020024B58221A604FF0FF30704723
:10967000ACA50020024B58221A604FF0FF30704713
:10968000ACA50020024B58221A604FF0FF30704703
:10969000ACA50020FEE700BFF8B500BFF8BC08BCD1
:1096A0009E467047F8B500BFF8BC08BC9E467047A0
:1096B00054696E795553422053657269616C00009C
:1096C0000000000000000000316502008963020014
:1096D000796302006D630200F16202003D630200E3
:1096E00011630200D1630200F0FFFFFF00000000E1
:1096F0002965020012010002000000409A2329801F
:10970000000101020301000009020900000100A09C
:109710003200000030313233343536373839414287
:109720004344454648656C746563000048542D6E9B
:10973000353236320000000041646166727569742A
:10974000000000004D6173732053746F7261676590
:1097500000000000312E30007573626400000000CC
:10976000050F3900021810050038B60834A909A001
:10977000478BFDA0768815B665000101011C100518
:1097800000DF60DDD88945C74C9CD2659D9E648A08
:109790009F00000306B20002000103000000000069
:1097A00019700200A9700200D57002001D7102003C
:1097B00029720200FD72020000000000000000009B
:1097C000757D020000000000857D0200957D02008D
:1097D0002D7E02007D7F02000000000000000000DE
:1097E000B5740200CD740200D1740200E974020065
:1097F000B1750200D97702000000000000000000EF
:10980000758C0200998C02009D8C0200C18C0200B4
:10981000E98D0200699502000000000000000000D0
:109820009978020009790200357902005D79020019
:10983000917A0200957A020000000000000000000A
:109840004D860200A5860200C1860200E586020060
:109850003D6D02001D880200000000005F7573620C
:10986000645F716465660000220000005C220000F5
:109870005C5C00005C6E00005C7200005C740000C8
:10988000000000000000000049D0020071D002007A
:1098900039620300357C0300757C0300B57C03004E
:1098A00051570300CD930300C55F0300819303006C
:1098B000DD5B0300DD5D0300715E0300F55903000D
:1098C000E159030095480300058703003183030035
:1098D000618B0300498E0300258F0300F9480300C4
:1098E00059480300CD8B030061860300DD87030028
:1098F000B1890300E55C0300C15C0300815C0300E7
:109900006D5703000164030035590300455A0300F5
:109910002D5A030055590300255D0300FD5B03002C
:10992000555F03002D57030001610300715A0300C6
:1099300061590300B15B0300B98303000184030094
:10994000B983030001840300B98303000184030089
:10995000E9530300AD59030081670300395B03003D
:1099600069590300A1820300D182030035840300FA
:10997000F1820300057F0300A1520300F9500300A8
:10998000494E0300754F0300A54A0300E94C03004C
:10999000C54B03005149030048656C74656320544E
:1099A000313134006170706C79436F6E6669672085
:1099B000626F6172643D25732066773D2573207068
:1099C00077725F7265713D2564207077723D256402
:1099D000206D61783D2564207365744F75747075D2
:1099E00074506F7765723D2564206F63705F6265A8
:1099F000666F72653D25646D41206F63705F6166BF
:109A00007465723D25646D41000000006167632E3E
:109A100072657365742E696E74657276616C20660A
:109A20006972656420616674657220257520730013
:109A30004F4E00004F4646006175746F2D43414400
:109A40003A206368616E6E656C206275737920617F
:109A50006674657220726574726965732C20616228
:109A60006F7274205458000054585F524551554548
:109A70005354206C656E3D2575207372633D2575CA
:109A80002073746174653D25640000007374617215
:109A9000745472616E736D69742829206661696CF3
:109AA00065642C2073746174653D256400000000BA
:109AB00054585F444F4E452061697274696D653D2D
:109AC000256C752075732C2073656E742076696122
:109AD000207372633D2575005458206861726420BC
:109AE00074696D656F7574202825752062797465B9
:109AF000732C2064696F315F64656C74613D256C03
:109B0000752920E2809420726573657474696E67AC
:109B100020726164696F0000434144204952512022
:109B200074696D656F757420E28094207265736549
:109B30007474696E6720726164696F005345545F85
:109B4000434F4E4649472072656376207372633DEA
:109B5000257520626F6172643D25732066773D250F
:109B60007320667265713D256C752062773D256CAA
:109B7000752073663D25752063723D2575207077CD
:109B8000725F7265713D25642073796E633D307834
:109B900025303458207072653D2575002D2D2D001F
:109BA0006175746F2D43414420257300646973709F
:109BB0006C6179206E616D6520E2869220272573A5
:109BC00027000000726164696F205354414E444283
:109BD00059000000726164696F20524553554D452C
:109BE00020286F6B3D25642900000000454E544538
:109BF000525F424F4F544C4F414445522072657161
:109C000075657374656420E2809420726573657471
:109C100074696E6720696E746F20444655000000B9
:109C20004F54415F424547494E20726563656976EE
:109C3000656420E2809420666C61736820777269A5
:109C4000746572206E6F7420696D706C656D656EE1
:109C5000746564006672616D652070617273652061
:109C60006572726F722030782530325820287372F6
:109C7000633D257529000000494E464F0000000055
:109C800045525220000000005741524E0000000093
:109C90005B25735D2025730A000000002E2E2E0028
:109CA0005B424F4F545D2070726F746F636F6C2016
:109CB00055415254207570204020256C75206261FA
:109CC0007564202872783D25642074783D256429C8
:109CD0000A00000076312E312E3000002D000000E9
:109CE00068656C7465635F74313134005B424F4F5B
:109CF000545D2072657365745F726561736F6E3D4C
:109D0000256420282573290A000000007261646917
:109D10006F2E626567696E206E73733D25642064E3
:109D2000696F313D2564207273743D25642062752E
:109D300073793D2564207370693D2825642C256462
:109D40002C25642900000000726164696F2E626531
:109D500067696E202D3E2025640000005358313283
:109D6000363220696E6974206661696C21000000DA
:109D70005B424F4F545D2053583132363220696E6A
:109D80006974206661696C656420E2809420636F69
:109D90006E74696E75696E6720776974682057699B
:109DA0002D46692F636F6E66696720706F727461EC
:109DB0006C206F6E6C7900007365745443584F28A3
:109DC000252E3166205629202D3E202564000000D6
:109DD0005B494E464F5D2073657444696F32417331
:109DE0005266537769746368287472756529202DEB
:109DF0003E2025640A000000436F6E666967206696
:109E000061696C210000000044494F3120495251E2
:109E1000206174746163686564206F6E20475049E7
:109E20004F25640052582073746172742066616912
:109E30006C210000424F4F54000000005B424F4F26
:109E4000545D206669726D77617265202573206F9D
:109E50006E20257320726561647920286C6F6F70A5
:109E60002057445420257573290A00003F00000044
:109E7000257300002F73746174655F6E616D6500FA
:109E80002F73746174655F73746279002F737461EA
:109E900074655F6163616400000000000000000001
:109EA00000000000000000000000000000000000B2
:109EB00000000000000000000000000000000000A2
:109EC0000000000000000000000000000000000092
:109ED0000000000000000000000000000000000082
:109EE0000000000000000000000000000000000072
:109EF0000000000000000000000000000000000062
:109F00000000000000000000000000000000000051
:109F100000000000000000000000000078000000C9
:109F2000000000007F0000000000000037C00000BB
:109F30000000000038E0000000000000FF300000DA
:109F400000000000E7D8000000000000386C0000AE
:109F5000000000001F0F80000000000007E3C000A9
:109F60000000000000E0E0000000000001C3B000BD
:109F70000000000FFF81B0000000003F1E0018002D
:109F8000000000F3FC0038000000FFDFF807F000DD
:109F90000001FFB8000FE000000000673E1C000059
:109FA00000000CCCFF9F8000001FF99BC1C1E000A6
:109FB000001F037700FE70000000064C007FB80011
:109FC0000001FCF80001D800007F00E000007800EC
:109FD00000FE0FC00000300000003E000000000046
:109FE00000006000000000000000C0000000000051
:109FF00000008000000000000000000000000000E1
:10A0000000000000081800000FCFCFCFC819F1E002
:10A010001FEFEFEFEC1BF3F018787FF86FFA1E18C4
:10A0200018787FF8681A1A181FFFEFD8681BF7F026
:10A030000FDFCFE86811F7E000180000000006000D
:10A040000008000000000000000000000000000008
:10A050000000000000000000000000000000000000
:10A0600000000000000000000000000000000000F0
:10A0700000000000000000000000000000000000E0
:10A0800000000000000000000000000000000000D0
:10A0900000000000000000006F70656E486F7000E7
:10A0A0005354414E44425900726164696F206F6697
:10A0B0006620E28094206177616974696E6720523E
:10A0C0004553554D450000005253534920202D2D36
:10A0D00000000000525353492025642020534E5263
:10A0E00020252E3166000000252E33664D20534674
:10A0F0002575204257256C7500000000435220341E
:10A100002F257520205077722025642064426D0031
:10A110002020545820000000525820004449414754
:10A1200000000000256C753A2530326C753A2530F8
:10A13000326C75005570200043524320000000002F
:10A14000524144494F000000252E3366204D487A85
:10A150000000000046200000425720256C7520209A
:10A1600053462025752020342F2575202025642076
:10A1700064426D0073796E63203078253034582046
:10A1800020707265202575004552524F5200000024
:10A190000000FFFF00008000000000000800080031
:10A1A0000000000000000000E8030000FFFFFFFFC8
:10A1B000FFFFFFFFFFFFFFFFFFFFFFFFFFFFFFFFAF
:10A1C0000000000000000000A9460300C147030092
:10A1D000B1470300A14703009147030081470300F3
:10A1E000754703006D47030091460300694703006C
:10A1F000314703001D470300AD4603000D47030030
:10A20000BD46030005470300B5460300F1470300C0
:10A21000D1470300F1460300E5460300E146030091
:10A22000A54603002997030000000000000000007D
:10A230000338FDD8704700000000D9439A9999402F
:10A240000A0000000000D9439A9999400000A040FC
:10A250000000FA420A0010000000D9430000FA4250
:10A260000907120A0800000022FB12001103210056
:10A270001106210322021406110B120B110E120EED
:10A2800011141116220B13152111240D211421165E
:10A29000221523154113411433145213611652161B
:10A2A0005316631664167416535831323631000053
:10A2B0000000000000000000814803008548030002
:10A2C00039620300357C0300757C0300B57C030014
:10A2D00051570300CD930300C55F03008193030032
:10A2E000DD5B0300DD5D0300715E0300F5590300D3
:10A2F000E1590300954803000587030031830300FB
:10A30000618B0300498E0300258F0300F948030089
:10A3100059480300CD8B030061860300DD870300ED
:10A32000B1890300E55C0300C15C0300815C0300AC
:10A330006D5703000164030035590300455A0300BB
:10A340002D5A030055590300255D0300FD5B0300F2
:10A35000555F03002D57030001610300715A03008C
:10A3600061590300B15B0300B9830300018403005A
:10A37000B983030001840300B9830300018403004F
:10A38000E9530300AD59030081670300395B030003
:10A3900069590300A1820300D182030035840300C0
:10A3A000F1820300057F0300A1520300F95003006E
:10A3B000494E0300754F0300A54A0300E94C030012
:10A3C000C54B030051490300FFFFFFFF00000000E1
:10A3D000800100008001000012AD101B12AD0000D2
:10A3E0000000000000000000A9590300CD5B03003D
:10A3F00039620300357C0300757C0300B57C0300E3
:10A4000051570300CD930300C55F03008193030000
:10A41000DD5B0300DD5D0300715E0300F5590300A1
:10A42000E1590300F592030005870300318303001F
:10A43000618B0300498E0300258F03000593030001
:10A440000D930300CD8B030061860300DD870300BD
:10A45000B1890300E55C0300C15C0300815C03007B
:10A460006D5703000164030035590300455A03008A
:10A470002D5A030055590300255D0300FD5B0300C1
:10A48000555F03002D57030001610300715A03005B
:10A4900061590300B15B0300B98303000184030029
:10A4A000B983030001840300B9830300018403001E
:10A4B000DD920300AD59030081670300395B03009F
:10A4C00069590300A1820300D1820300358403008F
:10A4D000F1820300057F030001010000010001007B
:10A4E00000000100010000005000B00018017801D8
:10A4F000B0021803C8053006300C980C0F06030094
:10A5000000122436480416283A4C081A2C3E0C1E19
:10A5100030421022344601132537490517293B4D97
:10A52000091B2D3F0D1F31431123354702142638D7
:10A530004A06182A3C4E0A1C2E400E2032440315AF
:10A5400027394B07192B3D4F0B1D2F410F21334549
:10A550003500420055006B008400AB00D7000801B5
:10A560005601AE011002AC025C0320045805B5068A
:10A570003C08AC0A640D6B101F170F1E160E1D153C
:10A580000D1C140C1B130B1A120A191109000000E0
:10A590000108AC0000000000000000000000000006
:10A5A00000000000C5920300D592030069930300E8
:10A5B000DD920300D5920300CD930300CD920300FA
:10A5C00081930300D5920300D5920300E592030026
:10A5D000ED920300D5920300F5920300F59203007B
:10A5E000F5920300DD920300DD920300FD9203006B
:10A5F000059303000D930300E5920300ED92030021
:10A60000159303001593030025930300299303007A
:10A6100029930300319303003D9303003D9303000E
:10A6200041930300ED920300ED920300D5920300E5
:10A6300049930300D5920300D59203004993030088
:10A64000519303005593030059930300559303005E
:10A650005D930300559303005D930300559303003E
:10A660005D930300DD9203004993030061930300AF
:10A67000D5920300FD210400302112031203302182
:10A680000312213021300312437034072516526122
:10A690005261251634074370073470436152162502
:10A6A00016256152704307343407437052612516F2
:10A6B00025165261437034077043073416256152E2
:10A6C00061521625073470430000000000000000AE
:10A6D0000000000000000000FD210400FD21040036
:10A6E000FD210400FD210400FD210400FD210400E2
:10A6F000FD210400FD210400FD210400FD210400D2
:10A70000FD210400FD210400FD210400FD210400C1
:10A71000FD21040019970300199703001D970300FA
:10A720002197030019970300259703002997030039
:10A7300000000000003E5B4F5B3E3E6B4F6B3E1CDB
:10A740003E7C3E1C183C7E3C181C577D571C1C5EF2
:10A750007F5E1C00183C1800FFE7C3E7FF001824C9
:10A760001800FFE7DBE7FF30483A060E2629792973
:10A7700026407F050507407F05253F5A3CE73C5AA8
:10A780007F3E1C1C08081C1C3E7F14227F22145F85
:10A790005F005F5F06097F017F006689956A6060E0
:10A7A00060606094A2FFA29408047E040810207EDA
:10A7B000201008082A1C08081C2A08081E1010105F
:10A7C000100C1E0C1E0C30383E3830060E3E0E06A5
:10A7D000000000000000005F0000000700070014F8
:10A7E0007F147F14242A7F2A1223130864623649B7
:10A7F0005620500008070300001C2241000041229F
:10A800001C002A1C7F1C2A08083E080800807030A3
:10A810000008080808080000606000201008040212
:10A820003E5149453E00427F400072494949462118
:10A8300041494D331814127F1027454545393C4A8C
:10A8400049493141211109073649494936464949A3
:10A85000291E0000140000004034000000081422EB
:10A860004114141414140041221408020159090659
:10A870003E415D594E7C1211127C7F494949363E5A
:10A88000414141227F4141413E7F494949417F0940
:10A890000909013E414151737F0808087F00417F4B
:10A8A00041002040413F017F081422417F40404049
:10A8B000407F021C027F7F0408107F3E4141413EE1
:10A8C0007F090909063E4151215E7F091929462663
:10A8D0004949493203017F01033F4040403F1F2067
:10A8E00040201F3F4038403F63140814630304783E
:10A8F00004036159494D43007F414141020408105E
:10A9000020004141417F0402010204404040404098
:10A91000000307080020545478407F284444383806
:10A9200044444428384444287F3854545418000878
:10A930007E090218A4A49C787F0804047800447D52
:10A9400040002040403D007F1028440000417F40EF
:10A95000007C047804787C08040478384444443843
:10A96000FC1824241818242418FC7C080404084823
:10A970005454542404043F44243C4040207C1C2074
:10A9800040201C3C4030403C44281028444C9090CF
:10A99000907C4464544C4400083641000000770029
:10A9A00000004136080002010204023C2623263C36
:10A9B0001EA1A161123A4040207A385454555921C1
:10A9C00055557941225454784221555478402054A9
:10A9D0005579400C1E5272123955555559395454F7
:10A9E000545939555454580000457C410002457D66
:10A9F000420001457C407D1211127DF0282528F08F
:10AA00007C545545002054547C547C0A097F4932BB
:10AA1000494949323A4444443A324A4848303A4132
:10AA200041217A3A42402078009DA0A07D3D4242DB
:10AA3000423D3D4040403D3C24FF2424487E494364
:10AA4000662B2FFC2F2BFF0929F620C0887E0903D7
:10AA500020545479410000447D413048484A3238FE
:10AA60004040227A007A0A0A727D0D19317D26292A
:10AA7000292F28262929292630484D402038080822
:10AA8000080808080808382F10C8ACBA2F10283456
:10AA9000FA00007B000008142A142222142A140849
:10AAA0005500550055AA55AA55AAFF55FF55FF0058
:10AAB0000000FF00101010FF00141414FF0010100D
:10AAC000FF00FF1010F010F0141414FC001414F721
:10AAD00000FF0000FF00FF1414F404FC141417100E
:10AAE0001F10101F101F1414141F00101010F0005E
:10AAF0000000001F101010101F10101010F0100098
:10AB00000000FF101010101010101010FF100000A7
:10AB100000FF140000FF00FF00001F10170000FCE2
:10AB200004F414141710171414F404F40000FF00B4
:10AB3000F714141414141414F700F714141417143D
:10AB400010101F101F141414F4141010F010F00043
:10AB5000001F101F0000001F14000000FC14000064
:10AB6000F010F01010FF10FF141414FF1410101048
:10AB70001F00000000F010FFFFFFFFFFF0F0F0F0FB
:10AB8000F0FFFFFF0000000000FFFF0F0F0F0F0F8F
:10AB90003844443844FC4A4A4A347E0202060602DB
:10ABA0007E027E0263554941633844443C04407E42
:10ABB000201E2006027E020299A5E7A5991C2A49BB
:10ABC0002A1C4C7201724C304A4D4D303048784846
:10ABD00030BC625A463D3E494949007E0101017E32
:10ABE0002A2A2A2A2A44445F444440514A44404085
:10ABF000444A51400000FF0103E080FF00000808C4
:10AC00006B6B083612362436060F090F0600001843
:10AC1000180000001010003040FF0101001F01016A
:10AC20001E00191D1712003C3C3C3C0000000000B7
:10AC3000000000000000000025A40300291004000B
:10AC4000996A02005D970300FD21040061970300EB
:10AC500065970300F19A0300759703008997030035
:10AC6000BD99030061970300A19703009D9703001E
:10AC7000219D0300459C03006D9803008D9B0300FC
:10AC8000C5970300ED9803000000000000000000DD
:10AC900025A4030029100400996A02005D970300AF
:10ACA0001DA9030029A7030075A80300E5AC030054
:10ACB000C5AD030045AE0300BD99030059A70300CD
:10ACC000A19703007DA70300BDAF0300C9AE030039
:10ACD000ADB003008D9B0300C5970300ED98030002
:10ACE000FD210400FD2104000901809611800A3A2B
:10ACF00081550A3601082A04000000F02B040000E8
:10AD0000014021800A13800A29800A000000000007
:10AD10000000000025A4030029100400996A020025
:10AD20005D9703001DA9030029A7030075A8030070
:10AD3000E5AC0300C5AD030045AE0300BD990300BB
:10AD400059A7030015B603007DA70300BDAF03009C
:10AD5000C9AE0300ADB003008D9B0300C59703008F
:10AD6000ED9803009DB70300B9B703000000000091
:10AD70000000000025A4030029100400996A0200C5
:10AD80005D9703001DA9030029A7030075A8030010
:10AD9000E5AC0300C5AD030045AE0300BD9903005B
:10ADA00059A7030009B803007DA70300BDAF030046
:10ADB000C9AE0300ADB003008D9B0300C59703002F
:10ADC000ED9803009DB70300B9B703000000000031
:10ADD0000000000071B9030075B903000000000015
:10ADE0000000000009BC030089BA0300996A020050
:10ADF0007DBB030039BB0300ADBB0300C9BA030030
:10AE00006C66735F63616368655F726561640000AF
:10AE10006C66735F63616368655F70726F67000083
:10AE20006C66735F63747A5F66696E64000000002D
:10AE30006C66735F63747A5F657874656E64000036
:10AE40006C66735F66696C655F73796E63000000A2
:10AE50006C66735F72656D6F766500006C66735F1C
:10AE6000696E6974000000007063616368652D3E5F
:10AE7000626C6F636B203D3D203078666666666667
:10AE800066666600626C6F636B203C206C66732D97
:10AE90003E6366672D3E626C6F636B5F636F756EBA
:10AEA000740000002F686F6D652F72756E6E65728D
:10AEB0002F2E706C6174666F726D696F2F70616395
:10AEC0006B616765732F6672616D65776F726B2D4D
:10AED00061726475696E6F61646166727569746EC2
:10AEE000726635322F6C69627261726965732F41C7
:10AEF000646166727569745F4C6974746C654653FD
:10AF00002F7372632F6C6974746C6566732F6C6633
:10AF1000732E630068656164203E3D203220262642
:10AF20002068656164203C3D206C66732D3E63663D
:10AF3000672D3E626C6F636B5F636F756E740000AC
:10AF40002F0000002E2E0000656E7472792E642E84
:10AF500074797065203D3D204C46535F54595045EF
:10AF60005F524547000000006E626C6F636B203ECD
:10AF70003D2032202626206E626C6F636B203C3DA4
:10AF8000206C66732D3E6366672D3E626C6F636B4B
:10AF90005F636F756E7400006C66732D3E63666749
:10AFA0002D3E6C6F6F6B61686561642025203332C4
:10AFB000203D3D20300000006C66732D3E636667C7
:10AFC0002D3E6C6F6F6B6168656164203E203000C0
:10AFD0006C66732D3E6366672D3E70726F675F739C
:10AFE000697A652025206C66732D3E6366672D3E69
:10AFF000726561645F73697A65203D3D20300000B1
:10B000006C66732D3E6366672D3E626C6F636B5F8B
:10B0100073697A652025206C66732D3E6366672D03
:10B020003E70726F675F73697A65203D3D20300026
:10B03000342A6C66735F6E70773228307866666685
:10B040006666666666202F20286C66732D3E6366F2
:10B05000672D3E626C6F636B5F73697A652D322A70
:10B06000342929203C3D206C66732D3E6366672D94
:10B070003E626C6F636B5F73697A65006C697474B0
:10B080006C656673000000007265730000000000CC
:10B090006410B71DC8206E3BAC30D9269041DC76D9
:10B0A000F4516B6B5861B24D3C7105502083B8ED83
:10B0B00044930FF0E8A3D6D68CB361CBB0C2649BA7
:10B0C000D4D2D38678E20AA01CF2BDBD00000000F5
:10B0D00000000000F10A0400050B0400FF0000005E
:10B0E000FF00000002000000030000000400000058
:10B0F0000500000006000000070000000800000036
:10B10000090000000A0000000B0000000C00000015
:10B110000D0000000E0000000F00000010000000F5
:10B1200011000000120000001300000014000000D5
:10B1300015000000160000001700000018000000B5
:10B14000190000001A0000001B0000001C00000095
:10B150001D0000001E0000001F0000002000000075
:10B160002100000022000000230000002400000055
:10B170002500000026000000270000002800000035
:10B18000290000002A0000002B0000002C00000015
:10B190002D0000002E0000002F0000000000000025
:10B1A00000000000A50F04000D0A000000000000D0
:10B1B00000000000E515040031160400A11504008C
:10B1C000B9150400891504009915040091150400AF
:10B1D0008D160400B1180400E5140400DD14040009
:10B1E000546D725100000000546D7220537663005C
:10B1F0006C6F6F700000000043616C6C6261636B88
:10B20000000000002C2066756E6374696F6E3A2032
:10B2100000617373657274696F6E2022257322203A
:10B220006661696C65643A2066696C6520222573E5
:10B23000222C206C696E65202564257325730A0015
:10B240002C6200204300504F534958002E00232DFC
:10B25000302B2000686C4C00656667454647004906
:10B260004E4600696E66004E414E006E616E0030C3
:10B270000030313233343536373839414243444572
:10B2800046003031323334353637383961626364E1
:10B29000656600002020202020202020202828284B
:10B2A000282820202020202020202020202020208E
:10B2B00020202020881010101010101010101010D6
:10B2C00010101010040404040404040404041010F6
:10B2D0001010101010414141414141010101010193
:10B2E000010101010101010101010101010101103F
:10B2F0001010101010424242424242020202020268
:10B30000020202020202020202020202020202100F
:10B3100010101020000000000000000000000000DD
:10B32000000000000000000000000000000000001D
:10B33000000000000000000000000000000000000D
:10B3400000000000000000000000000000000000FD
:10B3500000000000000000000000000000000000ED
:10B3600000000000000000000000000000000000DD
:10B3700000000000000000000000000000000000CD
:10B3800000000000000000000000000000000000BD
:10B3900000000000496E66696E697479004E614E66
:10B3A000000000000000000000000000000000009D
:10B3B000000000000000000000000000000000008D
:10B3C000000000000000000000000000000000007D
:10B3D000000000000000000000000000000000006D
:10B3E000000000000000000000000000000000005D
:10B3F000000000000000000000000000000000004D
:10B4000000000000000000000080E03779C34143E5
:10B41000176E05B5B5B89346F5F93FE9034F384DBA
:10B42000321D30F94877825A3CBF737FDD4F157566
:10B43000000000000000F03F000000000000244079
:10B4400000000000000059400000000000408F4054
:10B45000000000000088C34000000000006AF840BF
:10B460000000000080842E4100000000D0126341E3
:10B470000000000084D797410000000065CDCD4159
:10B48000000000205FA00242000000E8764837423A
:10B49000000000A2941A6D42000040E59C30A242D8
:10B4A0000000901EC4BCD64200003426F56B0C434D
:10B4B0000080E03779C3414300A0D88557347643F4
:10B4C00000C84E676DC1AB43003D9160E458E14355
:10B4D000408CB5781DAF154450EFE2D6E41A4B44CA
:10B4E00092D54D06CFF08044F64AE1C7022DB5440F
:10B4F000B49DD9794378EA440500000019000000A2
:08B500007D00000000000000C6
:08B5080048ADFD7F01000000C9
:10B51000000000000A00000000000306B20008005E
:10B5200001000000A800080002000000A0001400B4
:10B53000030057494E555342000000000000000030
:10B5400000008400040007002A0044006500760023
:10B5500069006300650049006E00740065007200B8
:10B560006600610063006500470055004900440023
:10B570007300000050007B003900370035004600A2
:10B5800034003400440039002D0030004400300005
:10B5900038002D0034003300460044002D003800F0
:10B5A0004200330045002D003100320037004300D7
:10B5B0004100380041004600460046003900440082
:10B5C0007D000000000000000400000010000C00DE
:10B5D000687300205C980400000000000000000078
:10B5E000000000000000000000000000000000005B
:10B5F000000000000000000000000000000000004B
:10B60000000000000000000000000000000000003A
:10B61000000000000000000000000000000000002A
:10B620000000000000000000FF1600000000C6C27D
:10B630005051D53324F400000808161200100A01F6
:10B6400000000000000000000000000000000000FA
:10B6500000000000000000000000000000000000EA
:10B66000000000000000000000000080000000005A
:10B670000D0A526164696F4C696220496E666F0AF7
:10B6800056657273696F6E3A202022372E372E313D
:10B690002E30220D0A506C6174666F726D3A202252
:10B6A0004164616672756974206E52463532220DAE
:10B6B0000A22417567203231203230323622202270
:10B6C00030323A33383A34362200000000000000AD
:10B6D000750B0400590B04002D0B0400210B040012
:10B6E000800000008000000080000000E0000000FA
:10B6F00080000000000000000000000000000000CA
:10B7000000000000290C0400990C04001D0C04002A
:10B710000D0C0400FFFFFFFF588200200200000014
:10B72000B0A500200090D00334A5002048A500203B
:10B730005CA5002070A500202C6200200000000005
:10B74000C4B30400E4B30400A4B304000000000088
:10B7500000000000000000000000000000000000E9
:10B7600000000000000000000000000000000000D9
:10B7700000000000000000000000000000000000C9
:10B7800000000000000000000000000000000000B9
:10B790000000000000000000000000004300000066
:10B7A0000000000000000000000000000000000099
:10B7B0000000000000000000000000004300000046
:10B7C0000000000000000000000000000000000079
:10B7D0000000000000000000000000004300000026
:10B7E0000000000000000000000000000000000059
:10B7F0000000000000000000000000004300000006
:10B800000000000000000000000000000000000038
:10B8100000000000000000000000000043000000E5
:10B820000000000000000000000000000000000018
:10B8300000000000000000000000000043000000C5
:10B8400000000000000000000000000000000000F8
:10B8500000000000000000000000000043000000A5
:10B8600000000000000000000000000000000000D8
:10B87000000000000000000000000000ED77040060
:10B88000F16704000000000093B204004CB2040011
:10B890003FB204003FB204003FB204003FB20400D4
:10B8A0003FB204003FB204003FB204003FB20400C4
:10B8B0003FB20400FFFFFFFFFFFFFFFFFFFFFFFF9F
:10B8C000FFFF000001004153434949000000000010
:10B8D0000000000000000000000000000000000068
:10B8E00000000000000041534349490000000000EF
:10B8F0000000000000000000000000000000000048
:10B900000000000000000000016202003562020039
:10B91000256602004DCF02007DD10200893303006D
:10B92000D5350300297C030099950300CD0B040055
:10B93000C9140400511B0400D9580400116202000C
:040000034000471D55
:00000001FF
