:020000022000DC
:1060000000000420299C0300699C03006B9C030092
:106010006D9C03006F9C0300719C03000000000056
:10602000000000000000000000000000A59B03002D
:10603000759C030000000000C59B0300799C0300D1
:10604000159E03007B9C03007B9C03007B9C03004C
:106050007B9C03007B9C0300857503007B9C0300F5
:106060007B9C03007B9C03007B9C03007B9C0300C8
:106070007B9C03007B9C03007B9C03007B9C0300B8
:106080007B9C0300299903007B9C03007B9C0300FD
:106090007B9C03007B9C03007B9C03007B9C030098
:1060A0007B9C03007B9C03007B9C03007B9C030088
:1060B0007B9C03007B9C03000000000000000000AC
:1060C0007B9C03007B9C03007B9C030001A40300DA
:1060D0007B9C03007B9C03007B9C0300ED6C020017
:1060E0007B9C03007B9C03007B9C03000000000062
:1060F000000000007B9C03000000000079A4030066
:10610000000000000000000000000000000000008F
:10611000000000000000000000000000000000007F
:10612000000000000000000000000000000000006F
:10613000000000000000000000000000000000005F
:10614000000000000000000000000000000000004F
:10615000000000000000000000000000000000003F
:10616000000000000000000000000000000000002F
:10617000000000000000000000000000000000001F
:10618000000000000000000000000000000000000F
:1061900000000000000000000000000000000000FF
:1061A00000000000000000000000000000000000EF
:1061B00000000000000000000000000000000000DF
:1061C00000000000000000000000000000000000CF
:1061D00000000000000000000000000000000000BF
:1061E00000000000000000000000000000000000AF
:1061F000000000000000000000000000000000009F
:10620000F1EE103A43F08073E1EE103A704700BFB0
:1062100010B5054C237833B9044B13B10448AFF3E0
:1062200000800123237010BDA06300200000000047
:10623000A4FB030008B5034B1BB103490348AFF3AC
:10624000008008BD00000000A4630020A4FB030040
:10625000154B002B08BF134B9D46A3F5803A002138
:106260008B460F461348144A121A15F009FD0F4BBE
:10627000002B00D098470E4B002B00D098470020F1
:10628000002104000D000D48002802D00C48AFF397
:10629000008015F08BFC2000290013F017FD15F08D
:1062A0005FFC00BF000008000000042000000000A8
:1062B00000000000A0630020C08B00200000000050
:1062C000000000000146014800F08EBAD8630020AB
:1062D00038B5064B1D783DB100242046013400F04E
:1062E00047FEE0B28542F9D838BD00BFD463002034
:1062F000407DFF2806D010B500F086FD044618B199
:10630000204610BD0020704714F032FA204610BD20
:10631000407DFF280ED000B583B00DF1070100F0DD
:10632000C7FD20B19DF8070003B05DF804FB4FF0F6
:10633000FF30F9E74FF0FF30704700BF407DFF2886
:1063400011D000B583B001220DF1070100F068FD06
:1063500020B94FF0FF3003B05DF804FB9DF8070053
:1063600003B05DF804FB4FF0FF307047407DFF281D
:1063700001D000F0FDBD7047407DFF2801D000F046
:106380003DBE0020704700BFF8B50646407DFF289F
:106390001CD017465AB10D46144600F00FFD294691
:1063A000224680B1707D00F08DFD241A01D138465F
:1063B000F8BD054414F0DCF9707D00F0FFFC2946BF
:1063C00022460028EED13F1B3846F1E70020F8BDF9
:1063D0000AB32DE9F043524991F81C6191F81D511F
:1063E00091F81E7193B0994614467B1CAA1C8046F6
:1063F000B01C81F81C0181F81D2181F81E3101A813
:106400004222002115F03CFCB9F1410F05D80020D3
:1064100013B0BDE8F083422070478DF806608DF818
:106420000E608DF82660721C40F20126D2B2ADF8E3
:106430001060DFF8F0C08DF81E20242640F6083EDC
:106440006B1C8DF827208DF83120ADF804E08DF815
:1064500016608DF820608DF82460CDF818C00426F1
:106460004FF0060C65F07F0540F209424FF0010E37
:1064700098F81410ADF80C208DF81CE005228DF86A
:106480001F608DF830608DF822C040F207568DF8FD
:1064900025C08DF82A5020464FF0030E63F07F048C
:1064A0004FF0080C02234FF411658DF814108DF88D
:1064B00007308DF808308DF809308DF812308DF8DE
:1064C00021308DF815208DF823208DF82BE08DF8E4
:1064D0002CC04FF00A0EADF82E504FF0400C01A921
:1064E000ADF8286007258DF833308DF840208DF801
:1064F0004140422244F20204ADF838608DF83B304E
:106500008DF83A708DF834E08DF83CC08DF83F502E
:10651000ADF8424015F090FB422013B0BDE8F08387
:10652000D863002020010524A0F11000FFF750BF20
:1065300070B50368184A5B6882B093428DF8071003
:1065400024D10546407DFF281DD000F037FC0DF119
:10655000070601243146224688B1687D00F0B2FC6E
:10656000241A02D1012002B070BD064414F000F9D3
:10657000687D00F023FC314622460028EDD1C4F1AD
:10658000010002B070BD002002B070BD01220DF10B
:106590000701984702B070BD89630200437DFF2B5D
:1065A00000D07047094B1A78002AFAD110B500F1D3
:1065B000100442750649204601221A7000F0E0F9E5
:1065C00021460448BDE8104000F0F0B8D463002034
:1065D00090E90300D8630020407DFF2807D000B574
:1065E00083B000F0EBFB20B103B05DF804FB0020AA
:1065F0007047019014F0BCF8019803B05DF804FBFB
:1066000001B900B1704700B583B0694600F0ECFBFA
:10661000009BB3F5966F02D003B05DF804FB00F069
:106620007BFBF9E730B4084B084A4FF47F4102F195
:106630000805002430324FF47A7099821D60C3E956
:1066400001401A6130BC7047BC630020A0E9030020
:106650002DE9F0410024484E2546435D4719A3B17A
:1066600003F14002D2B2012A0AD9F42B08D81A0643
:106670000ED44FF0010EA3F55842B2F5006F56D27A
:1066800001354719435D002BEAD12046BDE8F08172
:1066900003F0E002C02A57D003F0F002E02A66D0EF
:1066A00003F0F802F02AEBD103F007024FF0040EDA
:1066B0007B7803F0C00CBCF1800FE1D197F802C0E9
:1066C0000CF0C00803F03F03B8F1800F43EA8213D7
:1066D000D6D10CF03F0CBEF1030F4CEA83132DD042
:1066E000FA7802F0C007802FCAD102F03F0242EAD6
:1066F0008313A3F58032B242C2D8A3F55847B7F549
:10670000006FBDD3B3F5803F05F1040510D31E2CF7
:10671000BBDC6300970A0B44C2F30902A7F52057BC
:10672000A2F5105221F814705A80023495E775448E
:10673000202CAAD021F8143001348EE7A3F5006292
:10674000B2F5784F97D39BE77A7802F0C007802F95
:1067500003F01F0394D102F03F0242EA8313A3F136
:106760008002B2F5F06F8BD24FF0020E83E703F098
:106770000F024FF0030E9BE7FFFF0F0090F8503120
:106780000B2B0CD871B103F1480210B45C1C80F8DB
:10679000504140F822105DF8044B18467047002322
:1067A000184670470B461846704700BF70B5044640
:1067B0000E68B4F81821B4F81A31656936689B1A66
:1067C00008469BB294F81C112A44B04758B1B4F85B
:1067D00018216369104480B2A4F81801588094F815
:1067E0001C211A71012070BD2DE9F043284DDFF8FE
:1067F000B090AC4604468846BCE80F0089B003AFB1
:106800000FC703AE0FCE05F1140E25460FC59EE847
:106810000700DCF800303B806B4636682E8003C3EF
:106820006B4603CB012504F118034FF480766361B6
:10683000A061E16184F8202004F59870C4F81891F3
:106840002022A4F81C61002184F81E5115F018FACA
:1068500040F20947042240F2EF230E4E0E48C4F8DE
:1068600028010021C4F82C1184F85021A3804FF492
:10687000E131A571C4F82071C4F824610748FFF71D
:106880008DFE404600F036FA284609B0BDE8F08398
:10689000D4E9030004EA030010EA0300BC6300200B
:1068A0000900000100487047D8630020014B586977
:1068B000704700BFD86300202DE9F04F89B0F8B1D0
:1068C000032816D02B4C94F8503183424FD94830CE
:1068D00004F5AA7154F82000FFF7BAFEC0B20130E7
:1068E000400040F44070A4F85201234809B0BDE8CC
:1068F000F08F204CD4F82C0150B104F5AA71EBE7CD
:106900001C4CD4F82031A4F854314FF44170EAE71C
:10691000684600F003FA054610B300F1FF3A0DF1A6
:106920000103164FE94653FA8AFAA64604AE97E8E1
:106930000F0019F801CB86E80F000CF00F080DF1DD
:10694000200BD8440BEB1C1C18F8108C1CF8103CC6
:10695000AEF85681D145AEF854310EF1040EE6D1B1
:106960006800C0B20130400040F44070BBE7002036
:10697000BCE700BFD86300202A650020F4E90300CB
:1069800010B504460248FFF7F9FE207110BD00BFA4
:10699000D863002030B5144C236883B013B3186853
:1069A00051B90AF0DBF8236893F90400012103B020
:1069B000BDE8304014F010B90C4B009300250123C2
:1069C0008DF805308DF8045002AB13E906000AF08B
:1069D00061F8236893F90400294603B0BDE830400C
:1069E00014F0FAB803B030BD6C65002080BA8C0199
:1069F0000448006828B108B500680AF0B5F801201D
:106A000008BD70476C650020084B1B6843B141B955
:106A1000074B4022C3F88020BFF34F8FBFF36F8F27
:106A20007047034B40221A60704700BF6C6500201E
:106A300000E100E0024B53F8200000B1C06870474D
:106A40007065002030B4094CBDF8085054F820405F
:106A500044B1246934B10846A44611461A462B466F
:106A600030BC6047002030BC704700BF706500201C
:106A700030B4084CBDF8085054F8204044B1646963
:106A800034B10846A44611461A462B4630BC60472E
:106A900030BC704770650020024B186808B190F850
:106AA00060007047786500202DE9F843234C256885
:106AB000002D3CD01E462C2303FB00531746D3F871
:106AC000209088460446B9F1000F32D0484615F0B0
:106AD0004FFF2C2303FB0454D4E90954DFF864C0AE
:106AE000174B08280246494628BF08224046002D79
:106AF00008BF6546002C08BF1C4615F09DF82846C7
:106B000015F036FF10280246294628BF10223846C5
:106B100015F092F8204615F02BFF04280246214676
:106B2000304628BF0422BDE8F84315F085B8BDE81B
:106B3000F883DFF814900820CBE700BF78650020C9
:106B400040EA030030EA030024EA030070B5104E67
:106B50003368D3B12C2404FB0034054662691AB1B2
:106B60009047336884F832002C2202FB053393F8F7
:106B7000324014B10124204670BD284623463A22F3
:106B8000022101F0E7F8204670BD1C46204670BD8A
:106B900078650020074B1B6853B110B42C2404FB0C
:106BA0000030C46A038E0C6013805DF8044B70479C
:106BB000704700BF7865002008B52022002305211A
:106BC00001F0C8F84FF0FF3008BD00BF30B4094CE9
:106BD00024685CB10D4611462C2202FB0044E46996
:106BE00024B11A462846234630BC1847012030BC41
:106BF000704700BF7865002030B4094C029A2468C1
:106C000054B10D462C2101FB0044A46824B119465F
:106C10002846234630BC18474FF0FF3030BC704741
:106C20007865002030B4094C029A246854B10D46AE
:106C30002C2101FB0044E46824B119462846234670
:106C400030BC18474FF0FF3030BC704778650020EB
:106C5000044B1B682BB12C2202FB0030036903B1EB
:106C60001847704778650020054B1B682BB12C2214
:106C700002FB0030836903B118470120704700BF51
:106C80007865002005F0DCBB00B5164B83B04022D0
:106C9000002483F8272301A9012320468DF804301E
:106CA0008DF8054002F0DAFE4FF0804302A8D3F8D9
:106CB000385400F8084D13F067F80B4B019301A806
:106CC00013F08EF813F09EF8EB0707D400214FF075
:106CD000FF3002F04DFFFFF7FBFAF7E7204605F023
:106CE000AFFBF3E700E100E0856C0200002005F057
:106CF0001DB800BF00B5002383B00322CDE90023F7
:106D000003490448C82211F0CFFD03B05DF804FB2D
:106D100044EA0300896C020013F0D6BE4FF08052A3
:106D2000536E1BBA0360136E1BBA43600820704792
:106D3000004870474CEA030070B51E4C2368D3B17D
:106D4000012901D0012070BD1578C5F34115012D31
:106D500013D0022D0FD15478012C21D0022CF1D167
:106D60009388072B07D1144C114623892246BDE88E
:106D7000704003F035BE002070BD51782229E1D16A
:106D800011465288003218BF01225A7503F010FED6
:106D90002268D369002BD5D0507D9847284670BD16
:106DA0009C69002CE7D0114623782246BDE870404C
:106DB00003F016BE7C6500200460002010B5044678
:106DC00002F034FE08B9002010BD02F037FE0028A2
:106DD000F9D1044B4FF4367202FB0434207900F0F1
:106DE000010010BD00660020064A4FF4367303FB15
:106DF00000230833186808609A889B798B718A8011
:106E0000704700BF0066002008B5044A4FF436738F
:106E100003FB0020103002F055FC08BD0066002086
:106E20002DE9F8434FF4367404FB00F41E4E4FF680
:106E3000FF73074604F110054FF6FE70824288BFCB
:106E40001A463544284692B202F066FC804602F0AB
:106E5000EDFD10B94046BDE8F88302F0EFFD814634
:106E60000028F7D13444E378002BF3D0284602F011
:106E700041FC3F28EED9E178484603F0E7FC0028C2
:106E8000E8D0284602F036FC3F2804D8E17848468E
:106E900003F0ECFCDEE7054AE178484602EBC71256
:106EA000402303F0F3FCD5E7006600208065002056
:106EB000034A4FF4367303FB0020103002F096BCF7
:106EC000006600202DE9F8434FF4367505FB00F508
:106ED000244F4FF6FF73064605F124044FF6FE706B
:106EE000824288BF1A463C4492B2204602F0B8FC67
:106EF0008046204602F0E6FB3F2802D84046BDE827
:106F0000F88302F093FD0028F8D002F097FD814647
:106F10000028F3D1204602F0D5FB0028EED03D44F6
:106F20004846A97803F092FC0028E7D00E4B402297
:106F300002EBC6161E442046314602F0EDFB034626
:106F400060B13246A978484603F0A0FC0028D5D1AC
:106F5000064B1B68DB07D1D500BECFE7A97803F04D
:106F600085FCCBE70066002080650020F0ED00E0A6
:106F70002DE9F041804602F059FD10B90020BDE82E
:106F8000F08102F05BFD07460028F7D14FF436741C
:106F900004FB08F4164E04F124053544284602F09B
:106FA00091FB0028EAD026443846B17803F04EFC25
:106FB0000028E3D040220F4B02EBC8189844284623
:106FC000414602F0A9FB044660B14246B17838461A
:106FD000234603F05BFC40B9074B1B68DB07CDD5AC
:106FE00000BECCE7B17803F041FC2046C7E700BF04
:106FF0000066002080650020F0ED00E008B5044A3E
:107000004FF4367303FB0020243002F073FB08BDFD
:107010000066002070B5204C82B000214FF436721B
:1070200020460D4614F02CFEFF234FF4E1320826D3
:1070300004F138016371A26001234FF4807200955E
:1070400004F11000A67302F001FB144B1B78C3F38C
:107050008003009304F59C7101234FF4807204F1C6
:10706000240002F0F3FA04F50E71012010F08CFEFA
:1070700004F522710646012010F086FE06B130B9F3
:10708000074B1B68DB0700D500BE02B070BDC4E92A
:107090000756C4E90C05F8E700660020B860002038
:1070A000F0ED00E038B5094C206A256B20B111F0F5
:1070B00063FA0023C4E907332DB1284611F05CFAC6
:1070C0000023C4E90C33012038BD00BF0066002056
:1070D00010B50E4C0E482378002202600271DA07C8
:1070E00009D59B070DD521780A48C1F38001BDE879
:1070F000104002F063BC103002F040FC23789B0784
:10710000F1D4044802F03AFCEDE700BFB86000207B
:1071100000660020246600202DE9F0414B79022B07
:1071200082B004D00025284602B0BDE8F0818B79FA
:10713000022BF7D1364EB3782BB1364B1B68DB07E9
:10714000F0D500BEEEE78B7833700C780C44074620
:107150006378242B4FF009050BD1082A02D822E0CE
:10716000AA4220D323781C441D446378242BADB25B
:10717000F6D0052B38D0042B15D163790A2B12D108
:10718000254A94F800800192022301320092384689
:1071900004EB08011A4603F095FA0028CDD00E350D
:1071A00018FA85F5ADB202F041FC0028BBD002F020
:1071B00045FC04460028B6D1F378002BB3D017481D
:1071C00002F098FA3F28AED9F178204603F03EFB52
:1071D0000028A8D0114802F08DFA3F28F17811D884
:1071E000204603F043FB9EE72146384603F00AFBA6
:1071F0000028A2D0A378737023781C441D44ADB23C
:107200006378B8E7064A2046402303F03FFB8AE74D
:1072100000660020F0ED00E002660020106600200D
:107220008065002038B5137803F06003202B01D06F
:10723000002038BD294C938825789D42F8D1537899
:10724000203B032BF4D8DFE803F008151E020129C8
:1072500036D0032939D0012038BD01290CD00329AB
:10726000F9D11F4B002BF6D01E490020AFF3008050
:10727000012038BD0129EED111460723194A03F038
:10728000AFFB012038BD01291AD00329E3D1164BE9
:1072900055881B781548257113F004011CBFE9437C
:1072A00001F0010102F08AFB114B002BD3D0C5F392
:1072B000400205F001010020FFF7A2F9012038BDCE
:1072C000114603F075FB012038BD0A4B002BC2D0DC
:1072D00051880020AFF30080BDE700BF00660020AA
:1072E0000000000008660020B8600020246600202E
:1072F00001660200000000002DE9F0475F4CE278D3
:107300008A420D4680461F4659D15D4E9AB231469B
:1073100004F1100002F0A4FA5A4BC3B16379FF2BB9
:1073200015D0A7B106EB070A04F1100902E0564593
:107330000DD0637916F8012B9A42F8D1484602F035
:10734000D1F90028F3D16179AFF30080EFE74E4B1C
:1073500023B14E4802F0C6F9002863D002F066FB64
:10736000002862D1A3789D4202D00120BDE8F087B9
:10737000474B13B10020AFF3008002F057FB002809
:107380002BD1444802F09EF90028EED1002FECD01A
:1073900017F03F07E9D1A178404603F057FA0028DB
:1073A000E3D0A17840463B463A4603F06FFA002806
:1073B000DBD1394B1B68DA070CD500BED6E7A378C2
:1073C0008B42D5D0344B1B68DB0703D500BE0020B1
:1073D000BDE8F0870020BDE8F08702F02FFB0546EE
:1073E0000028CED12B4802F06DF90028C9D0A17831
:1073F000284603F02BFA0028C3D04022274925480D
:1074000002F08AF9034600282CD02846234AA178A6
:1074100003F03CFA0028A8D11F4B1B68D907B0D550
:1074200000BEAEE7AFF3008098E702F007FB064628
:10743000002897D1E378002B94D0144802F05AF931
:107440003F288FD9E178304603F000FA002889D030
:107450000E4802F04FF93F28304607D8E17803F094
:1074600005FA7FE7A17803F001FA8AE74023044A8E
:10747000E17803F00BFAA37875E700BF00660020FF
:107480008065002000000000000000001066002061
:107490000000000024660020F0ED00E0C065002040
:1074A000704700BF01207047704700BF704700BFA2
:1074B000044B0022C3E90022C3E90222C3E90422EB
:1074C000704700BF586A002001207047044B00221B
:1074D000C3E90022C3E90222C3E90422704700BFC6
:1074E000586A00202DE9F0434B79032B83B004D078
:1074F0000024204603B0BDE8F0830B79C3EBC3043E
:107500001234A4B2944205D9254B1B68DA07EFD593
:1075100000BEEDE7234A5578002D3ED0557B002D67
:10752000F2D102F10C054FF4A0770E788A1992F887
:1075300001C0BCF1210FE7D1AA608946895D804670
:107540006E1CA81C1144CDE900061A4640460323D0
:1075500003F0B8F80028D7D099F80630A978012BA5
:1075600004BF99F80730EB700123AB7199F8022042
:10757000AB682A70B3F80730AB800029B9D00A4A4B
:1075800040463A44402303F081F90028B1D1044B2E
:107590001B68DB07ADD500BEABE715468027C4E707
:1075A000F0ED00E0586A0020D86800202DE9F0478F
:1075B000137803F01F06012E82B003D0002002B022
:1075C000BDE8F087DFF80882978898F80040FFB29E
:1075D000BC4200F0B08098F80C40BC42EED1374677
:1075E000B4464FF0C00E4FF0130A4FF0120913F0DB
:1075F00060030C460546164604D1012900F0A4801C
:107600000120DCE7202BD9D15378013B0A2BD5D8B8
:1076100001A252F823F000BFED760200E3760200EB
:10762000CD760200BD750200BD750200BD75020079
:10763000BD750200BD7502008D7602006576020000
:107640004576020001291BD00329D9D173880C2665
:1076500006FB0786DBB260461946B371FFF720FFD1
:107660000120ACE70129CBD173880C2202FB0787EC
:107670001B0A60461946FB71FFF714FF00289DD0D6
:107680003146284603F094F9012098E7012900F0DB
:1076900086800329B4D1F48871884B4B402C4FEA83
:1076A0001122204628BF402011F0FF01734407D06B
:1076B000012C05D91C788C4202D1013880B20133EB
:1076C00000906046FFF7D4F9012078E7012997D1AF
:1076D00008EB090231462846234603F081F920468B
:1076E0006DE701298CD108EB0A02F3E7012987D164
:1076F000F3887188344F402B4FEA1122184628BF77
:10770000402011F0FF01774454D0012B52D90138A9
:1077100080B239707B1C00906046FFF793F90444F7
:10772000A3B2002B49D1294A1268D2077FF546AF90
:1077300000BE184643E74FF0000E7746F4464FF080
:10774000070A4FF0060952E75378062B7FF436AF4D
:1077500053881B0A212B12D0222B7FF42FAF6046B7
:10776000FFF768F97B001F4408EB870802463146A3
:107770002846B8F8043003F033F920461FE77B00B1
:107780001F4408EB8708D8F80820002A3FF416AFFA
:107790001378314602B0BDE8F04703F021B9F38811
:1077A000402B3FF60BAF084A3146724403F018F9FC
:1077B000204604E73B460024ADE73A4631462846DA
:1077C00003F00EF90120FAE6D8680020F0ED00E0A1
:1077D000586A0020F0B52C4CA67865788E4283B0AC
:1077E000074610D0A9422CD0A07B657B88423FD0B1
:1077F000A94244D0254B1B68DA0702D4002003B00D
:10780000F0BD00BEFAE780264FF0400C0020A942F0
:107810009BB21AD01E4D3544FAB9009311462B463F
:107820000222FFF725F92A46A1783846402303F0C3
:107830002DF80028E3D1154B1B68DB07DED500BE11
:10784000DDE74FF0400C00209BB2114961444AB97A
:107850001A46FFF729FE0120D1E72A460221FFF749
:1078600025FEE0E70A460121FFF720FE0120C6E7DA
:107870000C344FF4A0764FF4807C0120C7E74FF41E
:10788000807C0120E0E700BF586A0020F0ED00E0B6
:10789000D868002070B5194C82B000210D464FF415
:1078A000EC72204614F0ECF904F138010123802237
:1078B00004F11000009501F0C9FE04F1B8010123A4
:1078C0008022009504F1240001F0C0FE04F59C71B3
:1078D000012010F059FA04F5C4710646012010F099
:1078E00053FA30B9064B1B68DB0700D500BE02B067
:1078F00070BDC4E90756C4E90C05F8E7F06A00203A
:10790000F0ED00E038B5094C206A256B20B110F08D
:1079100033FE0023C4E907332DB1284610F02CFEB6
:107920000023C4E90C33012038BD00BFF06A0020F9
:1079300010B5084C002304F11000C4E90033C4E979
:10794000023302F01BF804F12400BDE8104002F0FD
:1079500015B800BFF06A00202DE9F0434B79012BE8
:1079600083B004D00025284603B0BDE8F0838B79AE
:10797000012B0C46064616D049780429F2D1002581
:10798000032BEFD1E379002BECD1DFF8FC8098F8E2
:10799000013013B998F802700FB3384B1B68DB073E
:1079A000E0D500BEDEE7CB79002BDBD10B781C44A1
:1079B0009DB2617824290BD1954202D9D2E7AA421F
:1079C000D0D323781C442B44617824299DB2F6D06F
:1079D0000429C7D16379012BC4D1A379D0E7A37857
:1079E00088F8003094F8009021794D44ADB2A1445C
:1079F00039B925E099F800308F421D44ADB2994461
:107A00001ED2AA421CD399F80130052BF2D1494667
:107A10003046019202F0F6FE019A0028BDD099F896
:107A20000230D90914BF88F8013088F8023099F87B
:107A30000030217901371D44FFB2ADB29944D9E736
:107A40000F4801F057FE3F288DD998F8021000200A
:107A500002F0FCFE002886D0094801F04BFE3F28CA
:107A600098F8021003D8002002F000FF7BE7054AD7
:107A70004023002002F00AFF75E700BFF0ED00E0B0
:107A8000006B0020B06A0020F06A002000207047E0
:107A9000F8B53C4DAA788A421F4612D19AB23A49AB
:107AA00005F1100001F0DCFE384B13B10020AFF3FC
:107AB0000080374801F01EFE3F282CD801242046C4
:107AC000F8BD6B788B4208D0324B1C6814F001046F
:107AD000F5D000BE00242046F8BD064605F124007E
:107AE00001F0F0FD40BB2C4801F0ECFD0028E5D191
:107AF000002FE3D017F03F07E0D16978304602F05D
:107B0000A5FE04460028D9D0697830463B463A465F
:107B100002F0BCFED3E7A978002002F097FE0446ED
:107B20000028CBD01A4801F0E5FD3F28A9781ED8DF
:107B3000002002F09BFEC2E76978002002F086FE7A
:107B40000028D0D04022154905F1240001F0E4FDC1
:107B5000034690B1114A6978002002F097FE002890
:107B6000ACD10C4B1B68DB07BDD500BEBBE7064A9A
:107B70004023002002F08AFEA1E7697802F076FE39
:107B8000B1E700BFF06A0020B06A002000000000EA
:107B9000006B0020F0ED00E0146B0020706A002004
:107BA00030B4114B9C689A6B93F83C5083F82C10BE
:107BB000A21A022183F830109A6225B942F2050117
:107BC00083F83E50998744B13AB11A7BD20906D165
:107BD00093F82F1030BC02F099BE30BC704793F878
:107BE0002E1030BC02F092BEC86E002038B5214B7A
:107BF000214C05461BB1607BFFF736F8A8B1A06B9E
:107C0000A36894F82F101D4A1B1AB3F5007F28BFF4
:107C10004FF4007328469BB202F038FE20B9184B8F
:107C20001B68DB0700D500BE38BDA268A36B84F8D3
:107C30003E0042F20771D31A0120A1870221A362FC
:107C400084F82C0084F83010002AEDD0002BEBD003
:107C5000237BDB0906D194F82F102846BDE8384075
:107C600002F054BE94F82E102846BDE8384002F0C9
:107C70004DBE00BF696C0200C86E0020C86C0020B9
:107C8000F0ED00E070B5304CE28AA36852BA92B2CF
:107C900086B0054612B1B3FBF2F292B2A66BD4F8ED
:107CA0001110607B9B1BB3F5007F28BF4FF400735E
:107CB00009BA0093B6FBF2F302FB13621944234B9B
:107CC000FEF79AFF031E20DB94F82E200DD01146FC
:107CD0009BB228461D4A02F0D9FDA0B91C4B1B6877
:107CE000DB0710D500BE06B070BD0724194603A8F7
:107CF0008DF80C508DF8102005938DF811308DF80B
:107D00000D4002F0B7FB06B070BDA268A36B43F64E
:107D100002200021D31AA08784F83E1001200221FE
:107D2000A36284F82C0084F83010002AEBD0002BDA
:107D3000E9D0237BDB0914BF94F82E1094F82F10A0
:107D4000284602F0E3FDDEE7C86E0020C86C002084
:107D5000F0ED00E010B4054C012084F83C1084F8EC
:107D60003D2084F83E305DF8044B7047C86E00201B
:107D700040220021014813F083BF00BFC86E0020DD
:107D800040220021014813F07BBF00BFC86E0020D5
:107D90004B79082B01D0002070478B79062BFAD144
:107DA000CB79502BF7D1162A06D81C4B1B68D90764
:107DB000F1D500BE0020704770B5194D8B7885F85D
:107DC0002D300B7882B005F12F0205F12E061944F3
:107DD0000223CDE900261A46044602F073FC48B996
:107DE0000E4B1B68DA0702D500BE02B070BD002042
:107DF00002B070BD204695F82F100A4A00241F23B8
:107E000085F8304002F042FD30B9044B1B68DB07B7
:107E100002D500BE1720E8E71720E6E7F0ED00E006
:107E2000C86E0020C86C0020012901D001207047D5
:107E3000F0B5137803F07F01022985B0054606D01E
:107E400003F06003202B1AD0002005B0F0BD547859
:107E5000012CF5D15388002BF6D1434E918896F82A
:107E60003030042BC9B279D096F82E408C423DD0E8
:107E700096F82F408C4257D0012005B0F0BD5378C2
:107E8000FE2B16D0FF2BDFD15388002BDCD1D488FA
:107E9000A3B2002BD8D1344E1146284686F8303094
:107EA000C6E90D33B48786F83E3002F081FD01202B
:107EB000CBE75388002BC7D1D388012BC4D12B49E2
:107EC0008DF80F3000294DD00192FEF7E5FD019AA3
:107ED0000028B9D0431EDBB204AC114604F8013DC2
:107EE00028462246012302F07BFDC5E7022BC3D1C1
:107EF000B26BB3681E4F9B1AB36206F120030FCB1F
:107F000007C73A46214602F80C39032428460D23B8
:107F100086F8304002F0BAFC0028ADD1154B1B6842
:107F2000DB0791D500BE90E7002BA5D1214602F0DA
:107F3000DFFC0028A0D12146284602F005FD0028DC
:107F40009AD1002496F82F10094A86F83040284626
:107F50001F2302F09BFC0028E0D08DE702F0D6FC46
:107F6000204672E70B46B7E7C86E0020996A020008
:107F7000C86C0020F0ED00E02DE9F041B44C94F81D
:107F80003050012D8EB01E46074645D028D3032D14
:107F900005D0022D5FD001200EB0BDE8F08194F82D
:107FA0002E308B42F7D10D2EF5D1E37B282B00F03C
:107FB0001A812A2B40F00D81A64B13B1607BFEF78E
:107FC00047FE002594F82F10A34A84F830501F2351
:107FD000384602F05BFC002861D094F83050D8E7B6
:107FE00094F82F508D42D6D11F2B06D1DFF868822E
:107FF0009A4BD8F800209A4271D0042394F82E109E
:1080000084F83030384602F081FC384694F82F105E
:1080100002F07CFC0020BFE7B3F5007F08D9904B4D
:108020001B68D90700D500BE00200EB0BDE8F08166
:10803000E27BA36B282A00F087802A2A00F08F8039
:10804000217B626B1E44CB09A66336D096422CD3AB
:10805000022384F8303094F82E10384602F074FC75
:10806000002898D1A368A26B94F82E60934202D99D
:10807000217BC9092ED19B1A7A4AA3620FCA764D79
:1080800007C52A46314602F80C39032538460D2328
:1080900084F8305002F0FAFB00287FF47CAF704B7C
:1080A0001B68DB07C0D500BE76E76D4B1B68DA079F
:1080B00093D500BE94F830506BE793B2607B664A6C
:1080C00004F10F01FEF778FD0028C0F29F80A66B37
:1080D000626BBBE73146384602F018FC5BE7C446EA
:1080E000BCE80F0026460FC69CE80F0007C626F81E
:1080F000023B1B0C3370D4E90123E17B5A4E6262D0
:1081000001200022282963632662A26284F82C20C1
:10811000A26384F8300000F0AD802A2900F0DF80EF
:10812000002B00F0EF80227BD20940F0EB80B3F50A
:10813000007F00F26F819BB22946474A384602F021
:10814000A5FB0028ABD048E7626B1E449642A663AD
:10815000BFF47EAFFFF796FD94F8305019E7E28A3E
:1081600052BA92B21AB1A168B1FBF2F292B2D4F84B
:108170001110394DB3FBF2FC09BA02FB1C32607BD3
:10818000009661442B46FEF74DFD0028C0F2FB81AE
:10819000864230D9361A40B1A36B291813FA80F3FE
:1081A00032462846A36313F052FD002394F82F5063
:1081B0008DF818500722194605A88DF814700796F7
:1081C0008DF819308DF8152002F054F994F83050DC
:1081D000DFE6264B002B3FF4F4AE04F10F01607B89
:1081E000AFF30080EDE6224B002B3FF4EAAE607B5C
:1081F000AFF30080E5E6D4E90D231E449642A66362
:10820000BFF426AF3846FFF7F1FCE6E6A368A66B9D
:1082100094F83C1084F82C509A1B0220A26284F837
:10822000300021B942F2050084F83E10A087002BEF
:108230003FF44EAF002A3FF44BAF237BDB0940F005
:10824000E58194F82F10384602F060FB3FE700BF4D
:10825000C86E0020516C0200C86C00205553424388
:10826000F0ED00E0E86E002055534253000000009E
:1082700000000000E28A52BA92B20BBB002A3FF41F
:10828000E7AE94F83C10A362022284F82C2084F814
:10829000302000297FF4DFAE42F205010022A187E1
:1082A00084F83E20002B3FF4D6AE237BDB0940F060
:1082B0009A812946384602F029FB94F8305068E646
:1082C000207BC00913D0002A00F08081B3FBF2F2BA
:1082D000002A00F0A3812829384694D13AE7E28A9F
:1082E00052BA92B2002BC9D0207BC009EBD094F8CF
:1082F0003C10A362022284F82C2084F8302000294C
:10830000CAD0D2E7667B252900F22B81DFE811F085
:10831000220129012901E500290129012901290159
:1083200029012901290129012901290129012901FD
:1083300029012901BD00290129012901290129015A
:1083400029012901990087002901290171002901CA
:108350002901290129014C0029012600304604AADF
:1083600005A9FEF717FC059B002B00F04481BDF822
:108370001020002A00F03F81013B1BBA12BAC8E965
:1083800000320820A368002B44D0984228BF18462A
:1083900083B26063A64A94F82E10384602F076FA4B
:1083A00000283FF47CAE18E605AD00230DF10E0267
:1083B000304604A96B600593AB60FEF7EBFB049AB3
:1083C000002A00F01881BDF80E30002B00F0138158
:1083D00012BA082106925BBA0222ADF81E308DF85F
:1083E00017108DF81C2095E8070088E807000C207E
:1083F000C8E7904B03B33046227DE17CAFF30080A9
:10840000D0B994F83C302BB943F602220023A2875E
:1084100084F83E3001213846FFF7C2FBDDE5864B8C
:1084200053B1E17C3046C1F3400301F00102090978
:10843000FEF7CCFB0028E4D0A368002B3FF408AE85
:10844000E8E79DF816307D49002203F0800362F3CF
:10845000C7138DF8163003238DF815208DF81720DB
:108460008DF81430002900F0E1803046FEF7FCFB67
:108470009DF8163080F0010060F3C7138DF81630B8
:10848000059BC8F8003004207CE74FF0203302251C
:108490000022CDE90522304607A909AA08934FF02A
:1084A000800C079309930D93CDE90A330C931F2693
:1084B0000DAB8DF816508DF8175005AD8DF818607E
:1084C0008DF815C0FEF7F0FA0FCD594E0FC60FCD3F
:1084D0000FC62B683360242054E794F83C2094F8AE
:1084E0003D0094F83E10DFF848C1DFF858E14FF046
:1084F00000084FF00003CDE90588CDE9078862F355
:1085000003038DF81630F0220A23ADF824808DF88D
:1085100020008DF821108DF814208DF81B3005AD4A
:108520000FCDACE80F002B68ACF80030BEF1000FA7
:1085300076D0ACF1100130464FF40072AFF30080FA
:108540000028A4F83C8084F83E800FDB00283FF42C
:1085500073AF17E73046FEF7F9FA00283FF451AF42
:108560006AE794F83C30002B7FF454AFA38E304A76
:108570003349607BFEF720FB0028FFF64BAF002855
:108580003FF45AAFFEE6A36BA2681E4443F60220F6
:108590000021931BA08784F83E1001200221A663CE
:1085A000A36284F82C0084F83010002A3FF453AD05
:1085B000002B3FF450AD237BDB0914D194F82F102E
:1085C000384602F0A3F994F83050E2E4012294F81E
:1085D0003C1084F82C200222A36284F83020002969
:1085E0003FF45AAE5EE694F82E10384602F08EF94B
:1085F00094F83050CDE494F83C30002B7FF40AAF6F
:1086000043F6022284F83E30A28703E794F82E1046
:10861000384602F07BF9D4E90D2617E50222D6E7A9
:10862000A4F83CE084F83EE01220ABE601201FE70E
:10863000C86C002000000000CD6B0200696C0200D5
:10864000D76E00200000000070B5134C134E84B0AC
:1086500020464FF4AE72002113F012FB4025002398
:1086600004F58E720092CDE901561A46194604F1BE
:10867000B000039504F068F92E4404F17002002361
:10868000CDE90025CDE90265201D1946012204F03F
:108690005BF904B070BD00BF886F0020086F002038
:1086A00010B5054C04F1B00004F07AF9201D04F077
:1086B00077F9012010BD00BF886F002038B5074C46
:1086C0002046002500F8B85B01F058F904F10C00D1
:1086D00001F054F984F8B150657138BD886F0020FD
:1086E0004B79FF2B01D0002070472DE9F04FDFF8C8
:1086F00024B19BF8B13083B04BBB9BF8053033BB42
:108700000B788A460AEB02050AEB030489788BF89A
:108710000010A542064614D91AF80320A3189D425A
:108720000FD36278042A0CD00B2A0AD0052A0BF149
:10873000B8080BF1B0070BF10C0917D09D421C468D
:1087400009D8A4EB0A0080B203B0BDE8F08F002086
:1087500003B0BDE8F08F1A7813449D42F1D36278DC
:10876000042AEED00B2AECD0052AE7D12146304668
:1087700002F048F8002843D0A378DB0905D19BF824
:10878000B1301BB32278A318D8E79BF80530002B33
:10879000F8D14846019301F0F1F8A2788BF8052052
:1087A000A2889BF804C0019B1849C2F30A02A2F5F3
:1087B0000072B2FA82F2520962F3410C18468BF849
:1087C00004C004F037F92278A318B7E7404601F057
:1087D000D5F8A3788BF8B130A3889BF8B020C3F309
:1087E0000A03A3F50073B3FA83F35B0963F3410251
:1087F000394630468BF8B02004F064F90028C1D126
:10880000034B1B68DB07A2D500BEA1E78C6F0020DD
:10881000F0ED00E0886F002070B51C4C94F8B1209A
:108820008A4205461E460FD1B4F8BC20F2B9184B57
:1088300023B1B2B217490020AFF300802846164991
:1088400004F040F9012070BD63798B4201D0002013
:1088500070BD124B1BB1B1B20020AFF300801049C4
:10886000284604F0E7F848B1012070BDB2B2D4F850
:10887000B41004F1B80000F0F3FFD8E73246284600
:10888000074904F099F8012070BD00BF886F0020EF
:1088900000000000086F0020387000200000000079
:1088A0008C6F0020F8B50E688D88B7783544AE42DD
:1088B0000BD23B469F42344603D10BE06378042B36
:1088C00005D023781C44A542F8D80020F8BDA37831
:1088D0009F42F6D1E3789A42F3D1A542F5D9237DA0
:1088E000012B06D9144B1B68DA07EED500BE002019
:1088F000ECE723790D46DBB1012BE6D12278E38941
:10890000617A1344114423442144994204D3DCE79F
:108910000A7811448B42D8D94A78052AF8D101F057
:1089200071FF28B9044B1B68DB07CED500BEF8BD2C
:10893000A41BEC800120F8BDF0ED00E0C28832B944
:10894000654B1B68DB0700D500BE00207047F0B404
:108950000378624803EB830403EB4403C058831895
:1089600003D08E781C7BA64207D95B4B1B68D907C6
:1089700000D500BE0020F0BC70472EB9012C01D9F3
:108980000120F8E701268E7001248C60C1F80E40AA
:108990004C7700256FF03F0481F822508C766FF001
:1089A00003056FF06404CD760C774D4DC1F81E5071
:1089B000082481F82340825CB3F80D4014441C4421
:1089C0001344A342D1D2474F9D78102D0CD827FADB
:1089D00005F0C04310F0010006D1DA78964203D1C9
:1089E00007E05A78242AEFD01A7813449C42F8D82A
:1089F000BBE79C42B9D0062D06D0102D04D0042D23
:108A0000B9D1012248730A73CF781A79974218D8DE
:108A10001FB9012AB4D80127CF701A781A44A2428C
:108A20000FD2967806F0FD0CBCF1050F0FD0112E79
:108A300003D10CE05678242EF3D0167832449442B9
:108A4000F8D8254B1B68DA0794D500BE93E7D67893
:108A5000B742F2D19442F4D0D1F812408CB9062D2D
:108A600030D0102D2ED0042D09D1B2F80560B2F807
:108A700007505C7D05FB06F304FB03F4E408C1F832
:108A800012404B6863B9557E012D3FF679AFD2F89D
:108A90001A3025B9D2F81E209A427FF471AF4B608C
:108AA000114AA2FB03235A0BCBD0631E1344B3FB22
:108AB000F2F30233B3F5807F28BF4FF48073C1F81F
:108AC00016305DE7B2F80530B2F8074004FB03F456
:108AD0002401E408D3E700BFF0ED00E0E4700020DB
:108AE00003010101501001005917B7D12DE9F84FCA
:108AF0000B785D4C03EB83050E4603EB45030989B8
:108B0000E7589146804679B13944CB7803F00303A6
:108B1000012B00F09480738933B13B44DA7802F082
:108B20000302012A00F091807488B58800233C4438
:108B3000B381F38133827382B382F3823D44A2789E
:108B4000AC4238BF134609D29A4203D10CE0637895
:108B5000042B06D023781C44A542F8D80020BDE899
:108B6000F88FA3789A42F5D1E3789945F2D1A542DE
:108B7000F4D994F804A0BAF1020F15D8E31BF380DE
:108B8000B9F1000F16D023781C44BAF1000F4CD075
:108B90004FF0000B06E06378052B28D0042B03D0A0
:108BA00023781C44A542F6D8304B1B68DA07D5D58C
:108BB00000BED3E7737F012B12D006F11E03494696
:108BC00086F81D90A6F81890A6F81A90184630223C
:108BD00013F056F801463046FFF7B0FE0028BDD02E
:108BE00023781C44BAF1000FD2D10120B7E7E37813
:108BF00003F00303B9F1000F01D0012B18D0022BB1
:108C0000ACD12146404601F0FDFD28B306EB4B03F5
:108C1000E21B1A8122780BF101039A4514444FF0AC
:108C2000010BBFD8B9F1000FDFD002237377DCE767
:108C3000A388B269C3F30A039342E2D28EE700230A
:108C40003381897801F08EFE65E700227281997880
:108C5000404601F087FE67E7044B1B68DB077FF5A2
:108C60007DAF00BE7BE700BFE4700020F0ED00E0C8
:108C700010B4064C06480023C4E900331946C4F872
:108C800007304E225DF8044B12F0FABFE47000206A
:108C9000F07100200120704710B4064C06480023F4
:108CA000C4E900331946C4F807304E225DF8044B7E
:108CB00012F0E6BFE4700020F07100202DE9F041D1
:108CC0004B790E2B04D04FF000084046BDE8F081F0
:108CD0008B79012BF7D1CB79012BF4D13E4E336840
:108CE0002BB13E4B1B68DB07EDD500BEEBE714460E
:108CF0000F461A46314605463760B480FFF7D2FD6D
:108D00000028E0D0F2883368B97813443C44A74285
:108D100093F814C03B4605D308E05A78042A4DD096
:108D20000B2A4BD01A7813449C42F6D8BCF1000FA2
:108D30004ED02B494A88002AD3D1D81B1FFA80F87D
:108D40003272A1F802809C4293F802E00A8098BF38
:108D5000034605D80BE05A78042A2BD00B2A29D0D9
:108D60001A7813449C42F6D8DB1B1FFA83F80022C2
:108D7000BCF1010FA1F804804A77B2D117FA80F054
:108D800017FA83F3984281780AD282788A4203D113
:108D900018E04278042AF8D0027810448342F8D8C8
:108DA000284600220E49FFF7A1FE00288BD0A6F826
:108DB00004808AE79A787245D2D0D5E79A788A42B9
:108DC000B0D0B3E7C278012AE6D18342EFD1E7E71A
:108DD000DB1B1FFA83F8EAE7E4700020F0ED00E007
:108DE000F07100202DE9F047167806F01F04012CE1
:108DF0008CB004D0002420460CB0BDE8F087DFF82A
:108E0000F892B2F804C0D9F80070804615465FFAAF
:108E10008CF317B1BA789A422CD0B44F7C88002CCE
:108E2000E9D03A7802EB820002EB400259F802E006
:108E30007444A2789A42DDD1C6F34116F3B2002BF6
:108E400000F09C80012B12D15FEA1C2C0FD16B88A3
:108E50001B0A022B00F02E81062B00F01781012B3C
:108E600000F0F580A24B1B68DB0700D500BE07238E
:108E70003B77BFE7C6F34116F4B2002C47D0012C74
:108E800025D15FEA1C2C26D0B9F80620BB18B95CA6
:108E9000DA89114419448B420ED29A78023A052A93
:108EA00006D8DA78624503D107E05A78242AF4D04C
:108EB0001A7813449942F8D849B1002389F8093047
:108EC000012498E78A4B1B68D90700D500BE072309
:108ED00089F809308EE76B881B0A012B00F095801A
:108EE000022BEFD16B78812B00F04781862BE9D1E3
:108EF0000129E2D10B46404629467E4A01F070FD29
:108F00000028DAD1FF2389F80930002473E76B7851
:108F10000A2B4AD00B2B3ED10129CED1EB88002B56
:108F2000F0D1B9F80630FA181179A9B1F85CD189F5
:108F3000537A0144034413440A44934205D395E110
:108F400019780B449A4240F2918159780529F7D15A
:108F50009978404601F006FD0026A9F806606A8867
:108F600065494046FFF79EFC04460028CAD02946C2
:108F7000404601F01DFD89F809603CE76B780A2B3B
:108F800027D00B2B7FF46EAF012900F0BD800023AA
:108F90003B7701242FE7564B1B6813F001032FD1B9
:108FA00007221C4689F8092025E7012985D1EB888D
:108FB000012BA7D1B9F80620BF18A3D00CAAF978C5
:108FC00002F8301D294601F00BFD04460028D2D1DD
:108FD00098E70129DBD1EB88012B35D1FB889BB3C6
:108FE0001EEB030330D00CAADB7802F8303D40467C
:108FF0000B46294601F0F4FC044628B33E77FAE616
:1090000000BE072389F80930F5E66B78812B00F064
:10901000D180862B00F0BE80012B7FF453AF012955
:1090200000F0CB8002297FF448AF344B002B3FF493
:1090300044AF99F80A100020AFF30080B0FA80F432
:1090400089F809006409D6E6FF233B77D2E67B7FE7
:109050000BB187F81DC06C78842C61D8822C65D246
:10906000012C00F00A81812C7FF4FCAE01298ED105
:10907000EB883BB1294640463023214A01F0B0FC41
:10908000002884D1FF233B770024B4E66B78812B42
:1090900000F0A180862B7FF4E5AE01297FF477AF45
:1090A000294640460123134A01F09AFC00287FF428
:1090B0006EAFE7E76B78812BD8D040F2B080852B7C
:1090C00000F09780862B7FF4CDAE01297FF45FAF4F
:1090D000EB88012BD6D10B4640462946094A01F0C0
:1090E0007FFC00287FF453AFCCE700BFF071002075
:1090F000F0ED00E085EA0300E470002000000000CD
:109100000E72002086EA03006A8839464046FFF75F
:10911000EDFC002898D02946404601F049FC36E78E
:10912000862CD2D065D3872C7FF49CAE01297FF4A6
:109130002EAFEB88002BA5D0B64EE94606F1300ADB
:1091400030687168B268F368CC46ACE80F0010363E
:109150005645E146F4D19DF80210002940F09F8069
:10916000832C00F08381872C00F06481822C00F036
:10917000618108233B7700243DE601297FF49DAE01
:10918000294640460123A44A01F02AFC00287FF426
:1091900094AEB7E601297FF490AEEB88012B7FF403
:1091A000B1AE294640469D4A01F01AFC00287FF4E2
:1091B00084AEA7E601297FF480AEEB88012B7FF413
:1091C000A1AE294640460123954A01F009FC00283A
:1091D0007FF473AE96E601297FF4D9AE0B46404684
:1091E000294607F11C0201F0FBFB00287FF4CFAEFB
:1091F00048E701297FF4CBAEEB88022B7FF442AF26
:109200000CAA302122F8301D4046294601F0E8FB27
:10921000044600283FF436AF00233B77EBE5012BF3
:109220007FF420AE01293FF425AF02297FF4AFAED1
:109230007849A1F11E00FFF781FB044660B3794B2A
:109240007A6BBA613BB1734A79783878AFF30080B2
:1092500000287FF49CAE7449002302204FF48072F2
:109260000880C7E903337B61BA83C4E56F4B1B6891
:10927000D8077FF547AE00BE44E601293FF4FAAEB9
:1092800002297FF484AE6349A1F11E00FFF756FB6B
:10929000044600287FF47BAE08233B77ABE59DF8BE
:1092A000030000287FD1FA88002A3AD01EEB02037F
:1092B00037D01EF80220B3F80D005D4E104418445C
:1092C000134498420FD99A78102A04D826FA02F249
:1092D000D20700F1D5801A7813449842F1D95A7810
:1092E000242AF8D1EDE70346832C5AD0872C4CD0A2
:1092F000822C7FF43EAF01218DF803101A781A44B6
:10930000904237D9947804F0FD06052E10D0112C28
:109310000ED0147822449042F2D95478242CF8D1FB
:10932000EEE7424B1B68D9077FF523AF00BE20E76D
:10933000D478A142EDD1997806291DD010291BD0EF
:1093400004297FF416AFB2F80510B2F807205B7D50
:1093500002FB01F203FB02F3DB08CDF812306A4690
:1093600029464046302301F03BFB044600283FF4E9
:1093700089AE51E70246DEE7B2F80510B2F80730D1
:1093800003FB01F31B01DB08E7E79A78062A06D006
:10939000102A02D0042A7FF4ECAE997DACE79979CB
:1093A000AAE71979A8E7019B002BD8D1FA88002AEF
:1093B000B7D01EEB0203B4D01EF802E0B3F80D20C4
:1093C000DFF86CC072449E1873449E420ED99A789E
:1093D000102A03D82CFA02F2D20756D41A78134472
:1093E0009E42F2D95A78242AF8D1EEE733461A7809
:1093F00013449E4264D99A7802F0FD01052948D0B1
:10940000112A46D01A7813449E42F2D95A78242A57
:10941000F8D1EEE70E720020ED70002086EA03001E
:10942000EE70002000000000F0700020F0ED00E081
:109430005010010001238DF8023001234FF001127A
:10944000029300230392ADF810304FF6C0428DF81E
:10945000223040F29B13ADF81A20ADF81C30404A80
:10946000CDF81E2008238DF8233078E7FB88002BE9
:10947000E3D01EEB0303E0D01B7B8DF80230DCE76A
:10948000DA7891427FF427AF2EE7DA789142A5D1BE
:10949000ADE7DA789042B5D1823C052C3FF669AE53
:1094A00001A252F824F000BF299502000D95020098
:1094B000EF9402007391020073910200C5940200C0
:1094C0003346E9E7D3F8151042F21073B1FBF3F31A
:1094D000019100293ED0DDF812208BB9931CB3F521
:1094E000807F28BF4FF48073CDF8163037E75A7E5F
:1094F00072BBD3F8221042F21073B1FBF3F3E7E72B
:10950000013A1A44B2FBF3F30233E8E75A7ECAB1D8
:10951000053203EB8202D2F80210D3F81A3042F27D
:109520001072B3FBF2F3D3E75A7E72B1053203EB4C
:109530008202D2F80220D3F81A1042F21073B2FB62
:10954000F3F3C5E7D3F81E10E7E7D3F81E20F2E7E0
:10955000002301930023ADF81630ADF81830FEE675
:10956000030101012DE9F84F334C238953B12278CF
:10957000324F02EB820502EB45057D592B449F7863
:109580008F420AD02E4B1B68DB0703D500BE00209C
:10959000BDE8F88F0020BDE8F88FD4E904369E427C
:1095A00005460BD327490023C4E90333636119B18E
:1095B00061781046AFF300800120E9E701F046F939
:1095C0000028E7D0DFF88090A36999F80000D4E97B
:1095D000042BA2EB0B0808EB00069E4228BF1E4698
:1095E000B04213D9164B1B6813F0010301D000BE23
:1095F000002339462846144A01F048F90028DBD1F7
:109600000F4B1B68DA07C5D500BEC1E7E168A6EBC2
:10961000000A59444844524612F00EFB0BEB0A0371
:10962000D0456361B3B2E4D199F8012042F002025F
:1096300089F80120DDE700BFF0710020E470002010
:10964000F0ED00E000000000F07000202DE9F04196
:10965000B2F5004F9DF8188030D80446C0681E4609
:109660000F46154618B14FF0FF310EF0CFFD2069BF
:1096700018B14FF0FF310EF0C9FDE288E0682760B5
:1096800066F30E02C2F30721002368F3C711E280DC
:109690006381A580E171238118B11A4619460EF045
:1096A00099F9206938B100231A4619460EF092F94B
:1096B0000120BDE8F0810120BDE8F0810020BDE877
:1096C000F08100BF03894289808892B29BB29342A5
:1096D00036BFC2EB40029B1A9B189BB2984228BF30
:1096E00018467047028943899BB2981AB0FA80F0F5
:1096F0004009704703894289808892B29BB29342A5
:1097000036BFC2EB40029B1A9B189BB2984286BFA1
:10971000C01A80B2002070472DE9F8430546006961
:109720000E46174618B14FF0FF310EF06FFD2B8932
:109730006989A8889BB289B28B4236BFC1EB4004CD
:109740005C1AE418A4B2002C4AD0A04206D283428C
:109750002CBF191A191889B269810446BC4228BF66
:109760003C468842A4B203D8091A89B28842FBD980
:10977000EA882B68401AC2F30E0887B21FFA88F2F3
:10978000BC4202FB013125D917FB08F91FFA89F900
:109790004A46304612F050FAE21B12FB08F206EB82
:1097A000090092B2296812F047FA6A89A88892B231
:1097B00011198BB29A4215D940001B1A9BB2286925
:1097C0006B8120B100231A4619460EF003F920469A
:1097D000BDE8F88302FB04F2304612F02DFAE4E70C
:1097E00069898BB240008342E9DBE6E738B505467C
:1097F00000690C4618B14FF0FF310EF007FD2989C2
:109800006B89AA8889B29BB2994236BFC3EB4200EA
:10981000C81A401880B200B3824209D291422CBFCC
:109820008B1A8B189BB29A426B8103D89B1A9BB2FE
:109830009A42FBD9EA882968C2F30E02204602FB4D
:10984000031112F0F9F90124286920B100231A4606
:1098500019460EF0BFF8204638BD0446F4E700BFB5
:109860002DE9F0471446002A4FD00546C0680F4640
:1098700018B14FF0FF310EF0C9FCEA792E896989E1
:10988000AB88D209B6B289B242D18E4236BFC1EBA3
:109890004301711A891989B2994252D2591A89B26F
:1098A0008C42E88828BF0C46C0F30E08B34230460D
:1098B00003D8C01A80B29842FBD21B1A2A681FFA3A
:1098C00083F9A14508FB002047D219FB08FA1FFACB
:1098D0008AFA5246394612F0AFF9A4EB090212FB9C
:1098E00008F207EB0A0192B2286812F0A5F9A31951
:1098F0009BB2AA88B3424FEA420201D3934201DBF2
:109900009B1A9BB2E8682B81F8B92046BDE8F08726
:10991000E8889C42C0F30E080FD28E4223D3721AFD
:1099200092B2580022448242C0DBCE18361BB6B237
:10993000B14220D9361AB6B2B8E7E41A08FB047768
:10994000B3B9E86800240028DFD000231A4619467E
:109950000EF040F82046BDE8F08708FB04F23946D7
:1099600012F06AF9C3E75800421A324492B2D9E7BA
:109970000E461C4698E7B04298DCDBE710B504467B
:10998000C06818B14FF0FF310EF040FC206918B1EB
:109990004FF0FF310EF03AFCE06800236381238131
:1099A00018B11A4619460EF015F8206920B10023A7
:1099B0001A4619460EF00EF8012010BD38B5C379CD
:1099C000B1EBD31F1FD00446C0680D4618B14FF04D
:1099D000FF310EF01BFC206918B14FF0FF310EF083
:1099E00015FCE379E06865F3C713E37120B1002348
:1099F0001A4619460DF0EEFF206920B100231A46E1
:109A000019460DF0E7FF012038BD00BF704700BFC9
:109A1000704700BF0020704700207047704700BFAC
:109A2000704700BF704700BF704700BF024B5878B7
:109A3000003018BF0120704798720020024B187840
:109A4000C0F38000704700BF98720020024B187866
:109A5000FF3818BF01207047186100202DE9F0473A
:109A6000374E3378FF2B82B004D00125284602B050
:109A7000BDE8F087002946D03822884607460021F5
:109A8000304812F0FDF8304B3049002501201D70A0
:109A90000EF07AF92E4B1860002834D02D4C234656
:109AA000626833F80C0B618800950DF021FFA16806
:109AB00005460EF085FD284B1D6075B3274B23B17D
:109AC0002748AFF30080274B1860254CDFF89CA097
:109AD0002278DFF8909000252B460EE0D9F8003070
:109AE00013EB45130FD05B686BB1984722780135B3
:109AF000EDB2511DA9422B4615DBAA42EED89B1AA6
:109B00000AEB4313EFE7184B1B68DA0700D500BEDA
:109B10000025284602B0BDE8F087134B1B68DB0721
:109B2000F6D500BEA2E741463846377001F050FE38
:109B300005460028F1D0384601F04CFE96E700BFFC
:109B4000186100209872002098730020487200204D
:109B5000D0720020BC600020D47200200000000001
:109B60004472002040720020F0ED00E088EA03001B
:109B7000B94B1B78FF2B00F0A1812DE9F04F044673
:109B80008BB04FF47A7200238002A10D11F036FEE3
:109B9000B24DDFF8E4B2B24E8246671C286800F08E
:109BA0002481002C00F02181BAF1000F14BF52462D
:109BB000012207A90EF098F9C0B19DF81D30013BB4
:109BC000072B00F21481DFE813F0F200D300CA0083
:109BD000BF00B700410014000800089B0BB10998B2
:109BE000984728680EF0BEFC0028D6D10BB0BDE81F
:109BF000F08F9DF820109B4B01F07F0703EB47038C
:109C000003EBD11393F826006FF3000083F82600CE
:109C100093F826006FF3820083F82600002F00F0EF
:109C20004581914A1B7D12789342C0F03381501DCB
:109C30009842C0F234819B1A0BEB43139F699DF845
:109C40002120099B9DF81C00B847CAE7874A137872
:109C5000002B00F024811378013BDBB213701378E2
:109C600003F0FF00002BBCD1DFF8F8919DF81C80B9
:109C700099F8003043F0010389F8003099F8263054
:109C800060F3000389F8263099F8263060F38203E8
:109C900089F8263099F8273060F3000389F82730D7
:109CA00099F8273060F3820389F8273000F002FF2B
:109CB0009DF8203003F06002602A00F00681402AFF
:109CC00000F00A8103F01F03012B00F0D581C0F0E2
:109CD0001281022B40F0F9809DF8241001F07F07DB
:109CE000082F00F2F2807B00C80901934B44034423
:109CF00000905D481F7D03789F4280F00F8233689B
:109D000003EB4717002A00F0108257B1786900F082
:109D1000D1FE7B69404608AA0121984700287FF4BC
:109D200060AF9DF81C00002101F0BEFF80219DF86E
:109D30001C0001F0B9FF54E74A4B1B78D8077FF5A8
:109D400050AFFFF771FE4CE7464B1A78D7077FF507
:109D500048AF1878C0F3C000FFF764FE41E7414BFD
:109D6000DB78D9077FF53DAF0898FFF751FE38E75C
:109D70003D4F9DF81C903A780023984610E03368D8
:109D800013EB481300F08080DB68484698473A7828
:109D900008F101085FFA88F8511D8845434645DC03
:109DA0009045A3EB0203EAD30BEB4313ECE72E4FF2
:109DB0009DF81C903A78002398460FE0336813EB27
:109DC00048135BD0DB68484698473A7808F10108A9
:109DD0005FFA88F8511D884543460FDC9045A3EB98
:109DE0000203EBD30BEB4313ECE72246E1E6204BF7
:109DF0001B68DA077FF5F5AE00BEF2E638220021D7
:109E0000184811F03DFF1B4A4FF0FF33C2E90533FC
:109E1000C2E90033C2E90233D3611384136100F055
:109E20003FFE104B9DF820209A70DAE63822002180
:109E30000C4811F025FF0F4A4FF0FF33C2E90533FC
:109E4000C2E90033C2E90233D3611384136100F025
:109E500027FEFFF7E5FDC4E618610020D47200205C
:109E600040720020987200204472002098730020F5
:109E7000F0ED00E09C72002088EA0300A44B1B6810
:109E8000D907CCD500BECAE7A14B1B68DA07DED5DF
:109E900000BEDCE7326812EB43137FF4CFAE9C4B7D
:109EA0001B68DB077FF5A2AE00BE9FE6099B9DF80D
:109EB00021209DF81C0000F013FE92E67047FCF78D
:109EC000F5FC0246002840F0E981914B1B68DA0757
:109ED0007FF527AF00BE24E78E4800283FF421AF6E
:109EE00000F0E8FD404608AA0121FCF725FF002804
:109EF0007FF477AE15E7202A00F0F180002AE4D144
:109F00009DF82130092BE0D801A252F823F000BFC0
:109F100037A0020017A00200CB9E020059A0020049
:109F2000CB9E0200F99F0200A59F0200CB9E02007B
:109F30008F9F0200399F02009DF8223001931A463C
:109F400099F801309A4200F0548199F80130002BC1
:109F500040F05481019B89F80130002B00F04781CB
:109F6000581EC0B2FCF7A2FC18B14378022B00F0D7
:109F7000C181674B1B68DB0700D500BE644B1B68C3
:109F8000D80700D500BE002389F80130C9E60AAA27
:109F900099F8013002F80E3D4046012308A900F06F
:109FA0001FFD1EE6BDF82200030A5A1EC0B20E2A8B
:109FB0003FF6B7AE01A151F822F000BFAFA20200F8
:109FC0008BA202007BA20200239D0200239D0200BF
:109FD0005DA202008BA20200239D0200239D0200CD
:109FE000239D0200239D0200239D0200239D020069
:109FF000239D0200DFA2020008A800F061FD404698
:10A000009DF8221001F0ECFB99F8003043F00203B8
:10A0100089F80030E5E5BDF82230012B7FF481AEF0
:10A0200099F8003040466FF3C30308A989F800305F
:10A0300000F0BEFCD5E599F80030990801F0020166
:10A04000C3F340130AAA0B4322F80E3D40460223F5
:10A0500008A900F0C5FCC4E5BDF82230012B7FF44F
:10A0600060AE99F80030404643F0080308A989F82B
:10A07000003000F09DFCB4E59DF824300F2B3FF636
:10A0800050AE4B44244A1B791778BB4238D237680C
:10A0900017EB43173FF445AE786900F00BFD7B6981
:10A0A00008AA01214046984700287FF49AAD9DF800
:10A0B000203013F060077FF434AE9DF821300A3B66
:10A0C000012B3FF62EAE00F0F5FC9DF821300A2B57
:10A0D00000F0FC8008A9404600F06AFC81E59DF88C
:10A0E00024300F2B3FF61DAE4B440B4A1B791778DB
:10A0F000BB4260D2376817EB43173FF412AE05E658
:10A100007A1D9A42FFF60DAEDB1B0BEB4317C3E73C
:10A11000F0ED00E0396D020044720020581DB84295
:10A1200039DA002A7FF4FDAD17469DF82130012B66
:10A1300003D036D3032B7FF4C8AEBDF822200292A1
:10A14000AAB9B84A012B10783DD001F0ADFD019BB2
:10A15000009A4B44134493F8262042F0020283F8FD
:10A16000262093F8262042F0010283F82620002FB3
:10A170003FF437AD786900F09DFC7B69012108AAA6
:10A1800040469847002000F095FC99F82730D90701
:10A190003FF527AD9EE7FB1A0BEB4317002AC4D00F
:10A1A000B4E5019B009A4B44134420330AAA9B79DF
:10A1B000C3F3400348E77A1D9A42FFF6B2ADDB1BBA
:10A1C0000BEB4317A2E501F097FD019B009A029962
:10A1D0004B44134493F8262061F3410283F8262070
:10A1E00093F8262061F3000283F82620BFE7FFF7EB
:10A1F00017FC404608A900F0DBFBF2E400214046D2
:10A2000001F000FB404601F09FFB874F99F80230B8
:10A210000293002300943A781C460CE00BEB4313A6
:10A22000DB68404698473A780134E4B2501D8442D6
:10A23000234600F3CE809442A3EB0203EED23368B0
:10A2400013EB4413ECD1794B009C1B68DB0700D562
:10A2500000BE9DF8083089F802307BE6FFF7DAFB94
:10A26000024600283FF45DAD4046137808A900F08F
:10A27000B7FB00287FF4B5AC53E5BDF82410FCF71C
:10A280001BFB02460028EFD14BE5022B3FF417AE33
:10A29000FFF7C2FB024600283FF443AD4046538817
:10A2A00008A900F09DFB00287FF49BAC39E5FCF782
:10A2B000F9FA024600283FF408AE4046122308A9E6
:10A2C00000F08EFB00287FF48CAC2AE50AAA08A9CE
:10A2D00002F80E7D4046012300F082FB81E4544BDE
:10A2E000002B3FF41EADFCF723FD024600283FF48F
:10A2F00018ADD3E7C27999F80030511161F3041316
:10A30000921162F3451389F800304388CDF810802C
:10A31000CDE900A4C318039300F10907039BBB42D6
:10A3200037D97B780B2B03BF3B7897F803A0FF1836
:10A330004FF0010A7B78042B43D1039B3A4ACDF8B6
:10A3400014A0DB1B00219BB20291127888469A462A
:10A3500017E0346814EB481433D052463946049859
:10A3600023699847082808F1010201D9824543D2A0
:10A370002D4B5FFA82F81A78CDF80880511D884578
:10A380001CDC029B9045A3EB0202E2D30BEB4214D0
:10A39000E3E7DDF81080DDE900A4FFF73FFB28E7E5
:10A3A0000246434604463946224802F0B1FA1E4BA3
:10A3B000029A1B78053393422744AFDADDE900A403
:10A3C000D7E51A4B1B68DF07DDE900A47FF5D6ADA2
:10A3D000D3E5382200211848009C11F051FC174A9F
:10A3E0004FF0FF33C2E90533D3611384C2E9003370
:10A3F000C2E9023313612CE7DDF814A0BAF1010FB2
:10A400001ED00021CBB2534501F10101C8D2BA7868
:10A41000134459FA83F31A79FF2AD2D183F80480BE
:10A42000F0E700BF1861002044720020F0ED00E06A
:10A43000316D0200AC720020987200209C720020E6
:10A4400023690A4A0A498B4208BF4FF0020A934225
:10A45000D7D17B79012BD4D1BB79012BD1D1FB7919
:10A46000002B08BF4FF0020ACBE700BF597902006A
:10A47000197102002DE9F0434378023B85B005468F
:10A480000E46042B0CD8DFE803F0495D037E3F0045
:10A49000844B1A78D70715D51A7842F004021A703F
:10A4A000814B18688EB933464FF0FF3229460DF0C4
:10A4B00091FA003018BF0120F0B97C4B1B68DB0714
:10A4C00000D500BE05B0BDE8F08304AA002342F821
:10A4D0000C3D29460DF08EFC019B43B1744B4FF0AF
:10A4E00080525A6040BFBFF34F8FBFF36F8F003071
:10A4F00018BF01200028E0D0324669782878FFF79D
:10A5000085FA05B0BDE8F0836A4A13780133DBB2FF
:10A510001370654B1868002ED7D1C4E7614B1A78C9
:10A520006FF300021A701A7800216FF341021A705B
:10A5300059701A7861F382021A705B4B1868002E0A
:10A54000C3D1B0E75C4FDFF874913978DFF87081E0
:10A55000002423460AE0D8F8003013EB44130AD154
:10A560000134E4B24A1DA242234615DB8C42F2D3E9
:10A570005B1A09EB4313DB69002BF1D0696828787B
:10A5800098473978ECE7474B1A78D4079AD51A7868
:10A590006FF382021A7083E7424C237858072FD555
:10A5A000237841496FF3820323702B788DF80430B0
:10A5B00005220023CDF80A30CDF80630ADF80E3074
:10A5C00008688DF80520002E59D004AA01A942F888
:10A5D000103D0DF00FFC009B43B1354B4FF0805206
:10A5E0005A6040BFBFF34F8FBFF36F8F003018BF6B
:10A5F000012000284DD12D4B1B68D90700D500BE86
:10A60000E378DA077FF55EAF274A2B786968106830
:10A610008DF8043003220023CDF80A30CDF806303F
:10A62000ADF80E3002918DF80520F6B104AA01A90B
:10A6300042F8103D0DF0DEFB009B43B11C4B4FF088
:10A6400080525A6040BFBFF34F8FBFF36F8F00300F
:10A6500018BF012000283FF430AF32469DF80510A6
:10A660009DF80400FFF7D2F92CE733464FF0FF3294
:10A6700001A90DF0AFF9003018BF0120EAE7334619
:10A680004FF0FF3201A90DF0A5F9003018BF0120ED
:10A69000AFE732469DF805109DF80400FFF7B6F9C4
:10A6A000AEE700BF98720020D4720020F0ED00E009
:10A6B00000ED00E0987300204472002088EA030057
:10A6C000407200202DE9F84F0A9F002A4CD0904696
:10A6D0004A78052A0C460ED1CE7806F00306B3421E
:10A6E00009D18A7802F07F02082A0DD9204B1B6815
:10A6F000DA0700D500BE1E4B1B68DB0702D4002022
:10A70000BDE8F88F00BEFAE7DFF868B0DFF868A0B0
:10A710009BF8009000250EE06278052AEBD1E278E4
:10A7200002F00302B242E6D1A27802F07F02082AC8
:10A73000DCD89BF800909AF802100022204602F024
:10A7400095F80028D2D04846214601F06FF800283D
:10A75000D1D0A278D30916BF0B9B3A701A70227819
:10A76000013545451444D7D10120BDE8F88F00BF1D
:10A77000F0ED00E0186100209872002030B51E4D09
:10A7800085B0082400230290019303918DF80540C1
:10A790002868144682B9134601A94FF0FF320DF024
:10A7A00019F9003018BF0120E0B9144B1B68DB0712
:10A7B00000D500BE05B030BD04AA01A942F8103D85
:10A7C0000DF018FB009B43B10D4B4FF080525A60C7
:10A7D00040BFBFF34F8FBFF36F8F003018BF012012
:10A7E0000028E2D022469DF805109DF80400FFF7EE
:10A7F0000DF905B030BD00BFD4720020F0ED00E0CF
:10A8000000ED00E038B58B7803F07F03082B06D904
:10A810000B4B1B68DB0700D500BE002038BD094A82
:10A82000094B0C46204691781D78002202F01EF854
:10A830000028EDD021462846BDE8384000F0F6BF9C
:10A84000F0ED00E09872002018610020CB0926335B
:10A8500001F07F010348044A03EB410108441168F9
:10A8600001F0BABF98720020D0720020CB092633C5
:10A8700001F07F010348044A03EB410108441168D9
:10A8800001F0D6BF98720020D072002038B5154C68
:10A8900001F07F0504EB450404EBD1142034A079CA
:10A8A000C00706D5104B1B68DA0700D500BE002094
:10A8B00038BDA5790D4845F001050078A57101F076
:10A8C000F1F80028F4D1A379074A60F30003A371DB
:10A8D000A37960F38203A3711368DB07E7D500BE99
:10A8E00038BD00BF98720020F0ED00E01861002034
:10A8F000054B01F07F0203EB420303EBD11191F80A
:10A90000260000F0010070479872002010B50C4B33
:10A9100018780C4601F0C8F90A4904F07F0301EBEE
:10A92000430101EBD41191F8263043F0020381F882
:10A93000263091F8263043F0010381F8263010BD0F
:10A940001861002098720020054B01F07F0203EB94
:10A95000420303EBD11191F82600C0F34000704789
:10A960009872002010B50F4B18780C4601F036F89D
:10A970000D4904F07F0301EB430101EBD41191F881
:10A9800026306FF3410381F8263091F826306FF3BB
:10A99000000381F8263091F826306FF3820381F8A6
:10A9A000263010BD1861002098720020704700BF4B
:10A9B0000A4630B4094C496805461068234603C36B
:10A9C0000023C4E9023392F900209A422846ACBF22
:10A9D000802119461A4630BCFFF758BFDC730020AF
:10A9E000F0B50E462B4C496807463068A2602546F4
:10A9F00003C50021E181F588AB4228BF2B4683B017
:10AA0000A381ADB13BB3002A3DD094F90000402BA7
:10AA100028BF402300282CDB1F4A3846FFF736FFAB
:10AA200098B91E4B1B68DB0712D500BE03B0F0BD02
:10AA300096F90030002BACBF8021002138462B4610
:10AA40002A46FFF723FF0028EBD0012003B0F0BD1A
:10AA5000002003B0F0BD94F90020002AACBF1946D5
:10AA600080211A463846FFF711FF0028D9D001206F
:10AA7000ECE71146084801931A4611F0DDF8064A42
:10AA8000019B8021EEE7054B1B68D907E0D500BE8E
:10AA90001046CBE7DC7300209C730020F0ED00E053
:10AAA000034B0022C3E90022C3E902221A61704766
:10AAB000DC730020014B1861704700BFDC7300207D
:10AAC0000346064A5968006810B41346002403C3BD
:10AAD000C2E902445DF8044B704700BFDC730020FC
:10AAE00070B5404C2278C909B1EBD21F82B006463E
:10AAF00015D03BB13C4B1B68DA0700D500BE0020E7
:10AB000002B070BD2146FFF751FF2369002B40D0F2
:10AB10002246304603219847012002B070BD94F9C7
:10AB20000020A068002A08DB0028E8D01A462F4938
:10AB3000019311F081F8A068019BE589E2881D442A
:10AB4000ADB21844AA42A060E58101D03F2B23D8C2
:10AB5000236923B1234A02213046984788B194F9EA
:10AB6000002000239A42ACBF8021194630461A4685
:10AB7000FFF78CFE68B91C4B1B68DB07BFD500BE16
:10AB8000BEE70146304601F08FF83046802101F0E3
:10AB90008BF8012002B070BDA28994F90010531BFC
:10ABA0009BB2402B28BF402300290ADB95424FF07F
:10ABB000000112D00D4A3046FFF768FE0028DAD0B7
:10ABC000E7E795420BD001461A460848019311F079
:10ABD00033F88021054A019BEDE70A46EBE7802127
:10ABE0000022E8E7DC730020F0ED00E09C73002019
:10ABF00000B170470EF080BE00B170470EF086BE07
:10AC00000138C3B2042B07D856230D4A03FB00F0CA
:10AC100013181B79DB0706D40A4B1B68DB0700D52A
:10AC200000BE00207047CB09363301F07F0103EBF3
:10AC30004101054B08441044196801F0CDBD00BF27
:10AC4000F0730020F0ED00E0A07500200138C3B2E1
:10AC5000042B07D856230A4A03FB00F013181B796C
:10AC6000DB0701D400207047CB09363301F07F01A8
:10AC700003EB4101034B08441044196801F0D8BDAF
:10AC8000F0730020A0750020F0B5441EE5B2042D3D
:10AC900083B017D8562505FB04F5174E01F07F0445
:10ACA00005EB4404344404EBD1143034A779FF0796
:10ACB0000BD5124B186810F0010001D000BE002027
:10ACC00003B0F0BD002003B0F0BD1F4613460A4696
:10ACD0000146705DA579009745F00105A57100F06A
:10ACE000BDFB0028ECD1A37960F30003A371A37925
:10ACF00060F38203A371E3E7F0730020F0ED00E05E
:10AD00002DE9F047764DAF798F4284B091461E46CB
:10AD100004465BD0E2234FF0000AA9718DF80910B8
:10AD20008DF80830ADF80CA0002E00F0B3800121A2
:10AD300003AF0DF10808FBF72DFE41463A4602230A
:10AD40002046FBF755FE51462046FBF723FE9DF8B3
:10AD50000C30EB702223D9F800908DF80730002ECC
:10AD60003ED020460121FBF715FE3A460DF10701C2
:10AD700001232046FBF73CFE9DF80C30EB70494662
:10AD8000082300222046FBF733FE20460021FBF774
:10AD900001FE0026102241F2F20320460121EA7151
:10ADA000ADF80830ADF80C60FBF7F4FD3A464146CB
:10ADB00002232046FBF71CFE31462046FBF7EAFD46
:10ADC0009DF80C30EB7004B0BDE8F087222303AF90
:10ADD0000DF10808D9F800908DF80730002EC0D189
:10ADE0004FF0FF31E86D0DF011FA31462046FBF7C8
:10ADF0000BFE20460121FBF7CDFD3A460DF1070180
:10AE000001232046FBF7F4FD9DF80C30EB70324631
:10AE1000082349462046FBF7EBFD31462046FBF769
:10AE2000B9FD20460121FBF7EFFD3346324631469E
:10AE3000E86D0CF0CFFD102241F2F2034FF0FF312C
:10AE4000E86DEA71ADF80830ADF80C600DF0DEF990
:10AE500031462046FBF7D8FD20460121FBF79AFD3D
:10AE60003A46022341462046FBF7C2FD31462046C2
:10AE7000FBF790FD20460121FBF7C6FD3346324625
:10AE80003146E86D0CF0A6FD9DF80C30EB7004B077
:10AE9000BDE8F0874FF0FF31E86D0DF0B7F93146AE
:10AEA0002046FBF7B1FD03AF204601210DF1080854
:10AEB000FBF770FD3A46022341462046FBF798FD1A
:10AEC00031462046FBF766FD20460121FBF79CFD3D
:10AED000334632463146E86D0CF07CFD37E700BF63
:10AEE000A47500202DE9F04F4B781D070E4685B064
:10AEF00090460978044662D1DA0600F14881B268CA
:10AF000012B1B288002A5AD1E24D03F02006AB7983
:10AF100066F07F068B42F6B200F06481E2230027E0
:10AF2000A9718DF809108DF80830ADF80C70B8F1E2
:10AF3000000F00F06C82012120460DF10C090DF18B
:10AF4000080AFBF727FD51464A4602232046FBF735
:10AF50004FFD39462046FBF71DFD9DF80C30EB7088
:10AF6000F223EE718DF8096000268DF80830ADF8F7
:10AF70000C60B8F1000F40F0D980E86D4FF0FF3160
:10AF80000DF044F941462046FBF73EFD20460121E5
:10AF9000FBF700FD4A46022351462046FBF728FDF9
:10AFA00041462046FBF7F6FC20460121FBF72CFD2D
:10AFB000434642464146E86D0CF00CFD45E0B54D78
:10AFC00013F02007AA7946D1914240F0BE800DF1DE
:10AFD0000C090DF1080AB37813F0100F0CBF102202
:10AFE0002022EA2300278DF809208DF80830ADF8DB
:10AFF0000C70B8F1000F00F0FA8001212046FBF739
:10B00000C9FC02234A4651462046FBF7F1FC39466B
:10B010002046FBF7BFFC9DF80C30EB707378EB71AA
:10B02000F222012120468DF809308DF80820ADF874
:10B030000C70FBF7AFFC51464A4602232046FBF753
:10B04000D7FC39462046FBF7A5FC9DF80C30EB7089
:10B0500005B0BDE8F08F914240F0A1800DF10C09E0
:10B060000DF1080AB37813F0100F0CBF40228022B4
:10B07000EA2300278DF809208DF80830ADF80C7010
:10B08000B8F1000F00F0E48001212046FBF782FCBC
:10B09000514602234A462046FBF7AAFC3946204681
:10B0A000FBF778FC9DF80C30EB7032882B899A42C4
:10B0B0002AD0B788F2887388BF1ABFB25B099F4253
:10B0C00028BF1F4617F0FF0740F008813A23AF70F2
:10B0D0008DF8097000278DF80830ADF80C70B8F1C4
:10B0E000000F00F0D98001212046FBF753FC5146A8
:10B0F00002234A462046FBF77BFC39462046FBF7F5
:10B1000049FC9DF80C30EB7033782B7273786B72BE
:10B110007378EB71F22200268DF809308DF8082043
:10B12000ADF80C60B8F1000F3FF427AF20460121C5
:10B13000FBF730FC51464A4602232046FBF758FCF9
:10B1400031462046FBF726FC7FE7E223A9718DF804
:10B150000910ADF80C708DF80830B8F1000F00F050
:10B16000DE80012120460DF10C090DF1080AFBF7E4
:10B1700011FC51464A4602232046FBF739FC39466A
:10B180002046FBF707FC9DF80C30EB7023E74346A5
:10B1900006F10802FFF7B4FD05B0BDE8F08FE22329
:10B1A0000027A9718DF809108DF80830ADF80C70E2
:10B1B000B8F1000F00F0D980012120460DF10C09F3
:10B1C0000DF1080AFBF7E6FB51464A4602232046EA
:10B1D000FBF70EFC39462046FBF7DCFB9DF80C30F4
:10B1E000EB703FE70DF10C090DF1080AB8E64FF0DE
:10B1F000FF31E86D0DF00AF841462046FBF704FCEC
:10B2000001212046FBF7C6FB02234A465146204651
:10B21000FBF7EEFB41462046FBF7BCFB0121204635
:10B22000FBF7F2FB434642464146E86D0CF0D2FB89
:10B230009DF80C30EB707378E86DEB71F2224FF0F3
:10B24000FF318DF80930ADF80C808DF8082097E6B5
:10B250004FF0FF31E86D0CF0D9FF41462046FBF777
:10B26000D3FB20460121FBF795FB4A4602235146BA
:10B270002046FBF7BDFB41462046FBF78BFB2046F3
:10B280000121FBF7C1FB434642464146E86D0CF005
:10B29000A1FB07E7A47500204FF0FF31E86D0CF02B
:10B2A000B5FF41462046FBF7AFFB20460121FBF7E7
:10B2B00071FB4A46022351462046FBF799FB414663
:10B2C0002046FBF767FB20460121FBF79DFB434629
:10B2D00042464146E86D0CF07DFB12E712238DF8E3
:10B2E0000730D6F808B0B8F1000F64D0204601212D
:10B2F000FBF750FB4A460DF1070101232046FBF7FF
:10B3000077FB9DF80C30EB7059463B4600222046F7
:10B31000FBF76EFB00212046FBF73CFBD6E64FF027
:10B32000FF31E86D0CF072FF41462046FBF76CFBE5
:10B330000DF10C09204601210DF1080AFBF72AFB4B
:10B340004A46022351462046FBF752FB414620461F
:10B35000FBF720FB20460121FBF756FB4346424604
:10B360004146E86D0CF036FB0DE74FF0FF31E86D1C
:10B370000CF04CFF41462046FBF746FB0DF10C0953
:10B38000204601210DF1080AFBF704FB4A4602237F
:10B3900051462046FBF72CFB41462046FBF7FAFAC4
:10B3A00020460121FBF730FB434642464146E86D0B
:10B3B0000CF010FB12E74FF0FF31E86D0CF026FFA8
:10B3C00041462046FBF720FB20460121FBF7E2FA2D
:10B3D0004A460DF1070101232046FBF709FB9DF8C2
:10B3E0000C30EB7042463B4659462046FBF700FBCB
:10B3F00041462046FBF7CEFA20460121FBF704FB2D
:10B40000434642464146E86D0CF0E4FA5EE64FF0F2
:10B41000FF31E86D0CF0FAFE41462046FBF7F4FAE6
:10B420000DF10C09204601210DF1080AFBF7B2FAD3
:10B430004A46022351462046FBF7DAFA41462046A7
:10B44000FBF7A8FA20460121FBF7DEFA4346424605
:10B450004146E86D0CF0BEFA7FE500BF2DE9F041F2
:10B4600002F07F0CBDF818E0D20981BBBCF1000FDF
:10B470005ED13E4EA6F160077178B47882F0010289
:10B4800062F345110A466FF3041244F01001727022
:10B49000B170B278B360032363F3030200258046E2
:10B4A000A6F804E0B270F5802846FFF7A1FBBC7A4D
:10B4B000C4BB01252046BD72FFF79EFB22464046D5
:10B4C00031462C46FFF70EFD2046BDE8F08182F0A4
:10B4D0000108BCF1000F2ED0254F01223C4604E0AC
:10B4E0000132142A04F10C0418D094F86C508D42E7
:10B4F000F6D102EB420507EB850595F8615005F0A2
:10B500000F066645ECD1C5F34015454504F16C06C0
:10B51000BFD00132142A04F10C04E6D100242046E5
:10B52000BDE8F0812846FFF767FB2046BDE8F081C3
:10B5300082F00108D0E70E4F01243D4602E00134BD
:10B54000142CEBD095F86C608E4205F10C05F6D109
:10B5500004EB4406B60007EB060C9CF861C01CF037
:10B560000F0FECD160363E4486E700BF0476002022
:10B57000A475002042DF704743DF704744DF704707
:10B5800012DF7047F0B5334CBFF35B8F014604F513
:10B5900090730125D3E84F2FC3E8405F0028F9D10D
:10B5A000BFF35B8F12F0FF0F48D1082929D04E015D
:10B5B000A21954F806C028489388284F01F59476BC
:10B5C00001EB810E50F82660D2889A1A93B2B6B277
:10B5D00000EB8E0209B2B34228BF3346C2F800C75F
:10B5E00007EB8100C2F8043747F82150BFF36F8F93
:10B5F000BFF34F8F1A4B984218D0043B984215D096
:10B60000F0BD154BD3F8C024D1030FD494F80B111F
:10B6100061B11449D4F80001C3F8A007C3F8A42706
:10B620000D60BFF36F8FBFF34F8FF0BD0023BFF3EB
:10B630005B8F84F82031BFF35B8FF0BD0A4B0B4862
:10B640005A68C2F30802003218BF0122BDE8F04078
:10B65000FFF794B8F4760020007002402870024092
:10B66000507002404870024000ED00E0E5B6020074
:10B67000174BBFF35B8F01460122D3E84F0FC3E89E
:10B680004C2FBCF1000FF8D1BFF35B8F10F0FF0F10
:10B6900014D10A60BFF36F8FBFF34F8F0D4B9942E8
:10B6A00003D0043B994200D070470B4BBFF35B8F34
:10B6B000002283F82021BFF35B8F7047074B0848B7
:10B6C0005A68C2F30802003218BF0122FFF756B8C9
:10B6D0001478002050700240F476002000ED00E065
:10B6E00071B60200F0B5334CBFF35B8FC1B204F505
:10B6F00090730126D3E84F2FC3E8406F0028F9D19B
:10B70000BFF35B8F12F0FF0F47D1082928D04D01FE
:10B71000621954F805E028489388DFF8B0C001F5B5
:10B72000947550F82570D2888D009A1A93B2BFB2E2
:10B730006A1800EB8202BB4228BF3B46C2F800E712
:10B740006544C2F804374CF82160BFF36F8FBFF334
:10B750004F8F1A4B9D4218D0043B9D4215D0F0BD2F
:10B76000154BD3F8C024D1030FD494F80B1161B159
:10B770001349D4F80001C3F8A007C3F8A4270E604A
:10B78000BFF36F8FBFF34F8FF0BD0023BFF35B8F0D
:10B7900084F82031BFF35B8FF0BD0A4B0A485A682A
:10B7A000C2F30802003218BF0122BDE8F040FEF7E4
:10B7B000E5BF00BFF47600200070024050700240E8
:10B7C0004870024000ED00E0E5B60200287002403B
:10B7D00001207047014B80225A60704700E100E071
:10B7E000074BD3F80014D3F8002400200A434FF489
:10B7F0008001C3F80024C3F85801C3F8041370474C
:10B8000000700240074B4FF4001229B9C3F8082317
:10B81000054B83F821117047C3F80423024B83F8CA
:10B820002111704700700240F476002070B48A78CD
:10B830008C88414EC97802F07F03D50905EB43009F
:10B8400006EB001001F00301C4F30A04012904818E
:10B850002BD0012101FA03F4BDB1384802339940DD
:10B86000C0F80413D0F810352343C0F81035334B1B
:10B8700042F48071C3F81825C3F80C15BFF36F8F1D
:10B88000BFF34F8F012070BC70472C4803F10C06AA
:10B89000B140C0F80413D0F8141503F594730C43A9
:10B8A000C0F8144540F82350E1E7082B08D0244B9A
:10B8B000186810F00100E6D000BE002070BC704790
:10B8C000EDB9B6F818311BB11C4B8022C3F81C250A
:10B8D0001A4A0023C2F85031D2F8003313F400138F
:10B8E00008BFC2F85431154B4FF44012C3F804237B
:10B8F000D3F8142542F48072C3F81425BEE7B6F8D5
:10B9000008210E4B0021C3F82C1112B18022C3F87C
:10B910001C250A4AD2F8003313F4001308BFC2F8FA
:10B920005431064B074AC3F80423D3F8102542F4D8
:10B930008072C3F81025A1E7F47600200070024061
:10B94000F0ED00E0000820001F4B80222DE9F041BF
:10B95000C3F88420BFF34F8FBFF36F8F01241B4DBB
:10B960001B4FA0460026A30004F10C02A11C03F10A
:10B97000804303F51C3308FA01F108FA02F20A4386
:10B98000C7F8082328465E60013420229E62002109
:10B9900010F076F9082C05F12005E4D10D4BC7F81D
:10B9A00008332022C7F81C6500217E620A48BE6465
:10B9B00010F066F9C7F81485C7F81085024B80228D
:10B9C0005A60BDE8F08100BF00E100E0147700207C
:10B9D0000070024000083000F477002001F07F0280
:10B9E000082A70B44FEAD11128D0012303FA02F0DB
:10B9F000C043B1B1294C951CAB40C4F80833D4F80E
:10BA00001055274B2840C4F8100501EB420103EB09
:10BA100001110023CB72BFF36F8FBFF34F8F70BC48
:10BA200070471E4C02F10C05AB40C4F80833D4F843
:10BA300014551B4B2840C4F81405E6E7184B03EBDC
:10BA400001100024A0F808411448D1B14FF400645B
:10BA5000C0F80843D0F8104524F48074C0F81045AD
:10BA6000B3F81841B3F808510C48EC424FF0000607
:10BA700008BF4FF40014C0F81C6508BFC0F80843A5
:10BA8000C3E74FF48014C0F80843D0F8144524F4F9
:10BA90008074C0F81445C0F85011E1E7007002400E
:10BAA000F476002001F07F004FEAD11CF0B50CEBDA
:10BAB0004005744E2D01771985B0FC7A4CB1724B5C
:10BAC0001C6814F0010401D000BE0024204605B01B
:10BAD000F0BD04F0FF0E7251BB80A7F806E000280D
:10BAE00043D1002B57D0BCF1000F00F08E8006EB45
:10BAF000401100EB8003CD8A8A8A0C8B0969521BA6
:10BB00009B0092B203F1804303F51C33A24228BF8D
:10BB100022465E4DC3F8001600B2C3F804265C4B03
:10BB2000BFF35B8F05EB80010122D3E84F4FC3E8E1
:10BB3000472F002FF9D1BFF35B8FE4B2002C40F008
:10BB4000908045F82020BFF36F8FBFF34F8F514B8C
:10BB5000994202D0043B994219D1BFF35B8F002375
:10BB600086F82031BFF35B8F11E0BCF1000FBED12E
:10BB700006EB40160123F372BFF36F8FBFF34F8FB5
:10BB8000B37A23B1F37A03F0FF04002B74D10124BC
:10BB9000204605B0F0BD404AD2F88024C2F3C0125E
:10BBA0006245A0D03D4D6A688DF80810C2F30801C7
:10BBB00000314FF4E06218BF012101A803938DF812
:10BBC0000930ADF80420FEF755FCBFF35B8F06F596
:10BBD00090720123D2E84F1FC2E8403F0028F9D1FC
:10BBE000BFF35B8FCCB2002C38D12A4A1360BFF36D
:10BBF0006F8FBFF34F8F1C46BFF35B8F204686F8D5
:10BC00002011BFF35B8F05B0F0BD0123204AF37212
:10BC1000BFF35B8FD2E84F4FC2E8413F0029F9D113
:10BC2000BFF35B8FE4B26CB91D4A1360BFF36F8F33
:10BC3000BFF34F8FBFF35B8F86F820C11C46BFF365
:10BC40005B8F43E7154B16495A681648C2F3080242
:10BC5000003218BF0122FEF791FD37E76A680D49EF
:10BC6000F3E70E4B0F485A68C2F30802003218BFC0
:10BC70000122FEF783FD29E786F80AC0FFF782FC60
:10BC800024E700BFF4760020F0ED00E004700240ED
:10BC900014780020507002400070024000ED00E077
:10BCA0004C70024071B6020011F07F0008B512D04E
:10BCB00008280BD00E4B41F48072C909C3F818252F
:10BCC00004D10C4B03EB40139A7A62B9BFF36F8F28
:10BCD000BFF34F8F08BD064B01225A65BFF36F8F2C
:10BCE000BFF34F8F08BD9972FFF74CFCEEE700BF22
:10BCF00000700240F476002011F0770F12D00A4B4A
:10BD000041F48072C3F80C15C3F80C25CA09C3F8B6
:10BD1000181504BF01F5947143F82120BFF36F8F0C
:10BD2000BFF34F8F704700BF007002402DE9F04F06
:10BD3000A54BA64CD3F8000300238BB01E461F462C
:10BD4000012520FA03F11A19C9074FEA820209D521
:10BD5000116839B105FA03F117600E43BFF36F8F15
:10BD6000BFF34F8F0133192BEBD1F20700F135826E
:10BD7000974D330508D5944BD3F8A83601229BB2D2
:10BD8000A5F8163185F81C21B70206F4800424D5E5
:10BD90008D4BD3F81425D00540F1FC81002C00F028
:10BDA000A182D3F80024D20740F19C82D3F8103549
:10BDB000DA0540F1FB8195F81C3107AF002B40F00C
:10BDC000BD82814BD3F82035089338464FF4407339
:10BDD0000121ADF81C30FEF74DFB04B37A4AD2F8CE
:10BDE000004440F201732340C2F80034E30500F13F
:10BDF0005682670510D5744B0122C3F808259A6551
:10BE0000D3F8002312F4001208BFC3F854216E4B7C
:10BE10004FF40012C3F80423A00500F1358231026B
:10BE20003DD5694BD3F880C4D3F88414D3F888E4A3
:10BE3000D3F88C74D3F89084D3F89444D3F898044E
:10BE4000D3F89C245FFA8CF35FFA80FCD0B25A06D8
:10BE5000C9B25FFA8EFEFFB25FFA88F85FFA84F922
:10BE600001D105291BD00024224668F3070263F3A1
:10BE7000070461F30F2469F30F226EF317446CF388
:10BE8000174260F31F6267F31F644FF4C063012120
:10BE900007A8CDE90842ADF81C30FEF7EBFA4D4B90
:10BEA0003340002B40F09181DFF82491464F4D46FE
:10BEB000CA4609F5907800241DE02B44DA7A002A5E
:10BEC00000F0D781DA88AAF804200022DA72D98833
:10BED00009914FF4E063012107A88DF820B08DF897
:10BEE0002120ADF81C30FEF7C5FABBF1080F47D092
:10BEF00001340AF1200A04F10C0326FA03F3DB07EC
:10BF00005FFA84FBF1D504EB840307EB8303DAF8D3
:10BF10000020D3F80807630112FA80F2E918CAF882
:10BF20000020CA8880B2024492B2082CCA80C4D0D1
:10BF3000BAF808208242C0D1CA88BAF804109142E7
:10BF4000BBD9BBF1000FD0D10122BFF35B8FD8E882
:10BF50004F3FC8E8412F0029F9D1BFF35B8F13F0A1
:10BF6000FF0F40F052821C490A60BFF36F8FBFF38E
:10BF70004F8FBFF35B8F85F82031BFF35B8FB7E73F
:10BF8000164B3340002B00F002810F4BD3F86C248A
:10BF90000192C3F86C24BFF36F8FBFF34F8F16F479
:10BFA000806600F06E81D3F88024D3F8803483F06B
:10BFB0008003C3F3C0130593C2F3C0130493DFF8E7
:10BFC00008A00024A84613E000700240409C001026
:10BFD000F4760020FCFB1F004C70024000040001BE
:10BFE000002C00F0F281072E52D0013409F1200913
:10BFF0000199E14004EB8403C9070AEB830308EBD2
:10C000004412E6B2ECD5D3F80816D9F81070C9B2CC
:10C010000F44C9F81070D08A014489B2D182A8496E
:10C02000D08AB9F8145061188900854202914FF006
:10C03000010C66F07F0103914FF4E06B4FF0000EAE
:10C04000614607A840F2B480D18AB9F81820C3F835
:10C0500000766D1AADB2954228BF1546994AC3F8CD
:10C060000456BFF35B8FD2E84F3FC2E841CF0029AF
:10C07000F9D1BFF35B8F13F0FF0F40F0ED80029B0F
:10C08000C3F800C0BFF36F8FBFF34F8F072EACD143
:10C09000019BDB03454601D4059B43B1EB7A23B1F9
:10C0A000EB88AA889A4200F271810123AB72019B4E
:10C0B0009F030BD595F82B3023B1EB8CAA8C9A42B9
:10C0C00000F28881012385F82A30019B5E030DD59B
:10C0D00095F84B3033B1B5F84630B5F844209A4264
:10C0E00000F27D81012385F84A30019B1C030DD5A8
:10C0F00095F86B3033B1B5F86630B5F864209A42E4
:10C1000000F27E81012385F86A30019BD8020DD5AB
:10C1100095F88B3033B1B5F88630B5F884209A4263
:10C1200000F23881012385F88A30019B99020DD5F0
:10C1300095F8AB3033B1B5F8A630B5F8A4209A42E3
:10C1400000F22D81012385F8AA30019B5A020DD5FA
:10C1500095F8CB3033B1B5F8C630B5F8C4209A4263
:10C1600000F22281012385F8CA30019B1B020ED503
:10C1700095F8EB30002B00F0F380B5F8E630B5F819
:10C18000E4209A4240F2EC800720FFF7FBF90BB065
:10C19000BDE8F08FD3F81025D1053FF50CAE95F82A
:10C1A00021211AB94FF40012C3F8082307AF08E69B
:10C1B000D38A09939DF80C30ADF81CB08DF820306F
:10C1C0008DF821E0FEF756F90DE70023BFF35B8FF2
:10C1D00085F82031BFF35B8F66E63B4B3B4A3C4D15
:10C1E0003C4800240127C2F81475C2F81075546049
:10C1F00094625C609C629C60DC62DC601C631C611D
:10C200005C635C619C639C61DC63DC611C64546204
:10C210009464C2F85841D2F80034D2F800140B43A9
:10C22000C2F80034D2F80033C2F808332146C2F80D
:10C23000040328464FF492720FF022FD40234FF47E
:10C240008072394607A82B832B818DF82040ADF8EA
:10C250001C20FEF70FF98CE51F4B20485A68029905
:10C26000C2F30802B2EB0E0218BF0122FEF786FAF3
:10C27000B9E61B4B1B68D80789D500BE0BB0BDE8DB
:10C28000F08FCDE904669AE600220523012107A874
:10C290008DF81C208DF81D30FEF7ECF8BFE501216C
:10C2A000C2F82C150423002207A88DF81C208DF855
:10C2B0001D30FEF7DFF867057FF5AEAD9BE500BFEB
:10C2C000019C0010147800200470024000700240AD
:10C2D000F47600200514C00100ED00E071B6020004
:10C2E000F0ED00E04F4BBFF35B8F0122D3E84F1F0F
:10C2F000C3E8402F0028F9D1BFF35B8F11F0FF0F87
:10C3000032D1494BD3F8C004C70352D495F80B116E
:10C3100001F0FF07002967D04449D5F80071C3F840
:10C32000A077C3F8A4070A60BFF36F8FBFF34F8FE6
:10C33000D3F81035D8053FF53EAD37E7B5F81631DF
:10C340000993002285F81C2188234FF4E0623846C7
:10C350000121ADF81C20ADF82030FEF78BF830E558
:10C36000012385F8EA3012E7314B32485A68C2F3AC
:10C370000802003218BF01220821FEF7FFF92A4BFC
:10C38000D3F81035DB053FF516AD0FE70020FFF7BA
:10C39000F9F88CE60420FFF7F5F8019BC6E60520C6
:10C3A000FFF7F0F8019BD1E60620FFF7EBF8019BC1
:10C3B000DCE6BFF35B8F85F82011BFF35B8FD3F80A
:10C3C0001035DF053FF5F7ACF0E6049900293FF49E
:10C3D0000CAE18E60120FFF7D5F8019B76E60220A7
:10C3E000FFF7D0F8019B81E6BFF35B8F85F82071E2
:10C3F000BFF35B8FD3F81035D9053FF5DCACD5E63C
:10C400000320FFF7BFF8019B80E6094B0A485A68F2
:10C410000A49C2F30802003218BF0122FEF7AEF942
:10C4200066E500BF147800200070024048700240AA
:10C4300000ED00E0E5B6020071B602004C7002406B
:10C4400030B5012885B000F09F8057D3022840D135
:10C45000BA4BD3F80435002B40F0D780B74AD2F856
:10C4600000341C05FBD54FF40063C2F80034BFF361
:10C470006F8FBFF34F8FB24AB24B12681B68082A06
:10C4800000F0D780AD4BB04D80240122C3F81C458D
:10C49000C3F80423C5F88441FDF7D8FA002840F01A
:10C4A000F880AA4D43F204044FF080432268AA4268
:10C4B00011D0D3F80C14D3F80C24D003F6D5CA0746
:10C4C000F4D59E4B0122C3F80425BFF36F8FBFF351
:10C4D0004F8F05B030BD04AA002102F80C1D104694
:10C4E000FFF74EF89DF804000028E2D010460191B5
:10C4F000FFF744F8019A002AD8D0E2E78F4BD3F82F
:10C500000025002AE5D14FF480014FF40062C3F802
:10C510000813C3F80024BFF36F8FBFF34F8F884B0E
:10C520001B68082B00F0B780844B0122C3F800255C
:10C53000BFF36F8FBFF34F8F43F2040203F18D53AC
:10C5400003F57723126803F2DB539A4200F0CA80A6
:10C550004FF08043D3F80C24D3F80C34D90301D521
:10C56000D207B6D443F20402784B12689A4200F024
:10C570001881774B00221A601B6801934FF08043AB
:10C58000012201991A60A4E76C4BD3F80025002A18
:10C590009FD00022C3F80425BFF36F8FBFF34F8FE6
:10C5A00069498020C1F88400BFF34F8FBFF36F8FBC
:10C5B000D3F80013C3F80813C3F80025BFF36F8F37
:10C5C000BFF34F8F43F2040103F18D5303F577233B
:10C5D000096803F2DB53994200F0998001AB5D4A90
:10C5E000012111605C4A5168C1F30801003118460D
:10C5F0004FF000024FF0020318BF01218DF8042014
:10C600008DF80530FDF736FF63E743F204024F4B28
:10C6100012689A4200F0B0804FF08043D3F80C24A7
:10C62000D3F80C34DB037FF519AFD5077FF516AFD0
:10C630004FE7032B0AD8494A1168002940F0988037
:10C64000474C49F275301060216010605A1E022A72
:10C6500010D8424A1168002967D1424D3848394BF9
:10C6600000681B6849F2753414602960146008285A
:10C670007FF408AF032B3FF605AF3B493B4B40F23D
:10C68000E370402208601A60BFF36F8FBFF34F8FD3
:10C69000F8E66C6005E72B4B1B685A1E022A12D87D
:10C6A0002E4B1A68002A40F08E802E4949F27532CE
:10C6B00003201A6008601A60214A224B12681B6826
:10C6C000082A7FF431AF032B3FF62EAF234B1A68B5
:10C6D000002A74D1224949F27532C0201A600860DC
:10C6E0001A6021E704AB002203F80C2D1846FEF770
:10C6F00047FF9DF8041000293FF42AAF1846019225
:10C70000FEF73CFF019B002B7FF4E3AE2AE704AB6E
:10C7100003F80C2D1846FEF733FF9DF80420002A7D
:10C720003FF45DAFFEF728FF5CE70549054B0D4A76
:10C7300008681B680021116099E700BF0070024083
:10C74000300100103401001000E100E0DBE5B151E0
:10C75000000100400400004000ED00E000EC064055
:10C7600014EC064014ED06400078024004780240C4
:10C77000174A0021116069E704AB002203F80C2D71
:10C780001846FEF7FDFE9DF8041000293FF444AF63
:10C7900018460192FEF7F2FE019B002B7FF499AE42
:10C7A0005CE604A8002300F80C3DFEF7E9FE9DF8C6
:10C7B0000430002B3FF4DDAEFEF7DCFE89E6044BCF
:10C7C000C0221A60B0E6034B03221A6074E700BF70
:10C7D00014EC064014ED0640F8B5037813F001049C
:10C7E00005D10678C6F3800626B12046F8BD0024A0
:10C7F0002046F8BD0F4605464FF0FF3138460BF096
:10C8000005FD2A7812F001040FD12B785B0704D4C0
:10C810002B7843F004032B700124002338461A467A
:10C8200019460BF0D7F82046F8BD3446F5E700BFAF
:10C8300070B505460E4608464FF0FF310BF0E6FC9A
:10C840002878C0F3800444B90024002330461A46F7
:10C8500019460BF0BFF8204670BD2B7813F001028B
:10C86000F2D12B7862F382032B70EEE710B4C37819
:10C87000848803F00303022BC4F30A0426D019D8DA
:10C88000012B04D0002318465DF8044B70470229A1
:10C8900040F2FF3208BF4FF48062A242F3D21A4B3B
:10C8A0001B6813F00103EED000BE002318465DF8AC
:10C8B000044B7047022914BF40234FF48063A34206
:10C8C000EDD3012318465DF8044B704702290BD0C5
:10C8D00012B1B4F5007F11D0A4F108039BB2182B5C
:10C8E00006D9402CEDD0DAE7B4F5007FD7D1E8E7E0
:10C8F000064A22FA03F3DB07D1D5E2E70024402100
:10C90000134644710171BEE7F0ED00E00101000142
:10C910000A44914216D230B44C78052C05D00C78DC
:10C9200021448A42F8D830BC70478C7804F07F05E7
:10C9300000EB4505E4092B550C7821448A42EBD8DD
:10C9400030BC7047704700BF2DE9F04182B00678D7
:10C95000089DBDF82470009361F300060446294643
:10C9600000F8086B012316463A46BDF82C80FCF708
:10C970006DFE05B13FB90A9B63600120A4F80280F7
:10C9800002B0BDE8F08104F11C0101200BF0FCF9BC
:10C9900026B903463046C4E90503ECE70023FAE76D
:10C9A00010B50446406908B10BF0E6FDA06908B176
:10C9B0000BF0E2FD012010BDF0B50B460D4613F85B
:10C9C000081B83B011F0020F0746184640F2FF1310
:10C9D0000CBF3F241C461646FCF774FEE8B9E6B1CE
:10C9E00026421AD12B786978DA07384618D5FEF72F
:10C9F00007F990B12B78697813F0010313D0002365
:10CA00003846CDE900331A46FEF73EF930B9084BF7
:10CA10001B68DB0701D500BE00E0002003B0F0BDBD
:10CA2000FDF714FFE5E738461A46FDF72FFFEDE75F
:10CA3000F0ED00E070B501F1080582B00646284629
:10CA40000C46FCF73FFE38B123786178DB073046AF
:10CA500005D5FEF7D5F830B9002002B070BDFDF75E
:10CA6000F5FE0028F8D0284662886168FCF754FE7D
:10CA7000054690B1237862686178D80717D50023FE
:10CA8000CDE9003330462B46FEF7FEF8B0B90C4B2B
:10CA90001B68DB07E0D500BEDFE72078617810F087
:10CAA0000104304608D1FDF7E1FE2046D5E73046C7
:10CAB0002B46FDF7EBFEE9E7FEF7C8F82846CCE782
:10CAC000F0ED00E02DE9F0418A890B7882B00C4648
:10CAD0000646E2B9DD07497857D5FEF791F80028F8
:10CAE0004FD0227863886178D20751D5002B5DD072
:10CAF000626800253046CDE90055FEF7C5F80028EC
:10CB00004DD1374B1B68DB073BD500BE3AE003F045
:10CB1000020301F10808002B40460CBF40274FF4E8
:10CB20000077304D08BF6FF03F05FCF7E3FD87420B
:10CB300027D823786178DB07304634D5FEF760F8D4
:10CB4000F8B14046FCF7D6FD874233D805EA00022B
:10CB500065882378617890B2854228BF0546DA0758
:10CB600032D5002D37D062680023CDE9003330463E
:10CB70002B46FEF789F80028C3D0284602E0FEF7CE
:10CB800065F8002002B0BDE8F081FDF75FFEA6E782
:10CB900073B162683046FDF779FE0028B1D0608835
:10CBA00002B0BDE8F081FDF751FEC9E71A46A0E7E3
:10CBB0001A46EFE72078617810F001043046DED1A4
:10CBC000FDF754FE2046DDE73DB1626830462B4656
:10CBD000FDF75CFECFE72A46C6E72A46F6E700BF28
:10CBE000F0ED00E000FEFFFF2DE9F0470478089E1D
:10CBF0001F46062C1AD8DFE814F055015B016001CE
:10CC00000700650172011B00438843EA0121B1F569
:10CC1000887F4FF0000341808380C0F06681114619
:10CC200004460EB10520B04700232370BDE8F0870D
:10CC300090F801C0B0F81641B0F802806FEA0C23FA
:10CC40001BB24FF000094B4544EA01219CB2B6BF2C
:10CC500041F22103630083EA44039CB2230446BFEC
:10CC600041F2210383EA440363009CB2230446BFDC
:10CC700041F2210383EA440363009CB2230446BFCC
:10CC800041F2210383EA440363009CB2230446BFBC
:10CC900041F2210383EA440363009CB2230446BFAC
:10CCA00041F2210383EA440363009CB2230446BF9C
:10CCB00041F2210383EA440363009BB21C0446BF94
:10CCC00041F2210484EA43045C005FFA88FEA4B2C6
:10CCD00084EA0E2424B2002CB8BF41F221031FFACB
:10CCE00084FEACBF4FEA4E0383EA4E039CB223049A
:10CCF00046BF41F2210383EA440363009CB223044C
:10CD000046BF41F2210383EA440363009CB223043B
:10CD100046BF41F2210383EA440363009CB223042B
:10CD200046BF41F2210383EA440363009CB223041B
:10CD300046BF41F2210383EA440363009CB223040B
:10CD400046BF41F2210383EA440363009CB22304FB
:10CD50004ABF41F22103630083EA44034FEA1825E6
:10CD60009BB283EA05231BB2002B9CB2B6BF41F2F3
:10CD70002103630083EA44039CB2230446BF41F2CB
:10CD8000210383EA440363009CB2250446BF41F2B9
:10CD9000210383EA440363009CB2230446BF41F2AB
:10CDA000210383EA440363009CB2250446BF41F299
:10CDB000210383EA440363009CB2230446BF41F28B
:10CDC000210383EA440363009CB2250446BF41F279
:10CDD000210383EA440363009BB21C044ABF41F26F
:10CDE00021045B0084EA4303A0F8161180F8009048
:10CDF0009BB2B8F1000F4AD008F1FF3400F1060EE3
:10CE00001EFA84FE41F22105441D14F8019F83EAB5
:10CE100009230FFA83F91FFA89F3B9F1000FACBFA8
:10CE20005B0085EA43039BB213F4004F0CBF5B0029
:10CE300085EA43039BB213F4004F0CBF5B0085EA05
:10CE400043039BB213F4004F0CBF5B0085EA43031E
:10CE50009BB213F4004F0CBF5B0085EA43039BB207
:10CE600013F4004F0CBF5B0085EA43039BB213F43D
:10CE7000004F0CBF5B0085EA43039BB213F4004FE5
:10CE80000CBF5B0085EA430374459BB2BDD1994258
:10CE900030D0002E3FF4CAAE334611460120BDE823
:10CEA000F0471847AA297FF4C1AE01230370BDE6FD
:10CEB000022341700370BDE8F087032341800370B3
:10CEC000BDE8F0878288531C02449BB28380917135
:10CED00042889A423FF6AAAE05230370A6E60623CF
:10CEE000A0F816110370BDE8F0870029F4D00423E0
:10CEF00003709BE6002F3FF499AE1346811D424616
:10CF00006046BC46BDE8F047604700BF70B50546C7
:10CF100000F553700AF0C6FB05F550700AF0C2FB2D
:10CF200005F54D700AF0BEFB05F54A700AF0BAFB34
:10CF300005F1080605F54274183C20460AF0B2FBDC
:10CF4000A642F9D1284670BD2DE9F047DFF8D0A000
:10CF5000DFF8B0902A4F0023CAE900330AF1080431
:10CF60000AF542784FF6FF762046494600250AF03A
:10CF70004BFB183424F80C6C24F80A6C44F8087C39
:10CF800004F8045CA045EFD100231E491E48CAF8EE
:10CF90000833CAF80C33CAF81033CAF81833CAF881
:10CFA00020338AF814538AF81C538AF824530AF061
:10CFB0002BFB144915480AF027FB124914480AF0C4
:10CFC00023FB104913480AF01FFB134A1349144866
:10CFD000CAF85853CAF85C53CAF86053CAF8645385
:10CFE000CAF868530DF05AFF06490E480AF00CFBC8
:10CFF000094A0D490B48BDE8F0470DF04FBF00BF8F
:10D00000000080BFBCEF03004C7B0020587B002059
:10D01000647B0020707B0020006000200DCF0200A8
:10D020002478002018780020A5760300034B044ADA
:10D030000121197013680B4413607047A87E00200B
:10D040001C7D0020704700BF10B5044650300AF028
:10D0500029FB04F118000AF025FB04F10C000AF08A
:10D0600021FB20460AF01EFB204610BD10B54FF4F0
:10D07000E47104460CF070FE204610BD08B503F0C4
:10D0800081FC034805F076FEB0FA80F0400908BD47
:10D09000C07E002038B52C4B1B7813B12B4B1B786E
:10D0A00003B138BD0AF092FB294B1B68C01AB0F5DA
:10D0B000FA7FF6D3274B1B7803F0FF04002BF0D147
:10D0C000254D0AF083FB2B68C01A0928E9D90AF01C
:10D0D0007DFB21462860214807F004F99FED207A66
:10D0E000B4EEC70AF1EE10FADBD4FBEE0E7AB4EE22
:10D0F000E70AF1EE10FAD4DC1A4A1B49D2ED007AA5
:10D100000B6870EE277A0133132BC2ED007A0B60A7
:10D11000C7DD9FED166ADFED166A164B0C6067EEF1
:10D12000867A0020F4EEE67AF1EE10FA88BFF0EE8F
:10D13000667AF4EEC77AF1EE10FAB8BFF0EE477AED
:10D140001060C3ED007A38BDF57B0020F47B002031
:10D15000647E0020A87E00206C7E0020C07E00201F
:10D16000000016C3447E0020707E0020CDCC4C3DD4
:10D17000000048C21C6100202DE9F04786B0002461
:10D18000DFF8EC902F4E304DDFF8E8800094234616
:10D19000224621462D48DFF8E0A009F055FE494619
:10D1A00030460AF031FA2A46414630460DF076FE06
:10D1B0002C2300932649274E50462B232D2203F083
:10D1C000EBFB254A0492012348208DF815308DF899
:10D1D00014400CF0BBFD06AB074613E9030002AB9D
:10D1E00083E803002E2300932F222623CDF804A0EA
:10D1F00038462A2103F026FD3946304605F098FDD1
:10D20000164B1749174F33602A4630460DF046FE3D
:10D21000154A164BC2F8024049463846C3F8024048
:10D2200014705470A2F816411C705C70A3F816417B
:10D230000AF0EAF92A464146384606B0BDE8F0470A
:10D240000DF02CBEAC7E002000600020107D002080
:10D2500000300240C07E002080841E0074EB03007A
:10D2600045D00200507E0020287D0020F87B002061
:10D27000BCEF0300A5760300947E0020F0B5C5B096
:10D2800001AC150A4FF0AA0CE570D51C1E46607063
:10D29000A27084F800C0ADB2DAB1002971D017468F
:10D2A00002A80EF0C9FC07F1040CBA1D05371FFADD
:10D2B0008CFC92B2BFB285B9FF210B4604F80C304A
:10D2C000E155002E5BD021463148F9F75DF845B0B5
:10D2D000F0BD052706224FF0040C23464FF6FF71E0
:10D2E00041F2210013F801EF81EA0E210FFA81FECD
:10D2F0001FFA8EF1BEF1000FACBF490080EA410178
:10D3000089B211F4004F0CBF490080EA410189B293
:10D3100011F4004F0CBF490080EA410189B211F4B9
:10D32000004F0CBF490080EA410189B211F4004F5F
:10D330000CBF490080EA410189B211F4004F0CBFD3
:10D34000490080EA410189B211F4004F0CBF490045
:10D3500080EA410189B2A3EB040E11F4004F1FFAD9
:10D360008EFE0CBF490080EA4101AE4589B2B9D3B7
:10D37000CBB2090A04F80C30E155002EA3D145B018
:10D38000F0BD052706224FF0040C002DA5D193E730
:10D39000BC630020F0B50121ADF5057D344805F0F2
:10D3A000B3FF431EFE2B4ED9324B1B78002B42D0CD
:10D3B0000DF5057DF0BD2E4805F094FFBDEEC00AC9
:10D3C0002B4810EE103A1DB205F06CFFF2EE047A15
:10D3D00020EE270A284ABDEEC00A5068158210EEDA
:10D3E000103A01301BB2538250608DF80A3102A905
:10D3F0001F122246EBB20DF58770C5F307258DF895
:10D4000008318DF80C318DF80B718DF809518DF8BC
:10D410000D510EF011FCA21D92B2012342A904206D
:10D420000096FFF72BFF0AF0D1F9124B134A1B7835
:10D430001060002BBCD103F0A5FA0D4805F09AFC52
:10D440000DF5057DF0BD0246044602A9084806F028
:10D4500021F806460028AED0074A0649D368097865
:10D460000133D3600029E6D00DF5057DF0BD00BF86
:10D47000C07E0020247D0020787E0020647E002075
:10D480000EB410B5B5B037AB044653F8042B019376
:10D4900002A8C8210FF0BEFA00280BDB022C0ED028
:10D4A000084A094B012C18BF1A460849084802AB24
:10D4B00009F030FD35B0BDE8104003B07047054AB3
:10D4C000F3E700BF74EF030064EF03007CEF030099
:10D4D000BC6300206CEF0300F0B52DED028B044619
:10D4E00087B0404807F0D8FE2368DFED3F7A3D481B
:10D4F00000EE103AB8EE400A20EE270A04F0DCFCF9
:10D5000020B1002007B0BDEC028BF0BD63689FED39
:10D51000370A344807EE903AF8EE677A27EE800A29
:10D5200008F09AFA0028ECD1217A2E4808F0F2F996
:10D530000028E6D10246617A2A4808F009FB06462F
:10D540000028DED194F90A502648162DA8BF1625CA
:10D5500008F080FB29462348B0EE408A04F0DEFC48
:10D560000746204808F076FBBDEEC88A204B94F9A8
:10D570000A201B680092BDEEC00A16210291019597
:10D58000039730468DED050A8DED048A194A1A4934
:10D59000FFF776FF002FB4D1B4F80B101148C9B2D1
:10D5A000442208F00BFB0028ABD1617B0D4808F04A
:10D5B00069FB05460028A4D101240A4808F058FF59
:10D5C00041F2210341F60F5221460094054808F02C
:10D5D000ADFE2946034808F0E1FF024808F0D2FFFB
:10D5E00020468FE7C07E0020BD3786356F12833A14
:10D5F000AC7E002084EC030090EC0300F8B5234BD4
:10D600001B782BB1224C237813B9224B1B7803B122
:10D61000F8BD03F0B3F90028FAD003F0B7F90546D6
:10D620000028F5D01C4E0AF0D1F83368074653B3F2
:10D630004FF47A72C31A02FB05F29A42E8D8174BEC
:10D640001B68C31AB3F5FA7FE2D3154B1B78002B86
:10D65000DED1144807F020FE02200AF0C3F8237838
:10D660000BB9FFF70BFD1049104C376000234FF04A
:10D67000000C2A461846C1F800C023600C49BDE8DA
:10D68000F840FFF7FDBE3060F8BD00BFF57B00201D
:10D69000247D0020F47B00205C7E0020647E00203E
:10D6A000A87E0020C07E0020447E0020707E0020E6
:10D6B000F8EC0300F0B5C5B001ACAA2501236070F9
:10D6C00025706380002900F019810B7823710621F1
:10D6D000072605256FEA002000B20028B8BF41F2F6
:10D6E000210387B2ACBF7B0083EA470398B20304EF
:10D6F00046BF41F2210383EA4003430098B2070486
:10D7000046BF41F2210383EA4003430098B2030479
:10D7100046BF41F2210383EA4003430098B2070465
:10D7200046BF41F2210383EA4003430098B2030459
:10D7300046BF41F2210383EA4003430098B2070445
:10D7400046BF41F2210383EA4003430098B2030439
:10D750004ABF41F22103430083EA40039BB283F4B2
:10D7600080731BB2002B98B2B6BF41F22103430075
:10D7700083EA400398B2070446BF41F2210383EADB
:10D780004003430098B2030446BF41F2210383EAF9
:10D790004003430098B2070446BF41F2210383EAE5
:10D7A0004003430098B2030446BF41F2210383EAD9
:10D7B0004003430098B2070446BF41F2210383EAC5
:10D7C0004003430098B2030446BF41F2210383EAB9
:10D7D0004003430098B2070446BF41F2210383EAA5
:10D7E0004003430098B2030446BF41F2210383EA99
:10D7F0004003430098B2070446BF41F2210383EA85
:10D800004003430098B2030446BF41F2210383EA78
:10D810004003430098B2070446BF41F2210383EA64
:10D820004003430098B2030446BF41F2210383EA58
:10D830004003430098B2070446BF41F2210383EA44
:10D840004003430098B2030446BF41F2210383EA38
:10D850004003430098B207044ABF41F2210343004A
:10D8600083EA400320799BB283EA00231BB2002B9A
:10D8700098B2B6BF41F22103430083EA400398B255
:10D88000030446BF41F2210383EA4003430098B2F8
:10D89000070446BF41F2210383EA4003430098B2E4
:10D8A000030446BF41F2210383EA4003430098B2D8
:10D8B000070446BF41F2210383EA4003430098B2C4
:10D8C000030446BF41F2210383EA4003430098B2B8
:10D8D000070446BF41F2210383EA400343009BB2A1
:10D8E000180446BF41F2210080EA43035B009BB26B
:10D8F000180A635560542AB945B0F0BD05210626C3
:10D900000425E7E6324621460248F8F73DFD45B0DA
:10D91000F0BD00BFBC63002030B5012883B00546D0
:10D920000C4603D10C4AD3680133D36023462A4600
:10D930000A490220FFF7A4FD02A9A4F10203B4FAE8
:10D9400084F2B3FA83F301F8015D52095B09FE200A
:10D95000FFF7B0FE03B030BD787E002040EF03003B
:10D960002DE9F04F2F4C2778D7B004468A4616464B
:10D970001D46C7BB431E332B35D8DFE813F04501E6
:10D9800034003400340034003400340034003400F7
:10D9900034003400340034003400340045014501C3
:10D9A00034003400340034003400340034003400D7
:10D9B00034003400340034003400340045013400B5
:10D9C00045013400340034003400340034003400A5
:10D9D0003400340034003400340034004501450183
:10D9E000340034004501482C01F07C851ED9742C8C
:10D9F00002F0E88440F29383942C01F0A98140F274
:10DA00007984982C00F0B682FF2C00F0B382962C1B
:10DA100040F04A8646F6FF039BB213AC5B00024A15
:10DA200000F074BCF57B0020AA970100302C01F0B7
:10DA30007F8540F20582402C01F07E8600F2388519
:10DA4000312C01F0E581342C40F02E86042E02F0BA
:10DA5000DB8040F2FF1313AC9BB25B00694A22608B
:10DA60001F044FF0060222714ABF41F221025B00FF
:10DA700082EA43039AB2170446BF41F2210383EAC4
:10DA8000420353009AB2160446BF41F2210383EACF
:10DA9000420353009AB2100446BF41F2210383EAC5
:10DAA000420353009AB2110446BF41F2210383EAB4
:10DAB000420353009AB2130446BF41F2210383EAA2
:10DAC000420353009AB217044ABF41F221035300A4
:10DAD00083EA4203A2789BB283EA02231BB2002BA3
:10DAE0009AB2B6BF41F22103530083EA42039AB2CD
:10DAF000160446BF41F2210383EA420353009AB25F
:10DB0000100446BF41F2210383EA420353009AB254
:10DB1000110446BF41F2210383EA420353009AB243
:10DB2000130446BF41F2210383EA420353009AB231
:10DB3000170446BF41F2210383EA420353009AB21D
:10DB4000160446BF41F2210383EA420353009AB20E
:10DB500010044ABF41F22103530083EA4203E278F2
:10DB60009BB283EA02231BB2002B9AB2B6BF41F2EA
:10DB70002103530083EA42039AB2110446BF41F2E3
:10DB8000210383EA420353009AB2130446BF41F2D1
:10DB9000210383EA420353009AB2170446BF41F2BD
:10DBA000210383EA420353009AB2160446BF41F2AE
:10DBB000210383EA420353009AB2100446BF41F2A4
:10DBC000210383EA420353009AB2110446BF41F293
:10DBD000210383EA420353009AB213044ABF41F27D
:10DBE0002103530083EA42039BB283F4C0631BB258
:10DBF000002B9AB280F2DA8041F2210383EA4203D9
:10DC00009AB2D5E0AAFE010013AC40F2FF138A4A93
:10DC100022609BB25B000B2222711A0446BF41F2C4
:10DC2000210282EA43035B009AB2130446BF41F229
:10DC3000210383EA420353009AB2170446BF41F21C
:10DC4000210383EA420353009AB2160446BF41F20D
:10DC5000210383EA420353009AB2100446BF41F203
:10DC6000210383EA420353009AB2110446BF41F2F2
:10DC7000210383EA420353009AB213044ABF41F2DC
:10DC80002103530083EA4203A2789BB283EA022372
:10DC90001BB2002B9AB2B6BF41F22103530083EAB4
:10DCA00042039AB2170446BF41F2210383EA4203BA
:10DCB00053009AB2160446BF41F2210383EA42039D
:10DCC00053009AB2100446BF41F2210383EA420393
:10DCD00053009AB2110446BF41F2210383EA420382
:10DCE00053009AB2130446BF41F2210383EA420370
:10DCF00053009AB2170446BF41F2210383EA42035C
:10DD000053009AB216044ABF41F22103530083EA3A
:10DD10004203E2789BB283EA02231BB2002B9AB241
:10DD2000B6BF41F22103530083EA42039AB21004C2
:10DD300046BF41F2210383EA420353009AB2110421
:10DD400046BF41F2210383EA420353009AB213040F
:10DD500046BF41F2210383EA420353009AB21704FB
:10DD600046BF41F2210383EA420353009AB21604EC
:10DD700046BF41F2210383EA420353009AB21004E2
:10DD800046BF41F2210383EA420353009AB21104D1
:10DD90004ABF41F22103530083EA42039BB283F45A
:10DDA00030631BB2002B9AB2FFF626AF53009AB233
:10DDB000110446BF41F2210383EA420353009AB2A1
:10DDC000130446BF41F2210383EA420353009AB28F
:10DDD000170446BF41F2210383EA420353009AB27B
:10DDE000160446BF41F2210383EA420353009AB26C
:10DDF000100446BF41F2210383EA420353009AB262
:10DE0000110446BF41F2210383EA420353009BB24F
:10DE10001A0446BF41F2210282EA43035B009BB22F
:10DE20001A0A6371A27125B9214607220348F8F73F
:10DE3000ABFA57B0BDE8F08FAAFE0100BC6300202A
:10DE4000112C01F02A8500F26F85012C01F0DC8194
:10DE5000102C40F029840E2E7FF4FBAD3F4CDAF8F5
:10DE60000000DAF80410DAF808203D4E234607C314
:10DE7000BAF80C201A80617B3368B4F80B2094F94F
:10DE80000A0067680791617A0692227A02972668EB
:10DE90000196CDE90410039200930020314B3249E2
:10DEA0002A46FFF7EDFA2046FFF716FB002802F09E
:10DEB000E78094E80F0013AC2C4E266014AE07C622
:10DEC000224633800DF15D004FF6FF7341F22101D0
:10DED00012F8016F83EA06231EB2B3B2002EACBF64
:10DEE0005B0081EA43039BB21E0454BF5B0081EADE
:10DEF00043039BB21F0454BF5B0081EA43039BB200
:10DF00001E0454BF5B0081EA43039BB21F0454BF4D
:10DF10005B0081EA43039BB21E0454BF5B0081EAAD
:10DF200043039BB21F0454BF5B0081EA43039BB2CF
:10DF30001E0454BF5B0081EA430390429BB2C7D1E9
:10DF40001A0AA374E274002D41F0AA822146142219
:10DF50000748F8F719FA01F0A3BA00BF20610020C2
:10DF6000AC7E002084EC030028EE0300AA120E0011
:10DF7000BC630020FF2313AC9BB24FF6AA725B0078
:10DF800022601F0446BF41F2210282EA43035B0084
:10DF90009AB2160446BF41F2210383EA42035300BA
:10DFA0009AB2100446BF41F2210383EA42035300B0
:10DFB0009AB2110446BF41F2210383EA420353009F
:10DFC0009AB2130446BF41F2210383EA420353008D
:10DFD0009AB2170446BF41F2210383EA4203530079
:10DFE0009AB216044ABF41F22103530083EA420366
:10DFF000A2789BB283EA02231BB2002B9AB2B6BF6F
:10E0000041F22103530083EA42039AB2100446BF4F
:10E0100041F2210383EA420353009AB2110446BF3E
:10E0200041F2210383EA420353009AB2130446BF2C
:10E0300041F2210383EA420353009AB2170446BF18
:10E0400041F2210383EA420353009AB2160446BF09
:10E0500041F2210383EA420353009AB2100446BFFF
:10E0600041F2210383EA420353009AB211044ABFEA
:10E0700041F22103530083EA4203E2789BB283EA30
:10E0800002231BB2002B9AB2B6BF41F22103530008
:10E0900083EA42039AB2130446BF41F2210383EAA2
:10E0A000420353009AB2170446BF41F2210383EAA8
:10E0B000420353009AB2160446BF41F2210383EA99
:10E0C000420353009AB2100446BF41F2210383EA8F
:10E0D000420353009AB2110446BF41F2210383EA7E
:10E0E000420353009AB2130446BF41F2210383EA6C
:10E0F000420353009BB21F0446BF41F2210282EA51
:10E1000043035B009BB21A0A23716271002D7FF4F6
:10E1100090AE214606227648F8F736F989E6612C5A
:10E1200001F03C8300F295834A2C00F07B87602C41
:10E1300040F0BA826FF4C04313AC46F2AA02002B3F
:10E1400022609AB2C1F2428553009AB2160446BFC9
:10E1500041F2210383EA420353009AB2100446BFFE
:10E1600041F2210383EA420353009AB2110446BFED
:10E1700041F2210383EA420353009AB2130446BFDB
:10E1800041F2210383EA420353009AB2170446BFC7
:10E1900041F2210383EA420353009AB2160446BFB8
:10E1A00041F2210383EA420353009AB210044ABFAA
:10E1B00041F22103530083EA4203A2789BB283EA2F
:10E1C00002231BB2002B9AB2B6BF41F221035300C7
:10E1D00083EA42039AB2110446BF41F2210383EA63
:10E1E000420353009AB2130446BF41F2210383EA6B
:10E1F000420353009AB2170446BF41F2210383EA57
:10E20000420353009AB2160446BF41F2210383EA47
:10E21000420353009AB2100446BF41F2210383EA3D
:10E22000420353009AB2110446BF41F2210383EA2C
:10E23000420353009AB213044ABF41F22103530030
:10E2400083EA4203E2789BB283EA02231BB2002BEB
:10E250009AB2B6BF41F22103530083EA42039AB255
:10E26000170446BF41F2210383EA420353009AB2E6
:10E27000160446BF41F2210383EA420353009AB2D7
:10E28000100446BF41F2210383EA420353009AB2CD
:10E29000110446BF41F2210383EA420353009AB2BC
:10E2A000130446BF41F2210383EA420353009AB2AA
:10E2B000170446BF41F2210383EA420353009BB295
:10E2C0001E0446BF41F2210282EA43035B009BB277
:10E2D0001A0A237162713DB9214606220448F8F7F3
:10E2E00053F80348F8F742F8C82009F07BFAA0E594
:10E2F000BC630020902C00F0B985922C40F0D481B2
:10E3000046F6FF439BB2694A13AC5B0019042260D6
:10E310004FF00102227146BF41F2210282EA43031B
:10E3200093409AB2170446BF41F2210383EA4203A5
:10E3300053009AB2160446BF41F2210383EA420316
:10E3400053009AB2100446BF41F2210383EA42030C
:10E3500053009AB2110446BF41F2210383EA4203FB
:10E3600053009AB2130446BF41F2210383EA4203E9
:10E3700053009AB217044ABF41F22103530083EAC3
:10E380004203A2789BB283EA02231BB2002B9AB20B
:10E39000B6BF41F22103530083EA42039AB2160446
:10E3A00046BF41F2210383EA420353009AB21004AC
:10E3B00046BF41F2210383EA420353009AB211049B
:10E3C00046BF41F2210383EA420353009AB2130489
:10E3D00046BF41F2210383EA420353009AB2170475
:10E3E00046BF41F2210383EA420353009AB2160466
:10E3F00046BF41F2210383EA420353009AB210045C
:10E400004ABF41F22103530083EA4203E2789BB200
:10E4100083EA02231BB2002B9AB2B6BF41F221035A
:10E42000530083EA42039AB2110446BF41F221032A
:10E4300083EA420353009AB2130446BF41F2210318
:10E4400083EA420353009AB2170446BF41F2210304
:10E4500083EA420353009AB2160446BF41F22103F5
:10E4600083EA420353009AB2100446BF41F22103EB
:10E4700083EA420353009AB2110446BF41F22103DA
:10E4800083EA420353009AB213044ABF41F22103C4
:10E49000530083EA42039BB283F480731BB2002BC8
:10E4A0009AB2BFF683ACFFF7A7BB00BFAA930100E7
:10E4B000412C00F0F980422C40F0F680764C7748F1
:10E4C00000232370FFF708F8002801F04282237828
:10E4D000002B01F03682012271490020FEF7D0FFA7
:10E4E00000226FF48C4313AC002B6E49216099B26B
:10E4F000BBBF41F2210383EA41034B001BB29BB235
:10E500001E0446BF41F2210181EA43035B0099B238
:10E51000080446BF41F2210383EA41034B0099B24C
:10E520000B0446BF41F2210383EA41034B0099B239
:10E530000F0446BF41F2210383EA41034B0099B225
:10E540000E0446BF41F2210383EA41034B0099B216
:10E55000080446BF41F2210383EA41034B0099B20C
:10E560000B044ABF41F221034B0083EA4103A17827
:10E5700022719BB283EA01231BB2002B99B2B6BF72
:10E5800041F221034B0083EA410399B20F0446BFD5
:10E5900041F2210383EA41034B0099B20E0446BFC6
:10E5A00041F2210383EA41034B0099B2080446BFBC
:10E5B00041F2210383EA41034B0099B20B0446BFA9
:10E5C00041F2210383EA41034B0099B20F0446BF95
:10E5D00041F2210383EA41034B0099B20E0446BF86
:10E5E00041F2210383EA41034B0099B208044ABF78
:10E5F00041F221034B0083EA4103E1789BB283EAB5
:10E6000001231BB2002B99B2B6BF41F221034B008C
:10E6100083EA410399B20B0446BF41F2210383EA26
:10E6200041034B0099B20F0446BF41F2210383EA34
:10E6300041034B0099B20E0446BF41F2210383EA25
:10E6400041034B0099B2080446BF41F2210383EA1B
:10E6500041034B0099B20B0446BF41F2210383EA08
:10E6600041034B0099B20F0446BF41F2210383EAF4
:10E6700041034B0099B20E044ABF41F221034B0003
:10E6800083EA41039BB283EA02231BB2002B9AB2B6
:10E69000BFF68CABFFF7B0BA247D002020610020CC
:10E6A000C0EE0300AA46010040F2FF1313AC9BB278
:10E6B0005B00994A226018044FF0020222714ABF9F
:10E6C00041F221025B0082EA43039AB2110446BF81
:10E6D00041F2210383EA420353009AB2130446BF76
:10E6E00041F2210383EA420353009AB2170446BF62
:10E6F00041F2210383EA420353009AB2160446BF53
:10E7000041F2210383EA420353009AB2100446BF48
:10E7100041F2210383EA420353009AB211044ABF33
:10E7200041F22103530083EA4203A2789BB283EAB9
:10E7300002231BB2002B9AB2B6BF41F22103530051
:10E7400083EA42039AB2130446BF41F2210383EAEB
:10E75000420353009AB2170446BF41F2210383EAF1
:10E76000420353009AB2160446BF41F2210383EAE2
:10E77000420353009AB2100446BF41F2210383EAD8
:10E78000420353009AB2110446BF41F2210383EAC7
:10E79000420353009AB2130446BF41F2210383EAB5
:10E7A000420353009AB217044ABF41F221035300B7
:10E7B00083EA4203E2789BB283EA02231BB2002B76
:10E7C0009AB2B6BF41F22103530083EA42039AB2E0
:10E7D000160446BF41F2210383EA420353009AB272
:10E7E000100446BF41F2210383EA420353009AB268
:10E7F000110446BF41F2210383EA420353009AB257
:10E80000130446BF41F2210383EA420353009AB244
:10E81000170446BF41F2210383EA420353009AB230
:10E82000160446BF41F2210383EA420353009AB221
:10E8300010044ABF41F22103530083EA42039BB212
:10E8400083F400731BB2002B9AB2BFF6AFAAFFF796
:10E85000D3B9702C00F06782722C7FF425AF08F0DA
:10E86000B5FF2E4B2E491A68CDF8510013AC00238A
:10E8700021602371C4F80930C4F80D30C4F81120A8
:10E88000214618AE4FF6FF7341F2210011F8012F17
:10E8900083EA02231AB293B2002AACBF5B0080EA7B
:10E8A00043039BB21F0454BF5B0080EA43039BB247
:10E8B0001A0454BF5B0080EA43039BB21F0454BF99
:10E8C0005B0080EA43039BB21A0454BF5B0080EAFA
:10E8D00043039BB21F0454BF5B0080EA43039BB217
:10E8E0001A0454BF5B0080EA43039BB21F0454BF69
:10E8F0005B0080EA4303B1429BB2C7D11A0A637539
:10E90000A275002D7FF495AA214617220548F7F736
:10E910003BFDFFF78EBA00BFAAFE0100B87E0020C3
:10E92000AA731100BC630020202C00F08581222CEA
:10E930007FF4BAAEA04BA14AD3ED007A1392B2EEA7
:10E94000047A67EE877A13ACFDEEE77A17EE903A19
:10E950001BB219128DF829108DF82830BDF8283017
:10E96000A3806FF40C53002B9AB2BBBF41F221037A
:10E9700083EA420353001BB29BB21F0446BF41F21D
:10E98000210282EA43035B009AB2160446BF41F2B9
:10E99000210383EA420353009AB2100446BF41F2B6
:10E9A000210383EA420353009AB2110446BF41F2A5
:10E9B000210383EA420353009AB2130446BF41F293
:10E9C000210383EA420353009AB2170446BF41F27F
:10E9D000210383EA420353009AB216044ABF41F26C
:10E9E0002103530083EA4203A2789BB283EA022305
:10E9F0001BB2002B9AB2B6BF41F22103530083EA47
:10EA000042039AB2100446BF41F2210383EA420353
:10EA100053009AB2110446BF41F2210383EA420334
:10EA200053009AB2130446BF41F2210383EA420322
:10EA300053009AB2170446BF41F2210383EA42030E
:10EA400053009AB2160446BF41F2210383EA4203FF
:10EA500053009AB2100446BF41F2210383EA4203F5
:10EA600053009AB211044ABF41F22103530083EAD2
:10EA70004203E2789BB283EA02231BB2002B9AB2D4
:10EA8000B6BF41F22103530083EA42039AB2130452
:10EA900046BF41F2210383EA420353009AB21704AE
:10EAA00046BF41F2210383EA420353009AB216049F
:10EAB00046BF41F2210383EA420353009AB2100495
:10EAC00046BF41F2210383EA420353009AB2110484
:10EAD00046BF41F2210383EA420353009AB2130472
:10EAE00046BF41F2210383EA420353009AB217045E
:10EAF0004ABF41F22103530083EA420322799BB2C9
:10EB000083EA02231BB2002B9AB2B6BF41F2210363
:10EB1000530083EA42039AB2160446BF41F221032E
:10EB200083EA420353009AB2100446BF41F2210324
:10EB300083EA420353009AB2110446BF41F2210313
:10EB400083EA420353009AB2130446BF41F2210301
:10EB500083EA420353009AB2170446BF41F22103ED
:10EB600083EA420353009AB2160446BF41F22103DE
:10EB700083EA420353009AB210044ABF41F22103D0
:10EB8000530083EA420362799BB283EA02231BB2F9
:10EB9000002B9AB2B6BF41F22103530083EA42032D
:10EBA0009AB2110446BF41F2210383EA42035300A3
:10EBB0009AB2130404E000BF1C610020AA230200E3
:10EBC00046BF41F2210383EA420353009AB217047D
:10EBD00046BF41F2210383EA420353009AB216046E
:10EBE00046BF41F2210383EA420353009AB2100464
:10EBF00046BF41F2210383EA420353009AB2110453
:10EC000046BF41F2210383EA420353009BB21A0438
:10EC100046BF41F2210282EA43035B009BB21A0A1B
:10EC2000A371E271002D7FF404A9214608228548D2
:10EC3000F7F7AAFBFFF7FDB808F0C8FD824A834F3B
:10EC4000D2ED007A824A834B1278FA75B2EE047ADA
:10EC500067EE877AA3FB0023FDEEE77A9B093B6012
:10EC600017EE903A4FF6FF7600223E83BA75BB82CC
:10EC70000FCF13ACDFF8F0C1C4F800C00DF1500C99
:10EC8000ACE80F0097E80700ACE803003346ACF8A7
:10EC9000002021460DF1690641F2210011F8012FF3
:10ECA00083EA02231AB293B2002AACBF5B0080EA67
:10ECB00043039BB21A0454BF5B0080EA43039BB238
:10ECC0001F0454BF5B0080EA43039BB21A0454BF85
:10ECD0005B0080EA43039BB21F0454BF5B0080EAE1
:10ECE00043039BB21A0454BF5B0080EA43039BB208
:10ECF0001F0454BF5B0080EA43039BB21A0454BF55
:10ED00005B0080EA4303B1429BB2C7D11A0AA377E2
:10ED1000E277002D7FF48DA8214620224948F7F79D
:10ED200033FBFFF786B84C4B1C6820460DF020FEE5
:10ED3000A5F10206B6FA86F67609B5FA85F382B22F
:10ED4000214600965B097120FEF798FAFFF771B82B
:10ED5000212200210AA80CF093FF01238DF828300E
:10ED60000AAE0FCE13AC3D4F276014AF0FC70FCEC6
:10ED70000FC733683B7021461CAE4FF6FF7341F25C
:10ED8000210011F8012F83EA02231AB293B2002A5C
:10ED9000ACBF5B0080EA43039BB21F0454BF5B001F
:10EDA00080EA43039BB21A0454BF5B0080EA43032A
:10EDB0009BB21F0454BF5B0080EA43039BB21A045A
:10EDC00054BF5B0080EA43039BB21F0454BF5B0047
:10EDD00080EA43039BB21A0454BF5B0080EA4303FA
:10EDE0009BB21F0454BF5B0080EA43038E429BB278
:10EDF000C7D11A0A84F8253084F82620002D7FF424
:10EE000018A8214627220F48F7F7BEFAFFF711B8D6
:10EE1000134B1B7823B901F0B5FD124803F0AAFF8C
:10EE20006FF44C5313AC002B43F2AA3222609AB217
:10EE3000BBBF41F2210383EA420353001BB29BB2E2
:10EE4000FFF79FB8BC6300201C610020787E002083
:10EE5000F47B0020D34D6210AC7E0020AA952100E7
:10EE6000247D0020C07E0020AA211A006B490120C9
:10EE7000FEF706FB13AC46F6FF63694A22609BB2BD
:10EE80005B00032222711A0446BF41F2210282EA8A
:10EE900043035B009AB2170446BF41F2210383EAA1
:10EEA000420353009AB2160446BF41F2210383EA9B
:10EEB000420353009AB2100446BF41F2210383EA91
:10EEC000420353009AB2110446BF41F2210383EA80
:10EED000420353009AB2130446BF41F2210383EA6E
:10EEE000420353009AB217044ABF41F22103530070
:10EEF00083EA4203A2789BB283EA02231BB2002B6F
:10EF00009AB2B6BF41F22103530083EA42039AB298
:10EF1000160446BF41F2210383EA420353009AB22A
:10EF2000100446BF41F2210383EA420353009AB220
:10EF3000110446BF41F2210383EA420353009AB20F
:10EF4000130446BF41F2210383EA420353009AB2FD
:10EF5000170446BF41F2210383EA420353009AB2E9
:10EF6000160446BF41F2210383EA420353009AB2DA
:10EF700010044ABF41F22103530083EA4203E278BE
:10EF80009BB283EA02231BB2002B9AB2B6BF41F2B6
:10EF90002103530083EA42039AB2110446BF41F2AF
:10EFA000210383EA420353009AB2130446BF41F29D
:10EFB000210383EA420353009AB2170446BF41F289
:10EFC000210383EA420353009AB2160446BF41F27A
:10EFD000210383EA420353009AB2100446BF41F270
:10EFE000210383EA420353009AB2110446BF41F25F
:10EFF000210383EA420353009AB213044ABF41F249
:10F000002103530083EA42039BB283F440731BB293
:10F01000002B9AB2BEF6CAAEFEF7EEBD0CEF0300AF
:10F02000AA910100002E00F0D9859AF80040714B9A
:10F030007148724A7249002C14BF012400241C70CC
:10F0400008BF024613AC0020FEF71AFA6D4B23608E
:10F050006FF496430022002B22719AB2C0F26182B3
:10F0600053009BB21A0446BF41F2210282EA4303D5
:10F070005B009AB2170446BF41F2210383EA4203C0
:10F0800053009AB2160446BF41F2210383EA4203B9
:10F0900053009AB2100446BF41F2210383EA4203AF
:10F0A00053009AB2110446BF41F2210383EA42039E
:10F0B00053009AB2130446BF41F2210383EA42038C
:10F0C00053009AB217044ABF41F22103530083EA66
:10F0D0004203A2789BB283EA02231BB2002B9AB2AE
:10F0E000B6BF41F22103530083EA42039AB21604E9
:10F0F00046BF41F2210383EA420353009AB210044F
:10F1000046BF41F2210383EA420353009AB211043D
:10F1100046BF41F2210383EA420353009AB213042B
:10F1200046BF41F2210383EA420353009AB2170417
:10F1300046BF41F2210383EA420353009AB2160408
:10F1400046BF41F2210383EA420353009AB21004FE
:10F150004ABF41F22103530083EA4203E2789BB2A3
:10F1600083EA02231BB2002B9AB2B6BF41F22103FD
:10F17000530083EA42039AB2110446BF41F22103CD
:10F1800083EA420353009AB2130446BF41F22103BB
:10F1900083EA420353009AB2170446BF41F22103A7
:10F1A00083EA420353009AB2160446BF41F2210398
:10F1B00083EA420353009AB2100446BF41F221038E
:10F1C00083EA420353009AB2110446BF41F221037D
:10F1D00083EA420353009AB213044ABF41F2210367
:10F1E000530083EA42039AB217043EF505ADFEF7D9
:10F1F000DDBD00BF4C7E002020ED03001CED0300B0
:10F200008CEE0300AA4B0100731EFE2B00F20A8451
:10F21000A54BA6481C7006F03FF8204608F0E2FA1D
:10F22000A34B1B78002B40F05887A24F13AC4FF034
:10F230000008DFF8989201F0A3FB514687F80080A0
:10F24000434632469948D9F800A007F0D5FB2B4633
:10F2500083460090324640469749FEF711F9BBF1CC
:10F26000000F00F0778602205A469449FEF708F90D
:10F270008D4B8E4883F8008003F0C2FF40F2FF13ED
:10F280009BB25A008E4B236011044FF0040323718C
:10F2900046BF41F2210383EA420353009AB21304AA
:10F2A00046BF41F2210383EA420353009AB2170496
:10F2B00046BF41F2210383EA420353009AB2160487
:10F2C00046BF41F2210383EA420353009AB210047D
:10F2D00046BF41F2210383EA420353009AB211046C
:10F2E00046BF41F2210383EA420353009AB213045A
:10F2F0004ABF41F22103530083EA4203A2789BB242
:10F3000083EA02231BB2002B9AB2B6BF41F221035B
:10F31000530083EA42039AB2170446BF41F2210325
:10F3200083EA420353009AB2160446BF41F2210316
:10F3300083EA420353009AB2100446BF41F221030C
:10F3400083EA420353009AB2110446BF41F22103FB
:10F3500083EA420353009AB2130446BF41F22103E9
:10F3600083EA420353009AB2170446BF41F22103D5
:10F3700083EA420353009AB216044ABF41F22103C2
:10F38000530083EA4203E2789BB283EA02231BB272
:10F39000002B9AB2B6BF41F22103530083EA420325
:10F3A0009AB2100446BF41F2210383EA420353009C
:10F3B0009AB2110446BF41F2210383EA420353008B
:10F3C0009AB2130446BF41F2210383EA4203530079
:10F3D0009AB2170446BF41F2210383EA4203530065
:10F3E0009AB2160446BF41F2210383EA4203530056
:10F3F0009AB2100446BF41F2210383EA420353004C
:10F400009AB211044ABF41F22103530083EA420336
:10F410009BB283F480631BB2002B9AB2C0F2868148
:10F4200053009AB2130446BF41F2210383EA420318
:10F4300053009AB2170446BF41F2210383EA420304
:10F4400053009AB2160446BF41F2210383EA4203F5
:10F4500053009AB2100446BF41F2210383EA4203EB
:10F4600053009AB2110446BF41F2210383EA4203DA
:10F4700053009AB213044ABF41F22103530083EAB6
:10F4800042039BB21F0400F1AD825B009BB21A0ADB
:10F490006371A27125B9214607220A48F6F774FF65
:10F4A000094B1B7814E000BFF47B0020C07E0020D5
:10F4B0004C7E0020A87E002054ED030078ED030070
:10F4C000AAFE0100BC630020247D00201C7D0020DA
:10F4D000002B7EF4AEAC01F055FAA34803F04AFCD1
:10F4E000FEF7A7BC172E324651464FF0000628BF44
:10F4F00017220AA8CDE90A66CDE90C66CDE90E66A9
:10F500000CF09AFB0AAA30469849FDF7B9FF13ACF4
:10F510006FF49243964A2260B34226719AB2BFF6C4
:10F520009FAD41F2210383EA42031BB29BB299E5EE
:10F530008D48904F05F0B0FE012008F053F98E4B36
:10F540001A7800233B70002A00F03F828B498C4AD6
:10F5500008788C4914781A4660F3070208788A49BB
:10F5600064F30F220978149313AC60F3174261F32C
:10F570001F62226021464FF4C0727B48C4E9022218
:10F5800003F04EFE002800F0EC8140F2FF137F4AAA
:10F5900022609BB207225B0022711A044ABF41F22B
:10F5A00021025B0082EA43039AB2170446BF41F28C
:10F5B000210383EA420353009AB2160446BF41F284
:10F5C000210383EA420353009AB2100446BF41F27A
:10F5D000210383EA420353009AB2110446BF41F269
:10F5E000210383EA420353009AB2130446BF41F257
:10F5F000210383EA420353009AB217044ABF41F23F
:10F600002103530083EA4203A2789BB283EA0223D8
:10F610001BB2002B9AB2B6BF41F22103530083EA1A
:10F6200042039AB2160446BF41F2210383EA420321
:10F6300053009AB2100446BF41F2210383EA420309
:10F6400053009AB2110446BF41F2210383EA4203F8
:10F6500053009AB2130446BF41F2210383EA4203E6
:10F6600053009AB2170446BF41F2210383EA4203D2
:10F6700053009AB2160446BF41F2210383EA4203C3
:10F6800053009AB210044ABF41F22103530083EAA7
:10F690004203E2789BB283EA02231BB2002B9AB2A8
:10F6A000B6BF41F22103530083EA42039AB2110428
:10F6B00046BF41F2210383EA420353009AB2130486
:10F6C00046BF41F2210383EA420353009AB2170472
:10F6D00046BF41F2210383EA420353009AB2160463
:10F6E00046BF41F2210383EA420353009AB2100459
:10F6F00046BF41F2210383EA420353009AB2110448
:10F7000046BF41F2210383EA420353009AB2130435
:10F710004ABF41F22103530083EA42039BB283F4C0
:10F72000E0631BB2002B9AB2BFF67AAE41F221031E
:10F7300083EA42039AB275E601F026F90A4805F019
:10F74000ABFD134B1349012213AC00201A70FDF7D7
:10F7500097FE114B23606FF488430022002B227127
:10F760009AB2BFF67DACDCE6C07E002098EE0300C6
:10F77000AA490100A87E0020A97E00202F61002058
:10F78000196100202E610020187D0020AAFE0100D2
:10F79000247D0020B0EE0300AA44010013AC002633
:10F7A0003146267008A8DFF8788207F061FB314601
:10F7B0000AA807F05DFBD8F80030099AC4F80120C8
:10F7C00013F001078A4E36D18A49304607F01CFFF4
:10F7D000884906F10C0007F017FF864906F118006A
:10F7E00007F012FF06F1280086F8247007F024FBCA
:10F7F00006F1300007F020FB06F1380007F01CFB93
:10F8000006F1400007F018FB06F1480007F014FB72
:10F81000784906F1500007F0F7FE01233046764A9A
:10F820007649A6F85C7086F85E7086F85F70C8F856
:10F8300000300BF033FBB6F85C3063711B0A704884
:10F84000A37120210DF0AEF8C6B2E671002E40F093
:10F850003E8208260927202169480DF0A3F8C0B28E
:10F86000202840F2B7802023A35598461A46E01975
:10F8700063490CF0E1F94744BFB2A5F10200B0FAC8
:10F8800080F04009B5FA85F300903A4621465B09BD
:10F890006220FDF7F3FCFEF7CCBA5A4B5A4F0FCB60
:10F8A00013AC14AE276007C62146338041F2210015
:10F8B0000DF15D064FF6FF7311F8012F83EA022365
:10F8C0001AB293B2002AACBF5B0080EA43039BB23A
:10F8D0001F0454BF5B0080EA43039BB21A0454BF69
:10F8E0005B0080EA43039BB21F0454BF5B0080EAC5
:10F8F00043039BB21A0454BF5B0080EA43039BB2EC
:10F900001F0454BF5B0080EA43039BB21A0454BF38
:10F910005B0080EA43039BB21F0454BF5B0080EA94
:10F920004303B1429BB2C7D11A0AA374E274002DFB
:10F930007EF47FAA214614223448F6F725FDFEF70F
:10F9400078BA01F01FF8324803F014FA00283EF4A8
:10F95000C2AD002210462F49FDF792FD0122FEF7AD
:10F96000C0BD07F033FF3B78064623B10BE007F03C
:10F9700039FF3B783BB907F029FF831BB3F5FA7FCA
:10F980004FF00100F3D33B78002B40F0B9812249BE
:10F990000120FDF775FD1E4805F07EFC052007F0EF
:10F9A00021FF1848FDF798FD40F2FF139BB25A0063
:10F9B0001A4B23600723237113044ABF41F221032A
:10F9C000530083EA42039AB2EFE5114803F0BCFC0E
:10F9D00013ACD7E5A05500283FF44FAF02461FFAFD
:10F9E00080F844E741F2210282EA43039BB24EE5EC
:10F9F000947B0020BCEF03000060002049D002008F
:10FA000088EE030020610020AA120E00BC630020D3
:10FA1000C07E0020C0EE030004EE0300AAFE010039
:10FA2000907B002013AC40F2FF13764A22609BB219
:10FA30005B00052222711A0446BF41F2210282EACC
:10FA400043035B009AB2170446BF41F2210383EAE5
:10FA5000420353009AB2160446BF41F2210383EADF
:10FA6000420353009AB2100446BF41F2210383EAD5
:10FA7000420353009AB2110446BF41F2210383EAC4
:10FA8000420353009AB2130446BF41F2210383EAB2
:10FA9000420353009AB217044ABF41F221035300B4
:10FAA00083EA4203A2789BB283EA02231BB2002BB3
:10FAB0009AB2B6BF41F22103530083EA42039AB2DD
:10FAC000160446BF41F2210383EA420353009AB26F
:10FAD000100446BF41F2210383EA420353009AB265
:10FAE000110446BF41F2210383EA420353009AB254
:10FAF000130446BF41F2210383EA420353009AB242
:10FB0000170446BF41F2210383EA420353009AB22D
:10FB1000160446BF41F2210383EA420353009AB21E
:10FB200010044ABF41F22103530083EA4203E27802
:10FB30009BB283EA02231BB2002B9AB2B6BF41F2FA
:10FB40002103530083EA42039AB2110446BF41F2F3
:10FB5000210383EA420353009AB2130446BF41F2E1
:10FB6000210383EA420353009AB2170446BF41F2CD
:10FB7000210383EA420353009AB2160446BF41F2BE
:10FB8000210383EA420353009AB2100446BF41F2B4
:10FB9000210383EA420353009AB2110446BF41F2A3
:10FBA000210383EA420353009AB213044ABF41F28D
:10FBB0002103530083EA42039BB283F4A0631BB288
:10FBC000002B9AB2BEF6F2A8FEF716B841F2210356
:10FBD00083EA4203C3F30D02FEF7B8BA40F2FF1303
:10FBE0009BB213AC5A00074B236011044FF0020381
:10FBF00023714ABF41F22103530083EA42039AB2C0
:10FC0000FEF764BDAAFE01003648374B9AF8004063
:10FC1000364A04709AF80100187035499AF80200C3
:10FC2000344B10709AF80360DAF80000324A0E7014
:10FC300013AC0121C4E90020197022460DF15300D4
:10FC40004FF6FF7341F2210112F8016F83EA062398
:10FC50001EB2B3B2002EACBF5B0081EA43039BB27D
:10FC60001E0454BF5B0081EA43039BB21F0454BFD0
:10FC70005B0081EA43039BB21E0454BF5B0081EA30
:10FC800043039BB21F0454BF5B0081EA43039BB252
:10FC90001E0454BF5B0081EA43039BB21F0454BFA0
:10FCA0005B0081EA43039BB21E0454BF5B0081EA00
:10FCB000430382429BB2C7D11A0A23726272002D9B
:10FCC00000F005821E2007F08DFDFEF7B2B8324627
:10FCD0000A49B6B215A806F109070BF0ADFF0836C0
:10FCE000B9E500BF2F610020196100202E610020BE
:10FCF000187D0020A97E0020AA35040088EE0300AC
:10FD0000984803F039FC984A002390423B7000F079
:10FD10004E830F3000F0708240F2FF139BB25A0006
:10FD2000924B236017044FF00703237146BF41F243
:10FD3000210383EA420353009AB2160446BF41F2FC
:10FD4000210383EA420353009AB2100446BF41F2F2
:10FD5000210383EA420353009AB2110446BF41F2E1
:10FD6000210383EA420353009AB2130446BF41F2CF
:10FD7000210383EA420353009AB2170446BF41F2BB
:10FD8000210383EA420353009AB216044ABF41F2A8
:10FD90002103530083EA4203A2789BB283EA022341
:10FDA0001BB2002B9AB2B6BF41F22103530083EA83
:10FDB00042039AB2100446BF41F2210383EA420390
:10FDC00053009AB2110446BF41F2210383EA420371
:10FDD00053009AB2130446BF41F2210383EA42035F
:10FDE00053009AB2170446BF41F2210383EA42034B
:10FDF00053009AB2160446BF41F2210383EA42033C
:10FE000053009AB2100446BF41F2210383EA420331
:10FE100053009AB211044ABF41F22103530083EA0E
:10FE20004203E2789BB283EA02231BB2002B9AB210
:10FE3000B6BF41F22103530083EA42039AB213048E
:10FE400046BF41F2210383EA420353009AB21704EA
:10FE500046BF41F2210383EA420353009AB21604DB
:10FE600046BF41F2210383EA420353009AB21004D1
:10FE700046BF41F2210383EA420353009AB21104C0
:10FE800046BF41F2210383EA420353009AB21304AE
:10FE900046BF41F2210383EA420353009AB217049A
:10FEA0004ABF41F22103530083EA42039BB283F429
:10FEB000E0631BB2002B9AB2B6BF41F2210353009C
:10FEC00083EA42039AB2160446BF41F2210383EA51
:10FED000420353009AB2100446BF41F2210383EA61
:10FEE000420353009AB2110446BF41F2210383EA50
:10FEF000420353009AB2130446BF41F2210383EA3E
:10FF0000420353009AB2170446BF41F2210383EA29
:10FF1000420353009AB2160446BF41F2210383EA1A
:10FF2000420353009BB2180446BF41F2210282EA09
:10FF300043035B009BB21A0A6371A271002D00F0AB
:10FF40003B820B4B1B78002B7DF473AFFDF796F8CB
:10FF5000FDF76FBF07F03AFC3B788346B3B941F237
:10FF600093180BE0C07E002042FDFFFFAAFE0100B7
:10FF7000247D002007F036FC3B783BB907F026FCD7
:10FF8000A0EB0B0343454FF00200F3D9894897F8E3
:10FF9000008003F035F9884A00233B70137007F0A6
:10FFA00015FC864B5FFA88F81860B8F1000F7AD01C
:10FFB000834A8048936831460133936003F032FDF1
:10FFC000010A020C030E8DF829108DF828008DF817
:10FFD0002B308DF82A200A9A7A4B0646C4E9003263
:10FFE0000DF1530022464FF6FF7341F2210112F842
:10FFF000017F83EA07231FB2BBB2002FACBF5B00B7
:020000023000CC
:1000000081EA43039BB21F0454BF5B0081EA4303B0
:100010009BB21F0454BF5B0081EA43039BB21F04E1
:1000200054BF5B0081EA43039BB21F0454BF5B00D3
:1000300081EA43039BB21F0454BF5B0081EA430380
:100040009BB21F0454BF5B0081EA43039BB21F04B1
:1000500054BF5B0081EA430390429BB2C7D11A0AA6
:100060002372627225B921460A225748F6F78CF9A5
:100070002B46324655490020FDF702FAFFF710BA29
:1000800040F2FF139BB213AC5A00514B236006237E
:10009000237113044ABF41F22103530083EA420350
:1000A0009AB2FDF7E8BCD9F800304A49A3EB0A033D
:1000B00032460220FDF7E4F93E4805F0EDF8052050
:1000C00007F090FB4448FDF707FAFFF7D7B8214641
:1000D0000A223D48F6F758F9F4E5404FDFF8D4908E
:1000E0004FF0020B13AC3E4B19783E4B1A780023AD
:1000F000636061F307033C4962F30F233B4A0978CD
:10010000127861F317434FF4C07062F31F63A0606D
:10011000E0604FF000022146484623603A7003F049
:100120007FF848BB07F052FB3B78804623B10BE0D9
:1001300007F058FB3B783BB907F048FBA0EB0803FE
:10014000C72B4FF00200F3D9484602F08DFF4FF461
:10015000C0718046484602F00FFF18F4807F3FF4DC
:1001600066A807F033FB00F01F00143007F03AFBDD
:10017000BBF1010F40F01D811D490120FDF780F901
:10018000A5F1020C0C48B5FA85F2DCF100034FF042
:100190000001017043EB0C0352090E252146FE209D
:1001A0002570FDF787FA134B1B78002B7DF441AEC9
:1001B000CCE600BFC07E0020F47B0020647E0020DF
:1001C000787E0020AA020400BC6300209CED03009E
:1001D000AAFE0100C4ED030020610020A87E0020DB
:1001E0002F610020196100202E610020187D002061
:1001F00024ED0300247D00201A466FF44853002BA1
:100200008349216099B2BBBF41F2210383EA4103D4
:100210004B001BB29BB2190446BF41F2210181EA97
:1002200043035B0099B20B0446BF41F2210383EA0A
:1002300041034B0099B20F0446BF41F2210383EA08
:1002400041034B0099B20E0446BF41F2210383EAF9
:1002500041034B0099B2080446BF41F2210383EAEF
:1002600041034B0099B20B0446BF41F2210383EADC
:1002700041034B0099B20F044ABF41F221034B00E6
:1002800083EA4103A17822719BB283EA01231BB266
:10029000002B99B2B6BF41F221034B0083EA410320
:1002A00099B20E0446BF41F2210383EA41034B0099
:1002B00099B2080446BF41F2210383EA41034B008F
:1002C00099B20B0446BF41F2210383EA41034B007C
:1002D00099B20F0446BF41F2210383EA41034B0068
:1002E00099B20E0446BF41F2210383EA41034B0059
:1002F00099B2080446BF41F2210383EA41034B004F
:1003000099B20B044ABF41F221034B0083EA410337
:10031000E1789BB283EA01231BB2002B99B2B6BFEE
:1003200041F221034B0083EA410399B20F0446BF17
:1003300041F2210383EA41034B0099B20E0446BF08
:1003400041F2210383EA41034B0099B2080446BFFE
:1003500041F2210383EA41034B0099B20B0446BFEB
:1003600041F2210383EA41034B0099B20F0446BFD7
:1003700041F2210383EA41034B0099B20E0446BFC8
:1003800041F2210383EA41034B0099B208044ABFBA
:1003900041F221034B0083EA41039BB283EA02232B
:1003A0001BB2002B9AB2BFF63BA8FFF7BFB90122E0
:1003B00023E74FF0010B96E6214607221548F5F793
:1003C000E3FFBEE5A81E414241410022B5FA85F394
:1003D00000915B091146FF20FCF750FF0E490020F9
:1003E000FDF74EF84FF080435722C3F81C256420D8
:1003F00007F0F8F9BFF34F8F0849094BCA6802F4B8
:10040000E0621343CB60BFF34F8F00BFFDE700BF37
:10041000AA320100BC630020D8EE030000ED00E02A
:100420000400FA052DE9F04104460E4617469846A9
:1004300007F0CCF9044D434628603A463146204641
:10044000BDE8F041FDF78CBA207D002000000000DF
:10045000F0B5B9488DB04FF461210446F6F79EF827
:1004600007F0B4F940F6B736054608E007F0AEF9F4
:10047000401BB0424FF00A0006D807F0B3F92046FF
:10048000F6F7AAF80028F1D0C82007F0ABF9AB497D
:10049000AB4D06A807F0B8F806A909A807F0DAF8E6
:1004A000A84909A807F060F9A74907F05DF90146D6
:1004B000A64807F0FFF809A807F0F4F806A807F027
:1004C000F1F8A34BA3499C48002206F023FD00F05D
:1004D0005FFA07F07BF90121286025200AF0F8FA7D
:1004E000012125200AF078FB00F046FA9A4800F036
:1004F00085FA2C242D202B212E222623CDE903043E
:10050000CDE9012100932A222F2394490020FCF7F2
:10051000B7FF00260A2208238DE84C000921072294
:100520009FED8F1ADFED8F0A9FED8F0A8F48122300
:1005300002F0F4F88E49044602463046FCF7A0FF6C
:10054000002C7FD07C4C02E00A2007F04BF92046BB
:10055000F5F712FF0028F7D00023012209A9FE2099
:1005600008248DF82440FDF7A5F88249724806F06A
:10057000B9FC814B00221A70804F3E6816F00106CC
:1005800036D17F4C7F49204607F03EF87D4904F183
:100590000C0007F039F87B4904F1180007F034F833
:1005A00004F1280084F8246006F046FC04F13000D1
:1005B00006F042FC04F1380006F03EFC04F1400075
:1005C00006F03AFC04F1480006F036FC6D4904F1EF
:1005D000500007F019F8012320466B4A6B49A4F834
:1005E0005C6084F85E6084F85F603B600AF056FCF3
:1005F0006749684807F088F841F2873401E007F05E
:10060000F1F807F0E3F82B68C31AA3424FF0320069
:10061000F5D9614B01221A7007F0D8F85F4B00F54D
:10062000EA403030186007F0D1F85D4B474A186057
:100630001E2312685B4900933F485B4B06F06AFC3F
:100640000DB0F0BD9FED590A484841F2883105F0E0
:10065000C1FF37A3D3E90023009055492046FCF79A
:100660000FFF0121414806F08BF8524902463248FB
:1006700006F050FC9FED500A3C4805F0C3FA8C226E
:1006800003464E492C4806F045FC012211463748E6
:1006900005F078FD4A490246274806F03BFC012355
:1006A00009AA40F6B50131488DF8244004F0DCFE7B
:1006B00060B99DF824402D4844F00104012309AAA3
:1006C00040F6B5018DF8244004F0C6FE02463D49CF
:1006D000194806F01FFC3C48FCF7FEFE034660B9D3
:1006E000062409A90122FE208DF82440FCF7E2FF30
:1006F0004FF47A7007F076F8FAE734491B4805F0B2
:10070000E1F82F2232490020FCF7BAFE314B1B786A
:100710001BB1194B01221A702EE7FCF7AFFC002821
:10072000F7D14FF47A7007F05DF8FAE7AFF3008085
:10073000000000C0CCCCFC3FBC63002088EF03006D
:10074000747E002090EF030094EF0300AC7E002045
:1007500064F10300A0EF0300947E0020C0EF0300CB
:10076000CDCCCC3F0000FA420000D943C07E00202F
:10077000FCEF030010F00300F57B0020907B0020CD
:10078000947B0020BCEF03000060002049D00200F1
:1007900088EE0300507E0020407E0020487E00202E
:1007A000687E002034F1030084EC03006666E63FB7
:1007B00058F0030070F0030000000C4398F00300B1
:1007C000C0F00300ECF00300206100202DD00200F7
:1007D00018F10300247D0020F0B5564C226887B044
:1007E000B2B1554BDB68DD0103D5544B1968C8071E
:1007F00064D408F039FA524B2268A0FB0301830A43
:1008000043EA81534F4908689B1A984238BF0B60EE
:10081000494BDB68D90103D5484B1A68D20735D458
:1008200008F022FA464BA0FB0301830A43EA8153F6
:10083000454A236013781BB1444B1B78002B40D0F2
:10084000434D444F444E09E02846F5F777FD0097A5
:10085000C1B2334600224148FCF7C6F92846F5F7F5
:1008600047FD04460028EFD1FCF714FCFCF7C6FE58
:1008700000F090F806F0AAFF394D3A4E2B7800F5BB
:10088000EA403030306023B907B0F0BD5B689B09A7
:10089000CEE7354F06F09AFF3B68C01AB0F57A6F85
:1008A00013D22B78002BEFD006F090FF3368C01ADC
:1008B000002817DB00232B7007B0F0BD5B689B0995
:1008C000A0E71370FCF766FDBAE706F07FFF2B7810
:1008D0003860012B29D0022B22D0244A0123146036
:1008E0002B70E1E7214C06F071FF2368C31AB3F5C2
:1008F000FA6FC9D906F06AFF2B782060013B012B03
:10090000C2D906F063FF03A8194906F07DFE194B12
:100910001B680BB106F05AFF03A806F0C3FEB3E74D
:10092000124A032314602B70BEE7104A022314609E
:100930002B70B9E7BC7E0020F0ED00E0001000E075
:1009400040420F00B87E0020A87E0020F47B0020EB
:10095000BC63002019D9020025040300287D002073
:10096000407E0020487E0020687E0020607E0020BF
:10097000BCEF0300207D0020704700BF00207047BF
:10098000704700BF704700BF704700BF002070472E
:10099000704700BF704700BF70B5002444749DF8D5
:1009A0001050C9B10F4E0160B142846012D00E4C9C
:1009B000A14204BF012101710C4951F822200273A8
:1009C00051F82330837351F8253043730023C373E8
:1009D000037470BD0471EFE7054B064A06482421F5
:1009E0000BF08CF80030024000F00240B0F703003A
:1009F00068F10300D0F1030078F10300437C03B1F8
:100A0000704730B5012285B042740321FF22019363
:100A100004468DF803208DF806208DF80510827BA2
:100A2000417B8DF800204FF080451A4602958DF8E5
:100A30000110057BC3736946037403938DF802505C
:100A400009F05EFAA37B1F2B86BF03F01F030C4A3D
:100A50004FF0A04203F5E07340F2013142F8231059
:100A6000637B1F2B86BF03F01F0305494FF0A04196
:100A700003F5E07340F2033241F8232005B030BDA6
:100A80000003005010B5044609F082FB0023637494
:100A900010BD00BF10B483B002AB03E906009DF89F
:100AA00005309DF80410026813F1FF3318BF0123CD
:100AB00000240229C2F800451C460374C17332D0D9
:100AC00003292DD0012925D0224B0099B3FBF1F346
:100AD000B3F5007FC2F854451FD2FF2B0FD87F2BF0
:100AE00024D83F2B25D81F2B26D80F2B27D8072BF0
:100AF00002D819498A4225D04FF0004101E04FF059
:100B000080610723C2F82415C2F8003503B05DF8F0
:100B1000044B704743F00204D6E74FF00071F0E752
:100B200043F00604D0E743F00404CDE74FF0006142
:100B3000E7E74FF08051E4E74FF00051E1E74FF075
:100B40008041DEE7042B34BF4FF0A0514FF020610D
:100B5000D7E700BF0090D00300F0024003680022F6
:100B6000C3F80025704700BF002B3AD02DE9F047AD
:100B7000814684B00D4617461E464FF6FF784FF06B
:100B8000000A4645344628BF4446002D14BF23467C
:100B9000002300950297361B01938FB1002269460E
:100BA0004846039409F056FB05B125442744002E1E
:100BB000E7D104B0BDE8F087CDE900550295361BBA
:100BC000002269464846CDF80CA009F043FB4DB918
:100BD0004645344628BF4446002EEDD104B0BDE85A
:100BE000F08770472544002ECBD1E2E710B586B0E0
:100BF00006AB012403F8111D002202A90293CDE9DE
:100C00000343059409F026FB9DF8070006B010BDCC
:100C100030B4094A094B546FD068916F1C7300229D
:100C20000124074D1C7198735973DA731A741D608F
:100C30005A749A6030BC7047B0F703008880002077
:100C400000F002402DE9F0471A4DAC4607468A46AF
:100C500091469846BCE80F003C464FF0000E44F821
:100C600004EB0FC49CE807001C3584E807000FCD97
:100C700082B007F130040A9EC7F82880C7E908A9A6
:100C8000FE620FC42B6823600CABC7F844E093E806
:100C900003006C4684E80300302009F057F894E81C
:100CA0000C000B99054601F0C7F838463D6002B0CC
:100CB000BDE8F08710F2030010B504460068036831
:100CC0005B6C98472068216A036882689B68984734
:100CD0002068216A03680269DB689847004B10BDF1
:100CE00030610020006803689B6C18472DE9F04FC5
:100CF000057C83B00446407C0D9F0C9E0196ED0858
:100D000005EBD0053D442846894690469B4609F0B0
:100D10001FF80646284609F01BF88246207C082862
:100D20005FFA89F35FFA88F132D843EA01026389F6
:100D300032704B4506F1010034D03A46A1890AF0E1
:100D40009FFF206803685B6B98472068216A0368EF
:100D5000C268DB689847206803682A4631469D6B65
:100D60005346A8472068216A03680269DB689847F0
:100D700020680368DB6B984723894B4517D03046C2
:100D800008F0E8FF504603B0BDE8F04F08F0E2BFBE
:100D900043EA182263897170D2B24B4506F1020012
:100DA0003270CAD159463A460AF046FFC9E7217C5B
:100DB00001983A460AEBD1010AF03EFFDFE700BF97
:100DC0002DE9F04790F804C084B004460F4616465B
:100DD0001D46BCF1000F00F0B480427C53B2002BE2
:100DE000B8BF0733DB10013B5BB2002B0DF10808E5
:100DF000C0F2BB80B0F80AE04146D800013B5BB2CC
:100E00004EFA00FCB3F1FF3F01F801CBA0F108005E
:100E1000F4D194F810C04FEADC0C0CF1FF335BB254
:100E2000581C09D00139D800013B27FA00F05BB209
:100E300001F8010F581CF6D10CEBD20707EB050A9D
:100E4000504608F085FF814647B1013FFFB20137A8
:100E500041463A460AF0F0FE09EB070031462A46C1
:100E60000AF0EAFEE36A20680133036865D05B6A32
:100E7000984706460BE0206803685B6D984720683A
:100E800003685B6A9847E369801B984263D22068D5
:100E9000E16A03681B6998470028ECD1504608F0C6
:100EA00057FF0646206803685B6B98472068216AF5
:100EB0000368C268DB6898472068036852469F6BE6
:100EC00049463346B8472068216A03680269DB68EF
:100ED000984720680368DB6B9847E36A2068013312
:100EE00003683ED01B6A01219847206803685B6A4B
:100EF000984707460BE0206803685B6D98472068B9
:100F000003685B6A9847E369C01B98420CD220686B
:100F1000E16A03681B6998470028ECD163691BB13B
:100F200015B1E27CB05C9847484608F013FF3046A4
:100F300004B0BDE8F04708F00DBFDB6932219847E7
:100F4000ACE74189CDE900C313463A46FFF7CEFE30
:100F500004B0BDE8F087484604B0BDE8F04708F0AB
:100F6000F9BEDB6901219847D8E7414651E700BF48
:100F70002DE9F04F83B004460C9F807C9DF83850DB
:100F80000195D51905EBD00528469DF834A00091B0
:100F900016469B4608F0DCFE80465EB106F1FF393E
:100FA0005FFA89F909F1010900994A460AF044FEFD
:100FB00008EB0900A27CA18907EBD2020AF060FECF
:100FC000BAF1000F1DD0E26A2068013203687CD0BC
:100FD0005B6A984781460DE0206803685B6D98471F
:100FE000206803685B6A9847E369A0EB09009842B0
:100FF00080F085802068E16A03681B6998470028B3
:10100000EAD1284608F0A4FE8146206803685B6B9D
:1010100098472068216A0368C268DB68984720689F
:1010200003682A4641469D6B4B46A8472068216AC3
:1010300003680269DB68984720680368DB6B9847A0
:10104000BAF1000F20D0E26A2068013203685FD055
:101050001B6A01219847206803685B6A9847054628
:101060000BE0206803685B6D9847206803685B6A43
:101070009847E369401B984251D22068E16A0368AF
:101080001B6998470028ECD1636913B30FB3E27C66
:1010900019F802009847A17C06EBD10105463A46B3
:1010A000494458460AF0C8FD404608F053FE4846F9
:1010B00008F050FEFDB9019BE3B1A569DDB1204602
:1010C0002B4603B0BDE8F04F1847DB693221984743
:1010D00097E7A17C06EBD1013A46494458460AF00D
:1010E000ABFD404608F036FE484608F033FE019B53
:1010F000002BE2D11D46284603B0BDE8F08F4046E4
:1011000008F028FE6FF43075284603B0BDE8F08F74
:10111000DB69012198476369002BB7D1D9E7A17C2E
:1011200006EBD10149443A4658460AF085FD40464F
:1011300008F010FE484608F00DFE6FF430752846A2
:1011400003B0BDE8F08F00BF90F811C02DE9F04F5B
:1011500004464FFA8CF00028B8BF07301D46C31074
:10116000013B83B05BB2002B9DF830609DF834707A
:1011700090460CDBDA0001A8013B5BB241FA02FEAB
:10118000B3F1FF3F00F801EBA2F10802F4D14FEAFE
:10119000DC0B0BEB050A504608F0DAFD8146BBF18B
:1011A000000F09D001AA12F8013B00F8013BA0EBA7
:1011B0000903DBB29B45F6D841462A460AF03CFDBE
:1011C000E6B1E26A20680132036871D05B6A984731
:1011D00080460CE0206803685B6D984720680368D0
:1011E0005B6A9847E369A0EB0800984271D22068D7
:1011F000E16A03681B6998470028EBD1504608F064
:10120000A7FD8046206803685B6B98472068216AC9
:101210000368C268DB6898472068036852464946FD
:10122000D3F838A04346D0472068216A0368026992
:10123000DB68984720680368DB6B984706B3E26A6F
:101240002068013203684DD01B6A0121984720684D
:1012500003685B6A984706460BE0206803685B6D8D
:101260009847206803685B6A9847E369801B984247
:101270003FD22068E16A03681B6998470028ECD1D7
:101280006369CBB1C5B1E27C18F802009847054606
:10129000484608F05FFD404608F05CFDADB99FB1DF
:1012A000A56995B120462B4603B0BDE8F04F18471D
:1012B000DB6932219847A1E7484608F04BFD4046DC
:1012C00008F048FD002FEBD13D46284603B0BDE8AD
:1012D000F08F484608F03EFD6FF43075284603B0A5
:1012E000BDE8F08FDB69012198476369002BC9D104
:1012F000E2E7484608F02EFD404608F02BFD6FF46B
:101300003075284603B0BDE8F08F00BF2DE9F04FDF
:1013100083B00446DDF830809DF834909DF838B0F5
:10132000019102EB0807384615469A4608F010FD71
:1013300006463DB1013DEDB2013501992A460AF05C
:101340007BFC7019514642460AF076FCB9F1000F59
:101350001BD0E26A20680132036874D05B6A984748
:1013600005460BE0206803685B6D984720680368BA
:101370005B6A9847E369401B984276D22068E16A2D
:1013800003681B6998470028ECD1384608F0E0FC58
:101390000546206803685B6B98472068216A0368EC
:1013A000C268DB689847206803683A4631469F6BFD
:1013B0002B46B8472068216A03680269DB689847B2
:1013C00020680368DB6B9847B9F1000F20D0E26A10
:1013D00020680132036851D01B6A012198472068B8
:1013E00003685B6A984707460BE0206803685B6DFB
:1013F0009847206803685B6A9847E369C01B984276
:1014000043D22068E16A03681B6998470028ECD141
:101410006369E3B1B8F1000F19D0E27CA85C98478A
:101420000746304608F096FC284608F093FCC7B9FA
:10143000BBF1000F14D0A7699FB120463B4603B013
:10144000BDE8F04F1847DB69322198479DE73046E9
:1014500008F080FC284608F07DFCBBF1000FEAD1C3
:101460005F46384603B0BDE8F08F304608F072FCA6
:101470006FF43077384603B0BDE8F08FDB690121A7
:1014800098476369002BC5D1E1E7304608F062FC5C
:10149000284608F05FFC6FF43077384603B0BDE8AB
:1014A000F08F00BF2DE9F041457C6BB2002BB8BF37
:1014B0000733DB10013B5BB2002B82B004460CDB30
:1014C000C689DA0001A9013B46FA02F05BB201F8D5
:1014D000010B581CA2F10802F5D1A77CED0805EB21
:1014E000D7070137384608F033FC064645B101AA54
:1014F00012F8013B00F8013B831BDBB29D42F7D899
:10150000A27CA189D20801320AF0BAFBE36A206802
:101510000133036800F085805B6A984780460CE0E1
:10152000206803685B6D9847206803685B6A98478A
:10153000E369A0EB0800984277D22068E16A03686B
:101540001B6998470028EBD1384608F001FC80461B
:10155000206803685B6B98472068216A0368C2684B
:10156000DB689847206803683A4631469F6B4346DC
:10157000B8472068216A03680269DB6898472068D9
:101580000368DB6B9847E36A20680133036837D050
:101590001B6A01219847206803685B6A98470746E1
:1015A0000BE0206803685B6D9847206803685B6AFE
:1015B0009847E369C01B984240D22068E16A0368FB
:1015C0001B6998470028ECD16369FBB1E27C18F8ED
:1015D00002009847A37C08EBD303074630465D5DC5
:1015E00008F0B8FB404608F0B5FB2FB967691FB19A
:1015F0002846B8470027E080384602B0BDE8F081B1
:10160000DB69012198476369002BDFD1A37C08EBDC
:10161000D30330465D5D08F09DFB404608F09AFB21
:10162000E4E7DB69322198478EE7304608F092FB09
:101630006FF43077384602B0BDE8F081304608F0EC
:1016400089FB404608F086FB6FF43077384602B0DD
:10165000BDE8F0812DE9F04F85B01546109A9DF850
:10166000444001948A460446AF180293002B40F090
:10167000FB80837C07EBD307384608F069FB0646FE
:10168000002D00F0C98046EA0A035A0740F00B819A
:101690000B2D40F20881002D14BF2B46012303932C
:1016A0004FEAD30B721CAAF1080C31460023FCE967
:1016B000028901335FFA83FE1046F345E1E80289AF
:1016C00000F1070002F10802F1D8039901F0F803D4
:1016D0008B4206EB03023BD003F1010C5FFA8CFC5A
:1016E0001AF80310F154654502F1010030D9991C34
:1016F000C9B21AF80C0050708D4202F1020027D9CD
:10170000D81C1AF801109170C1B28D4202F1030089
:101710001ED9181D1AF80110D170C1B28D4202F104
:10172000040015D9581D1AF801101171C1B28D426B
:1017300002F105000CD90633DBB21AF80110517121
:101740009D4202F1060003D91AF803309371D01DAF
:10175000029B002B60D0109A0E990AF06DFA019B43
:10176000002B63D1384608F0F3FA804620680368FE
:101770005B6B98472068216A0368C268DB689847FA
:10178000206803683A4631469F6B4346B847206855
:10179000216A03680269DB68984720680368DB6B8D
:1017A0009847019B0BB3E26A20680132036800F09E
:1017B00086801B6A01219847206803685B6A984706
:1017C00007460BE0206803685B6D98472068036854
:1017D0005B6A9847E369C01B984277D22068E16A48
:1017E00003681B6998470028ECD167693FB1109BDB
:1017F000002B6ED0E37C18F80300B8470746029B25
:10180000002B3ED0304608F0A5FA404608F0A2FA78
:10181000384605B0BDE8F08F109BA27CA18903EB90
:10182000D2020AF02DFA019B002B9BD0E26A2068BD
:101830000132036821D05B6A984780460CE020683B
:1018400003685B6D9847206803685B6A9847E369A3
:10185000A0EB080098421DD22068E16A03681B696A
:1018600098470028EBD17DE7384608F071FA064624
:10187000002D7FF408AF30466DE7DB6932219847D1
:1018800070E7A17C05EBD1014144DDE90F020AF0CC
:10189000D3F9B7E7304608F05DFA6FF43077384691
:1018A00005B0BDE8F08F0AF1FF3A30461AF8013F63
:1018B00000F8013B831BDBB29D42F7D848E7DB69A8
:1018C000012198476769002F91D198E76FF430772D
:1018D00095E71F4693E700BF2DE9F041067986B0F2
:1018E00005460C46002E3FD0477C78B20028B8BF92
:1018F0000730C010013840B2002804A93EDBB5F81B
:1019000008800E464FEAC00C013840B248FA0CFE7F
:10191000B0F1FF3F06F801EBACF1080CF4D195F8FB
:1019200010E04FEADE0E0EF1FF3040B2B0F1FF3FA3
:101930000BD0013E4FEAC00C013840B224FA0CFC37
:10194000B0F1FF3F06F801CFF4D100240126029246
:1019500001930EEBD7022846039600942346FFF727
:1019600079FE06B0BDE8F0810189CDE90032334649
:101970002246FFF7BBF906B0BDE8F0810E46CEE780
:1019800090F811C02DE9F04305464FFA8CF000287D
:10199000B8BF0730C010013887B040B200289DF8AA
:1019A00038E09DF83C600DF114090CDB4F46C40093
:1019B000013840B241FA04F8B0F1FF3F07F8018B5B
:1019C000A4F10804F4D10020CDE9023E0192009078
:1019D00003464FEADC0249462846FFF73BFE20B9A2
:1019E0001EB1AB690BB12846984707B0BDE8F0833C
:1019F0002DE9F04F8BB0072B9DF858509DF8508083
:101A00009DF8547005959DF85CB000F22F81B8F1F7
:101A1000070F00F22B814345C0F028811E46037951
:101A20009146002204460D468DF81F20002B00F041
:101A30000681427C53B2002BB8BF0733DB10013B59
:101A40005BB2002B08A9C0F20F81B0F808A08E4647
:101A5000D800013B5BB24AFA00FCB3F1FF3F0EF83D
:101A600001CBA0F10800F4D194F810C04FEADC0CCF
:101A70000CF1FF335BB2581C0AD00EF1FF3ED800C8
:101A8000013B25FA00F05BB20EF8010F581CF6D1AD
:101A900001200DF11F0A0023CDE902000CEBD20258
:101AA000CDE9003A2046FFF7D5FDFF22731CC8F1AF
:101AB000080802FA03F342FA08F843EA08039DF81B
:101AC0001F60DB43DBB289EA0602134203D1BBF19C
:101AD000000F00F0A18026EA030603EA0909237932
:101AE00046EA09068DF81E60002B00F0B280627C89
:101AF00053B2002BB8BF0733DB10013B5BB2002BA6
:101B000008A9C0F2B680B4F80A8008464FEAC30CB0
:101B1000013B5BB248FA0CFEB3F1FF3F00F801EB6A
:101B2000ACF1080CF4D194F810C04FEADC0C0CF1C5
:101B3000FF335BB2B3F1FF3F0BD001384FEAC30E66
:101B4000013B5BB225FA0EFEB3F1FF3F00F801EF57
:101B5000F4D1002001230CEBD2020DF11E0CCDE9D3
:101B600000C0CDE902332046FFF774FD206803680A
:101B70009B6A98474FF47A7909FB07F983464FF03F
:101B800000080127206803689B6A9847A0EB0B00B8
:101B900048454FD223798DF81F80002B40D0617CBF
:101BA0004BB2002BB8BF0733DB10013B5BB2002BFD
:101BB0003EDBB4F808C0DA0008A8013B5BB24CFA7F
:101BC00002FEB3F1FF3F00F801EBA2F10802F4D1ED
:101BD000227CD208531E5BB2B3F1FF3F0BD0013819
:101BE0004FEAC30C013B5BB225FA0CFCB3F1FF3F9B
:101BF00000F801CFF4D102EBD102CDE90277CDE9B3
:101C0000008A002308A92046FFF724FD9DF81F3015
:101C1000059A73401A42B5D100200BB0BDE8F08F91
:101C200021892A46CDE900A72046FFF75FF8EDE7B6
:101C300008A8CDE76FF00F000BB0BDE8F08F0122D0
:101C40000DF11F0A0189CDE900A22A46FFF74EF8DF
:101C50002BE761890093012301932A460DF11E03AE
:101C60002046FFF743F881E78E46FDE66FF00A0055
:101C7000D3E7084657E700BFF8B5446C24B906E03F
:101C8000914205D0183402D02278002AF8D1F8BD4C
:101C90000646043400F1300500F1440755F8041BF2
:101CA000002904DB306822680368DB689847AF428C
:101CB00004F10404F2D1F8BD21B1034B880143F0D3
:101CC00001031847704700BFB0F203000846704791
:101CD000704700BF006AFEF791BE00BF006AFEF7C2
:101CE000D1BE00BF72B1F8B54C1E0746A6185D1EE6
:101CF00014F8011F386AFEF779FFB44205F8010FA6
:101D0000F6D1F8BD704700BF08F032BD4B1C02D0C1
:101D1000C8B205F01BB9704708461146421C03D0F3
:101D20001A46C0B205F0D8B9704700BF006AFEF786
:101D300015BF00BF00F1240393E80600006AFEF718
:101D4000A9BE00BF08461146421C02D01A4608F040
:101D5000B1BC0020704700BF08B50A4BDB68D90151
:101D600003D5094B1A68D20708D406F07DFF074B4C
:101D7000A0FB0323900A40EA835008BD58688009FD
:101D800008BD00BFF0ED00E0001000E040420F0091
:101D900005F01CBD084605F025BD00BF4B1C02D058
:101DA000084605F095BB704708461146421C02D014
:101DB0001A4605F083BA70474B1C02D0084608F05B
:101DC00027BF0020704700BF4B1C084602D01146B9
:101DD00008F002BF704700BF4B1C084602D01146F6
:101DE00008F076BE704700BF10B53021044607F0FA
:101DF000B3FF204610BD00BF90F82C2002B97047F9
:101E000002680449126C8A4202D1006AFEF73ABEA7
:101E1000104700BFDD1C030090F82C2002B970476A
:101E200002680449126B8A4202D1006AFEF7E6BDDD
:101E3000104700BFD51C0300F0B587B004AD85E89E
:101E40000C0003270122002304240E46CDE901479C
:101E500000921946044604F0A5FF95E8030004F13A
:101E60002403054D26620022256083E803002046F6
:101E700084F82C2007B0F0BD48F203004AB11629BF
:101E80000B466FF00800A8BF16238342B8BF034675
:101E900013700931C9B21F298CBF6FF00C000020EC
:101EA000704700BF704700BF10B54FF4E47104469F
:101EB00007F052FF204610BD9FED167AB4EEC70A18
:101EC000F1EE10FA23D49FED147AB4EEC70AF1EEC6
:101ED00010FA1CDC38B5D0ED587A70EE677AB3EEA4
:101EE000047AF0EEE77AF4EEC77AF1EE10FA0546DE
:101EF00010EE104A06DA00EE104A2846BDE83840D7
:101F000004F084BC02F01CFA0028F4D038BD6FF055
:101F10000B007047000016430000704430B50368A2
:101F2000124A9B6D934283B005460C4614D1093189
:101F3000CBB21F2B17D80E4B03EB410013F8112027
:101F400090F9011000241309284602F00F020094B2
:101F500004F028FC03B030BD002298470028F9D1D6
:101F600004F10901E7E76FF00C00F3E77D1E0300C1
:101F7000E8F20300F0B52DED028B85B005689DF801
:101F8000346080F85461C0ED540AD5F80851474ECA
:101F90009DF930708DF80C10B5428DED020A8DF868
:101FA0000D208DF80E308DF80F7056D1044602F0DA
:101FB000D3FC18B105B0BDEC028BF0BD23683C4AE0
:101FC000DB6B9DED028A934255D1DFED3A7AB4EE98
:101FD000E78AF1EE10FA59D4DFED377AB4EEE78AEA
:101FE000F1EE10FA52DCD4ED587A78EE677AB3EE5F
:101FF000047AF0EEE77AF4EEC77AF1EE10FA32DA0C
:10200000B0EE480A204604F001FC0028D2D101219C
:10201000204602F007FA0028CCD1236827495A6DE0
:102020009DF90F508A422DD19B6D254A934230D1A4
:1020300005F10903DAB21F2A34D8224A02EB430120
:1020400012F8132091F9011000251309204602F01F
:102050000F02009504F0A6FBACE702A9A84705B063
:10206000BDEC028BF0BDB0EE480A204602F068F9E4
:102070000028C5D09EE7B0EE480A204698470028C1
:1020800098D1C4E729462046904793E76FF00B00AC
:1020900090E7024629462046984700288AD105F154
:1020A0000903CAE76FF00C0084E700BFE9210300D1
:1020B000B91E030000001643000070441D1F0300FA
:1020C0007D1E0300E8F2030030B52DED028B91ED8B
:1020D000010A83B00D46044602F020FC18B103B09B
:1020E000BDEC028B30BD2368394ADB6B95ED008A6D
:1020F00093424FD1DFED377AB4EEE78AF1EE10FA72
:1021000058D4DFED357AB4EEE78AF1EE10FA51DCFF
:10211000D4ED587A78EE677AB3EE047AF0EEE77A87
:10212000F4EEC77AF1EE10FA2CDAB0EE480A204647
:1021300004F06CFB0028D2D10121204602F072F994
:102140000028CCD1236825495A6D95F908508A4258
:1021500033D19B6D224A934223D105F10903DAB2B0
:102160001F2A32D81F4A02EB430112F8132091F9BB
:10217000011000251309204602F00F02009504F01B
:1021800011FBACE7B0EE480A204602F0D9F800286F
:10219000CBD0A4E7B0EE480A2046984700289ED14D
:1021A000CAE70246294620469847002897D105F1FC
:1021B0000903D7E76FF00B0091E72946204603B0EB
:1021C000BDEC028BBDE8304010476FF00C0086E795
:1021D000B91E030000001643000070441D1F0300D9
:1021E0007D1E0300E8F2030030B52DED028B0C4696
:1021F00083B08B794A790979054602F0ADFB18B1B5
:1022000003B0BDEC028B30BD2B683A4ADB6B94ED1A
:10221000008A93424FD1DFED387AB4EEE78AF1EECF
:1022200010FA58D4DFED357AB4EEE78AF1EE10FA01
:1022300051DCD5ED587A78EE677AB3EE047AF0EE99
:10224000E77AF4EEC77AF1EE10FA2CDAB0EE480A2B
:10225000284604F0DBFA0028D2D10121284602F0FA
:10226000E1F80028CCD12B6825495A6D94F9074034
:102270008A4233D19B6D234A934223D104F109034F
:10228000DAB21F2A32D8204A02EB430112F8132097
:1022900091F9011000241309284602F00F0200945E
:1022A00004F080FAACE7B0EE480A284602F048F89D
:1022B0000028CBD0A4E7B0EE480A2846984700286B
:1022C0009ED1CAE70246214628469847002897D162
:1022D00004F10903D7E76FF00B0091E72146284688
:1022E00003B0BDEC028BBDE8304010476FF00C002E
:1022F00086E700BFB91E03000000164300007044CB
:102300001D1F03007D1E0300E8F20300F0B52DED54
:10231000028B04464D4B056880ED541A16460F4655
:1023200084F8546193E80700D5F80051484E87B00F
:1023300003ABB54283E807008DF81470CDED040AB5
:102340008DED030A58D1B0EE600A204602F0E6FA9D
:1023500018B107B0BDEC028BF0BD23683D4ADB6BC2
:102360009DED038A934256D1DFED3B7AB4EEE78AC6
:10237000F1EE10FA5AD4DFED397AB4EEE78AF1EED5
:1023800010FA53DCD4ED587A78EE677AB3EE047A1B
:10239000F0EEE77AF4EEC77AF1EE10FA33DAB0EE47
:1023A000480A204604F032FA0028D2D10121204602
:1023B00002F038F80028CCD1236829495A6D9DF9DC
:1023C00014508A422ED19B6D264A934231D105F199
:1023D0000903DAB21F2A35D8234A02EB430112F867
:1023E000132091F9011000251309204602F00F0275
:1023F000009504F0D7F9ACE719462046A84707B086
:10240000BDEC028BF0BDB0EE480A204601F098FF0B
:102410000028C4D09DE7B0EE480A2046984700281F
:1024200097D1C3E729462046904792E76FF00B000B
:102430008FE70246294620469847002889D105F1B2
:102440000903C9E76FF00C0083E700BFB8F203008F
:10245000C9200300B91E03000000164300007044A9
:102460001D1F03007D1E0300E8F2030030B52DEDB3
:10247000028B0C4683B091ED031AD4ED020A498A0F
:1024800094ED010A054602F0C3F918B103B0BDECA2
:10249000028B30BD2B683A4ADB6B94ED008A934285
:1024A0004FD1DFED387AB4EEE78AF1EE10FA58D466
:1024B000DFED357AB4EEE78AF1EE10FA51DCD5EDB6
:1024C000587A78EE677AB3EE047AF0EEE77AF4EEB3
:1024D000C77AF1EE10FA2CDAB0EE480A284604F07A
:1024E00095F90028D2D10121284601F09BFF002850
:1024F000CCD12B6825495A6D94F910408A4233D1CA
:102500009B6D234A934223D104F10903DAB21F2AB7
:1025100032D8204A02EB430112F8132091F901103E
:1025200000241309284602F00F02009404F03AF93F
:10253000ACE7B0EE480A284601F002FF0028CBD0F5
:10254000A4E7B0EE480A2846984700289ED1CAE77B
:102550000246214628469847002897D104F10903EE
:10256000D7E76FF00B0091E72146284603B0BDEC9A
:10257000028BBDE8304010476FF00C0086E700BFCB
:10258000B91E030000001643000070441D1F030025
:102590007D1E0300E8F203002DE9F041574DDFF8FE
:1025A00078C12DED028B06468E46174698460FCD14
:1025B00088B003AC0FC4336886ED542A86F8548182
:1025C000D3F8F8302A6822606345F0EE607ACDEDEA
:1025D000040A8DF81CE08DED051ACDED061AADF854
:1025E0001E708DED030A5ED1F0EE410A3946B0EE61
:1025F000611AB0EE670A304602F00AF920B108B05D
:10260000BDEC028BBDE8F08133683D4ADB6B9DED8C
:10261000038A934257D1DFED3B7AB4EEE78AF1EEBD
:1026200010FA5BD4DFED387AB4EEE78AF1EE10FAF7
:1026300054DCD6ED587A78EE677AB3EE047AF0EE91
:10264000E77AF4EEC77AF1EE10FA34DAB0EE480A1F
:10265000304604F0DBF80028D1D10121304601F0EA
:10266000E1FE0028CBD1336828495A6D9DF91C4002
:102670008A422FD19B6D264A934232D104F109033D
:10268000DAB21F2A36D8234A02EB430112F813208C
:1026900091F9011000241309304602F00F02009452
:1026A00004F080F8ABE703A93046984708B0BDECCA
:1026B000028BBDE8F081B0EE480A304601F040FEE2
:1026C0000028C3D09BE7B0EE480A30469847002860
:1026D00095D1C2E721463046904790E76FF00B0056
:1026E0008DE70246214630469847002887D104F1FD
:1026F0000903C8E76FF00C0081E700BFC4F20300D4
:10270000B91E030000001643000070441D1F0300A3
:102710007D1E0300E8F203006D2403002DE9F04163
:102720002DED028B5F4DDFF898C186B004468E46D2
:1027300016461F4695E80F009DF84080256884EDF9
:10274000541A84F85481D5F8F08002AD85E80F0062
:10275000E0459DF93820BDF83C308DF810E08DF84B
:1027600011608DF812708DED020ACDED030A8DF81F
:102770001320ADF814306BD13A463146204601F0B3
:10278000EBFF20B106B0BDEC028BBDE8F081236801
:102790009DF81010D3F8E830204698470028F1D172
:1027A00023689DED030AD3F8E430204698470028BB
:1027B000E8D123683C4ADB6B9DED028A934257D1F6
:1027C000DFED3A7AB4EEE78AF1EE10FA59D4DFED94
:1027D000387AB4EEE78AF1EE10FA52DCD4ED587A8A
:1027E00078EE677AB3EE047AF0EEE77AF4EEC77A21
:1027F000F1EE10FA34DAB0EE480A204604F006F89A
:102800000028BFD10121204601F00CFE0028B9D1DB
:10281000236828495A6D9DF913508A422DD19B6D2A
:10282000254A934230D105F10903DAB21F2A35D87F
:10283000224A02EB430112F8132091F901100025FE
:102840001309204602F00F02009503F0ABFF99E751
:1028500029462046C04706B0BDEC028BBDE8F0819A
:10286000B0EE480A204601F06BFD0028C3D089E78E
:10287000B0EE480A20469847C2E7294620469047CE
:1028800080E76FF00B007DE7024629462046984717
:1028900000287FF477AF05F10903C9E76FF00C005A
:1028A00070E700BFD8F20300B91E03000000164312
:1028B000000070441D1F03007D1E0300E8F20300AA
:1028C000C528030030B52DED028B0C4683B08B89F3
:1028D0008A7A497A054601F03FFF18B103B0BDEC92
:1028E000028B30BD2B68217AD3F8E8302846984710
:1028F0000028F3D12B6894ED010AD3F8E430284680
:1029000098470028EAD12B683A4ADB6B94ED008A9D
:1029100093424FD1DFED387AB4EEE78AF1EE10FA48
:1029200057D4DFED367AB4EEE78AF1EE10FA50DCD8
:10293000D5ED587A78EE677AB3EE047AF0EEE77A5E
:10294000F4EEC77AF1EE10FA2CDAB0EE480A284617
:1029500003F05CFF0028C1D10121284601F062FD8F
:102960000028BBD12B6826495A6D94F90B408A4246
:1029700027D19B6D234A93422ED104F10903DAB289
:102980001F2A33D8204A02EB430112F8132091F991
:10299000011000241309284602F00F02009403F0EE
:1029A00001FF9BE7B0EE480A284601F0C9FC002869
:1029B000CBD093E7B0EE480A2846984700288DD13F
:1029C000CAE72146284603B0BDEC028BBDE8304083
:1029D00010476FF00B0081E70246214628469847D2
:1029E00000287FF47BAF04F10903CBE76FF00C0004
:1029F00074E700BFB91E03000000164300007044D6
:102A00001D1F03007D1E0300E8F20300F0B52DED4D
:102A1000028B01298BB0044600F0E980C0F0818070
:102A2000022978D10368AE4AD3F80C51954240F0A0
:102A30000881AC49AC4AC0F8501105920A21002225
:102A40004FF483758DF81B10ADF8185080F85421A1
:102A5000D3F80821A54901238A428DF81A3040F0A5
:102A60000C811A46062101F077FF002855D1236812
:102A70009F4ADB6B9DED058A934240F01B81DFEDA1
:102A80009D7AB4EEE78AF1EE10FA00F11881DFEDDD
:102A90009A7AB4EEE78AF1EE10FA00F31081D4EDE1
:102AA000587A78EE677AB3EE047AF0EEE77AF4EECD
:102AB000C77AF1EE10FA80F2EF80B0EE480A2046B5
:102AC00003F0A4FE48BB0121204601F0ABFC20BB73
:102AD00023688A495A6D9DF91B508A4240F08380D1
:102AE0009B6D874A934240F0ED8005F10903DAB20D
:102AF0001F2A00F2F180834A02EB430112F81320EF
:102B000091F9011000251309204602F00F020095EB
:102B100003F048FE01E06FF013000BB0BDEC028B38
:102B2000F0BD0768784BD7F8FC509D4240F0968086
:102B3000764EDFF8B0C1C4F850C10FCE05AD0FC559
:102B4000002384F85431D7F8F830714A9FED711A98
:102B50003168296093428DED081A40F09180102170
:102B6000F1EE040A9FED6C0A204601F051FE0028A8
:102B7000D3D123685E4ADB6B9DED058A934240F01A
:102B80009480DFED5C7AB4EEE78AF1EE10FA00F1A2
:102B90009680DFED597AB4EEE78AF1EE10FA00F391
:102BA0008E80D4ED587A78EE677AB3EE047AF0EE40
:102BB000E77AF4EEC77AF1EE10FA65DAB0EE480A79
:102BC000204603F023FE0028A7D10121204601F072
:102BD00029FC0028A1D1236848495A6D9DF9245049
:102BE0008A423FF47DAF29462046904795E7066824
:102BF0004A4BD6F8F4509D4213D1494B394FC4F893
:102C000050710FCB002705AD84F8547185E80F0093
:102C1000D6F8F0302946204698470BB0BDEC028B21
:102C2000F0BD0A21082200238DE80E009FED3D1A19
:102C3000DFED3D0A9FED3D0A122307220921A84737
:102C40006BE700210A220123CDE90021DFED350ADF
:102C50009FED360A1A460621A8475EE700239FED3E
:102C6000312ADFED2C1ADFED2C0A9FED300A1022FD
:102C70000A21B1EE041AA8474FE705A990474CE78F
:102C800005A92046984748E7B0EE480A204601F0DB
:102C900057FB002892D040E7B0EE480A204601F0EA
:102CA0004FFB00283FF409AF37E7B0EE480A204653
:102CB000984788E7B0EE480A2046984702E76FF049
:102CC0000B002AE7024629462046984700287FF451
:102CD00024AF05F109030EE76FF00C001DE700BFFC
:102CE000751F0300CDCCCC3F0000D943E921030080
:102CF000B91E030000001643000070441D1F0300AE
:102D00007D1E0300E8F2030099250300C4F20300CE
:102D10006D24030033331C439A9999401D27030007
:102D2000D8F20300CDCCCC3F0000FA420000D943DA
:102D300010B5044601F0EAF9034A044B2260C4F8D6
:102D40005831204610BD00BF38F3030028F30300BC
:102D500070B5074B05460FCB84B02E686C4684E8EF
:102D60000F00D6F8A03021462846984704B070BD21
:102D700048F4030010B582B0036800220092DC69B9
:102D800040F2722202236FF07F41A04702B010BDD3
:102D900082B0F0B4012904A880E80C009DF81E2040
:102DA0009DF81F303AD00FD3022904D06FF01300E2
:102DB000F0BC02B070479DF81130032B00F2BF80C9
:102DC000DFE803F0B2ACA876BDF81C109DED046AF4
:102DD000DFED5C5A07EE902ADB0006EE901AB8EEA3
:102DE000E77A07EE903A099BF8EEE66ADB0076EEAA
:102DF000876AF8EEE77A07EE103A76EEA77AB8EE31
:102E0000477A66EE256A37EE877AF0BCC7EE267AF7
:102E100002B0FCEEE77A17EE900A70479DF81010AA
:102E2000DDED056A9DF8204042F21070884007EE03
:102E3000100AF2EE047AB8EE477A66EEA76A481FE7
:102E4000C7EE267AC0B2022835BF19251125002603
:102E50000826FCEEE77A17EE900A24BB8C00E4B259
:102E6000099F07EB4303C1EB4301002A06EB8103F3
:102E70000CBF142100211944BDF81C209DF81860D6
:102E8000631E09B20029A8BF5B18083293FBF4F354
:102E90009BB206FB032305EB8303F0BC00FB03F0AE
:102EA000800802B0704701F13E04A400E4B2D7E705
:102EB000099B03EB43039BB22349A1FB032149096F
:102EC00001EB810201EB410102EB8202A3EB011352
:102ED00052009BB292B213B1023313449AB29DF8DE
:102EE0001C101A4B9FED1A7AC1EBC10001EBC00117
:102EF00002EB410292B203FB02F307EE903AF8EEC6
:102F0000677AF0BC67EE877A02B0FCEEE77A17EEDC
:102F1000900A7047099B5B009BB2CDE7099B03EBCE
:102F20004303C3F34F03C7E7099B0A4A03EB430379
:102F30005B000433A2FB0323C3F38F03BCE76FF0F2
:102F4000090035E76F12833AABAAAAAA00127A00E9
:102F5000AD37063BCDCCCCCC07EE901A9FED057A71
:102F6000F8EE677A67EE877AFCEEE77A17EE900A5A
:102F7000704700BF6F12833D036889B2D3F8EC300D
:102F8000184700BF0368D3F8DC301847D0F8680151
:102F9000704700BF00F00E03062B0BD0082B0CD09F
:102FA0000A2B0CD00138C0B2FD288CBF6FF0010095
:102FB000002070476FF43070704702487047024835
:102FC000704700BF3EFDFFFF3DFDFFFF704700BFA4
:102FD000A9B110B50C4602F0E5FA01280CD005D3D2
:102FE000032806D102232370002010BD002020708A
:102FF00010BD6FF0130010BD2070002010BD6FF0E9
:103000000200704708B50221D0F86801FEF734FECF
:103010004FF0FF3008BD00BF30B504460D4683B009
:10302000D0F8680194F86411FEF726FE25B1294610
:10303000204602F08DFA48B901220023D4F8680135
:10304000D121CDE900221A46FEF77EF803B030BD4B
:1030500000B583B08AB200231146009302F03CFA17
:1030600003B05DF804FB00BF00B585B004AA0023DF
:1030700022F8043D0123D0F868011221CDE9003384
:103080000223FEF77DFCBDF80C0040BA80B205B00B
:103090005DF804FB2DE9F04186B000240646FF27C9
:1030A0000225D0F868010394CDE901572346224652
:1030B00040F6E2010094FEF79BFCD6F86801234637
:1030C0002246CDE90274CDE9004540F6E501FEF760
:1030D0008FFC6FF07F41304602F034F9D6F868314A
:1030E000186803680A21DB699847254627460123AB
:1030F0000DF1170240F6190130468DF8177002F0F5
:10310000B3F99DF8170000F00100A04001342843F6
:10311000082CC5B2EBD133684FF0FF0802243046CB
:103120001B699847D6F8680103970097CDE90148D5
:103130000023012240F6E201FEF75AFCD6F86801AE
:103140000397CDE9014800970023012240F6E501ED
:10315000FEF74EFC284606B0BDE8F08138B590F881
:1031600038100229044626D0032903D06FF0180531
:10317000284638BD90F86411D0F86801FEF77CFD50
:103180000021204602F0C8F8054630B1F0E7D4F837
:103190006831186803685B6D9847D4F8683118681F
:1031A000D96A03681B6998470028F0D1002384F886
:1031B0003830284638BDD0F86801FEF75DFDD4F8F8
:1031C000A411204602F0BEF80023054684F83830EA
:1031D000EFE700BF10B5D0F86831044618680368FF
:1031E0001B699847C1B22046BDE8104003F08ABC75
:1031F00010B54FF4E471044606F0AEFD204610BD54
:1032000010B5036844F2FF31D3F8EC300446984718
:1032100000B110BD236820461B69BDE81040184767
:10322000F0B583B00E46054602F0BCF9012836D150
:103230002B6828461B699847044610B1204603B006
:10324000F0BD0221D5F86801FEF716FDB1682846E9
:1032500003F042FCF1680746284603F03DFC009469
:1032600082B22346B9B2284602F036F90446002855
:10327000E4D12B6844F2FF31D3F8EC30284698476C
:1032800004460028DAD17068F478B378727831781F
:1032900001900094284602F06DF80446CEE76FF0E6
:1032A0001304CBE710B5044602F07CF9012802D0E4
:1032B000BBEE040A10BD204602F0BCFA000A030669
:1032C00054BFC0B260F0FF0007F0CCFF0022044BF7
:1032D00008F032F808F042FA00EE100A10BD00BF04
:1032E0000000D03F08B502F0A5FAC0B207F0BAFF5F
:1032F0000022044B08F020F808F030FA00EE100A23
:1033000008BD00BF0000E0BF10B584B0044602F065
:1033100049F9012803D194F87031012B10D004AA87
:10332000002322F8043D0123D4F868011321CDE9DC
:1033300000330223FEF724FB9DF80C0004B010BDFF
:10334000D4F89C0104B010BDF0B52B4B2B4F0446B4
:103350000FCB2568D5F8946087B002ADBE4285E8F2
:103360000F003FD1204602F01DF9012841D123680A
:1033700020461B699847054610B1284607B0F0BDA6
:103380000221D4F86801FEF777FC0499204603F087
:10339000A3FB05990646204603F09EFB009582B2EA
:1033A0002B46B1B2204602F097F805460028E4D13A
:1033B000236844F2FF31D3F8EC30204698470546A5
:1033C0000028DAD103989DF80B50019000959DF8E4
:1033D0000A309DF809209DF80810204601F0CAFF28
:1033E0000546CAE729462046B0470546284607B0A5
:1033F000F0BD6FF01305C0E748F40300213203006D
:10340000F0B5036883B01B6905469847044610B1C0
:10341000204603B0F0BD95F87031012B0AD02B681F
:103420002846D3F8EC3044F2FF3198470446204652
:1034300003B0F0BD284602F0B5F801280646EED1EB
:1034400002AA034602F8024D40F60211284602F095
:1034500003F804460028DBD102AF334607F8010D1C
:1034600040F644113A46284601F0FEFF0446002883
:10347000CED19DF80740334644F002043A4640F668
:10348000441128468DF8074001F0E6FF0446002865
:10349000BED1C4E72DE9F041044684B0D0F86801FC
:1034A00016460F46FDF7FEFF2368324AD3F88430F4
:1034B000934205465AD104AA002322F8043D012371
:1034C000D4F868011221CDE900330223FEF758FA3F
:1034D000BDF80C0040BA80B26FF430739D423CD00E
:1034E000A5BB430636D400F0300020280CBF6FF097
:1034F00006084FF00008204602F054F804AA002302
:1035000022F8043D0123D4F868011321CDE90033EA
:103510000223FEF735FA9DF80D309DF80C2016B108
:10352000B24228BF3246D2B23946204601F0C0FF2F
:10353000054658B923682046D3F8EC3044F2FF31F1
:103540009847B8F1000F14BF45460546284604B019
:10355000BDE8F0816FF00608CDE710F4007F18BFDA
:103560006FF00505284604B0BDE8F0812046984775
:10357000B2E700BF6930030010B584B0044602F022
:1035800011F8012803D06FF0130004B010BD2268B9
:103590001349D2F884208A421ED104AA034600218E
:1035A00022F8041DD4F868011221CDE9003302236A
:1035B000FEF7E6F9BDF80C0040BA80B2C30508D4A6
:1035C00010F0800F0CBF4FF0FF306FF00E0004B012
:1035D00010BD044804B010BD20469047EEE700BF80
:1035E0006930030042FDFFFF2DE9F0410F460168FD
:1035F00084B00969044616461D46884728BB6DB944
:103600002368454DDB6F002E14BF3146FF21204655
:10361000984700EB8000A5FB0035AD0907EE905AF6
:103620009FED3E7A2368F8EE677A002267EE877A8C
:103630000092FCEEE77AD3F81C8017EE901A022372
:1036400040F272222046C04710B104B0BDE8F081BC
:10365000D4F86831186803685B6A984780460FE0C1
:10366000D4F86831186803685B6D9847D4F86831FE
:10367000186803685B6A9847A0EB0800854232D35C
:10368000D4F868311868596A03681B69984700289C
:10369000E6D0236820461B6998470346002836D1A8
:1036A00023681F4AD3F8843093422DD104AA002303
:1036B00022F8043D0123D4F868011221CDE900333A
:1036C0000223FEF75DF9BDF80C0040BA80B2626BD0
:1036D0002368104212D11B6B324639462046984768
:1036E00004B0BDE8F081236820461B699847034673
:1036F00018B16FF430729342A7D12368DB6A204679
:1037000098476FF00500A0E720469847DFE76FF481
:103710003072934299D1C3E7D34D621000008042CA
:1037200069300300F0B50368484AD3F894309342F7
:1037300085B004465CD10E4601F034FF012852D119
:10374000236820461B699847054610B1284605B0F6
:10375000F0BD0221D4F86801FEF78EFAB168204668
:1037600003F0BAF9F1680746204603F0B5F9009571
:1037700082B22B46B9B2204601F0AEFE05460028C3
:10378000E4D1236844F2FF31D3F8EC302046984767
:1037900005460028DAD17568F078B3787278317808
:1037A000CDE90005204601F0E5FD054635B1CDE740
:1037B000D4F86831186803685B6D9847D4F86831AD
:1037C0001868596A03681B6998470028F0D0236875
:1037D0001F4AD3F89830934220462CD101F0E2FEE4
:1037E0000128034607D06FF01305284605B0F0BD49
:1037F00098470546DAE722681649D2F884208A42BB
:1038000020D104AA002122F8041DD4F86801122155
:10381000CDE900330223FEF7B3F8BDF80C0040BA3F
:1038200080B2C3050CD410F0800F0CBF4FF0FF35F1
:103830006FF00E058AE798470546284605B0F0BDAB
:10384000054D83E720469047EBE700BF2132030098
:10385000793503006930030042FDFFFF2DE9F04791
:103860000F46016884B009690446164698468847A1
:103870000546D8B994F86D31042B06D9072E40F2CD
:10388000C48094F86F31012B50D0FF2E50D823689C
:103890003146DB6F20469847824620684346456A9A
:1038A000324639462046A847054618B1284604B096
:1038B000BDE8F087204601F075FED4F86831564E19
:1038C000DFF85C818146186803685B6A98470AEBF9
:1038D0008A0AA6FB0A36B6090746053607E0D4F879
:1038E00068311868596A03681B69984718BBD4F88F
:1038F0006831186803685B6D9847D4F868311868B8
:1039000003685B6A9847C01B8642E8D22368434934
:103910009A6A8A4258D1D3F8EC3044F2FF312046FB
:103920009847002849D06FF00405BFE7FD2EACD9B9
:103930006FF00305BAE7B9F1030F226851D1D2F84D
:103940008430434545D10123D4F86801ADF80C50CB
:10395000CDE9003303AA02231221FEF711F8BDF8C6
:103960000C0040BA80B210F00103226839D1D2F8BD
:103970008420424530D1ADF80C300123D4F86801E1
:1039800003AACDE9003312210223FDF7F9FFBDF8A8
:103990000C305BBA5A04AAD5D4F8C411204601F001
:1039A0000F0101F0B1FB0028A1D1236844F2FF31DF
:1039B000D3F8EC302046984799E7236820461B69E6
:1039C00098476FF0040571E7204690476FF00405B3
:1039D0006CE720469847C6E720469047430486D5C3
:1039E000DAE7936A0D498B4212D1D2F8EC3044F2F7
:1039F000FF3120469847054600287FF457AF2368DB
:103A000020461B699847054650E76FF01D054DE7B6
:103A100020469847054649E7D34D6210013203001E
:103A2000693003002DE9F04F8FB00F46054601F0D5
:103A3000B9FD08AE0DF1100C002401287460089443
:103A4000B4600494ACF8044056D00346A0B10328F7
:103A500000F02181022840F0DD8095ED5F7A9FED36
:103A6000C96ADFEDC97AB8EE477A2346C6EE076A1F
:103A7000A346CDED086A1AE0D5ED5F7A9FEDC16AE5
:103A800095F88721B8EE677AD5ED607AC6EE076AB9
:103A900012F0FB02F8EE677ACDED086A40F0B680CE
:103AA0000123B5F88C2195F888B1ADF8102029686C
:103AB000B64AD1F8788090454FF0000400F0AF800E
:103AC000A64622468DF813308DF812B08DF81440BA
:103AD0009CE803008DF828E00A9B0190ADF80810DF
:103AE000CDED097A039700931146284696E80C001D
:103AF000C0470FB0BDE8F08F95F86DE1BEF1040F3F
:103B00007FD9BEF1070F08BF4FF0080E2A6895F85D
:103B10006F3195F8709195F86EA1D2F878809B4A34
:103B200095F86C118DF82010003318BF0123A9F10E
:103B3000010B1AF10004B5F87211ADF81010BBFAC0
:103B40008BFB18BF012490454FEA5B1BD5ED5D7AD6
:103B500040F09F80CDED097A8DF828E096E80700C7
:103B60000EAD05E907009DF82C508DF812B042F219
:103B70001072AA4006EE902AB2EE047AF8EE666A57
:103B800027EE877A8DF81330C6EE877A8DF81440C9
:103B90009CE803006A1FD2B2022A069035BF1921A1
:103BA000112100220822FCEEE77A17EE900ABAF102
:103BB000000F00F0968005F13E04A400E4B207EB8C
:103BC0004303B9F1010FC5EB430302EB830314BFB9
:103BD000142200221344BDF818501AB2631E002AA2
:103BE000A8BF9B1805F1080293FBF4F39BB20EFBF0
:103BF000032E01EB8E0E00FB0EF080080FB0BDE827
:103C0000F08F0EF1040E5FFA8EFE7FE7022A08BFE6
:103C1000022346E76FF013000FB0BDE8F08FCDED43
:103C2000097A8DF8284096E807008DF813308DF852
:103C300014408DF812B00EAC04E907009CE80300B4
:103C400080B207EE900AFF00F8EEE76A07EE907A7E
:103C500007EE10BAF8EE677AB8EEC77A76EEA77A72
:103C60001BB2DB0077EE877A07EE103ADDED0B6AC8
:103C70009FED476AB8EEC77A66EE866A37EE877AB6
:103C8000C7EE267AFCEEE77A17EE900A0FB0BDE891
:103C9000F08F012216E729683C4BD1F8788095F81F
:103CA000A9118DF8201095F8A8118DF8211095F81C
:103CB000AF118DF82210984595F8AA118DF81010C3
:103CC00058D196E807000EAB03E907009CE8030013
:103CD0009DF82D300690032B49D8DFE803F03E39DC
:103CE0003605AC00E4B26AE707EB4707BFB2294AE2
:103CF000A2FB0732520902EB820302EB4202A7EB5E
:103D0000021703EB83035A00BFB292B217B1023716
:103D10003A4492B29DF818101F4B9FED207AC1EBE8
:103D2000C10001EBC00102EB410292B203FB02F3BE
:103D300007EE903AF8EE677A67EE877AFCEEE77A5C
:103D400017EE900A0FB0BDE8F08F7F00BFB2CEE74C
:103D500007EB4707C7F34F07C9E707EB47077F00A4
:103D60000F4B0437A3FB0737C7F38F07BFE76FF08D
:103D7000090043E72346A346A646DFED037A022265
:103D8000A0E600BF00007A4900000000912D03006A
:103D90006F12833AABAAAAAA00127A00AD37063B8B
:103DA000CDCCCCCC2DE9F0410229C8B00E46174647
:103DB00004465DD0032956D15368FF2B00F274816D
:103DC00001F0F0FB0128054600F0E080002800F03B
:103DD000B280022800F0E980032840F068810023C7
:103DE00044F2010200931146204601F075FB0028C1
:103DF0003BD102460146204601F0F8FCA8BB032D4A
:103E000000F0EA8003463A793968204601F03CFB2D
:103E100058BB236844F2FF31D3F8EC302046984772
:103E2000054610BB08AA012340F6890120468DF8FB
:103E3000205001F019FBC0B9204601F0B3FB012866
:103E400000F04B819DF8200040F004008DF8200028
:103E500008AA012340F68901204601F0FDFA20B9A5
:103E600084F8386001E06FF0180048B0BDE8F081D8
:103E700090F87031012B00F08280236820461B6986
:103E800098470028F1D13A686FF07F439A4203D0F7
:103E9000BB6843F40073BB607968204602F01CFEE7
:103EA000B9680546204602F017FE002382B2A9B287
:103EB0000093204601F010FB0028D6D102460146AF
:103EC000204601F093FC0028CFD1236844F2FF3153
:103ED000D3F8EC30204698470028C6D1204601F0A0
:103EE00061FB012800F0E980002840F0E08094F8B0
:103EF0008A01B4F88C1194F8842194F8873194F8ED
:103F000088C194F889E1002840F0D48094F89C811D
:103F1000CDF808E00025CDE90308CDE900C520462D
:103F200001F00AFC3B685A1C04BF6FF07F433B6002
:103F3000C4F8A43194E797F804C094F88A0194F87F
:103F4000873194F88421B4F88C110195CDF810C014
:103F500094F889C1039094F888010090CDF808C0C6
:103F6000204601F0E9FB00287FF47FAF0090034674
:103F7000012240F20121204601F0AEFA37E7D36872
:103F8000002B3FF47AAFC0F89C3176E794F87001CB
:103F900094F8A0C13B7994F86F21B4F87211CDE97F
:103FA000000C204601F09EFBDDE77968D4F87C31F7
:103FB000C800642B80B241F6705E43F20F7C40F281
:103FC000E143009040F62F12C9B204BF7346624627
:103FD000204601F0DDFBC6E7204600F0C3FF0028C5
:103FE0007FF443AF94F8AA31C3F10403002B0ADD38
:103FF0000546204601F062F894F8AA310135C3F174
:104000000403AB42F5DC0025FF22002108A807F0DD
:1040100037FEC4F8BC51C4F8C051C4F8C451D7E944
:10402000001204F5E07004F5DE7307AFCDE901304E
:10403000009708AB2046079500F0DEFC00287FF4CF
:1040400014AF034608A93A78204601F01DFA00286B
:104050007FF40BAF3B68D4F8C0018DF81930012113
:104060008DF818108DF81A0006AA032340F2853146
:10407000204601F0F1F900287FF4F7AE94F8C03142
:10408000102B1F4628BF1027002B3FF4C2AE054659
:1040900002E0BD423FF4BDAEE9B2204601F034F883
:1040A00001350028F5D0E0E66FF00300DDE64FF0C3
:1040B000FF30DAE64FF0FF082AE794F8700194F831
:1040C000A05194F89C3194F86F21B4F87211CDE9A5
:1040D0000005204601F006FB24E7D4ED5D7ADFED14
:1040E000096A9FED097A9DF8200077EEE67AF0EEF6
:1040F000E77AF4EEC77AF1EE10FA3FF6A3AE00F0DD
:10410000FB00A3E60000FA436F12833AF8B50446B9
:104110000F4602F0BBFC3848384B0069C4F85031F8
:10412000002240F20163A4F8A831C4F8AB010023D7
:104130000320C4F86021C4F87421C4F890213049E8
:104140002160012284F84D3184F85431C4F858318B
:1041500084F85C31C4F86C3184F87031A4F87231A1
:10416000C4F87C31C4F88031C4F88431A4F88831B3
:1041700084F88A31A4F88C31C4F8943184F89831E9
:1041800084F8993184F89A31C4F89C3184F8A031CC
:10419000C4F8A43184F8AF3184F8640184F8AA012A
:1041A00084F87821FF25C4F8B0310220042122616F
:1041B0000822A560606120254020A161E261802184
:1041C0004FF48072C4F8B431A4F8B831C4F8BC31EB
:1041D000C4F8C031C4F8C431C4E909501023C4E99B
:1041E0000B12084E23624FF40073C4F868716660C6
:1041F00063632046F8BD00BF48F40300CDCCCC3F3C
:1042000068F403000024743F10B4032ABDF804408E
:1042100013D8092980F8A82112D85A1E032A80F839
:10422000A91110D8B4F5007F80F8AA310ED2A0F8F9
:10423000B84100205DF8044B70476FF00900F9E7C2
:104240006FF00700F6E76FF00A00F3E76FF0690020
:10425000F0E700BF70B5D0F86831044618680D4625
:10426000996A036882689B689847D4F8683118682F
:10427000996A0368C268DB689847D4F8683118689F
:1042800003680121DB699847D4F868311868996A96
:1042900003680269DB68984715B90025284670BD98
:1042A000D4F86831186803685B6A9847064611E0DD
:1042B000D4F86831186803685B6A9847801BB0F5CA
:1042C0007A7F4FF00A01E9D2D4F8683118680368A0
:1042D000DB699847236820461B69984705460028F4
:1042E000E6D1DAE700B585B0B9B904AA012302F82E
:1042F000011DD0F868011521CDE90033FDF740FB21
:104300009DF80F3000EE103AB8EE400AFEEE007A4B
:1043100020EE270A05B05DF804FB01F08BFAC0B26D
:1043200006F0A0FF0022054B07F006F807F016FA8A
:1043300000EE100A05B05DF804FB00BF0000E0BF0E
:1043400030B5FDEEC07A2DED048B17EE903A85B0B6
:10435000A3F2863200211A2A0546ADF808100BD8C0
:104360004EF6E113ADF80830284602A901F00AF92B
:1043700005B0BDEC048B30BDA3F25F32072A04D830
:104380004DF6D733ADF80830EEE7A3F20B32082A2A
:1043900008D9A3F5EB72282A09D848F27513ADF8AD
:1043A0000830E1E74CF2C153ADF80830DCE7A3F583
:1043B000D7730A2B31D9B1EE049AB0EE408A30EEB1
:1043C000490AF5EE008A20EE280A06F0B3FD38EE21
:1043D000098AFCEEC07A28EE280ACDED017A06F0B3
:1043E00063FD9DF80440FCEEC07AE207CDED017A52
:1043F0009DF8043001D4013CE4B2D9075CBF01331D
:10440000DBB2284603A98DF80C408DF80D3001F081
:10441000B9F805B0BDEC048B30BD46F66B73ADF852
:104420000830A1E7F0B583B002AC002304F8013DE9
:104430000F462246012340F6D801064601F014F843
:1044400078B99DF8075077B925F01E0545F00805A5
:1044500022463046012340F6D8018DF8075000F07F
:10446000FBFF03B0F0BD45F01E05F1E7F0B583B0EA
:1044700002AC002304F8013D0F462246012340F21E
:104480003671064600F0F0FF80B99DF80750012F05
:104490000CBF05F0FB0545F004052246304601231C
:1044A00040F236718DF8075000F0D6FF03B0F0BD32
:1044B000F0B585B0044601F075F8F0B9D4F87C3158
:1044C000D4F86811B3F5966F46D0FF260225B3F5F0
:1044D000167F4FF00303039000930846CDE9015681
:1044E0004FF0040347D0082240F2D161FDF780FA73
:1044F000024630B1104605B0F0BD0022104605B0AE
:10450000F0BDD4F868010423CDE90262CDE900557D
:1045100040F69B01FDF76CFA02460028EAD1042719
:10452000D4F868010392CDE90156102200973B466A
:1045300040F6B801FDF75CFA02460028DAD1D4F85B
:1045400068010623CDE90262CDE9007540F2AC6155
:10455000FDF74EFA0246CDE70423FF25022402466A
:104560000390CDE901450846009340F6B801FDF7F8
:104570003FFA0246BEE7182240F2D161FDF738FA51
:1045800002460028B6D10423D4F868010392CDE98D
:1045900001561A46009540F69B01FDF729FA02469E
:1045A0000028A7D10427D4F868010392CDE9015669
:1045B00000973B4640F6B801FDF71AFA024600287C
:1045C00098D1D4F868010623CDE90262CDE90075DF
:1045D000502240F2AC61FDF70BFA02468AE700BFB9
:1045E0002DE9F041044684B0D0F868018846FCF714
:1045F00063FBD4F868311868596AD0E900329B68C7
:104600009847D4F868311868D96AD0E900329B68B5
:104610009847D4F868314D4A10211974D4F868319C
:1046200008215974D4F868110123CB74D4F86811A7
:104630001D200881D4F868110D204881D4F8681134
:1046400000258D81D4F86811C020C881D4F8681184
:104650000B71D4F868315A61D4F858710A26237B5B
:10466000002B46D16B4610224FF44871D4F86801F4
:10467000CDE90055CDE90255FDF72EF96946062230
:10468000384608F07DF90A21F8B994ED540AB5EEE0
:10469000C00AF1EE10FA06DD41F28831204601F041
:1046A00099FF054668B94146204602F0BDF8054627
:1046B00020BB94F85431002B40D1204601F0FCFE81
:1046C0000546284604B0BDE8F081D4F86831186882
:1046D0000368DB699847731E13F0FF06BFD1D4F857
:1046E0006801FCF7FFFA6FF00105284604B0BDE849
:1046F000F08101212046FFF7ADFDB3E72368204696
:104700001B699847204601F0B3F8114B9D42D8D160
:104710008306D6D59FED0F0A41F2883184ED540A05
:10472000204601F057FF05460028CAD141462046E1
:1047300002F07AF805460028C3D1BAE7204601F016
:10474000B7FE0546284604B0BDE8F081952F03006A
:104750003DFDFFFF00000000F0B52A4DC0F8745188
:104760001D460623284E80F85C310F460023FF21AA
:1047700083B0C0F86C61C0F89C11A0F87251C0F809
:10478000943180F87031012104461646FFF728FF66
:1047900008B103B0F0BD02463946204601F0D8F911
:1047A0000028F6D131464422204601F007FA0028BD
:1047B000EFD1236829461B6E204698470028E8D190
:1047C0009FED120A204601F01DFA0028E1D10121D7
:1047D000204601F0D5FF0028DBD10123009341F6EC
:1047E0000F5241F221030221204601F09FFD0028D3
:1047F000CFD123681B6D0146204603B0BDE8F040D1
:10480000184700BF0000FA4309030001000070428E
:1048100070B545F255332DED048B4CF6CC42C0F803
:104820007C311A233A4EC0F8802180F88531092264
:10483000062384B00D46A0F88C11C0F8906180F872
:10484000862180F8873100210446B0EE408AF0EEE0
:10485000608AB0EE419AFFF7C3FE18B104B0BDEC18
:10486000048B70BD2368B0EE480A1B6C2046984745
:104870000028F3D12368B0EE680A5B6C20469847A5
:104880000028EBD1B0EE490A204601F01DFC0028BB
:10489000E4D19FED200A204601F0B4F90028DDD1D3
:1048A000236829461B6E204698470028D6D11A4A0D
:1048B0002368908ADB6D04A9022221F8040D2046AA
:1048C00098470028CAD1236801469B6C2046984728
:1048D0000028C3D123680146DB6C20469847002896
:1048E000BCD1FF21204601F09FFD0028B6D1012553
:1048F000009541F2210341F60F520221204601F0BA
:1049000015FD0028AAD12946204601F039FFA5E768
:1049100033331C430000704248F4030010B50221F9
:104920002DED028B0446B0EE408AFFF759FE10B120
:10493000BDEC028B10BD2368B0EE480A1B6C20460C
:1049400098470028F4D1BDEC028B20460121BDE838
:10495000104001F015BF00BF70B50D4686B080F85D
:10496000AF31032104461646FFF73AFE08B106B000
:1049700070BD9FED1F0A204601F044F90028F6D1D2
:104980000121204601F0FCFE0028F0D1CDE9030012
:10499000CDE901000090034602460146204600F0A2
:1049A000CBFE0028E3D10B22236884F88501C4F8EC
:1049B000800184F886211B6C9FED0E0A20469847E3
:1049C0000028D4D1032E0DD8092D84F8A8610CD865
:1049D00003224FF4807384F8A95184F8AA21A4F823
:1049E000B831C4E76FF00900C1E76FF00700BEE718
:1049F000000070420000FA3E2DE9F04FADF52B7D2E
:104A00001C4605900892D2B18D18013D0139601EF7
:104A1000FF231A1111F8016F82EA531282EAD302BE
:104A20005E4002F0010282EAD312370942EA4303F0
:104A300047EA06168D42DBB200F8016FE9D1DDF8D6
:104A400020C0CE4862464FF6FF7E0025102747F271
:104A50005B562146C0E9016E0770961C6746C5602B
:104A600002F098F8E319C0F30722E255294658707E
:104A70004FF41872F300A55512A81E46099307F0CB
:104A8000FFF80321BE480B9502F0D2F80BAB009360
:104A9000B21D12AB2146BA4802F0CEF82946FF22D9
:104AA000204607F0EDF8059B93F8A8C1BCF1030F71
:104AB00000F04C82B34BDDF82C800FCB0EAF3E469E
:104AC00007C626F8023BBCF1020F4FEA13433370CE
:104AD0009CBFAD4B13F80C50B8F1000F00F03982B9
:104AE00000218A4608464FF001096FEA0A0303F0E5
:104AF000070317F800C0CA4309FA03F34FEAD10EBF
:104B00004FEADA0602F007025BB2BCF1000F12D0E6
:104B10000DF1480C0AF1010A1CF80EC014F906E068
:104B20004CFA02F212F0010F43EA0E020ABF2EEA1B
:104B30000303A255A3550130A84200F0B38101310F
:104B40008845D2D10AF10702D208214612A8CDF831
:104B50002CA007F071F8059B93F8AA31C3EBC302B0
:104B600003EBC202520092B29446BAF1000F00F079
:104B700087800022013292B202FB02F15145F9D343
:104B80000FFA8AF14FEA420E00294FEA52020491CD
:104B90001FFA8EFE079273DD0020CDF808A0039067
:104BA00007464FF00109E2464FEADA026FEA0A03CC
:104BB000A15CCDF818A003F0070309FA03F321EA7A
:104BC00003010AF10103A154DA10DB43A15C03F0F5
:104BD000070309FA03F321EA0303A354049B6FF0CC
:104BE0000208302BA8EB0A08A8BF30230AF1020BF9
:104BF000DDF81CA09C460026C0F3CF0212A9A8EB4A
:104C000006038D5C0BEB0601C910C24303F00703DA
:104C100002F0070245FA02F209FA03F365565BB2A5
:104C200012F0010F25EA030208BF62547044029A91
:104C300018BF2B4380B218BF635490420AEB07039E
:104C400009D39FB2039BBE4503F101039DBF9FB2F1
:104C5000384603973846013633B26345CCDB049BB4
:104C6000DDF818A0303B1BB20CF1020CE244002B23
:104C700004931FFA8AFA97DC059B93F8AA31D4466D
:104C8000059A9DF8207092F8A851B2F8B80192F8F0
:104C9000AF6192F8A9118DF83070EA0042EA8602FD
:104CA000061146EA411642EAD1026FF0710101FB9A
:104CB00003C142F002028DF83260304E8DF831208F
:104CC0002F2702014FF0FF0C08200B910021D2B2D8
:104CD0003070C6E9017CF160002B00F0ED80DFF858
:104CE000B09002910E4609F1280AA9F127080EAFEB
:104CF0000125013B5B1A22F00C0242EA83030CA956
:104D000004221E488DF8333001F044FF4FF0000BB1
:104D10008DF8340002211A48A7F808B0C7E900BB93
:104D200001F086FF3B4628220CA9CDF800B01448BC
:104D300001F082FF3B4628220CA9CDF800B01048B4
:104D400001F07AFFF208F343A15C104803F0070377
:104D500005FA03F321EA0301731CA154DA10DB43C3
:104D6000A15C03F0070305FA03F321EA030306F14C
:104D7000020CA3546FEA0C0C0CE000BFA0800020D2
:104D80009C80002058F503007CF503007FF50300AC
:104D9000A7F503004378C21CD908A2EB08023244ED
:104DA00017F801E0D208DB430CF0070103F007031A
:104DB0004EFA03F305FA01F114F902E013F0010FC2
:104DC00049B24EEA010300F101000ABF2EEA0101D7
:104DD000A354A15448450CF1FF3CDBD106F14A0C29
:104DE0005D486FEA0C0C437800F12302D908A2EB6E
:104DF0000802324417F801E0D208DB430CF0070147
:104E000003F007034EFA03F305FA01F114F902E087
:104E100013F0010F49B24EEA010300F101000ABF8D
:104E20002EEA0101A354A15450450CF1FF3CDAD104
:104E30006FF02A0EDDF814C00396AEEB060E06F1F5
:104E40002A0B00200CEBD00200EB0B0192F8AB61B7
:104E5000C908AEEB0003C24303F0070302F00702E8
:104E600046FA02F205FA03F3665612F0010F5BB23E
:104E700046EA030200F101000ABF26EA0303625476
:104E800063542028DED1059B029A039E93F8AA3131
:104E90000132723693420292B6B20AD99DF833209B
:104EA000029926E7013141454FF000007FF41DAE25
:104EB00048E6059A92F8A851099A063292B2032D53
:104EC00006D8DFE805F03934310202EB420292B233
:104ED000224DA5FB0210400902F12F0400EB8001D6
:104EE00000EB4000A2EB0012A5FB045401EB810192
:104EF000B69803EB5413490092B203608BB212B11F
:104F000002321A4493B2059A92F8AA11722212FB45
:104F10000133B599DA1D0B60B49BD20800201A60EA
:104F20000DF52B7DBDE8F08F520092B2D0E702EB79
:104F30004202C2F34F02CBE702EB420252000849A1
:104F40000432A1FB0212C2F38F02C1E7DDF82CA0EC
:104F500002E6C2464246F8E5A7F50300ABAAAAAAB4
:104F6000CDCCCCCC70B4524D524B8BB00646039393
:104F70000FCD05AC0FC42A6896F8A93196F8AF1189
:104F800022600AAA02EB430300294FF0060243F60F
:104F90003611ADF810104848A6F8B22114BF082108
:104FA000342149F28E5233F8143CB3FBF1F33C2B1D
:104FB0000290ADF80420A6F8B03109D02ED9B92B53
:104FC00068D01DD8562B48D0632B46D03E2B20D11D
:104FD000B6F8B8310AAA02EB931203F03F0112F8B7
:104FE0001C2CA6F8B421B3F5C07F4FF03802A6F808
:104FF000B611A6F8B2210CD200200BB070BC7047DD
:10500000B3F5C37F3AD040F29312934236D0C62B09
:1050100040D06FF069000BB070BC70471C2B06D0FD
:1050200016D9232B03D02F2B01D01E2BF1D1B6F88C
:10503000B8310AAA02EB9311B3F5C07F03F03F0227
:1050400011F81C1CA6F8B411A6F8B621D4D3E0E7D9
:105050000A2BECD0162BDCD1E9E7B6F8B8310AAA56
:1050600002EBD312002012F8202CA6F8B42103F092
:105070007F03A6F8B6310BB070BC7047B6F8B831F4
:10508000A6F8B6314FF484720020A6F8B4210BB014
:1050900070BC7047B6F8B8310AAA02EB1322DBB233
:1050A00012F8242CA6F8B421A6F8B631A4E700BF64
:1050B00068F50300212D30334144474810B4B0F85F
:1050C000B231B0F8B621B0F8B04103F001015B088D
:1050D00019B1B0F8B4114B409BB29A4282EA030175
:1050E00007D0A142F1D8A0F8B2315DF8044B0846D0
:1050F0007047A34201D91346E7E7A0F8B231194639
:1051000008465DF8044B7047D0F8C031002B00F022
:105110008680F0B5B0F8B231B0F8B641B0F8B05111
:1051200083B003F001025B081AB1B0F8B421534018
:105130009BB29C4284EA030269D0AA42F1D8013AA8
:1051400092B214B2B4EB550FA0F8B23190F8AF316F
:10515000A8BF521B05F00105A8BF14B20135002BF2
:1051600059D11A2303FB05F54FF4D043D0ED587AFB
:105170009FED357AD0F8C46190F8AA2167EE877A5E
:105180009642FCEEE77A17EE907A03FB1473A3EBDA
:10519000452504D2921BD30758BF05F5807501EB56
:1051A000410604462A0E280C760004230F464FEAD7
:1051B000152C8DF804208DF8050006F28A310DEBD0
:1051C000030220468DF807508DF806C000F044F920
:1051D000D8B937BB7320054606F562718DF801001A
:1051E000002602236A4620468DF8006000F034F95C
:1051F00058B904F5DE710EC94D1B013A0133C4F8EC
:10520000BC51C4F8C021C4F8C43103B0F0BDAB42F6
:1052100012D9234685E7AD004FF48053A6E7184620
:10522000704794F8AA31BB4208D8D4F8BC013128A1
:1052300007D885B2C0B2CFE71A4680E7722005468C
:10524000CAE732200546C7E700008049014801F05F
:10525000EBBC00BF9C80002030B5012185B0044626
:10526000D0F86801FCF708FD04AA042302F8013D08
:105270000023D4F868018421CDE900330123FBF732
:1052800063FFD4F868310546186803680121DB69BB
:105290009847284605B030BD30B5044685B0012199
:1052A000D0F8680194F84D51FCF7E6FC0023D4F8DF
:1052B00068011A46CDE900331946FBF745FF04AAF9
:1052C0000123D4F8680102F8045D8021CDE90033A0
:1052D000FBF73AFF05B030BD30B5044685B00D464A
:1052E000D0F868010121FCF7C7FC0023D4F868015D
:1052F0001A46CDE900331946FBF726FF04AA01231D
:10530000D4F8680102F8045D8021CDE90033FBF791
:105310001BFF05B030BD00BF30B585B001230D0CBB
:105320000C0A8DF80E10D0F868018DF80C50CDE9FC
:10533000003303AA032383218DF80D40FBF704FFFC
:1053400005B030BD30B585B000220123D0F868012A
:105350008DF80E100D0C01920C0A009303AA032382
:1053600082218DF80C508DF80D40FBF7EDFE05B055
:1053700030BD00BFF0B585B0DDED0B7A9FED277A2B
:105380009DF82860F8EE677A054667EE877A95F80B
:105390006C41FCEEE77AFF2917EE900A4FEA1047BE
:1053A0008DF80C704FF002078DF80E0004F10D041B
:1053B0004FEA10208DF8087018BF8DF80810FF2AEA
:1053C0008DF809408DF80D0018BF8DF809200A20CE
:1053D000FF2B4FF00104ADF80A0002AA18BF8DF8A8
:1053E0000A30D5F86801FF2E4FF00703CDE90044DD
:1053F0004FF0880118BF8DF80B60FBF7A5FE034640
:1054000040B9D5F868011A46CDE90044C521FBF73B
:105410009BFE0346184605B0F0BD00BF6F12833DEA
:1054200010B5002484B061F3070463F30F249DF8E2
:105430001830D0F8680162F3174404AA63F31F64BC
:10544000012342F8044D9521CDE900330423FBF7F5
:105450007BFE04B010BD00BF08B5D0F86801FBF7B3
:10546000AFFC002008BD00BF38B504461D46D0F88B
:10547000680113462A46FCF72FFAD4F86801BDE804
:105480003840FCF70FB800BF10B586B00124D0F843
:1054900068018DF8153000920B46CDE901440222D7
:1054A0000E2405A98DF81440FBF730FF06B010BD9F
:1054B00010B586B00124D0F868018DF8153000923F
:1054C0000B46CDE9014402221E2405A98DF81440A3
:1054D000FBF74EFD06B010BD70B51D4684B001232C
:1054E000D0F86801BDF820408DF80910CDE90033EF
:1054F0000823D9408DF8081022FA03F18DF80F40E7
:105500008DF80B2025FA03F68DF80A10240A1946A7
:105510000DEB03028DF80D508DF80C608DF80E40E8
:10552000FBF712FE04B070BD30B5022385B0012236
:105530000C460D0AD0F868018DF80D40CDE9002227
:10554000194603AA8DF80C50FBF7FEFD05B030BDDF
:1055500070B584B001230E0E0D0C0C0A8DF80F10DF
:10556000D0F868018DF80C60CDE9003303AA04235C
:1055700086218DF80D508DF80E40FBF7E5FD04B047
:1055800070BD00BF00B5012383B00A46D0F86801A2
:105590009821CDE900330223FBF7D6FD03B05DF877
:1055A00004FB00BF00B585B004AAFF2302F8013D4B
:1055B0000123D0F868011121CDE90033FCF7E0F9AF
:1055C0009DF80F0005B05DF804FB00BF30B585B055
:1055D00001230D4604468DF80D20D0F868018DF8A2
:1055E0000C50CDE9003303AA02238E21FBF7ACFD5A
:1055F00008B984F8985105B030BD00BF30B585B00A
:1056000090F878419DF820509CB190F86C4190ED55
:105610005D6A012505FA04F407EE904AF8EE677A10
:10562000B3EE007AC7EE866AF4EEC76AF1EE10FABE
:1056300018DB80F86E51002461F3070462F30F2435
:1056400063F3174404AA65F31F64012342F8044D71
:10565000D0F868018B21CDE900330423FBF774FDFA
:1056600005B030BD002580F86E51E4E770B584B018
:10567000D0F86801089C8DF80B208DF80C300122C1
:105680000B0CCDE900228DF808300A0A08238DF8AA
:105690000A108DF80920260C250A0DEB03028B2138
:1056A0008DF80F408DF80D608DF80E50FBF74CFD16
:1056B00004B070BD30B585B001238DF80F200D0CFE
:1056C0000C0A8DF80E10D0F868018DF80C50CDE959
:1056D000003303AA04238B218DF80D40FBF734FD22
:1056E00005B030BD2DE9F04385B00C469DF834502F
:1056F0009DF83080294616461F468146FEF7B6FEC5
:10570000B0B90123D9F868018DF80940CDE900331B
:10571000240A062302AA8C218DF808408DF80A80FD
:105720008DF80B708DF80C608DF80D50FBF70CFDAB
:1057300005B0BDE8F08300BF70B586B00C0A8DF8E7
:105740000E2001228DF81330D0F868019DF8283022
:105750009DF830608DF80D10CDE900229DF82C20C9
:105760009DF834508DF80C408DF80F309DF838407E
:105770008DF81020092303AA8C218DF814608DF870
:1057800011508DF81240FBF7DFFC06B070BD00BF72
:1057900070B584B00546BDF820408DF808108DF82E
:1057A0000A201946120A01238DF809200A0AD0F8A6
:1057B00068018DF80C10260A8DF80B20CDE9003316
:1057C00002AA8C218DF80E408DF80D60FBF7BCFC11
:1057D000044638B9D5F8680106230DF10902F02115
:1057E000FBF7EEFA204604B070BD00BF00B585B0EF
:1057F00001238DF80C108DF80D20D0F8680103AA54
:10580000CDE900338F210223FBF79EFC05B05DF844
:1058100004FB00BF00B585B004AA012302F8041DF3
:10582000D0F868019621CDE90033FBF78DFC05B077
:105830005DF804FB10B5012384B0002403AAD0F85E
:105840006801ADF80C40CDE90033142103238DF835
:105850000E40FCF795F89DF80D309DF80C209DF852
:105860000E001B0243EA0243184304B010BD00BF00
:1058700000B585B004AA002322F8043D0123D0F826
:1058800068011721CDE900330223FCF779F89DF870
:105890000C009DF80D3043EA002005B05DF804FBD4
:1058A00000B585B004AA002322F8043D0123D0F8F6
:1058B00068010721CDE900330223FBF745FC05B061
:1058C0005DF804FB2DE9F041D0F868311C680F4603
:1058D000596A236805469A6D5E6920469047D5F857
:1058E00068311B6801463A462046B4465B69BDE80C
:1058F000F041604770B5D0F868311C68596A236878
:1059000020469A6D9D6990472B4601462046BDE88A
:105910007040184730B583B00D460446FFF742FE8D
:10592000012814D16B1F072B0ED894F86E0194F840
:105930006D3194F85C2184F86C5129460090204622
:10594000FFF75CFE03B030BD6FF00800FAE76FF0C0
:105950001300F7E710B52DED028B82B0B0EE408A50
:105960000446FFF71FFE80BBB5EEC08AF1EE10FAC9
:1059700025D4DFED177AB4EEE78AF1EE10FA21D4E0
:10598000DFED147AB4EEE78AF1EE10FA1ADC9FED3F
:10599000120A28EE008AFCEEC87A17EE900AC4F8C4
:1059A000800194F8853194F88621D4F87C11009018
:1059B0002046FFF75BFE02B0BDEC028B10BD40F24B
:1059C0007520ECE76FF06500F5E76FF01300F2E784
:1059D0009A99193F000048436F1283442DE9F04122
:1059E00002680F4DD2F8DC40AC4215D1D0F86831D6
:1059F0001D680E46596A2B6804469A6D5F692846F1
:105A00009047D4F868311B68014632462846BC46A8
:105A10005B69BDE8F04160472346BDE8F0411847A7
:105A2000C558030002680B49D2F8E0208A420FD122
:105A300070B5D0F868311C68596A236820469A6DA1
:105A40009D6990472B4601462046BDE870401847A7
:105A5000104700BFF558030030B52DED028B85B01F
:105A6000B0EE408A0446FFF79DFD012868D1B5EEEF
:105A7000C08AF1EE10FA49D4DFED337AB4EEE78A4A
:105A8000F1EE10FA42DCDFED317AB6EE007AE8EEA4
:105A9000077AFCEEE77ACDED037A9DF80C300F2BF8
:105AA0003AD00AD93E2B43D022D97D2B38D0FA2BBD
:105AB0002CD1062084F85C0109E0052B34D01FD9D5
:105AC000072BF7D00A2B21D1092084F85C0194F828
:105AD0006E5194F86D3194F86C1184ED5D8A024634
:105AE00000952046FFF78AFD05B0BDEC028B30BD66
:105AF000142B21D01F2B09D1032084F85C01E6E789
:105B0000032B03D1002084F85C01E0E76FF007006D
:105B100005B0BDEC028B30BD022084F85C01D6E7F5
:105B2000052084F85C01D2E7082084F85C01CEE708
:105B3000042084F85C01CAE70A2084F85C01C6E707
:105B40006FF01300D0E700BF0000FF430AD7233CEB
:105B500070B582B00D4616460446FFF723FD0128B6
:105B600028D1281FC3B2042B21D86EB984F86D3117
:105B700094F86E0194F85C2194F86C110090204622
:105B8000FFF73CFD02B070BD042810D8DFE800F03C
:105B90000B07070F0300072384F86D31E8E784F84B
:105BA0006D512B46E4E7002384F86D31E0E76FF098
:105BB0000900E7E76FF01300E4E700BF2DE9F041CB
:105BC00082B00E4617468046FFF7ECFC012815D13F
:105BD00026F00F0507F00F0445EA171544EA0614EE
:105BE0004046022301AA4FF4E8618DF804508DF875
:105BF0000540FFF731FC02B0BDE8F0816FF0130003
:105C0000F9E700BFB5EEC00AF1EE10FA1BD4DFEDE4
:105C10000F7AB4EEE70AF1EE10FA14DC00B5DFED0E
:105C20000C7A20EE270A83B0FCEEC07A02AA17EEA7
:105C3000901A012302F8011D40F6E701FFF70CFC62
:105C400003B05DF804FB6FF01000704700000C43D8
:105C5000CDCCCC3E00B583B002AA002302F8013DB2
:105C600040F6E7010123FFF7FFFB9DF8073000EE48
:105C7000103AB8EE400AF0EE047A20EE270A03B09C
:105C80005DF804FBF0B587B00D460446FFF78AFCCB
:105C9000012833D0002843D194F88801ABB2834265
:105CA000A8BF0346A9B21F2BA4F88C1116DD07224A
:105CB00094F88A5184F8842194F8873194F8897192
:105CC000ADB994F89CC100900026CDE9035C029721
:105CD00020460196FFF730FD07B0F0BD172BDAB272
:105CE00008DC0F2A08D8002A18BF0422E0E74FF08A
:105CF000FF0CE8E70622DBE70522D9E794F8A011BC
:105D000094F8700194F89C3194F86F210191A9B234
:105D1000A4F8721100902046FFF7E4FC07B0F0BD34
:105D20004FF0FF30D8E700BF10B52DED028B82B0E9
:105D3000B0EE408A0446FFF735FC90B3032822D02A
:105D400002284FD1DFED297AB4EEE78AF1EE10FA9E
:105D500045D4DFED277AB4EEE78AF1EE10FA3EDCA7
:105D60009FED247AC7EE087A16222046FCEEE77AE9
:105D700017EE901AC4ED5F7AFFF79CFC38B302B0BF
:105D8000BDEC028B10BDDFED1C7AB4EEE78AF1EEBC
:105D900010FA24D4DFED197AB4EEE78AF1EE10FAA6
:105DA0001DDC9FED147AD4F8800194F8853194F8C5
:105DB0008621C7EE087AFCEEE77AC4ED5F7A17EE2B
:105DC000901A00902046FFF751FC0028D7D12046BA
:105DD00002B0BDEC028BBDE81040FEF769BB6FF06E
:105DE0006400CCE76FF01300C9E700BFCDCCCC3D19
:105DF0009A99193F00007A4923DBF93E355EFA3E55
:105E000070B52DED028B88B003AC84E80E000368FA
:105E10009DED048AD3F8CC309DF838600DF11F0158
:105E200005469847044658B9032E9DF81F3015D0F3
:105E3000B34212D02B6828461B69984728B1044604
:105E4000204608B0BDEC028B70BD2B683146D3F8FC
:105E5000C830284698470028F1D13346002B5AD045
:105E6000012B14D0022BEBD14FF4807300939DF8DB
:105E70000D209DF80C1003232846FEF7C5F90446B3
:105E80000028DDD19DF80E3085F8AF31D8E72B68BA
:105E90004B4AD3F8E8309DF80C40934279D128461C
:105EA000FFF780FB01287FD1631F072B00F2828060
:105EB00095F86E0185F86C4195F86D3195F85C2187
:105EC000009021462846FFF799FB0446002CB7D1E5
:105ED0002B68B0EE480AD3F8E430284698470446C9
:105EE0000028ADD128469DF81440FFF75BFB012840
:105EF0005AD1231FDBB2042B5FD895F86E0195F8B9
:105F00005C2195F86C1185F86D3100902846FFF7FB
:105F100075FB044694E72B689DED030A1B6C28462D
:105F20009847044600288BD12B68264A5B6C934225
:105F300034D12846FFF736FBB0BBB5EEC08AF1EE90
:105F400010FA23D4DFED207AB4EEE78AF1EE10FAEE
:105F50002DD4DFED1E7AB4EEE78AF1EE10FA26DCDE
:105F6000DFED1B7A28EE278AFCEEC87A17EE900A3E
:105F7000C5F8800195F8853195F88621D5F87C1112
:105F800000902846FFF772FB044659E740F275205F
:105F9000EEE7214628469847044697E7B0EE480AC0
:105FA0002846984704464BE76FF0130448E76FF024
:105FB000650445E76FF0080442E76FF009043FE726
:105FC00015590300555903009A99193F0000484399
:105FD0006F12834400B52DED028B85B00DF1100CCE
:105FE0000CE90E009DF820309DED028A032B2DD088
:105FF0004FF0FF301BBBDDED017A9FED2F7AF4EE01
:10600000C77AF1EE10FA4BD4DFED2C6AF4EEE67AA3
:10601000F1EE10FA44DCB4EEC78AF1EE10FA42D485
:10602000DFED277AB4EEE78AF1EE10FACCBF6FF01D
:106030006500002005B0BDEC028B5DF804FB012B70
:1060400010D005B0BDEC028B5DF804FB036808A915
:10605000D3F8CC3098470028F3D19DF82030002B9E
:10606000EDD1C8E79DF80430053B072B21D8B5EEEC
:10607000C08AF1EE10FA19D4DFED127AB4EEE78A95
:10608000F1EE10FA12DC9DF80C30043B042B94BFA7
:1060900000206FF0090005B0BDEC028B5DF804FB39
:1060A0006FF06400CDE76FF06500CAE76FF007009E
:1060B000C7E76FF00800C4E79A99193F00009643BC
:1060C000000048430000FF43F0B52DED028B93B074
:1060D000B0EE408A0746FFF765FA002848D1274C02
:1060E00005460FCC02AE0FC694E8030046F8040B39
:1060F000383C31700FCC08AE0FC60FCCB2EE040A9C
:1061000028EE008A0FC6BCEEC88A94E8030018EE99
:10611000103A86E803009BB2284608AA32F8021B10
:106120008B421ED301301428F8D107EE903A9FED30
:10613000147AF8EEE77AF4EEC77AF1EE10FA1AD88C
:10614000092387F88531D7F8800197F88621D7F899
:106150007C1100903846FFF789FA13B0BDEC028B32
:10616000F0BD12AB184410F8403C87F88531EAE7DF
:106170006FF01300F1E76FF06700EEE7F8F503004A
:1061800000F0914530B583B0002902AB14BF9625CD
:10619000942503F8055D80F89A11154640F6AC0188
:1061A0001A4601230446FFF757F900B90DB903B0A9
:1061B00030BD084B1B6CADF80430204601AA1C0C06
:1061C00040F29F2103238DF80640FFF745F903B005
:1061D00030BD00BFD0F5030030B583B00C46054696
:1061E000FFF7E0F908B1032826D1042C27D8DFE80F
:1061F00004F013171B1F03000B2485F88641D5F804
:10620000802195F88531D5F87C11009228462246E8
:10621000FFF72CFA03B030BD002385F88631EEE796
:10622000082485F88641EAE7092485F88641E6E7EF
:106230000A2485F88641E2E76FF01300EAE76FF081
:106240006900E7E7F0B589B00E4614460546FFF74A
:10625000A9F970BB082C32D8E4B2324623464FF479
:10626000D8612846FFF7F8F858BBB5F88C11E40060
:10627000E4B2A1420B46A8BF23461F2B85F88841F4
:106280003DDD072295F88A0185F8842195F887314C
:1062900095F88971002842D195F89CC10297002693
:1062A000CDE9030C009428460196FFF745FA09B0A2
:1062B000F0BD012807D003282DD1042C28D06FF081
:1062C000680009B0F0BD012CF9D828463478FFF7F2
:1062D00069F901281FD124F00F032401284644F056
:1062E000040443F0040507AA02234FF4E8618DF883
:1062F0001C508DF81D40FFF7AFF809B0F0BD172B0B
:10630000DAB20FDC0F2A0FD8002A18BF0422B9E72F
:106310003368C5F8AB316FF0130009B0F0BD4FF032
:10632000FF0CBBE70622ADE70522ABE72DE9F04104
:1063300088B00D4616461F4604469DF83880FFF784
:1063400031F900283FD1012D59D062D3022D51D10E
:10635000B8F1000F61D0062084F8870194F88A31E3
:10636000B4F88C1194F8842194F888C194F889E1E8
:10637000002B4BD194F89C81CDF808E00025CDE9A5
:106380000338CDF800C0034601952046FFF7D4F945
:1063900068BB350A07AA022340F2BC6120468DF88B
:1063A0001D608DF81C50FFF757F800BB07AA204668
:1063B00002233C0A40F2BE618DF81D708DF81C402E
:1063C000FFF74AF813E001282BD194F8A02194F8A4
:1063D000700194F89C31B4F8721101922A1C18BF14
:1063E000012284F86F2100902046FFF77BF908B066
:1063F000BDE8F0816FF42F7008B0BDE8F081B8F10E
:10640000000FA9D0042084F88701A7E74FF0FF0808
:10641000B2E7012084F88701A0E784F88751284675
:106420009CE74FF0FF30E2E7F0B587B00D46044639
:10643000FFF7B8F8C8B994F889C194F8887194F84E
:10644000873194F88421B4F88C11019001260495C9
:10645000CDE902C600972046FFF76EF918B984F817
:106460008A61C4F89C5107B0F0BD6FF01300FAE7E1
:1064700010B582B00446FFF795F8012814D194F8BE
:10648000A03194F86F21B4F87211019300230093A6
:106490002046FF23FFF726F920B9FF2384F8700177
:1064A000C4F89C3102B010BD6FF01300FAE700BFD2
:1064B0000021FFF7AFB900BF0121FFF7ABB900BF63
:1064C000F0B589B00D460446FFF76CF8002855D1A9
:1064D000DDB994F88A0184F88951B4F88C1194F8E4
:1064E000842194F8873194F8886160B994F89C719C
:1064F00000960025CDE90307CDE901552046FFF7B9
:106500001BF909B0F0BDFF27F2E7012384F88931B8
:1065100007AA4FF4D7612046FEF7A6FF0028F0D166
:106520009DF81C5025F0010545F00105FF2607AA3E
:1065300002234FF4D76120468DF81C508DF81D6062
:10654000FEF78AFF0028DCD194F88A01B4F88C1198
:1065500094F8842194F8873194F8887194F889C16B
:1065600008B994F89C61CDF808C00025CDE9030670
:10657000009720460195FFF7DFF8C2E76FF01300A0
:10658000BFE700BF10B50446FFF70CF801280ABFAB
:1065900084F878016FF01300002010BD30B583B08F
:1065A0000D460446FEF7FEFF012810D194F8700155
:1065B00094F89C3194F86F21B4F8721184F8A051CA
:1065C000CDE900052046FFF78DF803B030BD6FF030
:1065D0001300FAE730B52DED028B036885B01B6917
:1065E0000446B0EE408A0D4698472046FFF740F932
:1065F000830654D49FED587AF0EEC87AF4EEC77A49
:10660000F1EE10FA4FD9DFED557A78EE677AF0EEB9
:10661000E77AF4EEC77AF1EE10FA26D800238DF867
:106620000C3007EE905A9FED4E7AC4F89451F8EE74
:10663000677A012367EE877AD4F86801FCEEE77A7F
:10664000CDE9003317EE901A04230D0C0C0A8DF8D7
:106650000F1003AA97218DF80D508DF80E40FAF710
:1066600073FD05B0BDEC028B30BDDFED3E7A78EEF8
:10667000677AF0EEE77AF4EEC77AF1EE10FA1AD9FB
:10668000DFED397A78EE677AF0EEE77AF4EEC77AE2
:10669000F1EE10FA13D802238DF80C30C1E7204632
:1066A000FFF7FEF8A6E720460121FDF7D3FD05B070
:1066B000BDEC028B30BD01238DF80C30B1E7DFED6E
:1066C0002B7A78EE677AF0EEE77AF4EEC77AF1EE9D
:1066D00010FA0ED9DFED267A78EE677AF0EEE77AD7
:1066E000F4EEC77AF1EE10FA07D804238DF80C30D7
:1066F00097E703238DF80C3093E7DFED1E7A78EEF1
:10670000677AF0EEE77AF4EEC77AF1EE10FA03D882
:1067100005238DF80C3084E7F0EE087A78EE677A7E
:10672000F0EEE77AF4EEC77AF1EE10FA03D806231A
:106730008DF80C3075E7DFED107A78EE677AF0EEC1
:10674000E77AF4EEC77AF1EE10FA03D807238DF852
:106750000C3066E7094884E76F12833ACDCCCC3F12
:106760006F12833D9A99D93F6666E63FCDCC0C40C7
:106770009A991940CDCC2C403333534041FDFFFF53
:1067800010B584B0D0F8684180F8991104AA0123AB
:1067900002F8011D2046CDE900339D21FAF7D4FC13
:1067A00004B010BD2DE9F04784B004AC002504F816
:1067B000015D8946164698462246012340F6E701C8
:1067C00005469DF83070FEF74FFE10B104B0BDE8ED
:1067D000F0874FF0010A43463A463146CDF800A013
:1067E0002846FEF71DFE0028F0D15FFA89F1042249
:1067F0002846FEF7EBFE0028E8D1534622462846FD
:1068000040F6E701FEF728FEE0E700BFDFED057A7E
:1068100080ED580A20EE270AFCEEC07A17EE901A97
:10682000FEF796BE000080492DE9F041037B84B05D
:1068300006460C4623B100221146FEF7D7FF00BBE7
:1068400004AFD6F8680107F8084D01243A46CDE9AF
:10685000004423468A21FAF777FC90B996F84D3127
:10686000D6F868010194002B14BF3025202523465B
:1068700000943A4693218DF80850FAF765FC0346D8
:1068800010B104B0BDE8F08196F86C21D6F868012B
:10689000ADF80C300D3203218DF80E308DF8092043
:1068A0008DF80810CDE900440A2507233A468821CF
:1068B000ADF80A50FAF748FC80460028E1D1336869
:1068C00044F2FF31D3F8EC3030469847CDF80080E1
:1068D00005464346424641463046FEF7FDFD284305
:1068E00000B20028CDD1D6F868112346CDE900408A
:1068F0003A4608467F2489218DF80840FAF724FC9F
:106900000028BED1D6F86831186803680521DB6914
:10691000984705E0D6F86831186803685B6D9847BA
:10692000D6F868311868D96A03681B699847002847
:10693000F0D1D6F86801FAF7B5FDA2E76FF01800BC
:10694000704700BF6FF01800704700BF6FF018006D
:10695000704700BF6FF01800704700BF6FF018005D
:10696000704700BF6FF01800704700BF6FF018004D
:10697000704700BF6FF01800704700BF6FF018003D
:10698000704700BF6FF01800704700BF84B004A8C4
:1069900000E90E006FF0180004B070470020704747
:1069A000BBEE090A704700BF82B08DE80C000020E2
:1069B00002B07047002070476FF01800704700BFAA
:1069C0006FF01800704700BF00207047704700BF8D
:1069D000704700BF704700BF6FF01800704700BFDE
:1069E0000368044A5B69934202D16FF01800704754
:1069F000002118475569030030B585B0056801923C
:106A00000022CDE90222D5F8D0500C4A00919542DF
:106A10008DF8083003D16FF0180005B030BD6A461C
:106A200003210446A8470028F7D12368044AD3F875
:106A3000D4309342EFD020469847EEE7D96903005F
:106A40004D69030070B505680E4ED5F8D05084B07E
:106A5000B5420192089A0091CDE9023203D16FF05C
:106A6000180004B070BD6A4602210446A8470028F9
:106A7000F7D12368044AD3F8D4309342EFD02046AC
:106A80009847EEE7D96903004D69030070B5114BD3
:106A900003600446012600210D46067328221030AB
:106AA00005F0EEF8A563294604F13C004FF480722E
:106AB00005F0E6F84FF07E53C4F83C51C4F840515D
:106AC00084F84451C4F8485184F84C51A66063607E
:106AD000204670BD1CF60300002370B41E4601253D
:106AE00005FA03F20A4200EB830403F1010303D029
:106AF00022691F2A18BF1643202BF1D1304670BCE3
:106B0000704700BF38B590F84C316BB9D0F83C51A4
:106B1000D0F84821D0F8404141EA45010A40A2425C
:106B2000C0F83C112BD038BD90F83A5090F839306D
:106B3000054401249C4095F93C2064B2D1B922EA75
:106B40000402D2B285F83C20591CC9B2082980F849
:106B50003910E8D10446104600F002F994F83A30B2
:106B6000E1180022013381F83C0084F83A3084F8BF
:106B7000392038BD2243D2B285F83C20E4E7012217
:106B800080F83A3080F83B3080F8393080F84C217A
:106B900038BD00BF2DE9F8435FEAC20906468468A4
:106BA00020D0002588462F460FE031784B1E24FA6E
:106BB00003F313F0010F18BF736805F101054FEAE5
:106BC000440418BF5C404D450DD06B07EDD1337CBC
:106BD00018F807000137B3B93178A1F108039840DC
:106BE0004440E3E70178F068737C604013B100F043
:106BF000B7F831784FF0FF33C1F1200123FA01F1EA
:106C00000840BDE8F883082100F0AAF8E4E700BFD7
:106C1000044B002208211970C3E90122DA601A74BA
:106C20005A747047A08000200022027042707047A2
:106C30000023417003707047002900F08A80002B08
:106C400000F087802DE9F04F83B0002A7FD04FF00D
:106C5000000890F801A0C346C146CDE900120AE041
:106C6000072C057050D0019A08F10108D1449045D5
:106C70001FFA89F950D04FEAD805009A0678575D77
:106C80003549364A6FEA080404F007042741BAF18F
:106C9000020F18BF964607F001074FEA960508BF96
:106CA0008E46C7F1010C5EF825504FEA8C0C6FEA56
:106CB000060E5FFA8CFC0EF0030E0CEBCE0C25FAE0
:106CC0000CF54FF0020204FB0AFC05F00F0404FA75
:106CD0000CF412FB06764BEA040B06F03F0508F0B5
:106CE0000704BDD106F00F06072C0670BBD11C4669
:106CF0004FEA1B2504F8025B83F801B090F801A06D
:106D000023464FF0000BAEE7BAF1030FEFD14FEA85
:106D10001B441C700133EAE718F0070F0BD0BAF1DF
:106D2000030F03D14FEA1B421A7001334FEA1B22B3
:106D300083F801B01A700C9B2BB10020C3F80090AF
:106D400003B0BDE8F08F184603B0BDE8F08F914660
:106D5000F1E74FF0FF307047F8F6030008F7030043
:106D600099B10022F0B405464F1E1046012606FADE
:106D700002F32B40BC1AD3400132A340D4B2A1424B
:106D800040EA0300F3D8F0BC70470846704700BFE4
:106D9000704700BF704700BF704700BF084670478C
:106DA000704700BFF0B4094C094F2568049EC360CA
:106DB000C0E901120599069A076000230661C0E93F
:106DC0000512C36105B92060F0BC7047B480002093
:106DD00050F7030008B50121232003F079FE23209A
:106DE00003F038FF2420012103F072FE2420BDE8C7
:106DF000084003F02FBF00BF2DE9F84380460F463F
:106E0000051D00F10709002615F8011B0A22384666
:106E100000F038F82E210446384600F02FF84D4592
:106E200020440644F0D198F8071038460A2200F0B2
:106E300029F83044BDE8F883024A0260002242602B
:106E4000704700BF78F8030010B4002461F3070412
:106E500062F30F249DF80410044A63F3174461F3AE
:106E60001F64C0E900245DF8044B704778F8030004
:106E7000014AC0E90021704778F8030003681B68E5
:106E8000184700BFF0B506688BB01AB93368984749
:106E90000BB0F0BD0AAF0B46D2B20021022A07F8B0
:106EA000041D05462CBF14460A241846B0FBF4F214
:106EB00004FB1201CBB2092903F130018ABF373339
:106EC000CBB2DBB2104607F8013D002AEED13846BE
:106ED00005F04EFD736802463946284698470BB0C8
:106EE000F0BD00BF036870B505460C465E6849B149
:106EF000084605F03DFD214602462846B0472B686E
:106F00005E680446284602220149B047204470BD0D
:106F10007CF803000EB430B5C2B045A9054651F85F
:106F2000042B01910B4602A84FF4807105F072FD0D
:106F30002B68044602A95B682846224698472046EB
:106F400042B0BDE8304003B0704700BF114B124A59
:106F50001968BFF35B8F4968BFF35B8F914200D024
:106F600070470E4AD2F80015C9070FD530B40C4C43
:106F7000012500204FF0FF312560C2F8000530BC2C
:106F8000C2F860151868044903F0D4BE18680249B5
:106F900003F0D0BEB8800020546F6E650020024020
:106FA000042002402F2901D90020704770B5434EBC
:106FB0003368BFF35B8F0C465B684149BFF35B8F5F
:106FC0008B4288B0054606D0306803F06DFE10B9DC
:106FD000002008B070BD3268394BBFF35B8F526838
:106FE000BFF35B8F9A4259D0364A374B52F8242070
:106FF000698AEC7DC3F860254FF0FF32C3F8642541
:107000000120C3F86825C3F86C250722C3F80005E2
:10701000C3F80C250022C3F80425C3F8081505F1B0
:107020001401C3F81025C3F80042C3F80023C3F8C5
:107030002015C3F84015C3F82405C3F84405A96812
:10704000C3F828152149EE682C8AC3F84865C3F8AF
:107050002C25C3F84C25C3F814450A600B6801932E
:10706000019B4A6004311A4B0968029102991A6027
:107070001968039103995A605968049104999A60B8
:10708000996805910599DA60D968069106991A619F
:1070900010331B680793079B08B070BD0A4BD3F8E9
:1070A0000025D207A0D50B4A0120106000214FF027
:1070B000FF32C3F80015C3F8602595E7B8800020BB
:1070C000546F6E65B0F703000020024004210240B7
:1070D0000C210240042002402DE9F843A1F11404E0
:1070E00046F294139C4215D8144606460D469AB9AA
:1070F0004FF000084FF00009634C64492368BFF368
:107100005B8F5B68BFF35B8F8B421CD0206803F002
:10711000CBFDC0B9BDE8F883B2F57A7F09D202FB96
:1071200001F3B3F57A7F04D24FF001084FF0000964
:10713000E2E74FF47A720023A4FB050104F05EFB42
:1071400080468946D8E72268504BBFF35B8F526870
:10715000BFF35B8F9A42DDD14D4BD3F80025D207A8
:1071600009D54C4A0120106000214FF0FF32C3F8CE
:107170000015C3F8602558EA09034749B1FBF5F14A
:1071800089B230D1454F464B7982C7E900896FF00B
:107190007F486FF07F4943EA5103C7E902894FF600
:1071A000FF70BB82082204233882BA75FB75314612
:1071B0003A48FFF7F7FE0028ACD023683349BFF305
:1071C0005B8F5B68BFF35B8F8B4204D0206803F05A
:1071D0006BFD00289ED0BB7D03F1804303F508338F
:1071E00001221A6096E742464B4600205B084FEAB0
:1071F000320252EA030500F10100F7D1252889DCAB
:107200002748264FB9F1000F40EA510008BFB8F1F6
:10721000010FB882C7E9008979822CD040464946DF
:10722000002349084FEA300050EA010203F101034C
:10723000F7D11C4A5B00A2FB03235B0801259D409C
:1072400018F1FF3049F1FF312A46002304F0D6FA45
:1072500072B96A084FF00C0C6B1E9B1A0130013A90
:107260001021FB603882BA6087F816C0F9759EE776
:107270004FF0080CF0E7C7E9022301210C2210238C
:107280003982BA75FB7592E7B8800020546F6E653D
:10729000002002400420024048E80100C080002095
:1072A0000080FFFFABAAAAAA024A034B92681A60A9
:1072B000704700BF94610020B88000202DE9F0479E
:1072C0007C4F3D6806460C46904675B12F2E09D876
:1072D00028F48073032BC8F3002224D0042B59D048
:1072E000022B3BD00020BDE8F087294620227248BF
:1072F00004F0C6FC714A7249724B0D604FF0FF30CA
:10730000C2E9000040224D60C3F88020BFF34F8FD8
:10731000BFF36F8F6021C3F8802183F806131A60D2
:1073200001233B60D2E74FF40037674B634853F8C3
:10733000265090F900102B0203F47C5343F0010314
:107340008D4243EA07030CD090F90160B54224D086
:1073500090F90270BD4222D1022603E04FF440377B
:10736000E3E70026B10001F1804101F5C0418555F8
:10737000D1F81005504F524D47F8264020F0031029
:1073800020F47C5003430120AA55C1F81035B040C9
:10739000BDE8F0874FF48037C7E70126E2E790F9B0
:1073A00003C0654549D090F904E075455BD090F97C
:1073B000058045456DD090F906904D4577D090F900
:1073C00007A0AA4501D10726CCE7013123D13F49C7
:1073D000D1F8101589071ED10026B10001F18041B6
:1073E00001F5C0418555D1F81005334F344D47F8AC
:1073F000264020F0031020F47C500343C1F81035E0
:107400000023C1F800310120304BAA55B040C3F829
:107410000403BDE8F087013606D12C49D1F81415D4
:10742000890701D10126D8E7013708D12749D1F8CA
:1074300018158F0703D10226CFE7032692E7BCF188
:10744000FF3F06D12149D1F81C158E0701D1032633
:10745000C3E7BEF1FF3F08D11C49D1F820158907C9
:1074600003D10426B9E704267CE7B8F1FF3F06D133
:107470001649D1F824158F0701D10526ADE7B9F1DA
:10748000FF3F08D11149D1F828158E0703D10626F0
:10749000A3E7052666E7BAF1FF3F7FF423AF0B4968
:1074A000D1F82C1589077FF41DAF072695E706262E
:1074B00058E700BF08810020E08000200081002004
:1074C000D880002000E100E0B0F703000060004039
:1074D0002F2825D8264A274B52F8202093F9001050
:1074E0008A4238D093F901108A4236D093F90210BB
:1074F0008A4234D093F903108A4232D093F90410AF
:107500008A4230D093F905108A422ED093F90610A2
:107510008A4206D093F90710914208BF072101D093
:107520007047062170B40120134E144C144D88404E
:10753000C6F808038A00002002F1804244F82100C6
:10754000FF2402F5C0425C546854C2F8100570BCB8
:10755000C2F8000170470021E4E70121E2E70221BF
:10756000E0E70321DEE70421DCE70521DAE700BFDD
:10757000B0F703000081002000600040E0800020A0
:10758000D88000202DE9F0431B4B1C4FD3F8046337
:10759000DFF86C80DFF86C9085B000240123A20036
:1075A000A34002F18045334205F5C0450FD0D5F820
:1075B000003163B1E357013306D052F808201AB105
:1075C00014F809307BB990470023C5F80031013425
:1075D000082CE3D1BFF34F8F00BF00BF00BF00BF37
:1075E00005B0BDE8F08304AB002143F8041D084654
:1075F000009103F097F9E7E7006000400081002068
:10760000E0800020D8800020F8B500250446C0E9BD
:107610000055856091B108460E4605F0A9F9074668
:10762000411C284600F028F950B1A368C4E90007BE
:1076300003B90370A760314605F092F92046F8BD02
:10764000206808B100F002F900232360C4E9013387
:107650002046F8BD70B504468C424FF00000C4E9E6
:107660000000A06001D00D680DB9204670BD8E6885
:10767000711C00F001F950B1A368C4E9000603B918
:107680000370A660294605F06BF9204670BD20689E
:1076900008B100F0DBF800232360C4E90133204681
:1076A00070BD00BF10B50446006800F0CFF820465A
:1076B00010BD00BF884270B5044609D00D6800684F
:1076C00045B908B100F0C2F80023C4E901332360D2
:1076D000204670BD8E6810B163689E4209D9711C46
:1076E00000F0CAF858B1A368C4E900060BB90370EA
:1076F0002068A660294605F033F9204670BD206851
:107700000028DFD1E0E700BFF8B50446056849B9B5
:1077100015B1284600F09AF800232360C4E901332C
:107720002046F8BD08460E4605F022F9074615B179
:10773000636898420BD92846791C00F09DF80546ED
:1077400060B1A368C4E900070BB903702568A7609E
:107750003146284605F004F92046F8BD2068002887
:10776000DAD000F073F8D7E770B5044631B10846B7
:107770000D4605F0FDF858B9204670BD206808B1E7
:1077800000F064F800232360C4E90133204670BD93
:10779000A2682368861813B161688E420DD9184615
:1077A000711C00F069F803460028E7D0A268C4E91C
:1077B000000612B902702368A2682946981805F0DD
:1077C000CFF8A660D8E700BFFEE700BF08B501F01C
:1077D0004BFA4FF47A72A0FB0223900A40EA8350DE
:1077E00008BD00BF014638B54FF47A72002380020D
:1077F000890D04F003F8054601F036FA0446EEF769
:1078000067FD01F031FA001B854200D838BD281A07
:10781000BDE8384001F04CBB10B5044601F0A2FDB4
:10782000022804D02046BDE8104004F0E3B901F07E
:1078300013FA204604F0DEF9044601F0B3FA0CB165
:10784000204610BD02F0A6FFFAE700BF10B50446BF
:1078500001F088FD02280AD144B101F0FDF920466B
:1078600004F0D0F9BDE8104001F09CBA10BD2046EC
:10787000BDE8104004F0C6B938B504460D4601F025
:1078800071FD022805D029462046BDE8384005F0A4
:107890004FB801F0E1F92046294605F049F80446C1
:1078A00001F080FA0CB1204638BD02F073FFFAE710
:1078B00010B5044601F0D0F9204604F09BF90446C7
:1078C00001F070FA0CB1204610BD02F063FF2046B3
:1078D00010BD00BF50B110B5044601F0BDF92046FF
:1078E00004F090F9BDE8104001F05CBA704700BFA9
:1078F00038B51C469DF8105043B3002908BF1A46FE
:107900000123C4E90F01226084F8463001F0F4FF3E
:10791000D4E90F132268A26001FB03F1CB1A1344D0
:1079200000200A44FF21A063E36084F844106260F1
:1079300084F8451004F1100003F062FA04F1240009
:1079400003F05EFA01F0E2FF84F84C50204638BDA7
:10795000F8B5074615460E4669B100FB01F05030F8
:10796000FFF7A6FF044690B3002200F1500380F811
:107970004620036007E05020FFF79AFF044630B32B
:1079800084F846602460C4E90F7601F0B5FFD4E9BD
:107990000F132268A26001FB03F1CB1A13440020ED
:1079A0000A44FF21A063E36084F84410626084F815
:1079B000451004F1100003F023FA04F1240003F051
:1079C0001FFA01F0A3FF84F84C502046F8BD0024B4
:1079D0002046F8BD2DE9F04F044685B01D460192C2
:1079E000884601F089FFA26BE36BA84F4FF00009B6
:1079F0009A424E46C0F08B80022D00F0068101981D
:107A0000002800F03081B9F1000F00F0958001F0FE
:107A10007DFF01F021F901F06FFF94F84430FF2B56
:107A200008BF84F8446094F84530FF2B08BF84F801
:107A3000456001F06BFF01A902A801F03BFC0028A2
:107A400040F0188101F058FFA26BE36B9A4277D0A7
:107A500001F05CFF01F050FF94F845304FFA83FAD3
:107A6000BAF1000F1ADD636AC3B104F1240907E01B
:107A70000AF1FF33DBB24FFA83FA7BB1636A6BB171
:107A8000484601F0BDFB0028F2D001F04BFC0AF1A2
:107A9000FF33DBB24FFA83FA002BEFD1FF2384F8D8
:107AA000453001F033FF01F027FF94F844304FFADE
:107AB00083FABAF1000F1ADD2369C3B104F110098A
:107AC00007E00AF1FF33DBB24FFA83FA7BB1236997
:107AD0006BB1484601F094FB0028F2D001F022FC83
:107AE0000AF1FF33DBB24FFA83FA002BEFD1FF2309
:107AF00084F8443001F00AFF01F054F901F0FCFE73
:107B0000A26BE36B9A424FF00109BFF475AF226C90
:107B1000A66B002A40F0FC8025680136002D00F09D
:107B20001881A663636A002B40F08C8001F0EEFEA2
:107B3000012005B0BDE8F08F02A801F0AFFB66E7B9
:107B400004F1100901F0E2FE4846019901F0DCFA67
:107B500001F0D2FE94F845A04FFA8AFABAF1000F6C
:107B60001CDD636AD3B104F1240B08E00AF1FF3A8B
:107B70005FFA8AF34FFA83FA83B1636A73B15846A6
:107B800001F03EFB0028F1D00AF1FF3A01F0CAFBF8
:107B90005FFA8AF34FFA83FA002BEED1FF2384F8C1
:107BA000453001F0B3FE01F0A7FE94F844304FFADF
:107BB00083FABAF1000F06DC15E00AF1FF33DBB2FD
:107BC0004FFA83FA7BB123696BB1484601F018FB89
:107BD0000028F2D001F0A6FB0AF1FF33DBB24FFA26
:107BE00083FA002BEFD1FF2384F8443001F08EFE9E
:107BF00001F0D8F8002881D14FF080537B6040BF5E
:107C0000BFF34F8FBFF36F8F78E7226CA66B002A0C
:107C100082D04146E06804F00FF8236CE2682168E6
:107C20005B421A448A42E26080F0898062681344B1
:107C3000E360022D00F083800136A663636A002BA7
:107C40003FF474AF04F1240001F0DAFA00283FF4A5
:107C50006DAF0E4B4FF080525A6040BFBFF34F8F55
:107C6000BFF36F8F62E7009001F050FE009805B0FF
:107C7000BDE8F08F01F040FE94F845506DB2002D44
:107C800018DD636AB3B104F1240607E000ED00E0FB
:107C9000013DEBB25DB26BB1636A5BB1304601F09E
:107CA000AFFA0028F4D0013D01F03CFBEBB25DB22D
:107CB000002BF1D1FF2384F8453001F027FE01F0BD
:107CC0001BFE94F844506DB2002D16DD2369A3B15C
:107CD00004F1100605E0013DEBB25DB26BB1236922
:107CE0005BB1304601F08CFA0028F4D0013D01F080
:107CF00019FBEBB25DB2002BF1D1FF2384F84430C5
:107D000001F004FE01F04EF8002005B0BDE8F08F50
:107D100041465DBBA06803F08FFFA368216C6268D9
:107D20000B44934206F10106A360FFF4FAAEA6638A
:107D3000636A2268A260002B3FF4F8AE82E7002E4F
:107D40007FF4EFAE0123A363636A002B3FF4EEAE32
:107D500078E7606801F058FBA663636A6560002BF2
:107D60007FF470AF00287FF474AFDFE6E06803F0C3
:107D700063FF236CE26821685B421A448A42E26036
:107D8000BFF457AF52E700BFF8B50C4679B30025F2
:107D90000123216081F84630C1E90F35064601F024
:107DA000ABFDD4E90F322168A56303FB02F39A1AF5
:107DB0000A440B44FF27C4E90131E26084F84470AF
:107DC00004F1100084F8457003F01AF804F124005F
:107DD00003F016F801F09AFDC4E90055E56084F857
:107DE0004C602B462A4629462046FFF7F3FD2046E5
:107DF000F8BD00BF2DE9F0418C4682B0044617461D
:107E0000EFF31186402282F31188806BE26B90427F
:107E100021D3022B05D0002086F3118802B0BDE8E3
:107E2000F08194F84550226CD4F838806DB252BB82
:107E3000236808F10108002B4FD06B1CC4F8388070
:107E400037D001356DB284F84550012086F3118892
:107E500002B0BDE8F08194F84550226CD4F8388027
:107E60006DB2002AE4D073B9A06803F0E5FEA36800
:107E7000216C62680B44934208F10108A360DCD3D3
:107E80002368A360D9E76146E068019303F0D4FE5C
:107E9000206CE2682168019B404202448A42E26011
:107EA00002D262681044E060022B10D008F1010891
:107EB000C3E7636A002BC8D004F1240001F0A0F9E5
:107EC0000028C2D0002FC0D001203860A4E7B8F14C
:107ED000000F08BF4FF00108AFE76068019301F0A1
:107EE00093FA019B6360A8E72DE9F047044684B04C
:107EF0008846019201F000FDD4F83890B9F1000FE6
:107F000040F09380019B002B00F00A8102A801F051
:107F1000C5F9B34F4E4604F1240501F0F7FC00F01B
:107F20009BFE01F0E9FC94F84430FF2B08BF84F875
:107F3000446094F84530FF2B08BF84F8456001F099
:107F4000E5FC01A902A801F0B5F9002840F08780FE
:107F500001F0D2FCA36B002B40F0E88001F0D6FCCE
:107F60000199284601F0D0F801F0C6FC94F845309C
:107F70004FFA83F9B9F1000F06DC15E009F1FF3380
:107F8000DBB24FFA83F97BB1636A6BB1284601F02B
:107F900037F90028F2D001F0C5F909F1FF33DBB25F
:107FA0004FFA83F9002BEFD1FF2384F8453001F01D
:107FB000ADFC01F0A1FC94F844304FFA83FABAF119
:107FC000000F1ADD2369C3B104F1100907E00AF1BB
:107FD000FF33DBB24FFA83FA7BB123696BB14846BA
:107FE00001F00EF90028F2D001F09CF90AF1FF33FC
:107FF000DBB24FFA83FA002BEFD1FF2384F8443031
:1080000001F084FC00F0CEFE00287ED14FF08053BA
:108010007B6040BFBFF34F8FBFF36F8F01F06CFCED
:10802000D4F83890B9F1000F76D0226C52B1E168E3
:10803000636811449942E16024BF2168E1604046D1
:1080400003F0FAFD09F1FF33A3632369002B40F02D
:10805000C98001F05BFC012004B0BDE8F08701F0AD
:108060004BFC94F845304FFA83F9B9F1000F06DC68
:1080700015E009F1FF33DBB24FFA83F97BB1636A94
:108080006BB1284601F0BCF80028F2D001F04AF9A3
:1080900009F1FF33DBB24FFA83F9002BEFD1FF2355
:1080A00084F8453001F032FC01F026FC94F84430AD
:1080B0004FFA83FABAF1000F1ADD2369C3B104F154
:1080C000100907E00AF1FF33DBB24FFA83FA7BB104
:1080D00023696BB1484601F093F80028F2D001F013
:1080E00021F90AF1FF33DBB24FFA83FA002BEFD10B
:1080F000FF2384F8443001F009FC00F053FE01F046
:10810000FBFBA36B63B101F001FC01F0F5FBD4F8BC
:108110003890B9F1000F88D1019B002B7FF4FDAEA0
:1081200001F0F4FB002004B0BDE8F08701F0EEFBA5
:1081300001F0E2FB94F845304FFA83F9B9F1000FF2
:1081400006DC15E009F1FF33DBB24FFA83F97BB1AE
:10815000636A6BB1284601F053F80028F2D001F0B1
:10816000E1F809F1FF33DBB24FFA83F9002BEFD1CD
:10817000FF2384F8453001F0C9FB01F0BDFB94F802
:1081800044304FFA83FABAF1000F1ADD2369C3B104
:1081900004F1100907E00AF1FF33DBB24FFA83FA6A
:1081A0007BB123696BB1484601F02AF80028F2D070
:1081B00001F0B8F80AF1FF33DBB24FFA83FA002B73
:1081C000EFD1FF2384F8443001F0A0FB00F0EAFD7A
:1081D00001F092FBD4F83890B9F1000F9CD024E75D
:1081E00000ED00E004F1100001F00AF800283FF46F
:1081F00030AF054B4FF080525A6040BFBFF34F8FF6
:10820000BFF36F8F25E700BF00ED00E02DE9F043DD
:10821000044685B00026019101F06EFBA36BB24FBE
:10822000B0463546002B40F0F380019B002B00F058
:108230005D81B8F1000F00F0FC8001F067FB00F0F9
:108240000BFD01F059FB94F84430FF2B08BF84F874
:10825000445094F84530FF2B08BF84F8455001F096
:1082600055FB01A902A801F025F800286CD101F006
:1082700043FBA36B002B40F0E08001F047FB236839
:10828000002B00F03C8104F124094846019900F0DC
:108290003BFF01F031FB94F845304FFA83F8B8F119
:1082A000000F06DC15E008F1FF33DBB24FFA83F86C
:1082B0007BB1636A6BB1484600F0A2FF0028F2D0A0
:1082C00001F030F808F1FF33DBB24FFA83F8002BEE
:1082D000EFD1FF2384F8453001F018FB01F00CFBCF
:1082E00094F844304FFA83F8B8F1000F1ADD23698F
:1082F000C3B104F1100907E008F1FF33DBB24FFA14
:1083000083F87BB123696BB1484600F079FF002800
:10831000F2D001F007F808F1FF33DBB24FFA83F82F
:10832000002BEFD1FF2384F8443001F0EFFA00F086
:1083300039FD002864D14FF080537B6040BFBFF30C
:108340004F8FBFF36F8F5BE001F0D6FA94F84530A2
:108350004FFA83F8B8F1000F1ADD636AC3B104F174
:10836000240907E008F1FF33DBB24FFA83F87BB151
:10837000636A6BB1484600F043FF0028F2D000F07A
:10838000D1FF08F1FF33DBB24FFA83F8002BEFD1B6
:10839000FF2384F8453001F0B9FA01F0ADFA94F802
:1083A00044304FFA83F8B8F1000F1ADD2369C3B1E6
:1083B00004F1100907E008F1FF33DBB24FFA83F84C
:1083C0007BB123696BB1484600F01AFF0028F2D058
:1083D00000F0A8FF08F1FF33DBB24FFA83F8002B5F
:1083E000EFD1FF2384F8443001F090FA00F0DAFC7A
:1083F00001F082FAA36B002B00F08A8001F086FA6C
:1084000001F07AFAA36B4FF00108002B3FF40DAF97
:108410002268013BA363002A00F09E802369002BA1
:1084200040F0898001F072FA0126304605B0BDE8BF
:10843000F08302A800F032FFFFE601F067FA01F0D6
:108440005BFA94F845304FFA83F8B8F1000F1ADD63
:10845000636AC3B104F1240907E008F1FF33DBB21A
:108460004FFA83F87BB1636A6BB1484600F0C8FEEF
:108470000028F2D000F056FF08F1FF33DBB24FFACC
:1084800083F8002BEFD1FF2384F8453001F03EFA4A
:1084900001F032FA94F844304FFA83F8B8F1000F43
:1084A0001ADD2369C3B104F1100907E008F1FF33B5
:1084B000DBB24FFA83F87BB123696BB1484600F019
:1084C0009FFE0028F2D000F02DFF08F1FF33DBB251
:1084D0004FFA83F8002BEFD1FF2384F8443001F0EA
:1084E00015FA00F05FFC8BE700ED00E0009301F06F
:1084F0000DFA009B1E46304605B0BDE8F08301F042
:10850000FBF9606800F03EFF064601F0FFF9BAE6AD
:1085100001F0FCF9002E88D001F0EEF9616A19B182
:10852000236B1968C1F10501606800F099FF00260E
:1085300001F0ECF979E704F1100000F061FE002889
:108540003FF470AF064B4FF080525A6040BFBFF30C
:108550004F8FBFF36F8F65E700F0B8FF60605DE796
:1085600000ED00E010B5044601F0C6F9A46B01F07F
:10857000CDF9204610BD00BF104B5A68904208D07C
:10858000DA68904208BF012204D090F8463093B1D7
:1085900070470022002110B403EBC20443F83210EC
:1085A00090F84630616013B15DF8044B70475DF898
:1085B000044BFFF78FB9FFF78DB900BF9C8B0020EC
:1085C000074B1A681AB19A6802B17047012210B4B9
:1085D00003EBC20443F8321060605DF8044B70474F
:1085E0009C8B002070B505460C46164601F084F9B8
:1085F00095F84430FF2B04BF002385F8443095F8EC
:108600004530FF2B04BF002385F8453001F07EF98B
:10861000AB6B2BB93246214605F1240000F0B0FDCA
:1086200001F06AF995F8454064B2002C16DD6B6ADA
:10863000A3B105F1240605E0013CE3B25CB26BB1E5
:108640006B6A5BB1304600F0DBFD0028F4D0013CE2
:1086500000F068FEE3B25CB2002BF1D1FF2385F895
:10866000453001F053F901F047F995F8444064B200
:10867000002C16DD2B69A3B105F1100605E0013CC5
:10868000E3B25CB26BB12B695BB1304600F0B8FD70
:108690000028F4D0013C00F045FEE3B25CB2002BB0
:1086A000F1D1FF2385F84430BDE8704001F02EB9C8
:1086B0002DE9F041044601F01FF9344A344D1368A6
:1086C000013313602B68002B2FD0324EE36A3268DF
:1086D0002AB33148314907680A689F4238BF0360AE
:1086E0002F48013203EB83030A6000EB8300E2634F
:1086F000211D02F095FB01F009F933686BB12A687E
:10870000E36AD26A9A4208D2264B4FF080525A60EE
:1087100040BFBFF34F8FBFF36F8FBDE8F0812A6872
:10872000D26A9A4298BF2C60D3E72C601368012B61
:1087300002D0E36A174ECCE71948DFF894801A4F4D
:10874000144E02F05DFB194802F05AFB184802F083
:1087500057FB184802F054FB174802F051FB404603
:1087600002F04EFB384602F04BFB144802F048FB87
:10877000134802F045FB134802F042FB124B134A28
:10878000C2F800801F60E36AA3E700BF7C8100207D
:108790000C810020DC810020908100208C81002051
:1087A0001881002000ED00E0A88100202C8100202D
:1087B000408100205481002068810020C881002071
:1087C000F4810020E081002014810020108100202D
:1087D000948100202DE9F843DDE90964002C60D084
:1087E00016B93046BDE8F8830D4697009846022337
:1087F0003A4684F85130814626633046A52103F07D
:108800003FFA2A78236B84F83420043F2A781F44E7
:1088100027F0070702B36B7884F835306B78DBB14B
:10882000AB7884F83630AB78B3B1EB7884F8373076
:10883000EB788BB12B7984F838302B7963B16B7975
:1088400084F839306B793BB1AB7984F83A30AB7945
:1088500013B1EB7984F83B30089D042D28BF042523
:108860000026E5626564201D84F83B60A66402F082
:10887000D3FAC5F1050504F1180002F0CDFAE6645B
:1088800042464946A561246184F8506064623846D6
:1088900000F0F6FF20602046FFF70AFF2046BDE803
:1088A000F8832046BDE8F8832DE9F047960080461E
:1088B00030460D469946099FFEF7FAFF002869D019
:1088C00082465420FEF7F4FF044600285BD00023C4
:1088D000C0F830A03246504684F85130A52103F04C
:1088E000CFF92A78236B84F83420043E2A781E447A
:1088F00026F0070A02B36B7884F835306B78DBB169
:10890000AB7884F83630AB78B3B1EB7884F8373095
:10891000EB788BB12B7984F838302B7963B16B7994
:1089200084F839306B793BB1AB7984F83A30AB7964
:1089300013B1EB7984F83B30089D042D28BF042542
:108940000026E5626564201D84F83B60A66402F0A1
:1089500063FAC5F1050504F1180002F05DFAE6645A
:10896000A561246184F8506064624A4641465046DD
:1089700000F086FF206007B13C602046FFF798FEBC
:108980000120BDE8F0875046FEF7A4FF4FF0FF300E
:10899000BDE8F0874FF0FF30F3E700BF70B5044645
:1089A0004C4E00F0A9FF002C39D0251D284602F0BE
:1089B00061FAA36A1BB104F1180002F05BFA2946C0
:1089C0004548464D02F02CFA94F85030012B04BF74
:1089D000002384F8503000F099FF2B6893B9336876
:1089E000A34200D070BD2B68DBB93B493C4A096803
:1089F0001268914226D03B4B1B682BB33A4B0122A5
:108A00001A6070BD00F078FF384B1A68126892B98E
:108A1000374B4FF0FF321A6000F078FFDFE7346821
:108A2000C3E7344B4FF080525A6040BFBFF34F8FC3
:108A3000BFF36F8F70BD1A682D4BD268D268526831
:108A40001A60E9E7336070BD274A13603268336803
:108A500012681B6B9A4236D9274C2849226893002A
:108A6000981880000858E0B9551EAB0058198000CE
:108A7000085830BB951EAB0058198000085800BB41
:108A8000D51EAB00581980000858D0B9151FAB008F
:108A9000581980000858A0B9053A9300981880002A
:108AA000085813449B00CD18083368684068686014
:108AB0000B44984204BF40686860C368336022601A
:108AC00070BD2A46EDE730683168343101F060FE50
:108AD000C2E700BF0C810020E0810020DC81002083
:108AE0007C810020888100200C82002010810020E1
:108AF000C081002000ED00E090810020188100205E
:108B000080B170B51B4D2B6883420AD0044600F03B
:108B1000F3FE194B62699A4205D0BDE8704000F03F
:108B2000F5BE70BD7047A36A144A9342F5D0002B7E
:108B3000F3D1261D304602F09DF9114AE36A11680F
:108B400010488B4288BF136003EB830300EB830064
:108B5000314602F065F92B68E26ADB6A9A42DCD39F
:108B6000094B4FF080525A6040BFBFF34F8FBFF3A5
:108B70006F8FD2E70C810020E0810020C8810020A7
:108B8000908100201881002000ED00E070B584B0D5
:108B9000002503AA02A901A8CDE9015501F0FCFDB9
:108BA000019C002C46D00298002843D0039E2063ED
:108BB0000223B600A521324684F8513003F060F854
:108BC000236B1F4A6263201D84F83850043E84F8EA
:108BD0003B50E562C4E911551E4402F01DF904F151
:108BE000180002F019F926F007060523A3612A46AA
:108BF0001449E56430462461646284F8505000F002
:108C00003FFE20602046FFF753FD0F4B1C6000F035
:108C1000DBFD012811D1402383F311880B490C4A55
:108C20000C4B4FF0FF340C6010601D6000F03EFEF6
:108C300004B070BD044B00221A6004B070BD00BFC8
:108C400049444C45358F0300BC810020C081002081
:108C5000DC81002008820020024A1368013313607F
:108C6000704700BF88810020014B1868704700BF23
:108C700008820020024A136818441060704700BF41
:108C8000088200202DE9F04F3B4B1B6883B0002B7E
:108C900042D13A4B1F6801371F60002F4AD0384B32
:108CA00001931B68BB423BD8364EDFF8EC80DFF8FF
:108CB000ECA0DFF8EC90002525E03368DB68DC6889
:108CC000636804F1040B9F42584651D302F0D2F876
:108CD000A36A04F118000BB102F0CCF8E36AD8F8EB
:108CE000002003EB8300934259460AEB800088BFC3
:108CF000C8F8003002F094F8D9F80030E26ADB6A74
:108D00009A4228BF012533681B68002BD5D1019AF0
:108D10004FF0FF33136004E01B4A13680133136004
:108D200000251A4B1B68002B0CBF2846012003B0FE
:108D3000BDE8F08F134E164B3168164A1868306044
:108D4000196013680133136033681B683BB90C4B1F
:108D500001931A464FF0FF3313601346A1E73368BF
:108D6000074ADB680192DB685B681360134698E78B
:108D7000019A1360D5E700BF888100200882002097
:108D8000C081002010810020848100200C820020FE
:108D900014810020C48100209081002018810020CF
:108DA0000C8100202DE9F04700F0A6FD354B1A6834
:108DB000013A1A601C68002C57D1334B1B68002BFA
:108DC00053D0DFF8E0A0314E314FDFF8DC90DFF810
:108DD000DC80336813B3F368DC68251D04F11800E8
:108DE00002F048F8284602F045F8E36A3A6803EBD7
:108DF00083009342294609EB800088BF3B6002F064
:108E00000FF8D8F80030E26ADB6A9A424FF00103AB
:108E1000DFD3CAF800303368002BDCD13CB11D4BE6
:108E20001A6812683ABB1C4B4FF0FF321A601B4D98
:108E30002C6844B10126FFF725FF08B1CAF800608D
:108E4000013CF8D12C60DAF8003073B1144B4FF0CC
:108E500080525A6040BFBFF34F8FBFF36F8F012422
:108E600000F054FD2046BDE8F087002400F04EFDE0
:108E70002046BDE8F0871A68074BD268D26852686E
:108E80001A60D4E7888100207C810020C8810020FE
:108E90009081002010810020C0810020848100206A
:108EA00000ED00E00C820020188100200C810020E1
:108EB00070B548B9184B4FF080525A6040BFBFF3AD
:108EC0004F8FBFF36F8F70BD144A15491368154E4D
:108ED000013313600D6804463068043001F0CAFFA6
:108EE000336864195C600FD20F4B18683168043125
:108EF00001F0A6FF0D4B1A68944238BF1C60FFF7C3
:108F000051FF0028D6D070BD094B18683168043174
:108F100001F096FFF3E700BF00ED00E0888100203C
:108F2000088200200C81002010810020C0810020D8
:108F3000148100202DE9F84F3C4E3D4D3D4CDFF8AB
:108F40000891DFF80881DFF808B14FF0805A2368F4
:108F5000D3B100F0D1FCF368DF68381D01F08AFF5F
:108F60002B68013B2B602368013B236000F0CEFCA3
:108F700097F85130002B37D0012BE8D13846FEF757
:108F8000A9FC2368002BE4D12B4B1B68012B06D9CD
:108F9000CBF804A040BFBFF34F8FBFF36F8F00F03B
:108FA00041FED9F8003033BBD8F80030DB6A002B23
:108FB000CDD1214B1B68012BC9D8204B204A1B68FF
:108FC00012689B1A012BC2D91E4A13680133136021
:108FD000D9F80030BBB1D8F80030DB6A0BB9164BBA
:108FE0001B68FFF7DFFEB2E7386BFEF773FC38460D
:108FF000FEF770FCABE7D8F80030DB6A002BA6D197
:109000000D4B1B68A3E7D8F80030DB6A002BE8D1D2
:10901000094B1B68012BE4D8084B1868084B1B68E8
:10902000C01A0128DDD900F0DDFCDAE7F481002068
:109030007C8100208081002018810020C0810020D8
:109040000882002088810020908100200C8100206F
:1090500000ED00E0274B1B68002B40D1264A70B57D
:10906000264C13602268236812681B6B9A423AD917
:10907000234D24492A689300981880000858E0B9C5
:10908000561EB30098198000085830BB961EB300D6
:1090900098198000085800BBD61EB30098198000AC
:1090A0000858D0B9161FB300981980000858A0B905
:1090B000053A930098188000085813449B00CE1876
:1090C00008337068406870600B44984204BF406881
:1090D0007060C36823602A6070BD3246EDE7064BBE
:1090E00001221A60704720682168343101F050FB7A
:1090F000BEE700BF888100200C8200200C81002088
:10910000908100201881002070B5174D2B680C4607
:1091100003F1180101F094FE144B1E682868043016
:1091200001F0A8FE631C17D02B68A4195C600BD259
:109130000F4B18682968043101F082FE0D4B1A6844
:10914000944238BF1C6070BD0B4B18682968BDE89D
:109150007040043101F074BE296808480431BDE84C
:10916000704001F05DBE00BF0C810020088200202D
:1091700010810020C081002014810020E0810020A7
:1091800070B5194D2B680C46164603F1180101F015
:1091900047FE164B5EB11B682868043001F06AFE7A
:1091A000296813480431BDE8704001F039BE1E68DB
:1091B0002868043001F05EFE2B68A4195C600BD2B5
:1091C0000C4B18682968043101F03AFE0A4B1A6802
:1091D000944238BF1C6070BD084B18682968BDE810
:1091E0007040043101F02CBE0C8100200882002068
:1091F000E081002010810020C08100201481002027
:1092000038B5C368DC6804F11805284601F032FE61
:109210001A4B1B682BBB251D284601F02BFE184A54
:10922000E36A116817488B4288BF136003EB83031E
:10923000294600EB830001F0F3FD134BE26A1B6843
:10924000DB6A9A4282BF114B01201860104B1A68EA
:10925000126898BF00204AB90E4B4FF0FF321A60D7
:1092600038BD29460C4801F0DBFDE6E71A68094BDA
:10927000D268D26852681A6038BD00BF8881002069
:1092800090810020188100200C8100200C82002099
:1092900010810020C0810020C8810020034A044BB7
:1092A00012681B68C0E90023704700BFC48100201A
:1092B00008820020F8B50D46044600F01DFB2B681F
:1092C0001649581C0A6813D0DFF854C0D4E900606E
:1092D000DCF80070BE4201D090421AD9121A9342B3
:1092E0000BD800232B60012500F010FB2846F8BDA9
:1092F000002500F00BFB2846F8BDDCF800009B1AA7
:109300000A682B60C4E90002002500F0FFFA284635
:10931000F8BD012500F0FAFA2846F8BD08820020C1
:10932000C4810020014B01221A6070470C8200208A
:10933000084B186860B9084B1B6853B9074A084BBB
:1093400010681B68013B984214BF0120022070473F
:1093500000207047C88100200C820020E08100209E
:109360007C810020054B1B6833B1054B1B68002B2B
:109370000CBF02200020704701207047DC810020D4
:109380008881002018B3F8B51C4CC36A2268D26AE1
:10939000934214D28269002A04DB2268D26AC2F1A5
:1093A00005028261164D426903EB830305EB8303DB
:1093B0009A420DD02368DB6AC3620120F8BD23689E
:1093C000406CDB6A98422CBF00200120F8BD70473A
:1093D000061D0746304601F04DFD2268094BD06A54
:1093E0001A68F862904200D9186000EB800005EB23
:1093F0008000314601F014FD0120F8BD0C810020F1
:10940000188100209081002050B138B5C16A836C6A
:10941000426C013B9142836400D01BB1002038BDF7
:1094200000207047051D0446284601F023FD0A4A26
:10943000636C1168E362C3F105008B42A0610748C9
:1094400088BF136003EB830300EB8300294601F020
:10945000E7FC012038BD00BF90810020188100206A
:1094600048B1426CC36A914238BF11468B4202D068
:10947000826C012A00D07047826970B5114DC162BB
:10948000002A03EB83034269A8BFC1F1050105EB84
:109490008303A8BF81619A4200D070BD061D0446B7
:1094A000304601F0E7FC084BE06A1A68904288BF3A
:1094B000186000EB800005EB80003146BDE870408D
:1094C00001F0AEBC1881002090810020044B1A6886
:1094D0001AB119688A6C01328A641868704700BF33
:1094E0000C8100202DE9F04FAD4EDFF8C482AD4D68
:1094F00089B033681C68002C00F08E80DB681C6823
:10950000FFF7AAFBFFF7B0FBD8F8003098420746F8
:109510005DD38442C8F8000040F20B810022E11BB9
:109520002868FFF75FF8FFF73DFC88B99E4A4FF0C7
:109530008053536040BFBFF34F8FBFF36F8F07E07F
:10954000019B039920469847009B002B80F23881AD
:10955000286800226946FEF7C7FC0028C9D0009B96
:10956000029C002BECDB636913B1201D01F082FC2F
:10957000FFF77AFBD8F800309842814643D3009B2E
:10958000C8F80090092BE3D8012202FA03F313F480
:10959000047F69D113F0C70F40F0A1809B06D7D597
:1095A00094F82C30002BD3D12046FEF793F9CFE767
:1095B000DB68DC68D3F800A004F10409484601F038
:1095C00059FC636A20469847E369012B36D033681B
:1095D0001A68002AECD17549C8F800700A68326030
:1095E0000B60FFF7DFFBB3E7DB68DF68D3F800B0A1
:1095F00007F1040A504601F03DFC7B6A3846984763
:10960000FB69012B25D033681A68002AECD1674921
:109610000A6832600B60B2E7FFF71EFBFFF724FB1E
:10962000D8F8003083420746D1D8604BC8F80070A4
:109630001B681A68B2FA82F2520970E7A3695344B0
:109640009A45494622D263602461306801F0F8FBF4
:10965000BDE7BB695B449B45514627D27B603F61B8
:10966000306801F0EDFBCEE7019B246103EB0902BA
:109670004A45A36162602CD8002B3FF469AF4B4B85
:10968000211D186801F0DCFB286862E72B68002BBD
:109690009DD00023CDE9043A0694FFF763FE002332
:1096A0001A4604A92868FEF795F990E72B68002B65
:1096B000A9D00023CDE9043B0697FFF753FE002312
:1096C0001A4604A92868FEF785F99CE74B4500D99E
:1096D00098B13068211D01F0B3FB286839E7019B80
:1096E000A269246199182CBF0120002049456160BE
:1096F000ECD8A9EB03039A42C1D8636A2046984785
:10970000E369012B7FF424AF019BA269286813440D
:1097100000283FF41EAF0022CDE904230694FFF792
:1097200021FE00231A4604A92868FEF753F9286889
:109730000FE7FFF737FB3368DB68D3F80C9009F1CC
:10974000040A504601F096FBD9F81C30012B04D0D6
:10975000D9F8243048469847FAE6D9F81830C9F8BD
:109760001090E218BA42C9F8042004D95146306872
:1097700001F066FBECE73F1BBB421BD82B68002BBC
:10978000E6D00023CDE90434CDF81890FFF7EAFDC8
:1097900000231A4604A92868FEF71CF9D8E700BF81
:1097A000108200209484002000ED00E0148200204C
:1097B00040840020034B5146186801F041FBC7E785
:1097C000029CD0E614820020F0B5204C89B000F055
:1097D00093F82568FDB100F099F82068C8B100241D
:1097E00007AA06A905A8CDE9054400F0E3FFDDE9D5
:1097F00005300221CDE90010079A0293144915485B
:109800002346FEF7E7FF144A0346001B18BF01205A
:10981000136009B0F0BD114F114E384601F0F0FA57
:10982000304601F0EDFA0F4A0F4900950F4B1760D3
:109830000E600F4A10212020FEF75AF82060002801
:10984000C9D00C49FEF7BCFEC5E700BF94840020D8
:1098500088F80300E5940300988400201884002011
:109860002C840020108200201482002044840020D8
:109870001882002080F80300402383F31188FEE75C
:1098800030B46FF002034FF08075074C40F8045C71
:1098900040F80C4C40F8081C40F8202C40F8243CC0
:1098A00030BC4438704700BF799803000F4C08B5AE
:1098B000E02384F8223000F077F80D4B0D4A0021A8
:1098C0001960D4F8883043F47003C4F888305368C2
:1098D00043F040435360236943F01003236100F0D9
:1098E0004FF9402383F31188FEE700BF00ED00E04D
:1098F0009C84002030EF00E0402383F31188024A6B
:1099000013680133136070479C840020034A136876
:10991000013B13600BB983F3118870479C840020CE
:1099200041DF704712DF704770B51B4B00251D608B
:1099300082B01B680193019BEFF31186402383F3F0
:109940001188164A164BD2F804451D601B68009317
:10995000009BFFF789F9241A24F07F44012C0DD8CD
:1099600044B1FFF78FF9054625B10E4B4FF08052F9
:109970005A6040BF86F3118802B070BDFFF7F2FC59
:109980000228EED1013CFFF77DF9013C631C45EA5A
:109990000005F8D1E8E700BF401101400010014088
:1099A0000011014000ED00E00B4B0C4930B41F20CA
:1099B0000B4DC3F8080501220224E020C3F804235C
:1099C0002A601A60C3F8444381F811034FF400334E
:1099D0000B6030BC704700BF0010014000E100E0A8
:1099E000081001402DE9F041804684B0EFF3108269
:1099F00072B6584CA36883B9574B58480121A160EF
:109A0000D3F8801001402160C3F88000D3F884109F
:109A100061604FF0FF31C3F8841002B962B6504E56
:109A2000D6F80475FFF784FC00283DD04D4A4E4916
:109A3000424528BF4246BB1823F07F430120002542
:109A4000C6F80803C6F840350D600B6801934FF463
:109A500080330199C6F80433BFF34F8FB8F1000F7C
:109A600054D13F4B404D41494FF48030C3F8080377
:109A7000002028602D680395039D08600968029105
:109A800001210298C3F80413D3F804353249DB1BD3
:109A900023F07F45954228BF15464FF40033012D32
:109AA000C1F8803111D827D0A3685BB1EFF31083E0
:109AB00072B6294A21681160616851600022A26073
:109AC00003B962B604B0BDE8F081681EFFF7D2F8B2
:109AD000274BDB68DA010FD5264A1368DB070BD565
:109AE000254B516803FB05F5A5F57425A5F5107503
:109AF000AD0A01EB85155560FFF7C4F80028D3D0F7
:109B00001E4B4FF080525A6040BFCDE7F1EE103A45
:109B100023F09F03E1EE103AF1EE103A0E4B04A849
:109B20004FF480614026C3F88461C3F8841100F8C3
:109B3000045DFFF7F7FE9DF80C1039B920BFD3F88C
:109B40000001D3F804110143F8D08AE7FFF7E8FEDB
:109B500087E700BFB08B002000E100E0FC06FFBDFE
:109B600000100140FDFFFF004011014000110140C5
:109B7000F0ED00E0001000E040420F0000ED00E0DA
:109B80000748006880F3088862B661B6BFF34F8F5C
:109B9000BFF36F8F4FF0E00080F3118800DF00BF4C
:109BA00000600200064B19680868B0E8F04F80F3C7
:109BB0000988BFF36F8F4FF0000080F31188704762
:109BC0000C810020EFF30980BFF36F8F144B1A68EC
:109BD0001EF0100F08BF20ED108A20E9F04F106032
:109BE0004DF8043D4FF0400080F31188BFF34F8FD4
:109BF000BFF36F8FFFF72EFA4FF0000080F311884C
:109C000008BC19680868B0E8F04F1EF0100F08BFD4
:109C1000B0EC108A80F30988BFF36F8F704700BFE4
:109C20000C810020704700BF0A490B4A0B4B9B1A5E
:109C300003DD043BC858D050FBDC094809494FF00C
:109C4000AD32026004300439FBD100F055FCECF772
:109C5000FFFA0000B0FB030000600020A0630020BA
:109C600000F8032000080000FEE7FEE7FEE7FEE73D
:109C7000FEE7FEE7FEE7FEE7FEE7FEE708B50020A9
:109C8000ECF720FBF6F7E4FB0E4B43B10E4B7BB138
:109C9000F6F7A2FD00F06CFDAFF30080F8E7F6F7F1
:109CA0009BFD00F065FDF6F797FD00F061FDF6E71E
:109CB000F6F792FD00F05CFDF6F78EFD00F058FD22
:109CC000F6E700BF000000000000000000B583B010
:109CD00000F0BAFEFDF77EF80E4B019301234FF41E
:109CE00080620D4900930D480023FEF7DDFD4FF41F
:109CF000407000F05DFEFEF749FFBFF34F8F08494B
:109D0000084BCA6802F4E0621343CB60BFF34F8F85
:109D100000BFFDE7A084002090F803007D9C0300B5
:109D200000ED00E00400FA0538B507480C4615467A
:109D3000ECF752FC00B938BD2A4621460248BDE87E
:109D40003840ECF721BB00BFBC630020FDF764BDC9
:109D5000FDF762BDFDF77ABDFDF778BD084A0949F8
:109D600008B513681844884202D81060184608BD28
:109D700001F0F0FE0C2303604FF0FF33184608BDDE
:109D80008C61002000F80320114B1A78EAB90178A1
:109D9000104810B40A464FF0804402F00102C1F3AB
:109DA0004001C4F88015C4F878250268D20706D4AB
:109DB000E021012280F80013C0F880210260012216
:109DC00005481A705DF8044B70470448704700BF9F
:109DD000AC8B002000E100E00000AD0B0C00AD0BEF
:109DE0000268074B4FF0804010B400214FF46074BC
:109DF000C0F80843196002B11A605DF8044B70475F
:109E0000AC8400204FF080434FF46072C3F8042309
:109E1000704700BF10B54FF0804386B0D3F80443BD
:109E2000620705D5D3F8082103F58473002A4ED1C3
:109E3000A30603D52A4B1A68002A3FD1600603D532
:109E4000284B1A68002A2FD1210602D5264B1A6802
:109E50000ABBE20502D5254B1A6892B9A3050ED5B7
:109E6000234B1A685AB100221A601A68214B0592D6
:109E7000059A1B68022006B0BDE81040184706B0DE
:109E800010BD00221A601B4A1B680493012013684E
:109E9000049A9847E2E700201860164A1B6803936B
:109EA0001368039A9847D4E700221A60124A1B6885
:109EB000029301201368029A9847C5E700201860B2
:109EC0000D4A1B6801931368019A9847B6E7002270
:109ED0001A600A4A1B6800931368009A9847A7E71C
:109EE00014010040180100401C0100402001004006
:109EF00024010040AC840020A8840020A484002019
:109F00002DE9F04F04799D4DE6003719BF0005EBB0
:109F1000070E83B09EF81CC0BCF1000F40F0E58036
:109F200091F80CC00068EA51CEF80430BCF1010F82
:109F30000B7840F2DE801F2B87BF03F01F08DFF88D
:109F400040E298464FF0A04E012707FA08F7CEF8F6
:109F500008751F2B8BBF03F01F071F46DFF820E299
:109F60004FF0A04E07F5E0774FF001084EF827803C
:109F70004F78FF2F00F0E9801F2F8ABF07F01F09DD
:109F8000B946DFF8FC81009798BF4FF0A04809F56B
:109F9000E07A4FF0010E0EFA09FE4FF00309C8F8FF
:109FA0000CE548F82A9091F802E0BEF1FF0F00F0AE
:109FB000D580BEF11F0F91F80EA088BFDFF8C0B1A9
:109FC000CDF804E08EBF0EF01F08F0464FF0A04B16
:109FD00008F5E0784FEA8A0A4BF828A006EB040857
:109FE00005EB880888F820E091F803E088F81FE086
:109FF000BEF1FF0F2AD091F80490F046B9F1000F9E
:10A0000040F08680BEF11F0F87BF0EF01F0B5C4F24
:10A01000F3464FF0A0474FF0010A0AFA0BFAC7F8CF
:10A0200008A5BEF11F0F86BF0EF01F08DFF850A174
:10A030004FF0A04A08F5E07806EB040E4FF0030B52
:10A0400005EB8E0E4AF828B08EF81E9091F80DE0C0
:10A05000C0F80835009BD1F80880C0F80C351EF117
:10A06000000318BF0123019FC0F81075BCF1020F57
:10A07000C0F824857FD0BCF1030F79D0BCF1010F6B
:10A0800056D0C0F854358B79C0F8C035002A58D066
:10A0900040220723C0F80423C0F800354A79000B9A
:10A0A00043B25201002BD1B2C0B25BDB5A0992001D
:10A0B00002F1604203F16043012702F5614203F5BA
:10A0C000614300F01F0007FA00F083F80013C2F8A4
:10A0D00080011060344405EB84052A4800220123E6
:10A0E0006A772B7703B0BDE8F08F274803B0BDE84F
:10A0F000F08F1F2B87BF03F01F08DFF884E098461E
:10A100004FF0A04E012707FA08F7CEF80C7520E7AC
:10A11000BEF11F0F87BF0EF01F0B194FF3464FF014
:10A12000A0474FF0010A0AFA0BFAC7F80CA578E726
:10A1300043F00203C0F854358B79C0F8C035002ACB
:10A14000A6D10723C0F80035C4E791F802E04FF02C
:10A15000FF37BEF1FF0F00977FF42BAF4FF0FF37B3
:10A1600001973BE7094B00F00F0003441976B1E774
:10A1700043F0060385E743F0040382E7B084002040
:10A18000000300500000AD0B0500AD0BFCEC00E03F
:10A19000F0B40479294A0368E1000D19AD0056595D
:10A1A000EEB11F0B7EB2002E11DB760920360123A3
:10A1B000DFF89CC007F01F0703FA07F74CF826707A
:10A1C000BFF34F8FBFF36F8F555903683DB1081927
:10A1D00002EB80001A4DC3F80853407F10BB0819EA
:10A1E00002EB800090F82000FF280BD01F288ABFC8
:10A1F00000F01F004FF0A045124D00F5E070022660
:10A2000045F82060104800258342C3F8005502D16C
:10A210000E4B01201860214402EB810200231377CA
:10A22000F0BC704701205861D3F804010028FBD02E
:10A23000081902EB800000254577D0E7B0840020A4
:10A24000520108000003005000F0024004F00240F8
:10A2500000E100E02DE9F04F0479644F4FEAC40CAF
:10A260000CEB04039B008646F8180E46417F83B032
:10A27000002940F0918057F803909046B9F1000F03
:10A2800004D012F0140F04BF012343770CEB040534
:10A2900007EB850596E80F0095F81FA005F10C0B5C
:10A2A000BAF1FF0F8BE80F0010D0AA7F5346002AA7
:10A2B00076D0BAF11F0F86BF0AF01F034C494FF04A
:10A2C000A041012202FA03F3C1F8083532686AB1ED
:10A2D00002F06043B3F1005F08D0644407EB8407E9
:10A2E000002344487B7703B0BDE8F08FB16821B10B
:10A2F00001F06043B3F1005FEFD1DEF80030756824
:10A30000F068C3F844250022C3F84855C3F8341553
:10A31000C3F83805C3F81821D3F818210192019A1F
:10A3200018F0010218BF0122C3F8502518F00202EC
:10A3300018BF012218F0080FC3F8402504BF0122FE
:10A340001A61B9F1000F0BD02B48402218F0040F0E
:10A3500014BFC3F80823C3F8042303B0BDE8F08F8B
:10A36000D3F81821002AFBD0BAF1FF0F2CD0644497
:10A3700007EB8407BB7F4BB3BAF11F0F84BF0AF012
:10A380001F0A1B4A1C4898BF4FF0A042012303FA42
:10A390000AF3C2F80C35A6E7184803B0BDE8F08F01
:10A3A000BAF11F0F4FF0010288BF0AF01F0302FA33
:10A3B00003F388BF0E49326898BF4FF0A041C1F83F
:10A3C0000C35002A84D191E70B488CE7BAF11F0FB6
:10A3D00084BF0AF01F0A064A074898BF4FF0A04200
:10A3E000012303FA0AF3C2F808357CE7B0840020A1
:10A3F000000300500A00AD0B0000AD0B0B00AD0BCD
:10A40000194BD3F8182102B970470021174AC3F835
:10A410001811D3F81811D37F82B0FF2B0191019945
:10A420000DD0917F99B11F2B86BF03F01F031048F9
:10A430004FF0A040012101FA03F3C0F80C350023CE
:10A4400053771372D2E900310A4802B018471F2B24
:10A4500086BF03F01F0306484FF0A040012101FA18
:10A4600003F3C0F80835EAE700300240B08400206A
:10A4700000030050B88400201B4BD3F8182102B908
:10A4800070470021194AC3F81811D3F8181192F82F
:10A49000433082B0FF2B019101990ED092F8421007
:10A4A000A9B11F2B86BF03F01F0311484FF0A04036
:10A4B000012101FA03F3C0F80C35002382F8413082
:10A4C00082F82C30D2E909310A4802B018471F2B14
:10A4D00086BF03F01F0306484FF0A040012101FA98
:10A4E00003F3C0F80835E8E700F00240B08400202C
:10A4F00000030050DC840020604B1B6830B45C1CFF
:10A5000037D05F4A082B126800F08F805B4B5C4AA3
:10A510001B681268082B15D0591C23D0584A1268A2
:10A52000082B12D0574AD2F8883043F47003C2F88F
:10A530008830BFF34F8FBFF36F8F534B534A1A606E
:10A5400030BC7047002A00F08280032AEAD84FF01E
:10A550008043D3F80024D20744BF6FF00102C3F850
:10A560000024DFE74A4A4B4B12681B78C2F3031200
:10A57000D6E7484A464B12781B68082AC3F30313F0
:10A5800001D1032B53D9424A424B12681B78C2F3C4
:10A590000312082BBAD1032AB8D84FF080523E4B91
:10A5A000D2F80414C3F82015D2F80814C3F82415FF
:10A5B000D2F80C14C3F82815D2F81014C3F82C15CF
:10A5C000D2F81414C3F83015D2F81814C3F834159F
:10A5D000D2F81C14C3F84015D2F82014C3F844155F
:10A5E000D2F82414C3F84815D2F82814C3F84C152F
:10A5F000D2F82C14C3F85015D2F83014C3F85415FF
:10A60000D2F83414C3F86015D2F83814C3F86415BE
:10A61000D2F83C14C3F86815D2F84014C3F86C158E
:10A62000D2F84424C3F8702570E7032A0CD8134BE2
:10A630001B684FF080420021581CC2F80C11C2F870
:10A640001011C2F838159ED00D4A1268A1E7134CBC
:10A650001349144D25601448144AFB24C1F81845C9
:10A6600001681268124C21F00F0102F00F020A4338
:10A670004FF400710260216050E700BF300100100C
:10A680003401001000ED00E0906100200090D00344
:10A69000E80F00F0E00F00F000C000408C560040D2
:10A6A00000F0004048810300E40E00405802001012
:10A6B0004096024070B4284C284B2568284CA3FBD8
:10A6C00005639B0C02FB03F254F82000254B1F2866
:10A6D000A3FB02324FEA920234D80123002903FA85
:10A6E00000F114BF084600204FF0A04401E0013AF9
:10A6F00025D0D4F810350B408342F8D001E0013A60
:10A700001DD0D4F810350B408342F8D1002002E070
:10A710000130824213D0D4F810650E40B342F7D016
:10A7200070B1114A43F2C823A2FB052503FB00F0D8
:10A73000AD0900F57A50B0FBF5F070BC7047002011
:10A7400070BC704720380123002903FA00F114BFC0
:10A7500008460020054CCCE79061002083DE1B43B7
:10A76000B0F703004FECC44ED34D6210000300500D
:10A7700008B5EBF7ADFD054B4FF080525A6040BF76
:10A78000BFF34F8FBFF36F8F08BD00BF00ED00E038
:10A79000704700BF704700BF044B036010B46423D0
:10A7A000034C0C6013605DF8044B7047F884002084
:10A7B0004C850020054B036010B44FF48073044CAB
:10A7C0000C6013605DF8044B704700BFDC8600200E
:10A7D0003087002070B51F4C84B04FF0FF3203A9C2
:10A7E0002068FDF781FB0028F7D00398037A4568BD
:10A7F000052B0DD8DFE803F0272A221C1503D0E92A
:10A800000361D0E90523C06900903046A84703984A
:10A8100003681BB11846FDF719F80398FDF716F801
:10A82000DBE7D0E90523D0E90301A8470398EFE768
:10A83000D0E90412C068A8470398E9E7D0E903010A
:10A84000A8470398E4E7A8470398E1E7C068A8474A
:10A850000398DDE7348B00202DE9F0432D4B2E4C7F
:10A860005B6885B0C3F30803019001AF2068002B3B
:10A8700044D0002339461A46FDF7BCFA01283AD0E5
:10A88000DFF89880D8F80000002240000421FDF78E
:10A890005FF8064678B3DFF88890D9F80000FEF735
:10A8A0007DF8FFF729F802E03046FDF793F8002223
:10A8B00003A92068FDF718FB00230546642203A9BD
:10A8C0000028F1D12068FDF757FE2660FFF71EF83B
:10A8D000D9F80000FEF714F9D8F800300D4A2068C6
:10A8E0005B00C8F800305368C3F30803394653B916
:10A8F0006422FDF76FF805B0BDE8F08339466422A5
:10A90000FDF768F8BAE72B462A46FDF773FA05B05B
:10A91000BDE8F08300ED00E0348B0020308B002098
:10A92000388B00202DE9F8439DF8205006460F464D
:10A9300091469846CDB1A8000C30FCF76DFF044657
:10A9400088B10023C0F804900572036006B177B99E
:10A950002DB1AA00414604F10C0001F06DF920462A
:10A96000FFF77AFF0120BDE8F8831020E5E73846BD
:10A97000FCF752FF81462060A0B13A46314601F013
:10A980005BF9002DEBD0691EC9B208EB8101A8F17B
:10A99000040353F8042FB24208BFC3F80090994251
:10A9A000F7D1D6E72046FCF751FF4846DBE700BF6A
:10A9B00030B540230B4D83B00446002218460421D5
:10A9C0002B60FCF7C5FF084B084918600223CDE94E
:10A9D0000031A2B2002306490648FDF765FF03B027
:10A9E00030BD00BF308B0020348B0020388B00201E
:10A9F00098F80300D5A7030011DF704708B5044697
:10AA0000FFF7FAFF0D4B4FF080414FF0FF32C3F8D4
:10AA10008020C3F88021C3F88420C3F88421C1F8C2
:10AA20001C45BFF34F8F0649064BCA6802F4E0622B
:10AA30001343CB60BFF34F8F00BFFDE700E100E0A1
:10AA400000ED00E00400FA054FF08043194AD3F806
:10AA50000014194830B41160D3F80054D3F800241E
:10AA6000164C17492A43C3F80024D4F84025026045
:10AA700001224FF40030C3F818259A60C1F8800015
:10AA8000BFF34F8FBFF36F8F0E4C03F588334FF03A
:10AA9000A0454FF480304FF0FF31C3F84803C3F8AE
:10AAA00008035A609A60C5F80815C4F8081530BC48
:10AAB000704700BF3C8B0020408B002000A000406E
:10AAC00000E100E00003005008B54E20FFF796FFBC
:10AAD0002F281BD83C4B53F820301F2B86BF03F088
:10AAE0001F033A4A4FF0A0420E290FD8DFE801F0C9
:10AAF000655F59534D474039322B241D160F08000E
:10AB000003F5E07340F2037142F82310704703F538
:10AB1000E07340F2036142F82310704703F5E073DD
:10AB200040F2035142F82310704703F5E07340F2FE
:10AB3000034142F82310704703F5E07340F20331FC
:10AB400042F82310704703F5E07340F2032142F806
:10AB50002310704703F5E07340F2031142F823100D
:10AB6000704703F5E0734FF4403142F8231070470B
:10AB700003F5E0734FF4003142F82310704703F5FA
:10AB8000E073134942F82310704703F5E07311494D
:10AB900042F82310704703F5E073042142F82310B4
:10ABA000704703F5E0730C2142F82310704703F55A
:10ABB000E073032142F82310704703F5E07300218E
:10ABC00042F82310704700BFB0F7030000030050A5
:10ABD000040002000C0003002F2811D80A4B53F880
:10ABE00020301F2B88BF03F01F034FF001028CBFE2
:10ABF00006484FF0A04002FA03F311B1C0F808353F
:10AC00007047C0F80C357047B0F7030000030050E0
:10AC10002F2818D80D4B53F820201F2A8ABF0C4923
:10AC20004FF0A04102F01F02D1F814050123934018
:10AC3000034214BFD1F80425D1F81025134214BFE4
:10AC40000120002070470020704700BFB0F70300CC
:10AC5000000300502F280DD8074B53F820201F2A3F
:10AC600086BF02F01F0205494FF0A0410123934027
:10AC7000C1F80C35704700BFB0F703000003005067
:10AC800030B401600022BFF35B8F4260BFF35B8F83
:10AC900001688260FF254FF0FF340582C260827434
:10ACA000C1F8644530BC7047214B5B6809B900208E
:10ACB000704710B4BFF35B8F4368BFF35B8F99425B
:10ACC00000F1040416D0BFF35B8F4368BFF35B8FC2
:10ACD00083B90368D3F86025D3F86405D24300280C
:10ACE000D3F868054FEAD272A8BF0132002805DB0D
:10ACF000D3F86C3500205DF8044B7047D3F86C0531
:10AD00000028F7DA002AF5D1D3F80035002BF1D16D
:10AD1000BFF35B8F54E8003F002B03D144E80012DF
:10AD2000002AF7D1BFF35B8F0CBF01200020E2E7C0
:10AD300000ED00E01F4B5B6809B90020704710B4BC
:10AD4000BFF35B8F4368BFF35B8F8B4200F104045A
:10AD500003D000205DF8044B70470368D3F86025EA
:10AD6000D3F86405D2430028D3F868054FEAD272BD
:10AD7000A8BF0132002802DBD3F86C35E9E7D3F82D
:10AD80006C050028E5DA002AE3D1D3F80035002B62
:10AD9000DFD1BFF35B8F54E8003F8B4203D144E81F
:10ADA00000200028F7D1BFF35B8F0CBF01200020EB
:10ADB000D0E700BF00ED00E008B509490948FFF7FA
:10ADC0005FFF09490948FFF75BFF09490948FFF799
:10ADD00057FF09490948BDE80840FFF751BF00BFC8
:10ADE00000C00140448B002000100240588B00201E
:10ADF000002002406C8B002000D00240808B00209D
:10AE000000F108034FF0FF310022816002604360CF
:10AE1000C0E90333704700BF00230361704700BFE0
:10AE20004368026810B49C688C609C684B60013277
:10AE3000616099605DF8044B08610260704700BF73
:10AE400030B40D686B1C11D000F1080200E01A4606
:10AE500053681C68AC42FAD904684B6001349960AD
:10AE60008A6051600861046030BC704702695368B1
:10AE7000F2E700BF42688168036910B4916081689D
:10AE80005C684A601A68844208BF5960013A002130
:10AE900001611A6018685DF8044B70470B46014663
:10AEA000184600F049BE000010EE102A22F00041C2
:10AEB000CB0D7F3B162B1CDC002B10EE100A21DB88
:10AEC000194919410A421CD0DFED187A70EE277A31
:10AED000F5EEC07AF1EE10FA13DD002A04DD4FF42E
:10AEE000000242FA03F3184420EA010300EE103A8C
:10AEF0007047B1F1FF4F04D330EE000A70479FED69
:10AF00000C0A7047DFED097A70EE277AF5EEC07A09
:10AF1000F1EE10FAF5DD002AF1DB0029F7EE007AF8
:10AF200018BFB0EE670A7047FFFF7F00CAF2497191
:10AF30000000008010EE102A22F00041CB0D7F3B74
:10AF4000162B1CDC002B10EE100A1EDB19491941D0
:10AF50000A4227D0DFED187A70EE277AF5EEC07A34
:10AF6000F1EE10FA1EDD002A04DA4FF4000242FA74
:10AF700003F3184420EA010300EE103A7047B1F1E0
:10AF8000FF4F0FD330EE000A7047DFED0B7A70EE03
:10AF9000277AF5EEC07AF1EE10FA03DD002A02DB23
:10AFA0009FED060A70470029FFEE007A18BFB0EE49
:10AFB000670A7047FFFF7F00CAF249710000000076
:10AFC00081F0004102E000BF83F0004330B54FEA5A
:10AFD00041044FEA430594EA050F08BF90EA020FC7
:10AFE0001FBF54EA000C55EA020C7FEA645C7FEA5A
:10AFF000655C00F0E2804FEA5454D4EB5555B8BF7D
:10B000006D420CDD2C4480EA020281EA030382EAED
:10B01000000083EA010180EA020281EA0303362D7F
:10B0200088BF30BD11F0004F4FEA01314FF4801C52
:10B030004CEA113102D0404261EB410113F0004F64
:10B040004FEA03334CEA133302D0524263EB43031B
:10B0500094EA050F00F0A780A4F10104D5F1200EB9
:10B060000DDB02FA0EFC22FA05F2801841F1000114
:10B0700003FA0EF2801843FA05F359410EE0A5F1E8
:10B0800020050EF1200E012A03FA0EFC28BF4CF019
:10B09000020C43FA05F3C01851EBE37101F00045CF
:10B0A00007D54FF0000EDCF1000C7EEB00006EEBDC
:10B0B0000101B1F5801F1BD3B1F5001F0CD3490866
:10B0C0005FEA30004FEA3C0C04F101044FEA4452BD
:10B0D00012F5800F80F09A80BCF1004F08BF5FEA44
:10B0E000500C50F1000041EB045141EA050130BD24
:10B0F0005FEA4C0C404141EB010111F4801FA4F1C7
:10B100000104E9D191F0000F04BF01460020B1FA1B
:10B1100081F308BF2033A3F10B03B3F120020CDA53
:10B120000C3208DD02F1140CC2F10C0201FA0CF031
:10B1300021FA02F10CE002F11402D8BFC2F1200C96
:10B1400001FA02F120FA0CFCDCBF41EA0C0190404C
:10B15000E41AA2BF01EB0451294330BD6FEA040495
:10B160001F3C1CDA0C340EDC04F11404C4F1200280
:10B1700020FA04F001FA02F340EA030021FA04F392
:10B1800045EA030130BDC4F10C04C4F1200220FAE9
:10B1900002F001FA04F340EA0300294630BD21FA27
:10B1A00004F0294630BD94F0000F83F4801306BFED
:10B1B00081F480110134013D4EE77FEA645C18BFE1
:10B1C0007FEA655C29D094EA050F08BF90EA020F78
:10B1D00005D054EA000C04BF1946104630BD91EA70
:10B1E000030F1EBF0021002030BD5FEA545C05D173
:10B1F0004000494128BF41F0004130BD14F58004B2
:10B200003CBF01F5801130BD01F0004545F0FE4125
:10B2100041F470014FF0000030BD7FEA645C1ABF5A
:10B22000194610467FEA655C1CBF0B46024650EA91
:10B23000013406BF52EA033591EA030F41F40021BD
:10B2400030BD00BF90F0000F04BF0021704730B543
:10B250004FF4806404F132044FF000054FF0000118
:10B2600050E700BF90F0000F04BF0021704730B5D9
:10B270004FF4806404F1320410F0004548BF4042AE
:10B280004FF000013EE700BF42004FEAE2014FEA03
:10B2900031014FEA02701FBF12F07F4393F07F4FDE
:10B2A00081F06051704732F07F4208BF704793F0E1
:10B2B0007F4F04BF41F40021704730B54FF46074F4
:10B2C00001F0004521F000411CE700BF50EA0102F7
:10B2D00008BF704730B54FF000050AE050EA0102A0
:10B2E00008BF704730B511F0004502D5404261EB10
:10B2F00041014FF4806404F132045FEA915C3FF451
:10B30000D8AE4FF003025FEADC0C18BF03325FEAED
:10B31000DC0C18BF033202EBDC02C2F1200300FA9E
:10B3200003FC20FA02F001FA03FE40EA0E0021FAC3
:10B3300002F11444BDE600BF70B54FF0FF0C4CF4B1
:10B34000E06C1CEA11541DBF1CEA135594EA0C0F63
:10B3500095EA0C0F00F0DEF82C4481EA030621EA9E
:10B360004C5123EA4C5350EA013518BF52EA0335D9
:10B3700041F4801143F4801338D0A0FB02CE4FF08B
:10B380000005E1FB02E506F00042E0FB03E54FF0BB
:10B390000006E1FB03569CF0000F18BF4EF0010EB3
:10B3A000A4F1FF04B6F5007F64F5407404D25FEAAF
:10B3B0004E0E6D4146EB060642EAC62141EA555162
:10B3C0004FEAC52040EA5E504FEACE2EB4F1FD0CA4
:10B3D00088BFBCF5E06F1ED8BEF1004F08BF5FEA22
:10B3E000500E50F1000041EB045170BD06F00046D4
:10B3F00046EA010140EA020081EA0301B4EB5C0481
:10B40000C2BFD4EB0C0541EA045170BD41F4801178
:10B410004FF0000E013C00F3AB8014F1360FDEBF9D
:10B42000002001F0004170BDC4F10004203C35DA79
:10B430000C341BDC04F11404C4F1200500FA05F3FC
:10B4400020FA04F001FA05F240EA020001F000429D
:10B4500021F0004110EBD37021FA04F642EB060113
:10B460005EEA430E08BF20EAD37070BDC4F10C043D
:10B47000C4F1200500FA04F320FA05F001FA04F201
:10B4800040EA020001F0004110EBD37041F10001ED
:10B490005EEA430E08BF20EAD37070BDC4F12005F8
:10B4A00000FA05F24EEA020E20FA04F301FA05F260
:10B4B00043EA020321FA04F001F0004121FA04F208
:10B4C00020EA020000EBD3705EEA430E08BF20EAD8
:10B4D000D37070BD94F0000F0FD101F00046400012
:10B4E00041EB010111F4801F08BF013CF7D041EA94
:10B4F000060195F0000F18BF704703F00046520098
:10B5000043EB030313F4801F08BF013DF7D043EA68
:10B510000603704794EA0C0F0CEA135518BF95EA1E
:10B520000C0F0CD050EA410618BF52EA4306D1D1A5
:10B5300081EA030101F000414FF0000070BD50EAC4
:10B54000410606BF1046194652EA430619D094EA4E
:10B550000C0F02D150EA013613D195EA0C0F05D138
:10B5600052EA03361CBF104619460AD181EA03018C
:10B5700001F0004141F0FE4141F470014FF0000044
:10B5800070BD41F0FE4141F4780170BD70B54FF0DF
:10B59000FF0C4CF4E06C1CEA11541DBF1CEA13555F
:10B5A00094EA0C0F95EA0C0F00F0A7F8A4EB050441
:10B5B00081EA030E52EA03354FEA013100F0888038
:10B5C0004FEA03334FF0805545EA131343EA126301
:10B5D0004FEA022245EA111545EA10654FEA0026B6
:10B5E0000EF000419D4208BF964244F1FD0404F56F
:10B5F000407402D25B084FEA3202B61A65EB0305CB
:10B600005B084FEA32024FF480104FF4002CB6EB87
:10B61000020E75EB030E22BFB61A754640EA0C0007
:10B620005B084FEA3202B6EB020E75EB030E22BF47
:10B63000B61A754640EA5C005B084FEA3202B6EB88
:10B64000020E75EB030E22BFB61A754640EA9C0047
:10B650005B084FEA3202B6EB020E75EB030E22BF17
:10B66000B61A754640EADC0055EA060E18D04FEAD5
:10B67000051545EA16754FEA06164FEAC30343EA75
:10B6800052734FEAC2025FEA1C1CC0D111F4801F42
:10B690000BD141EA00014FF000004FF0004CB6E73B
:10B6A00011F4801F04BF01430020B4F1FD0C88BFDA
:10B6B000BCF5E06F3FF6AFAEB5EB030C04BFB6EBE5
:10B6C000020C5FEA500C50F1000041EB045170BDD8
:10B6D0000EF0004E4EEA113114EB5C04C2BFD4EB05
:10B6E0000C0541EA045170BD41F480114FF0000E89
:10B6F000013C90E645EA060E8DE60CEA135594EA05
:10B700000C0F08BF95EA0C0F3FF43BAF94EA0C0F07
:10B710000AD150EA01347FF434AF95EA0C0F7FF47C
:10B7200025AF104619462CE795EA0C0F06D152EAD0
:10B7300003353FF4FDAE1046194622E750EA4106B4
:10B7400018BF52EA43067FF4C5AE50EA41047FF4C5
:10B750000DAF52EA43057FF4EBAE12E74FEA410228
:10B76000B2F1E04324BFB3F5001CDCF1FE5C0DD95F
:10B7700001F0004C4FEAC0024CEA5070B2F1004FA9
:10B7800040EB830008BF20F00100704711F0804FAC
:10B7900021D113F13872BCBF01F00040704741F471
:10B7A00080114FEA5252C2F11802C2F1200C10FA75
:10B7B0000CF320FA02F018BF40F001004FEAC12359
:10B7C0004FEAD32303FA0CFC40EA0C0023FA02F3FD
:10B7D0004FEA4303CCE77FEA625307D150EA0133D3
:10B7E0001EBF4FF0FE4040F44000704701F00040A3
:10B7F00040F0FE4040F40000704700BF53B94AB922
:10B80000002908BF00281CBF4FF0FF314FF0FF3068
:10B8100000F072B9ADF1080C6DE904CE00F006F845
:10B82000DDF804E0DDE9022304B070472DE9F047BC
:10B83000089E04468846002B4BD18A42154667D99C
:10B84000B2FA82F24AB1C2F1200701FA02F320FAF9
:10B8500007F7954047EA030894404FEA154E230C3A
:10B86000B8FBFEF71FFA85FC0EFB178843EA084376
:10B8700007FB0CF1994209D9EB1807F1FF3080F072
:10B880001B81994240F21881023F2B445B1AA4B2FB
:10B89000B3FBFEF00EFB103344EA034400FB0CFC48
:10B8A000A44509D92C1900F1FF3380F00781A44584
:10B8B00040F2048102382C4440EA0740A4EB0C0417
:10B8C00000271EB1D4400023C6E900433946BDE835
:10B8D000F0878B4209D9002E00F0EB800027C6E9E3
:10B8E000000138463946BDE8F087B3FA83F7002FE8
:10B8F00047D18B4202D3824200F2FA80841A61EB74
:10B90000030301209846002EE0D0C6E90048DDE799
:10B9100002B9FFDEB2FA82F2002A40F08F80491BA2
:10B920004FEA154E1FFA85F80127B1FBFEFC230CE8
:10B930000EFB1C1143EA014308FB0CF1994207D9A5
:10B94000EB180CF1FF3002D2994200F2CD80844610
:10B95000591AA3B2B1FBFEF00EFB101443EA0444E3
:10B9600008FB00F8A04507D92C1900F1FF3302D2DB
:10B97000A04500F2B6801846A4EB080440EA0C404B
:10B980009FE7C7F1200CBB4022FA0CFE4EEA030EE3
:10B9900001FA07F420FA0CF521FA0CF34FEA1E48DD
:10B9A0002543B3FBF8F92C0C08FB19331FFA8EFA68
:10B9B00044EA034309FB0AF49C4202FA07F200FA44
:10B9C00007F10BD91EEB030309F1FF3080F08780EC
:10B9D0009C4240F28480A9F1020973441B1BADB262
:10B9E000B3FBF8F008FB103345EA034400FB0AFA06
:10B9F000A24508D91EEB040400F1FF336BD2A24527
:10BA000069D90238744440EA0940A0FB0289A4EBDA
:10BA10000A044C45C2464B4654D351D0002E69D03F
:10BA2000B1EB0A0564EB030404FA0CFCFD40FC4096
:10BA30004CEA0505C6E90054002747E7C2F1200398
:10BA400020FA03F7954001FA02F021FA03F34FEAD6
:10BA5000154E3843010CB3FBFEF71FFA85F80EFBB9
:10BA6000173341EA034107FB08F38B4204FA02F45F
:10BA700007D9691807F1FF3C2FD28B422DD9023F1D
:10BA80002944CB1A81B2B3FBFEF00EFB103341EA1E
:10BA9000034100FB08F38B4207D9691800F1FF3C12
:10BAA00017D28B4215D902382944C91A40EA0747F0
:10BAB0003BE73746304609E70746E7E61846FBE628
:10BAC0004145ABD2B8EB020A69EB0E0201381346CE
:10BAD000A4E76046E9E7184695E76746D1E781465F
:10BAE0007CE702382C4447E7ACF1020C2B442FE7EB
:10BAF000384608E73746E9E6704700BF1FB51C46E1
:10BB0000094B1B680546D86852B1084B0091CDE936
:10BB1000013207492B46224600F036F801F056F86C
:10BB2000044B1A46F2E700BFA4610020A4F803000A
:10BB3000B1F80300DFF8030010B5054C13462CB133
:10BB40000A4601460220AFF3008010BD2046FCE704
:10BB500000000000014B1868704700BFA46100207E
:10BB600008B5074B044613B10021AFF30080054B25
:10BB70001868836A03B19847204602F0FBFE00BFB5
:10BB800000000000E0F803000EB403B5014603AB6B
:10BB9000054853F8042B0068019300F059F902B0EE
:10BBA0005DF804EB03B07047A461002070B50D4E42
:10BBB0000D4CA41BA4100025A54209D10B4E0C4C22
:10BBC00002F0DAFEA41BA4100025A54205D170BD29
:10BBD00056F8253098470135EEE756F82530984756
:10BBE0000135F2E774630020746300207463002061
:10BBF0009C630020024B0146186800F0A5B800BF06
:10BC0000A4610020024B0146186800F04FB800BF45
:10BC1000A461002082B001B901A942B14BB11378EF
:10BC20000B601278101C18BF012002B0704710463C
:10BC3000FBE76FF00100F8E710B5431E0A4491429C
:10BC400000D110BD11F8014B03F8014FF7E788420E
:10BC500010B501EB020307D8421E99420AD011F831
:10BC6000014B02F8014FF8E78342F5D98118D21A47
:10BC7000D34200D110BD13F8014D01F8014DF7E793
:10BC800002440346934200D1704703F8011BF9E7D1
:10BC900038B502FB01F4214600F056F8054618B10C
:10BCA00022460021FFF7ECFF284638BD38B505468F
:10BCB000002945D051F8043C0C1F002BB8BFE418F4
:10BCC00002F00EF81F4A1368104633B9636014601F
:10BCD0002846BDE8384002F004B8A3420CD92168D8
:10BCE0006218934204BF1A685B68636004BF52180D
:10BCF00022600460ECE713465A680AB1A242FAD9FE
:10BD000019685818A0420BD1206801445818824283
:10BD10001960DDD1106852685A6001441960D7E794
:10BD200002D90C232B60D3E7206821188A4204BF74
:10BD300011685268626004BF091821605C60C7E73F
:10BD400038BD00BF948B002070B5CD1C25F00305D5
:10BD500008350C2D38BF0C25002D064601DBA94205
:10BD600003D90C233360002070BD01F0B9FF214AD4
:10BD70001468214691B9204C23681BB9304600F065
:10BD8000DFFD20602946304600F0DAFD431C24D157
:10BD90000C233360304601F0A4FFE4E70B685B1B23
:10BDA00018D40B2B0FD90B60CD50CC18304601F0B6
:10BDB00098FF04F10B00231D20F00700C31AD3D015
:10BDC0005A42E250D0E78C424B6816BF6360136062
:10BDD0000C46EBE70C464968CCE7C41C24F003048E
:10BDE000A04205D0211A304600F0AAFD0130CFD084
:10BDF0002560DBE7948B0020988B00209368013B43
:10BE0000002B10B4936008DA9469A34201DB0A297D
:10BE100003D15DF8044B00F00BBE1368581C106092
:10BE2000197008465DF8044B7047F8B506460F4692
:10BE30001446D518AC4201D1002007E03A4614F868
:10BE4000011B3046FFF7DAFF431CF3D1F8BD0000B9
:10BE50002DE9F04F9DB00C4617460393064618B1E6
:10BE600083690BB901F0F0FD7B4B9C4257D174689C
:10BE7000A38918075DD52369002B5AD000230993A5
:10BE800020238DF8293030238DF82A304FF0010B14
:10BE9000B846454615F8013B0BB1252B54D1B8EBFC
:10BEA000070A0BD053463A4621463046FFF7BDFFFE
:10BEB000013000F0C280099B5344099398F8003088
:10BEC000002B00F0BA8000234FF0FF32CDE90523AC
:10BED000049307938DF853301A93A846052218F857
:10BEE000011B5E4801F0ACFE049B78BBD90644BF41
:10BEF00020228DF853201A0744BF2B228DF853209F
:10BF00002A782A2A2AD0079AA84600200A254146DC
:10BF100011F8013B303B092B69D960B324E0504B49
:10BF20009C4201D1B468A3E74E4B9C4208BFF46821
:10BF30009EE72146304600F0DBFD00289ED04FF002
:10BF4000FF301DB0BDE8F08FA846A2E7434A801A33
:10BF50000BFA00F0184304904546BEE7039A111D02
:10BF600012680391002A01DB079204E0524243F079
:10BF700002030792049398F800302E2B0ED198F804
:10BF800001302A2B38D1039B1A1D1B680392002B0A
:10BF9000B8BF4FF0FF3308F102080593324D98F80F
:10BFA00000100322284601F04BFE40B14023401B05
:10BFB00003FA00F0049B034308F10108049398F886
:10BFC00000102A488DF82810062208F1010701F018
:10BFD00037FE002837D0264B1BBB039B073323F0CB
:10BFE000070308330393099B4B44099350E705FB70
:10BFF0000232012088468AE7002308F101080593F0
:10C0000019460A25404610F8012B303A092A03D96F
:10C01000002BC3D00591C1E705FB01210123804618
:10C02000F0E703AB00932246124B04A9304600F020
:10C03000B7F8B0F1FF3F8146D5D1A3895B063FF544
:10C040007EAF09987DE703AB00932246094B04A914
:10C05000304600F05BFBECE764FA0300EEF8030007
:10C0600084FA030044FA0300F4F80300F8F803002C
:10C07000A1C103002BBE03002DE9FF4755EC104B77
:10C080000D9FDDF830A0002D0E4691461946B8BF31
:10C0900022462B4627F02007BBBF05F100431D4673
:10C0A00000232D23B8BF1446462F0B7004D0452F14
:10C0B00000D10136022100E0032103AB019302AB62
:10C0C00000933246534645EC104B00F015FE472FC7
:10C0D000804602D119F0010F26D0462F08EB060941
:10C0E00011D198F80030302B0AD1002200232046CD
:10C0F000294602F097FB18B9C6F10106CAF800609C
:10C10000DAF800309944002200232046294602F044
:10C1100089FB38B93022039B4B4505D2591C03914A
:10C120001A70F8E7CDF80C90039B0E9AA3EB080366
:10C130004046136004B0BDE8F087F7B50029044617
:10C14000BABF49422D232B23092904F8022B43703F
:10C1500020DD0DF107031F460A2691FBF6F506FBCD
:10C1600015113031092D03F8011C03F1FF32294666
:10C1700009DC3031023B02F8011CBB42224604D3E9
:10C18000101A03B0F0BD1346E7E713F8012B04F8CB
:10C19000012BF2E7302319448370021DC170EFE7D1
:10C1A0002DE9F04F8DB00C46DDF8588016461F463D
:10C1B000054601F0D3FC03680493184600F0D8FB51
:10C1C00000230A93D8F800300590073323F00703C3
:10C1D00003F1080294F818A0D4F800B0C8F80020C1
:10C1E000D3E90023C4E91223D4E9128929F00043DA
:10C1F0000793CDF818804FF0FF32A74BDDE9060119
:10C2000002F042FB70BB4FF0FF32A34BDDE90601A9
:10C2100002F01CFB30BB002200234046494602F0DE
:10C220000BFB10B12D2384F843309C4A9C4BBAF190
:10C23000470F8CBF9046984603232BF004022361DE
:10C2400022604FF00009009733460BAA214628468A
:10C2500000F0E6F9013040F08D804FF0FF300DB076
:10C26000BDE8F08F42464B464046494602F00CFB83
:10C2700010B18C4A8C4BDAE761684B1C4BF480623E
:10C280000AA83ED1062363600023CDE9020309AB6F
:10C29000009349EC108B0DF123032260CDF804A02C
:10C2A00061682846FFF7E8FE0AF0DF03472B804667
:10C2B00009D1099BD81C02DB6268934247DDAAF1D1
:10C2C000020A5FFA8AFABAF1650F099924D801398E
:10C2D000524604F150000991FFF72FFF0A9A1318F4
:10C2E000012A8146236102DC2268D10701D501338E
:10C2F00023619DF82330002BA5D02D2384F84330F3
:10C30000A1E7BAF1670F00F07781BAF1470FBBD10F
:10C310000029B9D10123B6E7BAF1660F19D1002976
:10C3200063680CDD216113B92268D20702D501339D
:10C330000B442361099BA3654FF00009D9E713B9AA
:10C340002268D00701D50233F3E70123F1E74FF06C
:10C35000670ADDE90932934205DB22682361D107D0
:10C36000E8D50133E5E7002BD4BFC3F10203012375
:10C370001344DEE723685A0507D423694246314651
:10C380002846B84701302BD167E7BAF1650F40F274
:10C39000DC8000220023D4E9120102F043FA0028D5
:10C3A00033D00123414A31462846B84701303FF493
:10C3B00054AFDDE909239A4202DB2368D8070FD581
:10C3C000DDE9042331462846B84701303FF445AF44
:10C3D0004FF0000804F11A090A9B013B434509DCB0
:10C3E00023689B0700F10381E0680B9B9842B8BF6C
:10C3F000184634E701234A4631462846B8470130FB
:10C400003FF42BAF08F10108E6E7099B002B2BDC7A
:10C410000123264A31462846B84701303FF41DAF74
:10C42000099B23B90A9B13B92368D907D8D5DDE93D
:10C43000042331462846B84701303FF40EAF4FF091
:10C44000000904F11A0A099B5B424B4501DC0A9B77
:10C4500094E70123524631462846B84701303FF45D
:10C46000FCAE09F10109EEE70A9AA36D9A42A8BF52
:10C470001A46002A914607DD1346314642462846B1
:10C48000B84701303FF4E9AE04F11A034FF0000B56
:10C4900029EAE979069315E0FFFFEF7F03F903002E
:10C4A000FFF803000BF9030007F903000FF903007D
:10C4B0000123069A31462846B84701303FF4CDAEF5
:10C4C0000BF1010BD4F858A0AAEB09035B45EFDC94
:10C4D000DDE909239A42D04415DB2368DA0712D438
:10C4E0000A9B0999A3EB0A02A3EB010A9245A8BF94
:10C4F0009246BAF1000F0EDC4FF000082AEAEA7A01
:10C5000004F11A0919E0DDE9042331462846B84749
:10C510000130E5D1A1E65346424631462846B847A8
:10C520000130E9D199E601234A4631462846B84709
:10C5300001303FF492AE08F10108DDE909239B1AAE
:10C54000A3EB0A034345EEDC4AE70A9A012A01DC21
:10C55000DB073AD50123424631462846B847013029
:10C560003FF47BAEDDE9042331462846B84701306D
:10C5700008F101083FF471AE0A9B002203F1FF3A73
:10C58000D4E91201002302F04DF9C8B953464246DE
:10C5900031462846B84701300ED15EE601235246A7
:10C5A00031462846B84701303FF457AE08F101083C
:10C5B0000A9B013B4345F1DC4B4604F15002DEE6A9
:10C5C0004FF0000804F11A0AF2E70123DFE7012324
:10C5D0004A4631462846B84701303FF43EAE08F19E
:10C5E0000108E3680B9A9B1A4345F0DCFCE64FF028
:10C5F000000804F11909F4E700293FF48BAE002389
:10C60000CDE9020309AB009349EC108B2260CDF811
:10C6100004A00DF123032846FFF72EFD804648E6CF
:10C620002DE9F04791461F468A680B69DDF82080A6
:10C630009342B8BF1346C9F8003091F8432006462C
:10C640000C4612B10133C9F800302368990642BF85
:10C65000D9F800300233C9F80030256815F0060516
:10C6600007D104F1190AE368D9F800209B1AAB42FC
:10C6700028DC94F843302268003318BF0123920667
:10C680002DD404F1430239463046C047013020D052
:10C690002368E568D9F8002003F00603042B08BFDF
:10C6A000AD1AA36822690CBF25EAE57500259342FF
:10C6B000C4BF9B1AED184FF000091A344D451AD12A
:10C6C000002008E00123524639463046C047013079
:10C6D00003D14FF0FF30BDE8F0870135C3E7E11823
:10C6E0005A1C302081F84300224494F8451082F807
:10C6F00043100233C5E70123224639463046C0477E
:10C700000130E6D009F10109D8E700002DE9F04336
:10C7100001F1430C0C46097E85B06E29174606468A
:10C7200098460C9A00F0B38022D8632936D00AD8F4
:10C73000002900F0B980582900F0838004F14205F7
:10C7400084F8421032E0642901D06929F6D12068CA
:10C750001368050603F104012AD51B681160002B3C
:10C7600003DA2D225B4284F843206F480A2239E025
:10C77000732900F09D8008D86F2920D07029DDD161
:10C78000236843F02003236003E0752917D078293C
:10C79000D4D1782384F84530644855E01368191DD6
:10C7A0001B68116004F1420584F8423001238CE0DB
:10C7B0001B68116010F0400F18BF1BB2CFE7136861
:10C7C0002568181D1060280601D51B6802E0680660
:10C7D000FBD51B8854486F2914BF0A220822002168
:10C7E00084F843106568A560002DC0F2958021682B
:10C7F00021F004012160002B3DD1002D40F08E80FE
:10C800006546082A0BD12368DB0708D523696268CF
:10C810009A42DEBF302305F8013C05F1FF35ACEB51
:10C8200005032361CDF800803B4603AA214630462C
:10C83000FFF7F6FE01304DD14FF0FF3005B0BDE8F7
:10C84000F083394884F84510136821681D1D1B6862
:10C8500015600A060BD5CA0744BF41F020012160CC
:10C860001BB9226822F0200222601022B7E74D0691
:10C8700048BF9BB2EFE76546B3FBF2F102FB113311
:10C88000C35C05F8013D0B460029F5D1B9E71368F3
:10C8900025686169181D106028061B6801D519609C
:10C8A00002E06A06FBD51980002323616546B9E7DB
:10C8B0001368191D11601D6862680021284601F087
:10C8C000BFF908B1401B606063682361002384F8EE
:10C8D0004330A7E723692A4639463046C04701302E
:10C8E000AAD023689B0713D4E068039B9842B8BF83
:10C8F0001846A3E701234A4639463046C04701306F
:10C900009AD00135E368039A9B1AAB42F2DCEBE75D
:10C91000002504F11909F5E7002BACD1037884F860
:10C92000423004F142056CE711F9030022F90300DB
:10C93000024B0A460146186801F0B0BCA461002011
:10C9400038B5064C0023054608462360FDF706FA75
:10C95000431C02D1236803B12B6038BDBC8B00207F
:10C96000034611F8012B03F8012B002AF9D1704777
:10C97000034613F8012B002AFBD1181A013870471F
:10C9800010B56AB10139841810F8013B11F8012F74
:10C99000934203D1A04201D0002BF5D1981A10BDCB
:10C9A0001046FCE710B5034601448B4202D01A78CA
:10C9B0005C1C0AB9181A10BD2346F6E730B5141EE0
:10C9C00005469BB0184605DA8B232B604FF0FF30ED
:10C9D0001BB030BD4FF40273ADF80C3014BF04F13E
:10C9E000FF332346029305934FF6FF7300910491A2
:10C9F000ADF80E3002461E9B6946284601F0CEFC7B
:10CA0000431CBCBF8B232B60002CE1D0009B002279
:10CA10001A70DDE707B5009313460A46014603483E
:10CA20000068FFF7CBFF03B05DF804FBA4610020B2
:10CA3000F8B50E461446054618B183690BB901F0E6
:10CA400003F8214B9C422AD16C68A369A360A38997
:10CA50001A072ED5236963B323692068C01A636956
:10CA6000F6B28342374604DC2146284600F082FFB6
:10CA700028BBA368013BA36023685A1C22601E7078
:10CA800063690130834204D0A389DB0719D50A2EDC
:10CA900017D12146284600F06DFF90B10FE00B4BF7
:10CAA0009C4201D1AC68D0E7094B9C4208BFEC68BE
:10CAB000CBE72146284600F01BF80028CCD04FF0E9
:10CAC000FF373846F8BD00BF64FA030084FA03005C
:10CAD00044FA030049B1FF2A85BF8A2303600A7024
:10CAE0004FF0FF3098BF01207047084670470000A4
:10CAF000324B70B51D6806460C4625B1AB6913B9BB
:10CB0000284600F0A1FF2E4B9C420FD16C68B4F96F
:10CB10000C309AB215072CD4D00611D409223260F9
:10CB200043F04003A3814FF0FF303EE0254B9C4291
:10CB300001D1AC68EBE7244B9C4208BFEC68E6E708
:10CB4000510712D5616B41B104F14403994202D0FF
:10CB50003046FFF7ABF800236363A38923F0240377
:10CB6000A3810023636023692360A38943F0080342
:10CB7000A38123694BB9A38903F42073B3F5007F24
:10CB800003D02146304601F01BF8A28912F00103C0
:10CB90000CD00023A36063695B42A361236953B98E
:10CBA000B4F90C3013F08000BAD170BD920758BFB1
:10CBB0006369A360F2E70020F7E700BFA4610020EB
:10CBC00064FA030084FA030044FA030008B506205F
:10CBD00001F002FD012001F0CDFE2DE9F74F0369C0
:10CBE0000C69A3428046C0F28280013C01F1140727
:10CBF0004FEA840C00F1140657F8245056F824002C
:10CC000006EB0C03013507EB0C090193B0FBF5F5BE
:10CC100095B34FF0000A3846B646D34650F8042B79
:10CC200093B205FB03A34FEA134A9BB2ABEB03039A
:10CC3000120CDEF800B005FB02A213FA8BF34FEAE8
:10CC4000124A1FFA82FBDEF80020CBEB124202EB05
:10CC500023429BB243EA024381454FEA224B4EF8FE
:10CC6000043BDBD256F80C3033B9019B043B9E42A7
:10CC70001A4630D3C8F81040404601F049FA00285F
:10CC800025DB013530464FF0000C57F8042BD0F867
:10CC900000E093B2ACEB0303120C13FA8EF3C2EB79
:10CCA0001E4202EB23429BB243EA0243B9454FEADC
:10CCB000224C40F8043BE8D256F8242006EB8403CB
:10CCC0002AB9043B9E421A460BD3C8F810402846A6
:10CCD00003B0BDE8F08F1268043B002ACAD1013CC2
:10CCE000C5E71268043B002AEFD1013CEAE70020C7
:10CCF000EEE70000000000002DE9F04F57EC106B4C
:10CD000097B0456A069104460B921293DDF8808035
:10CD1000CDE900673DB91020FAF77EFD6062C0E9F9
:10CD200001550560C560636A196851B15A684A6067
:10CD3000012393408B60204601F008F8636A0022CB
:10CD40001A603B1EBBBF23F0004301930023012266
:10CD5000ACBFC8F80030C8F80020AF4BDDF8048045
:10CD600033EA080314D1129A42F20F731360009B46
:10CD700023B9C8F31300002800F04285219BDFF897
:10CD8000ACB2002B00F044850BF1030300F03EBD74
:10CD9000DDE90067002200233046394601F042FDFC
:10CDA000814668B1129A01231360219B002B00F089
:10CDB00024859A4B219A03F1FF3B136000F028BDB4
:10CDC00014AA15A947EC106B204601F018FAC8F315
:10CDD0000A550490002D7CD0C7F3130343F07F5B0A
:10CDE000B2464BF4401BA5F2FF35CDF84C90002223
:10CDF0008B4B50465946FEF7E7F881A3D3E9002351
:10CE0000FEF79AFA80A3D3E90023FEF7DFF806467F
:10CE100028460F46FEF726FA7DA3D3E90023FEF746
:10CE20008BFA02460B4630463946FEF7CFF80646E7
:10CE30000F4601F03FFD002282460023304639466E
:10CE400001F0FAFC48B15046FEF70CFA32463B4678
:10CE500001F0E8FC08B90AF1FF3ABAF1160F59D807
:10CE6000704901EBCA01DDE90023D1E9000101F0BD
:10CE700001FD002850D00AF1FF3A00230F93149BC4
:10CE80005D1BB5F1010849BFC5F1010300230593FE
:10CE90004FF0000858BF0593BAF1000F3EDB0023A6
:10CEA000D044CDF838A00793069B092B00F2908060
:10CEB000052BC4BF043B0693069BA3F10203CCBF22
:10CEC00000250125032B00F28F80DFE803F07D7F32
:10CED0003171DDE914531D4405F23240202813DD81
:10CEE000C0F14000009B08FA00F805F2124023FA56
:10CEF00000F048EA0000FEF7A5F901238246A1F1FF
:10CF0000F87B013D139372E7009BC0F1200003FA08
:10CF100000F0F0E70123B1E70F90B0E7059BA3EB2A
:10CF20000A030593CAF10003079300230E93BBE79E
:10CF300001230A930B9B002B59DD02939946666AE5
:10CF400000227260042202F114009842716853D9E1
:10CF5000204600F0C7FE636A3060B9F10E0FD3F8C7
:10CF600000B000F2E680002D00F0E3809DED007B34
:10CF7000BAF1000F8DED107B74DD2A4A0AF00F0321
:10CF800002EBC30393ED007B4FEA2A16F0068DED0A
:10CF9000087B65D5244BDDE91001D3E90823FEF7B2
:10CFA000F5FACDE9000106F00F0603251E4F4CE00F
:10CFB00001230A930B9B534403F1010902934B464F
:10CFC000012BB8BF0123BAE70023B2E70023F0E743
:10CFD0000125002306930A954FF0FF3302939946EB
:10CFE000002212230B92AAE701230A93F4E70123FC
:10CFF000029399461A46F5E7013171605200A2E7A3
:10D0000061436F63A787D23FB3C8608B288AC63F4E
:10D01000FB799F501344D33F0000F07F10F90300C9
:10D020000000F83FD0FA0300A8FA03003DFA03001D
:10D03000F10708D5DDE90801D7E90023FEF77CF9FF
:10D04000CDE90801013576100837002EF0D1DDE971
:10D050000823DDE90001FEF799FACDE900011AE0A5
:10D060000225A3E700F0A080CAF100069F4BA04F65
:10D0700006F00F0203EBC203D3E90023DDE9100140
:10D08000FEF75AF9CDE90001361100230225002EE2
:10D090007FD1002BE1D10F9B002B00F08780DDE9D1
:10D0A00000670022934B3046394601F0C5FB00284B
:10D0B0007CD0B9F1000F79D0029B002B35DD0AF14D
:10D0C000FF330893394600228B4B3046FEF734F984
:10D0D000CDE90001029F01352846FEF7C3F8DDE9DE
:10D0E0000023FEF729F90022844BFDF76FFF054668
:10D0F000A1F15076002F5DD10022814BDDE90001C6
:10D10000FDF762FF2A463346CDE9000101F0B2FB8C
:10D11000002840F088822A4606F10043DDE900013C
:10D1200001F08AFB002840F07C82DDE91023CDE984
:10D130000023159B002BC0F25081BAF10E0F00F3B3
:10D140004C816A4B03EBCA0393ED007B0B9B002BD6
:10D150008DED027B80F2D880B9F1000F00F3D4800E
:10D1600040F05E820022664B51EC170BFEF7E4F8AC
:10D17000DDE9002301F074FB4F464E46002840F0E5
:10D18000348231230BF101058BF800300AF1010ADA
:10D190002FE2F20705D5D7E90023FEF7CDF80135D8
:10D1A00001237610083772E7022574E7CDF820A036
:10D1B0004F4691E74D4B03EBC70353E902010A9B2E
:10D1C000002B47D002460B4600204E49FEF7DEF901
:10D1D0002A463346FDF7F8FECDE90C015D46DDE950
:10D1E000000101F067FB0646FEF73CF802460B46DD
:10D1F000DDE90001FDF7E8FE303605F8016BDDE9F9
:10D200000C23CDE9000101F017FB002863D1DDE913
:10D21000002300203749FDF7D7FEDDE90C2301F09C
:10D220000BFB002840F0B780A5EB0B039F427FF774
:10D230007CAF0022304BDDE90C01FEF77DF80022C7
:10D24000CDE90C012C4BDDE90001FEF775F8CDE9C5
:10D250000001C4E72A463346FEF76EF8CDE90C011B
:10D260000BEB07055E46DDE9000101F023FB0746F5
:10D27000FDF7F8FF303702460B46DDE90001FDF708
:10D28000A3FE06F8017BAE42CDE900014FF000029B
:10D2900026D11C4BDDE90C01FDF798FE02460B463A
:10D2A000DDE9000101F0E6FA002874D1DDE90C2384
:10D2B00000201449FDF788FE02460B46DDE9000117
:10D2C00001F0BAFA00283FF430AF15F8013C302BDA
:10D2D00005F1FF3202D0DDF820A04AE01546F4E760
:10D2E000054BFEF729F8CDE90001BCE7D0FA0300B1
:10D2F000A8FA03000000F03F0000244000001C409A
:10D30000000014400000E03FDDE900675D46DDE914
:10D31000022330463946FEF739F901F0CBFA804650
:10D32000FDF7A0FFDDE90223FEF706F802460B46F3
:10D330003046394608F13006FDF746FE05F8016B28
:10D34000A5EB0B06B14502460B4639D1FDF73EFE73
:10D35000DDE9022306460F4601F08CFAC8B9DDE983
:10D3600002233046394601F05DFA10B118F0010F82
:10D370000FD10499204600F0E9FC0023129A2B708B
:10D380000AF101031360219B002B00F041821D6014
:10D390003EE2CDF820A015F8012C392A05F1FF3323
:10D3A00008D19B450AD1089B0133089330238BF8A1
:10D3B00000305B461A7801321A708CE71D46EAE7A6
:10D3C00000229B4BFDF7B8FF0022002306460F46C4
:10D3D00001F028FA00289AD0CBE70A9A002A00F038
:10D3E0008B80069A012A6EDC139A002A67D003F21A
:10D3F0003343079F059D059A01211A442046059253
:10D40000984400F043FD0646002D0CDDB8F1000FF6
:10D4100009DD4545059A2B46A8BF4346D21A059219
:10D42000ED1AA8EB0308079BEBB10A9B002B67D012
:10D430008FB131463A46204600F0C8FD049A0146B5
:10D440000646204600F02BFD04990890204600F087
:10D450007DFC089B0493079BDA1B04D004992046AB
:10D4600000F0B4FD04900121204600F00FFD0E9B5A
:10D470000746002B00F0D0811A460146204600F0F6
:10D48000A5FD069B012B074640DC009B002B39D1F4
:10D49000019BC3F31303002B36D1019B23F0004300
:10D4A0001B0D1B052BB1059B0133059308F10108EA
:10D4B000012307930E9B002B2AD1012030E0149BFF
:10D4C000C3F1360395E7079B09F1FF37BB42BFBFA6
:10D4D000079B0797FA1A0E9BBBBF9B180E93DF1B87
:10D4E0000027B9F1000FB5BF059B059DA3EB09050A
:10D4F0004B46B8BF00237EE7079F059D0A9E83E742
:10D50000079AABE70023D4E7009BD2E700230793F9
:10D510003B6907EB8303186900F06AFCC0F1200047
:10D52000404410F01F0047D0C0F12003042B3BDD26
:10D53000059BC0F11C000344059305448044059BF2
:10D54000002B05DD1A460499204600F08DFD04905D
:10D55000B8F1000F05DD39464246204600F084FD53
:10D5600007460F9B53B33946049800F0D1FD0028BD
:10D5700024DA00230A220499204600F0FEFB0A9BCD
:10D5800004900AF1FF3A002B00F04D810023314650
:10D590000A22204600F0F1FB029B002B06464FDCDE
:10D5A000069B022B4CDD11E0C9D0059A1C331A44AE
:10D5B00005921D449844C2E70346F6E7B9F1000F0F
:10D5C00038DC069B022B35DDCDF80890029B63B951
:10D5D00039460522204600F0D0FB01460746049854
:10D5E00000F096FD00283FF7CCAD0B9B5D466FEA3F
:10D5F000030A4FF000093946204600F0A7FB002E31
:10D600003FF4B7AEB9F1000F05D0B14503D049469C
:10D61000204600F09BFB3146204600F097FBA8E631
:10D6200000273E46E1E7DDF820A03E46A9E500BF21
:10D63000000024400A9BCDF80890002B00F0FA80EF
:10D64000002D05DD31462A46204600F00DFD064638
:10D65000079B002B4CD07168204600F043FB3269D9
:10D6600002320546920006F10C010C30FEF7E4FA96
:10D6700001222946204600F0F7FC009BCDF814B0AB
:10D6800003F00103B1460793064639460498FFF7B5
:10D69000A4FA4946054600F13008049800F038FD28
:10D6A000324600903946204600F04CFDC3680246E1
:10D6B00003BB01460890049800F02AFD089A03462F
:10D6C00011462046089300F041FB089BA3B9069A37
:10D6D00092B9079A82B9B8F1390F29D0009B002B73
:10D6E00001DD05F13108059B5D1C83F8008082E7B0
:10D6F0003046C2E70123E3E7009A002A04DB25D184
:10D70000069A1ABB079A0ABB002BECDD012204998A
:10D71000204600F0A9FC3946049000F0F9FC0028EE
:10D7200003DCE0D118F0010FDDD0B8F1390FD8D10A
:10D73000059B059A5D1C3923137015F8013C392BA4
:10D7400005F1FF324FD00133137054E7059A002BD7
:10D7500002F1010506DDB8F1390FE9D008F1010841
:10D76000059BC2E7029A05F8018CA5EB0B039342D7
:10D7700021D000230A220499204600F0FEFAB14588
:10D7800004904FF000034FF00A024946204605D1AD
:10D7900000F0F3FA81460646059576E700F0EDFACB
:10D7A0003146814600230A22204600F0E6FA06466A
:10D7B000F2E74FF0000901220499204600F054FCE2
:10D7C0003946049000F0A4FC0028B6DC02D118F021
:10D7D000010FB2D115F8013C302B05F1FF327FF477
:10D7E0000AAF1546F6E7934505D131230AF1010A40
:10D7F0008BF80030FFE615469FE7DFF864B007E0DE
:10D80000219BDFF860B01BB10BF10803219A136074
:10D81000584617B0BDE8F08F069B012B7FF735AE59
:10D820000E9B079349E6029B002B03DC069B022B11
:10D830003FF7CCAE5D4639460498FFF7CEF900F1CC
:10D84000300805F8018B029AA5EB0B039A42B0DD74
:10D8500000230A220499204600F08FFA0490EAE798
:10D860000FF9030034FA03008A892DE9F0410546D7
:10D8700010070C4658D44B68002B05DC0B6C002BB2
:10D8800002DC0020BDE8F081E66A002EF9D000231A
:10D8900012F480522F68216A2B6032D0606DA38908
:10D8A0005A0705D56368C01A636B0BB1236CC01AA5
:10D8B00000230246E66A216A2846B047431CA38932
:10D8C00006D129681D2948D8294ACA40D60744D517
:10D8D00000226260D9042269226004D5421C01D171
:10D8E0002B6803B96065616B2F600029C9D004F112
:10D8F0004403994202D02846FEF7D8F9002060631D
:10D90000C0E701232846B047411CC8D12B68002B33
:10D91000C5D01D2B01D0162B01D12F60B1E7A389F3
:10D9200043F04003A381ADE70F69002FA9D093070F
:10D930000E6808BF4B690F6018BF0023A6EB0708ED
:10D940008B60B8F1000F9CDD43463A46216AA66A17
:10D950002846B047002806DCA38943F04003A38192
:10D960004FF0FF308EE70744A8EB0008E9E700BF5F
:10D970000100402038B50B6905460C46DBB118B1F3
:10D9800083690BB900F060F80C4B9C4209D16C68BC
:10D99000B4F90C307BB121462846BDE83840FFF78A
:10D9A00063BF074B9C4201D1AC68F1E7054B9C4239
:10D9B00008BFEC68ECE7002038BD00BF64FA030044
:10D9C00084FA030044FA0300002310B50446C0E9BA
:10D9D0000033836081814366C281C0E9043383617F
:10D9E000194608225C30FEF74BF9054B6362054B84
:10D9F000A362054BE362054B2462236310BD00BFA5
:10DA000011E6030033E603006BE603008FE6030034
:10DA1000014900F085B800BF75D9030070B54A1EF2
:10DA2000682555430E4605F17401FEF78DF904464D
:10DA300040B10021C0E900160C30A06005F1680279
:10DA4000FEF71EF9204670BD836910B5044633BB4E
:10DA5000C0E912330365124B124A1B688262984276
:10DA600004BF0123836100F01FF86060204600F0CE
:10DA70001BF8A060204600F017F80022E0600421A7
:10DA80006068FFF7A1FF01220921A068FFF79CFF52
:10DA900002221221E068FFF797FF0123A36110BD66
:10DAA000E0F8030011DA0300F8B51B4B1E68B369F8
:10DAB000074613B93046FFF7C7FF4836D6E90134A9
:10DAC000013B03D5336833B13668F7E7B4F90C503E
:10DAD0006DB16834F4E704213846FFF79FFF3060EA
:10DAE0000028F1D10C233B6004462046F8BD0B4BC7
:10DAF0006566C4E90055A560C4E90335C4E9055568
:10DB00000822294604F15C00FEF7BAF8C4E90D5575
:10DB1000C4E91255E9E700BFE0F803000100FFFF88
:10DB20002DE9F8438046894600F14804002614B9DF
:10DB30003046BDE8F883D4E90175013F01D524687A
:10DB4000F5E7AB89012B07D9B5F90E30013303D0C6
:10DB500029464046C84706436835EEE7044B1B6834
:10DB6000186A044B002808BF1846F030704700BF01
:10DB7000A46100200862002070B50E46B1F90E10B5
:10DB8000002996B014461D4607DA00232B60B3899E
:10DB90001A0610D44FF480630EE06A4600F09EFD32
:10DBA0000028F2DB019A02F47042A2F500535A42B7
:10DBB0005A412A60EEE740230020236016B070BD72
:10DBC0008B8973B59D0706460C4607D504F14703BC
:10DBD000236023610123636102B070BD01AB6A461B
:10DBE000FFF7CAFF009905463046FEF7ADF848B981
:10DBF000B4F90C309A05EFD423F0030343F0020389
:10DC0000A381E3E70D4BB362A389206043F0800357
:10DC1000A381009B6361019B20615BB1B4F90E108D
:10DC2000304600F06DFD28B1A38923F0030343F0D3
:10DC30000103A381A3891D43A581CDE711DA030068
:10DC400001F0FF01102A2BDB10F0070F08D010F8AD
:10DC5000013B013A8B422DD010F0070F42B3F6D1B1
:10DC6000F0B441EA012141EA014122F007047FF0CA
:10DC700000070023F0E80256083C85EA010586EA21
:10DC8000010685FA47F5A3FA87F586FA47F6A5FA5D
:10DC900087F68EB9EED1F0BC01F0FF0102F0070269
:10DCA00032B110F8013B013A83EA010313B1F8D114
:10DCB0000020704701387047002D06BF35460338F5
:10DCC000073815F0010F07D1013015F4807F02BF2E
:10DCD000013015F4C03F0130F0BC0138704700BF7F
:10DCE0007047704770B5456A04460E463DB910202E
:10DCF000F9F792FD6062C0E901550560C560656A8B
:10DD0000EB6883B1636ADB6853F82600B8B9012178
:10DD100001FA06F56A1D92002046FDF7B9FF60B1D1
:10DD2000C0E901650EE0212204212046FDF7B0FF85
:10DD3000636AE860DB68002BE4D1002070BD0268F4
:10DD400043F826200023C0E90333F7E770B5446A9F
:10DD500006460D463CB91020F9F75EFD7062C0E939
:10DD600001440460C4603DB1736A6A68DB6853F8BB
:10DD70002210296043F8225070BD2DE9F0410D6951
:10DD80001F4606460C4601F1140C0023DCF8000087
:10DD900081B202FB01710F0C000C02FB007089B212
:10DDA000013301EB00419D424FEA10474CF8041B40
:10DDB000ECDCD7B1A368AB4212DC616830460131BC
:10DDC000FFF790FF2269023204F10C0180469200B5
:10DDD0000C30FDF731FF21463046FFF7B7FF4446D0
:10DDE00004EB850301355F6125612046BDE8F081C4
:10DDF000020C12040346B2B90304102013F07F4F43
:10DE000004BF1B02083013F0704F04BF1B01043025
:10DE100013F0404F04BF9B000230002B06DB5B0079
:10DE200003D5013070470020E8E7202070470368E1
:10DE300013F0070201460BD0DA0723D4980749BF35
:10DE40005B089B0801200B605CBF0B6002207047E1
:10DE500098B2A8B91B0C102013F0FF0F04BF1B0AC7
:10DE600008301A0704BF1B0904309A0704BF9B0837
:10DE70000230DA0702D45B0806D001300B6070472D
:10DE80001046E9E7002070472020704710B50C4687
:10DE90000121FFF727FF01224461026110BD2DE936
:10DEA000F74F14460A6923699A42B8BF0B46884661
:10DEB000BCBFA0461C46D8F81070D4F81090D8F813
:10DEC0000830D8F8041007EB0906B342B8BF013197
:10DED000FFF708FF00F1140505EB860E2B46002224
:10DEE000734516D304F1140208F1140102EB8903FF
:10DEF00001EB87070093009B019293420CD8002E00
:10DF000003DD5EF8043D002B5DD0066103B0BDE883
:10DF1000F08F43F8042BE3E7B2F800B0BBF1000F39
:10DF200023D08946AC464FF0000859F8044BDCF882
:10DF300000A0A3B21FFA8AFA0BFB03A34FEA144A0C
:10DF4000DCF8004043444FEA14480BFB0A8404EB1E
:10DF50001344E2469BB243EA04434F454FEA144858
:10DF60004AF8043B2BD8CCF80480019BB3F802A0FC
:10DF70000432BAF1000F20D02B688946A8464FF032
:10DF8000000BB9F800C0B8F802400AFB0C445C442E
:10DF9000C4469BB243EA04434CF8043B59F8043BA3
:10DFA000B8F804B01B0C0AFB03B303EB14434F4552
:10DFB0004FEA134B05D8C8F8043004359BE7D44624
:10DFC000B3E7E046DDE7013E99E700002DE9F843BD
:10DFD000154612F0030206460F4607D0013A214CBF
:10DFE000002354F82220FFF7C8FE0746AD1035D0B5
:10DFF000746A3CB91020F9F70FFC7062C0E9014463
:10E000000460C460D6F82480D8F808404CB940F2C7
:10E0100071213046FFF73AFF0023C8F80800044694
:10E0200003604FF00008EB070AD539462246304618
:10E03000FFF735FF394681463046FFF787FE4F46EA
:10E040006D100BD0206838B9224621463046FFF7C4
:10E0500026FF2060C0F800800446E4E73846BDE8AB
:10E06000F88300BF98FB03002DE9F0470C464FEA08
:10E07000621A236949680AEB0309A3680746164632
:10E0800009F10105AB4232DB3846FFF72BFE0023D6
:10E09000804600F114011A4653452BDB20692AEA19
:10E0A000EA7A04F1140316F01F0201EB8A0103EB74
:10E0B000800C25D0C2F1200E00201E688A469640B2
:10E0C00030434AF8040B53F8040B9C4520FA0EF039
:10E0D00014D8486008B109F10205013D3846C8F876
:10E0E00010502146FFF732FE4046BDE8F08701316F
:10E0F0005B00C7E741F823200133CDE75146DCE759
:10E10000043953F8042B41F8042F9C45F9D8E4E76F
:10E1100003690A699B1A30B50CD19200143014318E
:10E120008418114454F8045D51F8042D954203D02D
:10E1300005D30123184630BDA042F3D3FAE74FF0D0
:10E14000FF33F7E72DE9F0470D460746114628460D
:10E150001446FFF7DDFF061E08D131463846FFF7AB
:10E16000C1FD0123C0E90436BDE8F087A4BF234602
:10E170002C4638466168A6BF1D4600260126FFF7DB
:10E18000B1FD2B69C660266905F1140904F114027A
:10E1900002EB860709EB830800F114054FF0000E2F
:10E1A00052F804AB59F8044B1EFA8AF1A3B2C91A0B
:10E1B000230CC3EB1A4303EB214389B24FEA234EEE
:10E1C000C84541EA0343944645F8043BE8D8BC45BA
:10E1D00004D355F8043D83B10661C5E75CF8041B20
:10E1E0001EFA81F31A1402EB11429BB243EA024376
:10E1F0004FEA224E45F8043BE9E7013EE9E72DE905
:10E20000F7430E46012159EC108B1546FFF76AFDC6
:10E21000C9F30A540746C9F3130334BB0193B8F199
:10E22000000327D002A840F8083DFFF700FE009940
:10E23000F0B1019AC0F1200302FA03F30B43C2408C
:10E240007B610192019BBB61002B14BF0221012164
:10E250003961C4B1A4F2334404443460C0F13500E0
:10E260002860384603B0BDE8F08343F48013D5E757
:10E270007961E7E701A8FFF7DAFD019B7B610121E6
:10E2800039612030E5E707EB8103A0F232403060CE
:10E290001869FFF7ADFDC0EB4110E1E7F8B507469F
:10E2A00014460E4621B91146BDE8F840FDF74CBDB5
:10E2B00022B9FDF7FBFC25462846F8BD00F042FADE
:10E2C000A0420FD221463846FDF73EFD0546002804
:10E2D000F2D031462246FDF7AFFC31463846FDF715
:10E2E000E5FCE9E73546E7E72DE9F0478E689E4211
:10E2F00082460C469046994637D88A8912F4906F28
:10E3000031D0256809696F1A6569022305EB450557
:10E3100095FBF3F509F101033B449D4238BF1D46CF
:10E32000530530D52946FDF70FFD064650B90C239D
:10E33000CAF80030A38943F04003A3814FF0FF30B7
:10E34000BDE8F0873A462169FDF776FCA38923F4FE
:10E35000906343F08003A381266165613E44ED1B19
:10E360002660A5604E464E4500D94E46324641468F
:10E370002068FDF76CFCA3689B1BA36023681E4408
:10E3800026600020DCE72A46FFF788FF06460028C3
:10E39000E2D121695046FDF789FCC8E72DE9F04F2D
:10E3A0009DB0804603938B891D060C4616460FD5FB
:10E3B0000B696BB94021FDF7C7FC2060206128B9CB
:10E3C0000C23C8F800304FF0FF30C7E040236361F2
:10E3D0000023099320238DF8293030238DF82A302B
:10E3E0004FF0010B37463D4615F8013B0BB1252B8D
:10E3F0003ED1B7EB060A0BD0534632462146404683
:10E40000FFF772FF013000F0A480099B5344099389
:10E410003B78002B00F09D8000234FF0FF32CDE9C8
:10E420000523049307938DF853301A932F46052242
:10E4300017F8011B4F48FFF703FC049BD0B9D9061E
:10E4400044BF20228DF853201A0744BF2B228DF899
:10E4500053202A782A2A15D0079A2F4600200A2509
:10E46000394611F8013B303B092B4DD9B8B10FE0CB
:10E470002F46B8E73F4A801A0BFA00F01843049081
:10E480003D46D3E7039A111D12680391002A01DB70
:10E49000079204E0524243F00203079204933B7850
:10E4A0002E2B0CD17B782A2B33D1039B1A1D1B6892
:10E4B0000392002BB8BF4FF0FF33023705932E4D68
:10E4C000397803222846FFF7BBFB38B14023401BB5
:10E4D00003FA00F0049B034301370493397827487B
:10E4E0008DF8281006227E1CFFF7AAFB002838D0E2
:10E4F000234B13BB039B073323F00703083303931A
:10E50000099B4B4409936DE705FB023201200F463E
:10E51000A6E700230137059319460A25384610F867
:10E52000012B303A092A03D9002BC8D00591C6E740
:10E5300005FB012101230746F0E703AB00932246C8
:10E54000104B04A94046FDF72BFEB0F1FF3F81467A
:10E55000D6D1A3895B063FF536AF09981DB0BDE85B
:10E56000F08F03AB00932246064B04A94046FEF70A
:10E57000CDF8EAE7EEF80300F4F80300F8F803003A
:10E58000A1C10300E9E203001F2938B504460D4686
:10E5900004D9162303604FF0FF3038BD426C12B12E
:10E5A00052F821304BB9204600F030F82A46014697
:10E5B0002046BDE8384000F017B8012B0AD0591C9E
:10E5C00003D1162303600120E7E7002442F8254029
:10E5D000284698470020E0E7024B01461868FFF7FD
:10E5E000D3BF00BFA461002038B5074C0023054607
:10E5F00008461146236000F0A5F9431C02D12368A8
:10E6000003B12B6038BD00BFBC8B002000F08AB97D
:10E6100010B50C46B1F90E1000F09CF80028ABBF05
:10E62000636DA3891B1823F48053ACBF6365A3817A
:10E6300010BD2DE9F0411F468B89DB0505460C46D0
:10E64000164605D502230022B1F90E1000F068F835
:10E65000A389B4F90E1023F48053A38132463B46BC
:10E660002846BDE8F04100F017B810B50C46B1F9E6
:10E670000E1000F055F8431CA38915BF606523F404
:10E68000805343F48053A38118BFA38110BDB1F917
:10E690000E1000F013B8000038B5074C05460846C8
:10E6A0001146002222601A46FBF73EFB431C02D1B2
:10E6B000236803B12B6038BDBC8B002038B5064CF5
:10E6C000002305460846236000F01CF9431C02D1D4
:10E6D000236803B12B6038BDBC8B002038B5074CD4
:10E6E0000023054608461146236000F013F9431C39
:10E6F00002D1236803B12B6038BD00BFBC8B002062
:10E7000038B5064C002305460846236000F012F990
:10E71000431C02D1236803B12B6038BDBC8B0020A1
:10E7200038B5074C054608461146002222601A46B5
:10E7300000F010F9431C02D1236803B12B6038BDEF
:10E74000BC8B002051F8043C181F002BBCBF0B5899
:10E75000C018704738B5074C0546084611460022D8
:10E7600022601A4600F0FEF8431C02D1236803B170
:10E770002B6038BDBC8B00204FF0FF3C06E000BF93
:10E780004FF0010C02E000BF4FF0010C4DF804CD3A
:10E790004FEA410C7FEA6C5C4FEA430C18BF7FEAFA
:10E7A0006C5C1BD001B050EA410C0CBF52EA430C28
:10E7B00091EA030F02BF90EA020F0020704710F1A8
:10E7C000000F91EA030F58BF994208BF90422CBF37
:10E7D000D8176FEAE37040F0010070474FEA410C30
:10E7E0007FEA6C5C02D150EA013C07D14FEA430C4E
:10E7F0007FEA6C5CD6D152EA033CD3D05DF8040BBF
:10E80000704700BF8446104662468C4619466346F0
:10E8100000E000BF01B5FFF7B7FF002848BF10F1C7
:10E82000000F01BD4DF808EDFFF7F4FF0CBF01200C
:10E8300000205DF808FB00BF4DF808EDFFF7EAFF88
:10E8400034BF012000205DF808FB00BF4DF808ED43
:10E85000FFF7E0FF94BF012000205DF808FB00BF38
:10E860004DF808EDFFF7CEFF94BF012000205DF8C2
:10E8700008FB00BF4DF808EDFFF7C4FF34BF0120CF
:10E8800000205DF808FB00BF4FEA410C7FEA6C5C9A
:10E8900002D150EA013C0AD14FEA430C7FEA6C5C9A
:10E8A00002D152EA033C02D14FF0000070474FF012
:10E8B000010070474FEA410212F5001215D211D53E
:10E8C0006FF47873B3EB625212D94FEAC12343F06D
:10E8D000004343EA505311F0004F23FA02F018BFEF
:10E8E000404270474FF00000704750EA013005D1B8
:10E8F00011F0004008BF6FF0004070474FF000007B
:10E90000704700BF024B58221A604FF0FF3070472B
:10E91000BC8B0020024B58221A604FF0FF3070472A
:10E92000BC8B0020024B58221A604FF0FF3070471A
:10E93000BC8B0020024B58221A600020704700BF99
:10E94000BC8B0020024B58221A604FF0FF307047FA
:10E95000BC8B0020024B58221A604FF0FF307047EA
:10E96000BC8B0020024B58221A604FF0FF307047DA
:10E97000BC8B0020FEE700BFF8B500BFF8BC08BCA8
:10E980009E467047F8B500BFF8BC08BC9E4670476D
:10E9900054696E795553422053657269616C000069
:10E9A00000000000000000003165020089630200E1
:10E9B000796302006D630200F16202003D630200B0
:10E9C00011630200D1630200F0FFFFFF00000000AE
:10E9D0002965020012010002000000409A232980EC
:10E9E000000101020301000009020900000100A06A
:10E9F0003200000030313233343536373839414255
:10EA00004344454652414B776972656C65737300A8
:10EA100052414B343633312D6F70656E486F702D17
:10EA200055534200416461667275697400000000CC
:10EA30004D6173732053746F72616765000000004D
:10EA4000312E30007573626400000000050F39003C
:10EA5000021810050038B60834A909A0478BFDA09C
:10EA6000768815B665000101011C100500DF60DD28
:10EA7000D88945C74C9CD2659D9E648A9F0000033F
:10EA800006B2000200010300000000001570020041
:10EA9000A5700200D17002001971020025720200F7
:10EAA000F97202000000000000000000717D020009
:10EAB00000000000817D0200917D0200297E02009D
:10EAC000797F02000000000000000000B174020025
:10EAD000C9740200CD740200E5740200AD75020035
:10EAE000D57702000000000000000000718C0200D9
:10EAF000958C0200998C0200BD8C0200E58D02000D
:10EB000065950200000000000000000095780200FA
:10EB10000579020031790200597902008D7A0200EC
:10EB2000917A020000000000000000004986020007
:10EB3000A1860200BD860200E1860200396D020056
:10EB400019880200000000005F757362645F7164E1
:10EB500065660000220000005C2200005C5C000092
:10EB60005C6E00005C7200005C740000000000003D
:10EB70000000000045D002006DD002005D380300A7
:10EB80005952030099520300D9520300752D030016
:10EB9000456A0300E9350300F96903000132030007
:10EBA00001340300953403001930030005300300DD
:10EBB000B91E0300295D030055590300D961030004
:10EBC000C16403009D6503001D1F03007D1E03003B
:10EBD00045620300855C0300015E0300D55F03000E
:10EBE00009330300E5320300A5320300912D030031
:10EBF000253A0300592F0300693003005130030008
:10EC0000792F0300493303002132030079350300D3
:10EC1000512D03002537030095300300852F030095
:10EC2000D5310300DD590300255A0300DD590300E7
:10EC3000255A0300DD590300255A03000D2A03005D
:10EC4000D12F0300A53D03005D3103008D2F03008C
:10EC5000C5580300F5580300595A0300155903001D
:10EC600029550300C52803001D2703006D24030058
:10EC700099250300C92003000D230300E9210300A7
:10EC8000751F030052414B34363331205553420037
:10EC90006170706C79436F6E66696720626F617234
:10ECA000643D25732066773D2573207077725F720F
:10ECB00065713D2564207077723D2564206D617813
:10ECC0003D2564207365744F7574707574506F774B
:10ECD00065723D2564206F63705F6265666F726563
:10ECE0003D25646D41206F63705F61667465723DA0
:10ECF00025646D41000000006167632E72657365D5
:10ED0000742E696E74657276616C206669726564D2
:10ED10002061667465722025752073004F4E0000D7
:10ED20004F4646006175746F2D4341443A20636835
:10ED3000616E6E656C2062757379206166746572B0
:10ED400020726574726965732C2061626F72742021
:10ED50005458000054585F52455155455354206C47
:10ED6000656E3D2575207372633D25752073746152
:10ED700074653D256400000073746172745472619F
:10ED80006E736D69742829206661696C65642C2036
:10ED900073746174653D25640000000054585F443D
:10EDA0004F4E452061697274696D653D256C752013
:10EDB00075732C2073656E7420766961207372639D
:10EDC0003D257500545820686172642074696D6532
:10EDD0006F7574202825752062797465732C206402
:10EDE000696F315F64656C74613D256C752920E243
:10EDF000809420726573657474696E6720726164B3
:10EE0000696F0000434144204952512074696D6587
:10EE10006F757420E2809420726573657474696EF6
:10EE20006720726164696F005345545F434F4E46DB
:10EE300049472072656376207372633D25752062B1
:10EE40006F6172643D25732066773D25732066727D
:10EE500065713D256C752062773D256C7520736664
:10EE60003D25752063723D2575207077725F726550
:10EE7000713D25642073796E633D307825303458B8
:10EE8000207072653D2575002D2D2D006175746F04
:10EE90002D43414420257300646973706C617920AF
:10EEA0006E616D6520E286922027257327000000A1
:10EEB000726164696F205354414E4442590000000E
:10EEC000726164696F20524553554D4520286F6B20
:10EED0003D25642900000000454E5445525F424FD5
:10EEE0004F544C4F4144455220726571756573749F
:10EEF000656420E2809420726573657474696E673E
:10EF000020696E746F204446550000004F54415FE5
:10EF1000424547494E20726563656976656420E223
:10EF2000809420666C6173682077726974657220C2
:10EF30006E6F7420696D706C656D656E74656400CC
:10EF40006672616D65207061727365206572726FA3
:10EF5000722030782530325820287372633D257531
:10EF600029000000494E464F000000004552522043
:10EF7000000000005741524E000000005B25735D09
:10EF80002025730A0000000076312E312E3000005B
:10EF90002D00000072616B343633315F757362008F
:10EFA0005B424F4F545D2072657365745F7265619B
:10EFB000736F6E3D256420282573290A0000000028
:10EFC000726164696F2E626567696E206E73733D4E
:10EFD00025642064696F313D2564207273743D257A
:10EFE0006420627573793D2564207370693D28251E
:10EFF000642C25642C25642900000000726164697A
:10F000006F2E626567696E202D3E2025640000002A
:10F010005B424F4F545D2053583132363220696E77
:10F020006974206661696C656420E2809420636F76
:10F030006E74696E75696E672077697468205769A8
:10F040002D46692F636F6E66696720706F727461F9
:10F050006C206F6E6C7900007365745443584F28B0
:10F06000252E3166205629202D3E202564000000E3
:10F070005B494E464F5D2073657444696F3241733E
:10F080005266537769746368287472756529202DF8
:10F090003E2025640A0000005B494E464F5D207308
:10F0A000657443757272656E744C696D6974282558
:10F0B00064206D4129202D3E2025640A00000000B7
:10F0C0005B494E464F5D207365745278426F6F7393
:10F0D0007465644761696E4D6F6465287472756507
:10F0E00029202D3E2025640A000000005B494E4681
:10F0F0004F5D2053583132367820726567697374DA
:10F100006572207061746368203078303842352031
:10F110002D3E2025640A000044494F3120495251B8
:10F12000206174746163686564206F6E2047504984
:10F130004F2564005B424F4F545D206669726D77C6
:10F14000617265202573206F6E20257320726561C2
:10F15000647920286C6F6F70205744542025757394
:10F16000290A00003F000000705F73706920213D94
:10F17000204E554C4C0000002F686F6D652F727546
:10F180006E6E65722F2E706C6174666F726D696F32
:10F190002F7061636B616765732F6672616D657750
:10F1A0006F726B2D61726475696E6F6164616672F6
:10F1B0007569746E726635322F6C6962726172693C
:10F1C00065732F5350492F5350492E6370700000C0
:10F1D000535049436C6173733A3A535049436C61DD
:10F1E0007373284E52465F5350494D5F5479706592
:10F1F0002A2C2075696E74385F742C2075696E74C2
:10F20000385F742C2075696E74385F7429000000B3
:10F210000000FFFF00008000000000000800080060
:10F220000000000000000000E8030000FFFFFFFFF7
:10F23000FFFFFFFFFFFFFFFFFFFFFFFFFFFFFFFFDE
:10F240000000000000000000D11C0300E91D0300C5
:10F25000D91D0300C91D0300B91D0300A91D03002A
:10F260009D1D0300951D0300B91C0300911D0300A3
:10F27000591D0300451D0300D51C0300351D030067
:10F28000E51C03002D1D0300DD1C0300191E0300F7
:10F29000F91D0300191D03000D1D0300091D0300C6
:10F2A000CD1C0300A16D0300000000000000000061
:10F2B0000338FDD8704700000000D9439A9999405F
:10F2C0000A0000000000D9439A9999400000A0402C
:10F2D0000000FA420A0010000000D9430000FA4280
:10F2E0000907120A0800000022FB12001103210086
:10F2F0001106210322021406110B120B110E120E1D
:10F3000011141116220B13152111240D211421168D
:10F31000221523154113411433145213611652164A
:10F320005316631664167416535831323631000082
:10F330000000000000000000A51E0300A91E03003D
:10F340005D3803005952030099520300D95203005B
:10F35000752D0300456A0300E9350300F9690300D0
:10F360000132030001340300953403001930030017
:10F3700005300300B91E0300295D03005559030041
:10F38000D9610300C16403009D6503001D1F0300D4
:10F390007D1E030045620300855C0300015E0300DF
:10F3A000D55F030009330300E5320300A5320300F3
:10F3B000912D0300253A0300592F03006930030003
:10F3C00051300300792F0300493303002132030039
:10F3D00079350300512D03002537030095300300D4
:10F3E000852F0300D5310300DD590300255A0300A2
:10F3F000DD590300255A0300DD590300255A030097
:10F400000D2A0300D12F0300A53D03005D31030049
:10F410008D2F0300C5580300F5580300595A030007
:10F420001559030029550300C52803001D270300B3
:10F430006D24030099250300C92003000D23030058
:10F44000E9210300751F0300FFFFFFFF000000001C
:10F45000800100008001000012AD101B12AD000001
:10F460000000000000000000CD2F0300F131030078
:10F470005D3803005952030099520300D95203002A
:10F48000752D0300456A0300E9350300F96903009F
:10F4900001320300013403009534030019300300E6
:10F4A000053003006D690300295D03005559030011
:10F4B000D9610300C16403009D6503007D690300F9
:10F4C0008569030045620300855C0300015E03005B
:10F4D000D55F030009330300E5320300A5320300C2
:10F4E000912D0300253A0300592F030069300300D2
:10F4F00051300300792F0300493303002132030008
:10F5000079350300512D03002537030095300300A2
:10F51000852F0300D5310300DD590300255A030070
:10F52000DD590300255A0300DD590300255A030065
:10F5300055690300D12F0300A53D03005D31030091
:10F540008D2F0300C5580300F5580300595A0300D6
:10F5500015590300295503000101000001000100B5
:10F5600000000100010000005000B0001801780107
:10F57000B0021803C8053006300C980C0F060300C3
:10F5800000122436480416283A4C081A2C3E0C1E49
:10F5900030421022344601132537490517293B4DC7
:10F5A000091B2D3F0D1F3143112335470214263807
:10F5B0004A06182A3C4E0A1C2E400E2032440315DF
:10F5C00027394B07192B3D4F0B1D2F410F21334579
:10F5D0003500420055006B008400AB00D7000801E5
:10F5E0005601AE011002AC025C0320045805B506BA
:10F5F0003C08AC0A640D6B101F170F1E160E1D156C
:10F600000D1C140C1B130B1A120A1911090000000F
:10F610000108AC0000000000000000000000000035
:10F62000000000003D6903004D690300E16903002B
:10F63000556903004D690300456A030045690300ED
:10F64000F96903004D6903004D6903005D6903001A
:10F65000656903004D6903006D6903006D6903006E
:10F660006D6903005569030055690300756903005E
:10F670007D690300856903005D6903006569030016
:10F680008D6903008D6903009D690300A169030072
:10F69000A1690300A9690300B5690300B569030006
:10F6A000B969030065690300656903004D690300DA
:10F6B000C16903004D6903004D690300C16903007E
:10F6C000C9690300CD690300D1690300CD69030056
:10F6D000D5690300CD690300D5690300CD69030036
:10F6E000D569030055690300C1690300D9690300A6
:10F6F0004D690300C9770300302112031203302142
:10F700000312213021300312437034072516526151
:10F710005261251634074370073470436152162531
:10F720001625615270430734340743705261251621
:10F730002516526143703407704307341625615211
:10F7400061521625073470430000000000000000DD
:10F750000000000000000000C9770300C977030023
:10F76000C9770300C9770300C9770300C97703008D
:10F77000C9770300C9770300C9770300C97703007D
:10F78000C9770300C9770300C9770300C97703006D
:10F79000C9770300916D0300916D0300956D03001F
:10F7A000996D0300916D03009D6D0300A16D030031
:10F7B000FF000000FF000000020000000300000046
:10F7C0000400000005000000060000000700000023
:10F7D00008000000090000000A0000000B00000003
:10F7E0000C0000000D0000000E0000000F000000E3
:10F7F00010000000110000001200000013000000C3
:10F8000014000000150000001600000017000000A2
:10F8100018000000190000001A0000001B00000082
:10F820001C0000001D0000001E0000001F00000062
:10F830002000000021000000220000002300000042
:10F840002400000025000000260000002700000022
:10F8500028000000290000002A0000002B00000002
:10F860002C0000002D0000002E0000002F000000E2
:10F870000000000000000000F96D03000D0A000008
:10F88000546D725100000000546D72205376630075
:10F890006C6F6F700000000043616C6C6261636BA1
:10F8A000000000002C2066756E6374696F6E3A204C
:10F8B00000617373657274696F6E20222573222054
:10F8C0006661696C65643A2066696C6520222573FF
:10F8D000222C206C696E65202564257325730A002F
:10F8E000A86100204300504F534958002E00232D9B
:10F8F000302B2000686C4C00656667454647004920
:10F900004E4600696E66004E414E006E616E0030DC
:10F91000003031323334353637383941424344458B
:10F9200046003031323334353637383961626364FA
:10F930006566000020202020202020202028282864
:10F9400028282020202020202020202020202020A7
:10F9500020202020881010101010101010101010EF
:10F96000101010100404040404040404040410100F
:10F9700010101010104141414141410101010101AC
:10F980000101010101010101010101010101011058
:10F990001010101010424242424242020202020281
:10F9A0000202020202020202020202020202021029
:10F9B00010101020000000000000000000000000F7
:10F9C0000000000000000000000000000000000037
:10F9D0000000000000000000000000000000000027
:10F9E0000000000000000000000000000000000017
:10F9F0000000000000000000000000000000000007
:10FA000000000000000000000000000000000000F6
:10FA100000000000000000000000000000000000E6
:10FA200000000000000000000000000000000000D6
:10FA300000000000496E66696E697479004E614E7F
:10FA400000000000000000000000000000000000B6
:10FA500000000000000000000000000000000000A6
:10FA60000000000000000000000000000000000096
:10FA70000000000000000000000000000000000086
:10FA80000000000000000000000000000000000076
:10FA90000000000000000000000000000000000066
:10FAA00000000000000000000080E03779C34143FF
:10FAB000176E05B5B5B89346F5F93FE9034F384DD4
:10FAC000321D30F94877825A3CBF737FDD4F157580
:10FAD000000000000000F03F000000000000244093
:10FAE00000000000000059400000000000408F406E
:10FAF000000000000088C34000000000006AF840D9
:10FB00000000000080842E4100000000D0126341FC
:10FB10000000000084D797410000000065CDCD4172
:10FB2000000000205FA00242000000E87648374253
:10FB3000000000A2941A6D42000040E59C30A242F1
:10FB40000000901EC4BCD64200003426F56B0C4366
:10FB50000080E03779C3414300A0D885573476430D
:10FB600000C84E676DC1AB43003D9160E458E1436E
:10FB7000408CB5781DAF154450EFE2D6E41A4B44E3
:10FB800092D54D06CFF08044F64AE1C7022DB54428
:10FB9000B49DD9794378EA440500000019000000BB
:08FBA0007D00000000000000E0
:08FBA800A866FE7F01000000C9
:10FBB000000000000A00000000000306B200080078
:10FBC00001000000A800080002000000A0001400CE
:10FBD000030057494E55534200000000000000004A
:10FBE00000008400040007002A004400650076003D
:10FBF00069006300650049006E00740065007200D2
:10FC0000660061006300650047005500490044003C
:10FC10007300000050007B003900370035004600BB
:10FC200034003400440039002D003000440030001E
:10FC300038002D0034003300460044002D00380009
:10FC40004200330045002D003100320037004300F0
:10FC5000410038004100460046004600390044009B
:10FC60007D000000000000000400000010000C00F7
:10FC7000D872002048EB03000000000000000000E4
:10FC80000000000000000000000000000000000074
:10FC90000000000000000000000000000000000064
:10FCA0000000000000000000000000000000000054
:10FCB0000000000000000000000000000000000044
:10FCC0000000000000000000FF1600000000C6C297
:10FCD0005051D53324F400000808161200100A0110
:10FCE0000D0A526164696F4C696220496E666F0A41
:10FCF00056657273696F6E3A202022372E372E3187
:10FD00002E30220D0A506C6174666F726D3A20229B
:10FD10004164616672756974206E52463532220DF7
:10FD20000A224175672032312032303236222022B9
:10FD300030323A33393A343422000000C08B00208C
:10FD40000090D003448B0020588B00206C8B002047
:10FD5000808B0020A86100200000000064FA0300EE
:10FD600084FA030044FA03000000000000000000D1
:10FD70000000000000000000000000000000000083
:10FD80000000000000000000000000000000000073
:10FD90000000000000000000000000000000000063
:10FDA0000000000000000000000000000000000053
:10FDB0000000000000000000430000000000000000
:10FDC0000000000000000000000000000000000033
:10FDD00000000000000000004300000000000000E0
:10FDE0000000000000000000000000000000000013
:10FDF00000000000000000004300000000000000C0
:10FE000000000000000000000000000000000000F2
:10FE1000000000000000000043000000000000009F
:10FE200000000000000000000000000000000000D2
:10FE3000000000000000000043000000000000007F
:10FE400000000000000000000000000000000000B2
:10FE5000000000000000000043000000000000005F
:10FE60000000000000000000000000000000000092
:10FE7000000000000000000043000000000000003F
:10FE80000000000000000000000000000000000072
:10FE90000000000000000000D5CA030015BC0300EC
:10FEA0000000000033F90300ECF80300DFF8030062
:10FEB000DFF80300DFF80300DFF80300DFF80300DA
:10FEC000DFF80300DFF80300DFF80300DFF80300CA
:10FED000FFFFFFFFFFFFFFFFFFFFFFFFFFFF000030
:10FEE00001004153434949000000000000000000A8
:10FEF0000000000000000000000000000000000002
:10FF00000000415343494900000000000000000088
:10FF100000000000000000000000000000000000E1
:10FF20000000000001620200356202002566020046
:10FF300049CF020079D10200110C03004D52030099
:10FF4000116C0300A9720300B9AD03001162020035
:0400000330009C2904
:00000001FF
